method,config_id,problem_id,level,subject,delivered_correct,final_correct,stopped,stop_correct,main_tokens,probe_tokens,probe_calls,total_tokens,recovery_truncated,overthinking_avoided,operating_point
qwen_simple32,vanilla,0,2,Precalculus,True,True,False,,2338,0,0,2338,False,False,vanilla
qwen_simple32,vanilla,1,5,Intermediate Algebra,True,True,False,,3072,0,0,3072,False,False,vanilla
qwen_simple32,vanilla,2,3,Algebra,True,True,False,,3072,0,0,3072,False,False,vanilla
qwen_simple32,vanilla,3,3,Number Theory,True,True,False,,2930,0,0,2930,False,False,vanilla
qwen_simple32,vanilla,4,2,Algebra,True,True,False,,3072,0,0,3072,False,False,vanilla
qwen_simple32,vanilla,5,2,Prealgebra,True,True,False,,2581,0,0,2581,False,False,vanilla
qwen_simple32,vanilla,6,3,Number Theory,True,True,False,,3041,0,0,3041,False,False,vanilla
qwen_simple32,vanilla,7,4,Precalculus,False,False,False,,3072,0,0,3072,False,False,vanilla
qwen_simple32,vanilla,8,3,Algebra,True,True,False,,1677,0,0,1677,False,False,vanilla
qwen_simple32,vanilla,9,5,Prealgebra,True,True,False,,3072,0,0,3072,False,False,vanilla
qwen_simple32,vanilla,10,3,Number Theory,True,True,False,,3072,0,0,3072,False,False,vanilla
qwen_simple32,vanilla,11,5,Intermediate Algebra,False,False,False,,3072,0,0,3072,False,False,vanilla
qwen_simple32,vanilla,12,5,Number Theory,True,True,False,,3072,0,0,3072,False,False,vanilla
qwen_simple32,vanilla,13,2,Geometry,True,True,False,,799,0,0,799,False,False,vanilla
qwen_simple32,vanilla,14,1,Precalculus,False,False,False,,3072,0,0,3072,False,False,vanilla
qwen_simple32,vanilla,15,5,Precalculus,True,True,False,,3072,0,0,3072,False,False,vanilla
qwen_simple32,vanilla,16,1,Intermediate Algebra,True,True,False,,3072,0,0,3072,False,False,vanilla
qwen_simple32,vanilla,17,4,Precalculus,False,False,False,,3072,0,0,3072,False,False,vanilla
qwen_simple32,vanilla,18,1,Geometry,False,False,False,,3072,0,0,3072,False,False,vanilla
qwen_simple32,vanilla,19,3,Intermediate Algebra,True,True,False,,3072,0,0,3072,False,False,vanilla
qwen_simple32,vanilla,20,3,Algebra,True,True,False,,1760,0,0,1760,False,False,vanilla
qwen_simple32,vanilla,21,3,Intermediate Algebra,True,True,False,,3072,0,0,3072,False,False,vanilla
qwen_simple32,vanilla,22,5,Algebra,True,True,False,,2544,0,0,2544,False,False,vanilla
qwen_simple32,vanilla,23,5,Algebra,True,True,False,,2450,0,0,2450,False,False,vanilla
qwen_simple32,vanilla,24,5,Algebra,True,True,False,,3072,0,0,3072,False,False,vanilla
qwen_simple32,vanilla,25,5,Intermediate Algebra,False,False,False,,3072,0,0,3072,False,False,vanilla
qwen_simple32,vanilla,26,5,Counting & Probability,True,True,False,,3072,0,0,3072,False,False,vanilla
qwen_simple32,vanilla,27,2,Prealgebra,True,True,False,,1762,0,0,1762,False,False,vanilla
qwen_simple32,vanilla,28,2,Precalculus,True,True,False,,2414,0,0,2414,False,False,vanilla
qwen_simple32,vanilla,29,2,Counting & Probability,True,True,False,,3072,0,0,3072,False,False,vanilla
qwen_simple32,vanilla,30,3,Number Theory,False,False,False,,3072,0,0,3072,False,False,vanilla
qwen_simple32,vanilla,31,4,Prealgebra,True,True,False,,2421,0,0,2421,False,False,vanilla
qwen_simple32,vanilla,32,4,Counting & Probability,True,True,False,,3072,0,0,3072,False,False,vanilla
qwen_simple32,vanilla,33,4,Algebra,False,False,False,,3072,0,0,3072,False,False,vanilla
qwen_simple32,vanilla,34,4,Counting & Probability,False,False,False,,3072,0,0,3072,False,False,vanilla
qwen_simple32,vanilla,35,2,Number Theory,True,True,False,,3072,0,0,3072,False,False,vanilla
qwen_simple32,vanilla,36,2,Intermediate Algebra,False,False,False,,3072,0,0,3072,False,False,vanilla
qwen_simple32,vanilla,37,3,Geometry,True,True,False,,2020,0,0,2020,False,False,vanilla
qwen_simple32,vanilla,38,1,Algebra,True,True,False,,1506,0,0,1506,False,False,vanilla
qwen_simple32,vanilla,39,3,Number Theory,True,True,False,,3072,0,0,3072,False,False,vanilla
qwen_simple32,vanilla,40,2,Prealgebra,True,True,False,,3072,0,0,3072,False,False,vanilla
qwen_simple32,vanilla,41,4,Geometry,True,True,False,,3072,0,0,3072,False,False,vanilla
qwen_simple32,vanilla,42,2,Algebra,True,True,False,,1700,0,0,1700,False,False,vanilla
qwen_simple32,vanilla,43,5,Intermediate Algebra,False,False,False,,3072,0,0,3072,False,False,vanilla
qwen_simple32,vanilla,44,5,Prealgebra,True,True,False,,2373,0,0,2373,False,False,vanilla
qwen_simple32,vanilla,45,3,Geometry,True,True,False,,1584,0,0,1584,False,False,vanilla
qwen_simple32,vanilla,46,2,Precalculus,True,True,False,,3072,0,0,3072,False,False,vanilla
qwen_simple32,vanilla,47,5,Algebra,True,True,False,,2019,0,0,2019,False,False,vanilla
qwen_simple32,vanilla,48,2,Algebra,True,True,False,,1977,0,0,1977,False,False,vanilla
qwen_simple32,vanilla,49,4,Prealgebra,True,True,False,,1969,0,0,1969,False,False,vanilla
qwen_simple32,vanilla,50,5,Number Theory,True,True,False,,3072,0,0,3072,False,False,vanilla
qwen_simple32,vanilla,51,2,Intermediate Algebra,False,False,False,,3072,0,0,3072,False,False,vanilla
qwen_simple32,vanilla,52,5,Prealgebra,True,True,False,,3072,0,0,3072,False,False,vanilla
qwen_simple32,vanilla,53,2,Precalculus,True,True,False,,1648,0,0,1648,False,False,vanilla
qwen_simple32,vanilla,54,2,Prealgebra,True,True,False,,1947,0,0,1947,False,False,vanilla
qwen_simple32,vanilla,55,4,Algebra,True,True,False,,2978,0,0,2978,False,False,vanilla
qwen_simple32,vanilla,56,3,Algebra,True,True,False,,1582,0,0,1582,False,False,vanilla
qwen_simple32,vanilla,57,2,Intermediate Algebra,True,True,False,,1726,0,0,1726,False,False,vanilla
qwen_simple32,vanilla,58,1,Algebra,True,True,False,,3072,0,0,3072,False,False,vanilla
qwen_simple32,vanilla,59,2,Prealgebra,True,True,False,,2035,0,0,2035,False,False,vanilla
qwen_simple32,vanilla,60,5,Intermediate Algebra,False,False,False,,3072,0,0,3072,False,False,vanilla
qwen_simple32,vanilla,61,3,Intermediate Algebra,True,True,False,,3072,0,0,3072,False,False,vanilla
qwen_simple32,vanilla,62,5,Precalculus,True,True,False,,3072,0,0,3072,False,False,vanilla
qwen_simple32,vanilla,63,5,Intermediate Algebra,True,True,False,,3072,0,0,3072,False,False,vanilla
qwen_simple32,vanilla,64,4,Precalculus,False,False,False,,3072,0,0,3072,False,False,vanilla
qwen_simple32,vanilla,65,1,Prealgebra,True,True,False,,1543,0,0,1543,False,False,vanilla
qwen_simple32,vanilla,66,3,Algebra,True,True,False,,2795,0,0,2795,False,False,vanilla
qwen_simple32,vanilla,67,4,Prealgebra,True,True,False,,3072,0,0,3072,False,False,vanilla
qwen_simple32,vanilla,68,4,Precalculus,True,True,False,,3072,0,0,3072,False,False,vanilla
qwen_simple32,vanilla,69,4,Intermediate Algebra,True,True,False,,3072,0,0,3072,False,False,vanilla
qwen_simple32,vanilla,70,2,Number Theory,True,True,False,,2660,0,0,2660,False,False,vanilla
qwen_simple32,vanilla,71,4,Number Theory,False,False,False,,3072,0,0,3072,False,False,vanilla
qwen_simple32,vanilla,72,2,Geometry,True,True,False,,1495,0,0,1495,False,False,vanilla
qwen_simple32,vanilla,73,4,Algebra,True,True,False,,1980,0,0,1980,False,False,vanilla
qwen_simple32,vanilla,74,2,Precalculus,True,True,False,,2752,0,0,2752,False,False,vanilla
qwen_simple32,vanilla,75,4,Counting & Probability,False,False,False,,3072,0,0,3072,False,False,vanilla
qwen_simple32,vanilla,76,2,Intermediate Algebra,True,True,False,,3072,0,0,3072,False,False,vanilla
qwen_simple32,vanilla,77,1,Algebra,True,True,False,,1555,0,0,1555,False,False,vanilla
qwen_simple32,vanilla,78,4,Intermediate Algebra,True,True,False,,3016,0,0,3016,False,False,vanilla
qwen_simple32,vanilla,79,1,Prealgebra,True,True,False,,2439,0,0,2439,False,False,vanilla
qwen_simple32,vanilla,80,5,Intermediate Algebra,False,False,False,,3072,0,0,3072,False,False,vanilla
qwen_simple32,vanilla,81,3,Algebra,True,True,False,,1825,0,0,1825,False,False,vanilla
qwen_simple32,vanilla,82,5,Algebra,False,False,False,,3072,0,0,3072,False,False,vanilla
qwen_simple32,vanilla,83,2,Intermediate Algebra,True,True,False,,3072,0,0,3072,False,False,vanilla
qwen_simple32,vanilla,84,4,Algebra,True,True,False,,3072,0,0,3072,False,False,vanilla
qwen_simple32,vanilla,85,4,Geometry,True,True,False,,1700,0,0,1700,False,False,vanilla
qwen_simple32,vanilla,86,1,Prealgebra,True,True,False,,1402,0,0,1402,False,False,vanilla
qwen_simple32,vanilla,87,1,Algebra,True,True,False,,2703,0,0,2703,False,False,vanilla
qwen_simple32,vanilla,88,5,Algebra,True,True,False,,3072,0,0,3072,False,False,vanilla
qwen_simple32,vanilla,89,4,Number Theory,True,True,False,,3072,0,0,3072,False,False,vanilla
qwen_simple32,vanilla,90,3,Prealgebra,True,True,False,,1673,0,0,1673,False,False,vanilla
qwen_simple32,vanilla,91,3,Algebra,True,True,False,,3072,0,0,3072,False,False,vanilla
qwen_simple32,vanilla,92,4,Counting & Probability,True,True,False,,3072,0,0,3072,False,False,vanilla
qwen_simple32,vanilla,93,4,Algebra,True,True,False,,2256,0,0,2256,False,False,vanilla
qwen_simple32,vanilla,94,5,Prealgebra,True,True,False,,3072,0,0,3072,False,False,vanilla
qwen_simple32,vanilla,95,2,Precalculus,True,True,False,,3072,0,0,3072,False,False,vanilla
qwen_simple32,vanilla,96,5,Intermediate Algebra,False,False,False,,3072,0,0,3072,False,False,vanilla
qwen_simple32,vanilla,97,1,Prealgebra,False,False,False,,3072,0,0,3072,False,False,vanilla
qwen_simple32,vanilla,98,2,Prealgebra,True,True,False,,1604,0,0,1604,False,False,vanilla
qwen_simple32,vanilla,99,3,Precalculus,False,False,False,,3072,0,0,3072,False,False,vanilla
qwen_simple32,vanilla,100,5,Geometry,False,False,False,,3072,0,0,3072,False,False,vanilla
qwen_simple32,vanilla,101,5,Intermediate Algebra,False,False,False,,3072,0,0,3072,False,False,vanilla
qwen_simple32,vanilla,102,1,Intermediate Algebra,True,True,False,,1367,0,0,1367,False,False,vanilla
qwen_simple32,vanilla,103,5,Intermediate Algebra,False,False,False,,3072,0,0,3072,False,False,vanilla
qwen_simple32,vanilla,104,4,Intermediate Algebra,False,False,False,,3072,0,0,3072,False,False,vanilla
qwen_simple32,vanilla,105,3,Prealgebra,True,True,False,,2238,0,0,2238,False,False,vanilla
qwen_simple32,vanilla,106,2,Intermediate Algebra,True,True,False,,2487,0,0,2487,False,False,vanilla
qwen_simple32,vanilla,107,2,Number Theory,True,True,False,,2785,0,0,2785,False,False,vanilla
qwen_simple32,vanilla,108,3,Intermediate Algebra,True,True,False,,3072,0,0,3072,False,False,vanilla
qwen_simple32,vanilla,109,5,Precalculus,True,True,False,,3072,0,0,3072,False,False,vanilla
qwen_simple32,vanilla,110,4,Intermediate Algebra,False,False,False,,3072,0,0,3072,False,False,vanilla
qwen_simple32,vanilla,111,3,Counting & Probability,True,True,False,,2449,0,0,2449,False,False,vanilla
qwen_simple32,vanilla,112,4,Algebra,True,True,False,,3072,0,0,3072,False,False,vanilla
qwen_simple32,vanilla,113,2,Algebra,True,True,False,,3072,0,0,3072,False,False,vanilla
qwen_simple32,vanilla,114,3,Intermediate Algebra,True,True,False,,2584,0,0,2584,False,False,vanilla
qwen_simple32,vanilla,115,2,Counting & Probability,True,True,False,,2991,0,0,2991,False,False,vanilla
qwen_simple32,vanilla,116,2,Algebra,True,True,False,,1852,0,0,1852,False,False,vanilla
qwen_simple32,vanilla,117,2,Algebra,True,True,False,,1714,0,0,1714,False,False,vanilla
qwen_simple32,vanilla,118,5,Intermediate Algebra,True,True,False,,3072,0,0,3072,False,False,vanilla
qwen_simple32,vanilla,119,3,Prealgebra,False,False,False,,3072,0,0,3072,False,False,vanilla
qwen_simple32,vanilla,120,2,Intermediate Algebra,True,True,False,,3072,0,0,3072,False,False,vanilla
qwen_simple32,vanilla,121,2,Prealgebra,True,True,False,,1531,0,0,1531,False,False,vanilla
qwen_simple32,vanilla,122,3,Algebra,True,True,False,,1938,0,0,1938,False,False,vanilla
qwen_simple32,vanilla,123,4,Geometry,True,True,False,,3072,0,0,3072,False,False,vanilla
qwen_simple32,vanilla,124,4,Algebra,False,False,False,,3072,0,0,3072,False,False,vanilla
qwen_simple32,vanilla,125,4,Algebra,True,True,False,,1825,0,0,1825,False,False,vanilla
qwen_simple32,vanilla,126,4,Intermediate Algebra,False,False,False,,3072,0,0,3072,False,False,vanilla
qwen_simple32,vanilla,127,3,Number Theory,True,True,False,,3072,0,0,3072,False,False,vanilla
qwen_simple32,vanilla,128,3,Algebra,False,False,False,,3072,0,0,3072,False,False,vanilla
qwen_simple32,vanilla,129,5,Geometry,False,False,False,,3072,0,0,3072,False,False,vanilla
qwen_simple32,vanilla,130,4,Number Theory,True,True,False,,3072,0,0,3072,False,False,vanilla
qwen_simple32,vanilla,131,4,Algebra,True,True,False,,2990,0,0,2990,False,False,vanilla
qwen_simple32,vanilla,132,3,Prealgebra,True,True,False,,3072,0,0,3072,False,False,vanilla
qwen_simple32,vanilla,133,3,Prealgebra,True,True,False,,2254,0,0,2254,False,False,vanilla
qwen_simple32,vanilla,134,4,Intermediate Algebra,True,True,False,,3072,0,0,3072,False,False,vanilla
qwen_simple32,vanilla,135,5,Prealgebra,True,True,False,,2692,0,0,2692,False,False,vanilla
qwen_simple32,vanilla,136,5,Intermediate Algebra,True,True,False,,3072,0,0,3072,False,False,vanilla
qwen_simple32,vanilla,137,4,Number Theory,True,True,False,,3072,0,0,3072,False,False,vanilla
qwen_simple32,vanilla,138,4,Counting & Probability,False,False,False,,3072,0,0,3072,False,False,vanilla
qwen_simple32,vanilla,139,3,Intermediate Algebra,True,True,False,,3072,0,0,3072,False,False,vanilla
qwen_simple32,vanilla,140,4,Number Theory,True,True,False,,2003,0,0,2003,False,False,vanilla
qwen_simple32,vanilla,141,1,Number Theory,True,True,False,,3072,0,0,3072,False,False,vanilla
qwen_simple32,vanilla,142,5,Counting & Probability,True,True,False,,3072,0,0,3072,False,False,vanilla
qwen_simple32,vanilla,143,3,Precalculus,True,True,False,,3072,0,0,3072,False,False,vanilla
qwen_simple32,vanilla,144,1,Precalculus,True,True,False,,1916,0,0,1916,False,False,vanilla
qwen_simple32,vanilla,145,5,Intermediate Algebra,False,False,False,,3072,0,0,3072,False,False,vanilla
qwen_simple32,vanilla,146,3,Algebra,True,True,False,,1841,0,0,1841,False,False,vanilla
qwen_simple32,vanilla,147,5,Intermediate Algebra,True,True,False,,3072,0,0,3072,False,False,vanilla
qwen_simple32,vanilla,148,1,Algebra,True,True,False,,2287,0,0,2287,False,False,vanilla
qwen_simple32,vanilla,149,2,Number Theory,True,True,False,,3072,0,0,3072,False,False,vanilla
qwen_simple32,vanilla,150,5,Intermediate Algebra,True,True,False,,3072,0,0,3072,False,False,vanilla
qwen_simple32,vanilla,151,5,Precalculus,True,True,False,,3072,0,0,3072,False,False,vanilla
qwen_simple32,vanilla,152,5,Geometry,True,True,False,,3072,0,0,3072,False,False,vanilla
qwen_simple32,vanilla,153,4,Counting & Probability,False,False,False,,3072,0,0,3072,False,False,vanilla
qwen_simple32,vanilla,154,5,Geometry,False,False,False,,3072,0,0,3072,False,False,vanilla
qwen_simple32,vanilla,155,4,Counting & Probability,False,False,False,,3072,0,0,3072,False,False,vanilla
qwen_simple32,vanilla,156,3,Precalculus,False,False,False,,3072,0,0,3072,False,False,vanilla
qwen_simple32,vanilla,157,2,Intermediate Algebra,True,True,False,,3072,0,0,3072,False,False,vanilla
qwen_simple32,vanilla,158,4,Algebra,True,True,False,,3072,0,0,3072,False,False,vanilla
qwen_simple32,vanilla,159,4,Algebra,True,True,False,,3072,0,0,3072,False,False,vanilla
qwen_simple32,vanilla,160,2,Number Theory,True,True,False,,1980,0,0,1980,False,False,vanilla
qwen_simple32,vanilla,161,2,Algebra,True,True,False,,1911,0,0,1911,False,False,vanilla
qwen_simple32,vanilla,162,5,Prealgebra,True,True,False,,3072,0,0,3072,False,False,vanilla
qwen_simple32,vanilla,163,5,Algebra,False,False,False,,3072,0,0,3072,False,False,vanilla
qwen_simple32,vanilla,164,2,Precalculus,True,True,False,,3072,0,0,3072,False,False,vanilla
qwen_simple32,vanilla,165,4,Prealgebra,True,True,False,,2779,0,0,2779,False,False,vanilla
qwen_simple32,vanilla,166,5,Prealgebra,False,False,False,,3072,0,0,3072,False,False,vanilla
qwen_simple32,vanilla,167,1,Algebra,True,True,False,,1131,0,0,1131,False,False,vanilla
qwen_simple32,vanilla,168,5,Counting & Probability,False,False,False,,3072,0,0,3072,False,False,vanilla
qwen_simple32,vanilla,169,2,Geometry,True,True,False,,2991,0,0,2991,False,False,vanilla
qwen_simple32,vanilla,170,5,Algebra,True,True,False,,3072,0,0,3072,False,False,vanilla
qwen_simple32,vanilla,171,1,Prealgebra,True,True,False,,1823,0,0,1823,False,False,vanilla
qwen_simple32,vanilla,172,1,Algebra,True,True,False,,2089,0,0,2089,False,False,vanilla
qwen_simple32,vanilla,173,5,Algebra,True,True,False,,3072,0,0,3072,False,False,vanilla
qwen_simple32,vanilla,174,3,Algebra,True,True,False,,3072,0,0,3072,False,False,vanilla
qwen_simple32,vanilla,175,2,Intermediate Algebra,True,True,False,,3072,0,0,3072,False,False,vanilla
qwen_simple32,vanilla,176,3,Number Theory,True,True,False,,3072,0,0,3072,False,False,vanilla
qwen_simple32,vanilla,177,3,Geometry,True,True,False,,3072,0,0,3072,False,False,vanilla
qwen_simple32,vanilla,178,2,Prealgebra,True,True,False,,3072,0,0,3072,False,False,vanilla
qwen_simple32,vanilla,179,4,Precalculus,False,False,False,,3072,0,0,3072,False,False,vanilla
qwen_simple32,vanilla,180,3,Prealgebra,False,False,False,,3072,0,0,3072,False,False,vanilla
qwen_simple32,vanilla,181,3,Algebra,False,False,False,,3072,0,0,3072,False,False,vanilla
qwen_simple32,vanilla,182,2,Prealgebra,True,True,False,,1706,0,0,1706,False,False,vanilla
qwen_simple32,vanilla,183,4,Algebra,True,True,False,,3072,0,0,3072,False,False,vanilla
qwen_simple32,vanilla,184,5,Intermediate Algebra,True,True,False,,3072,0,0,3072,False,False,vanilla
qwen_simple32,vanilla,185,1,Algebra,True,True,False,,1551,0,0,1551,False,False,vanilla
qwen_simple32,vanilla,186,4,Number Theory,True,True,False,,3072,0,0,3072,False,False,vanilla
qwen_simple32,vanilla,187,1,Algebra,True,True,False,,1630,0,0,1630,False,False,vanilla
qwen_simple32,vanilla,188,5,Algebra,True,True,False,,3072,0,0,3072,False,False,vanilla
qwen_simple32,vanilla,189,5,Geometry,True,True,False,,3072,0,0,3072,False,False,vanilla
qwen_simple32,vanilla,190,5,Counting & Probability,False,False,False,,3072,0,0,3072,False,False,vanilla
qwen_simple32,vanilla,191,2,Algebra,True,True,False,,1665,0,0,1665,False,False,vanilla
qwen_simple32,vanilla,192,3,Geometry,True,True,False,,2861,0,0,2861,False,False,vanilla
qwen_simple32,vanilla,193,3,Intermediate Algebra,True,True,False,,3072,0,0,3072,False,False,vanilla
qwen_simple32,vanilla,194,5,Intermediate Algebra,True,True,False,,3072,0,0,3072,False,False,vanilla
qwen_simple32,vanilla,195,4,Intermediate Algebra,True,True,False,,3072,0,0,3072,False,False,vanilla
qwen_simple32,vanilla,196,1,Algebra,True,True,False,,1878,0,0,1878,False,False,vanilla
qwen_simple32,vanilla,197,5,Number Theory,True,True,False,,3072,0,0,3072,False,False,vanilla
qwen_simple32,vanilla,198,3,Counting & Probability,True,True,False,,1839,0,0,1839,False,False,vanilla
qwen_simple32,vanilla,199,2,Prealgebra,True,True,False,,1860,0,0,1860,False,False,vanilla
qwen_simple32,vanilla,200,4,Prealgebra,True,True,False,,3072,0,0,3072,False,False,vanilla
qwen_simple32,vanilla,201,4,Number Theory,True,True,False,,3072,0,0,3072,False,False,vanilla
qwen_simple32,vanilla,202,5,Algebra,True,True,False,,3072,0,0,3072,False,False,vanilla
qwen_simple32,vanilla,203,3,Intermediate Algebra,True,True,False,,3072,0,0,3072,False,False,vanilla
qwen_simple32,vanilla,204,5,Intermediate Algebra,False,False,False,,3072,0,0,3072,False,False,vanilla
qwen_simple32,vanilla,205,3,Precalculus,False,False,False,,3072,0,0,3072,False,False,vanilla
qwen_simple32,vanilla,206,2,Precalculus,True,True,False,,2197,0,0,2197,False,False,vanilla
qwen_simple32,vanilla,207,2,Counting & Probability,True,True,False,,1747,0,0,1747,False,False,vanilla
qwen_simple32,vanilla,208,3,Number Theory,True,True,False,,3072,0,0,3072,False,False,vanilla
qwen_simple32,vanilla,209,2,Number Theory,True,True,False,,3072,0,0,3072,False,False,vanilla
qwen_simple32,vanilla,210,4,Prealgebra,True,True,False,,3072,0,0,3072,False,False,vanilla
qwen_simple32,vanilla,211,2,Prealgebra,True,True,False,,1989,0,0,1989,False,False,vanilla
qwen_simple32,vanilla,212,3,Algebra,True,True,False,,2028,0,0,2028,False,False,vanilla
qwen_simple32,vanilla,213,4,Intermediate Algebra,False,False,False,,3072,0,0,3072,False,False,vanilla
qwen_simple32,vanilla,214,5,Counting & Probability,True,True,False,,3072,0,0,3072,False,False,vanilla
qwen_simple32,vanilla,215,4,Algebra,True,True,False,,3072,0,0,3072,False,False,vanilla
qwen_simple32,vanilla,216,4,Prealgebra,True,True,False,,2829,0,0,2829,False,False,vanilla
qwen_simple32,vanilla,217,4,Number Theory,False,False,False,,3072,0,0,3072,False,False,vanilla
qwen_simple32,vanilla,218,2,Algebra,True,True,False,,1540,0,0,1540,False,False,vanilla
qwen_simple32,vanilla,219,4,Counting & Probability,True,True,False,,3072,0,0,3072,False,False,vanilla
qwen_simple32,vanilla,220,5,Prealgebra,True,True,False,,3072,0,0,3072,False,False,vanilla
qwen_simple32,vanilla,221,3,Number Theory,True,True,False,,3072,0,0,3072,False,False,vanilla
qwen_simple32,vanilla,222,4,Geometry,False,False,False,,3072,0,0,3072,False,False,vanilla
qwen_simple32,vanilla,223,3,Number Theory,True,True,False,,3072,0,0,3072,False,False,vanilla
qwen_simple32,vanilla,224,4,Precalculus,False,False,False,,3072,0,0,3072,False,False,vanilla
qwen_simple32,vanilla,225,3,Algebra,True,True,False,,2503,0,0,2503,False,False,vanilla
qwen_simple32,vanilla,226,3,Counting & Probability,True,True,False,,3072,0,0,3072,False,False,vanilla
qwen_simple32,vanilla,227,3,Precalculus,True,True,False,,1360,0,0,1360,False,False,vanilla
qwen_simple32,vanilla,228,4,Precalculus,False,False,False,,3072,0,0,3072,False,False,vanilla
qwen_simple32,vanilla,229,4,Prealgebra,True,True,False,,2024,0,0,2024,False,False,vanilla
qwen_simple32,vanilla,230,4,Intermediate Algebra,False,False,False,,3072,0,0,3072,False,False,vanilla
qwen_simple32,vanilla,231,4,Algebra,True,True,False,,3072,0,0,3072,False,False,vanilla
qwen_simple32,vanilla,232,5,Intermediate Algebra,False,False,False,,3072,0,0,3072,False,False,vanilla
qwen_simple32,vanilla,233,2,Precalculus,True,True,False,,1970,0,0,1970,False,False,vanilla
qwen_simple32,vanilla,234,3,Intermediate Algebra,True,True,False,,3072,0,0,3072,False,False,vanilla
qwen_simple32,vanilla,235,4,Prealgebra,True,True,False,,2249,0,0,2249,False,False,vanilla
qwen_simple32,vanilla,236,4,Precalculus,False,False,False,,3072,0,0,3072,False,False,vanilla
qwen_simple32,vanilla,237,1,Intermediate Algebra,True,True,False,,2300,0,0,2300,False,False,vanilla
qwen_simple32,vanilla,238,5,Algebra,False,False,False,,3072,0,0,3072,False,False,vanilla
qwen_simple32,vanilla,239,5,Geometry,False,False,False,,3072,0,0,3072,False,False,vanilla
qwen_simple32,vanilla,240,4,Prealgebra,False,False,False,,3072,0,0,3072,False,False,vanilla
qwen_simple32,vanilla,241,5,Algebra,True,True,False,,3072,0,0,3072,False,False,vanilla
qwen_simple32,vanilla,242,5,Algebra,True,True,False,,3072,0,0,3072,False,False,vanilla
qwen_simple32,vanilla,243,2,Geometry,True,True,False,,2077,0,0,2077,False,False,vanilla
qwen_simple32,vanilla,244,5,Prealgebra,True,True,False,,3072,0,0,3072,False,False,vanilla
qwen_simple32,vanilla,245,4,Intermediate Algebra,False,False,False,,3072,0,0,3072,False,False,vanilla
qwen_simple32,vanilla,246,2,Algebra,True,True,False,,1834,0,0,1834,False,False,vanilla
qwen_simple32,vanilla,247,3,Intermediate Algebra,False,False,False,,3072,0,0,3072,False,False,vanilla
qwen_simple32,vanilla,248,4,Precalculus,False,False,False,,3072,0,0,3072,False,False,vanilla
qwen_simple32,vanilla,249,4,Number Theory,True,True,False,,3072,0,0,3072,False,False,vanilla
qwen_simple32,vanilla,250,4,Algebra,True,True,False,,2243,0,0,2243,False,False,vanilla
qwen_simple32,vanilla,251,5,Counting & Probability,True,True,False,,3072,0,0,3072,False,False,vanilla
qwen_simple32,vanilla,252,5,Algebra,True,True,False,,3072,0,0,3072,False,False,vanilla
qwen_simple32,vanilla,253,3,Prealgebra,True,True,False,,1479,0,0,1479,False,False,vanilla
qwen_simple32,vanilla,254,5,Counting & Probability,True,True,False,,2553,0,0,2553,False,False,vanilla
qwen_simple32,vanilla,255,2,Precalculus,True,True,False,,1880,0,0,1880,False,False,vanilla
qwen_simple32,vanilla,256,3,Prealgebra,True,True,False,,2962,0,0,2962,False,False,vanilla
qwen_simple32,vanilla,257,4,Geometry,False,False,False,,2218,0,0,2218,False,False,vanilla
qwen_simple32,vanilla,258,3,Algebra,True,True,False,,2108,0,0,2108,False,False,vanilla
qwen_simple32,vanilla,259,1,Intermediate Algebra,True,True,False,,1864,0,0,1864,False,False,vanilla
qwen_simple32,vanilla,260,3,Precalculus,True,True,False,,3072,0,0,3072,False,False,vanilla
qwen_simple32,vanilla,261,3,Geometry,True,True,False,,3072,0,0,3072,False,False,vanilla
qwen_simple32,vanilla,262,1,Prealgebra,True,True,False,,1865,0,0,1865,False,False,vanilla
qwen_simple32,vanilla,263,4,Geometry,True,True,False,,2393,0,0,2393,False,False,vanilla
qwen_simple32,vanilla,264,5,Geometry,False,False,False,,3072,0,0,3072,False,False,vanilla
qwen_simple32,vanilla,265,2,Algebra,True,True,False,,2250,0,0,2250,False,False,vanilla
qwen_simple32,vanilla,266,3,Prealgebra,True,True,False,,3004,0,0,3004,False,False,vanilla
qwen_simple32,vanilla,267,1,Geometry,True,True,False,,3072,0,0,3072,False,False,vanilla
qwen_simple32,vanilla,268,1,Number Theory,True,True,False,,3072,0,0,3072,False,False,vanilla
qwen_simple32,vanilla,269,3,Counting & Probability,True,True,False,,3072,0,0,3072,False,False,vanilla
qwen_simple32,vanilla,270,1,Algebra,True,True,False,,2154,0,0,2154,False,False,vanilla
qwen_simple32,vanilla,271,4,Number Theory,True,True,False,,3072,0,0,3072,False,False,vanilla
qwen_simple32,vanilla,272,4,Number Theory,True,True,False,,3072,0,0,3072,False,False,vanilla
qwen_simple32,vanilla,273,4,Prealgebra,True,True,False,,3072,0,0,3072,False,False,vanilla
qwen_simple32,vanilla,274,5,Geometry,True,True,False,,3072,0,0,3072,False,False,vanilla
qwen_simple32,vanilla,275,2,Algebra,True,True,False,,2667,0,0,2667,False,False,vanilla
qwen_simple32,vanilla,276,5,Algebra,True,True,False,,3072,0,0,3072,False,False,vanilla
qwen_simple32,vanilla,277,4,Prealgebra,True,True,False,,2026,0,0,2026,False,False,vanilla
qwen_simple32,vanilla,278,3,Number Theory,True,True,False,,2077,0,0,2077,False,False,vanilla
qwen_simple32,vanilla,279,5,Prealgebra,True,True,False,,3072,0,0,3072,False,False,vanilla
qwen_simple32,vanilla,280,4,Number Theory,True,True,False,,2584,0,0,2584,False,False,vanilla
qwen_simple32,vanilla,281,4,Prealgebra,True,True,False,,3072,0,0,3072,False,False,vanilla
qwen_simple32,vanilla,282,4,Algebra,True,True,False,,3072,0,0,3072,False,False,vanilla
qwen_simple32,vanilla,283,3,Prealgebra,True,True,False,,1910,0,0,1910,False,False,vanilla
qwen_simple32,vanilla,284,5,Precalculus,False,False,False,,3072,0,0,3072,False,False,vanilla
qwen_simple32,vanilla,285,4,Intermediate Algebra,False,False,False,,3072,0,0,3072,False,False,vanilla
qwen_simple32,vanilla,286,5,Intermediate Algebra,False,False,False,,3072,0,0,3072,False,False,vanilla
qwen_simple32,vanilla,287,5,Number Theory,True,True,False,,3072,0,0,3072,False,False,vanilla
qwen_simple32,vanilla,288,5,Precalculus,True,True,False,,3072,0,0,3072,False,False,vanilla
qwen_simple32,vanilla,289,3,Intermediate Algebra,True,True,False,,3072,0,0,3072,False,False,vanilla
qwen_simple32,vanilla,290,3,Algebra,True,True,False,,3072,0,0,3072,False,False,vanilla
qwen_simple32,vanilla,291,4,Counting & Probability,True,True,False,,3072,0,0,3072,False,False,vanilla
qwen_simple32,vanilla,292,4,Intermediate Algebra,True,True,False,,3072,0,0,3072,False,False,vanilla
qwen_simple32,vanilla,293,5,Algebra,True,True,False,,2564,0,0,2564,False,False,vanilla
qwen_simple32,vanilla,294,4,Number Theory,True,True,False,,3072,0,0,3072,False,False,vanilla
qwen_simple32,vanilla,295,3,Precalculus,True,True,False,,3072,0,0,3072,False,False,vanilla
qwen_simple32,vanilla,296,2,Intermediate Algebra,True,True,False,,3072,0,0,3072,False,False,vanilla
qwen_simple32,vanilla,297,4,Number Theory,True,True,False,,3072,0,0,3072,False,False,vanilla
qwen_simple32,vanilla,298,4,Precalculus,False,False,False,,3072,0,0,3072,False,False,vanilla
qwen_simple32,vanilla,299,4,Geometry,True,True,False,,3072,0,0,3072,False,False,vanilla
qwen_simple32,vanilla,300,4,Counting & Probability,True,True,False,,3072,0,0,3072,False,False,vanilla
qwen_simple32,vanilla,301,5,Prealgebra,True,True,False,,3072,0,0,3072,False,False,vanilla
qwen_simple32,vanilla,302,4,Prealgebra,False,False,False,,3072,0,0,3072,False,False,vanilla
qwen_simple32,vanilla,303,5,Geometry,True,True,False,,3072,0,0,3072,False,False,vanilla
qwen_simple32,vanilla,304,3,Intermediate Algebra,True,True,False,,3072,0,0,3072,False,False,vanilla
qwen_simple32,vanilla,305,4,Algebra,True,True,False,,2479,0,0,2479,False,False,vanilla
qwen_simple32,vanilla,306,5,Intermediate Algebra,False,False,False,,3072,0,0,3072,False,False,vanilla
qwen_simple32,vanilla,307,2,Precalculus,True,True,False,,3072,0,0,3072,False,False,vanilla
qwen_simple32,vanilla,308,5,Geometry,False,False,False,,3072,0,0,3072,False,False,vanilla
qwen_simple32,vanilla,309,3,Number Theory,True,True,False,,3072,0,0,3072,False,False,vanilla
qwen_simple32,vanilla,310,2,Algebra,True,True,False,,3072,0,0,3072,False,False,vanilla
qwen_simple32,vanilla,311,4,Number Theory,True,True,False,,3072,0,0,3072,False,False,vanilla
qwen_simple32,vanilla,312,1,Intermediate Algebra,True,True,False,,1768,0,0,1768,False,False,vanilla
qwen_simple32,vanilla,313,5,Prealgebra,True,True,False,,2017,0,0,2017,False,False,vanilla
qwen_simple32,vanilla,314,2,Geometry,True,True,False,,2994,0,0,2994,False,False,vanilla
qwen_simple32,vanilla,315,4,Algebra,True,True,False,,3072,0,0,3072,False,False,vanilla
qwen_simple32,vanilla,316,2,Algebra,True,True,False,,3072,0,0,3072,False,False,vanilla
qwen_simple32,vanilla,317,5,Intermediate Algebra,True,True,False,,3072,0,0,3072,False,False,vanilla
qwen_simple32,vanilla,318,2,Algebra,True,True,False,,2189,0,0,2189,False,False,vanilla
qwen_simple32,vanilla,319,3,Algebra,True,True,False,,1860,0,0,1860,False,False,vanilla
qwen_simple32,vanilla,320,5,Geometry,False,False,False,,3072,0,0,3072,False,False,vanilla
qwen_simple32,vanilla,321,5,Prealgebra,True,True,False,,2851,0,0,2851,False,False,vanilla
qwen_simple32,vanilla,322,3,Algebra,True,True,False,,1580,0,0,1580,False,False,vanilla
qwen_simple32,vanilla,323,5,Counting & Probability,True,True,False,,3072,0,0,3072,False,False,vanilla
qwen_simple32,vanilla,324,4,Geometry,False,False,False,,3072,0,0,3072,False,False,vanilla
qwen_simple32,vanilla,325,2,Geometry,True,True,False,,2119,0,0,2119,False,False,vanilla
qwen_simple32,vanilla,326,2,Precalculus,True,True,False,,3072,0,0,3072,False,False,vanilla
qwen_simple32,vanilla,327,5,Intermediate Algebra,False,False,False,,3072,0,0,3072,False,False,vanilla
qwen_simple32,vanilla,328,5,Algebra,True,True,False,,3072,0,0,3072,False,False,vanilla
qwen_simple32,vanilla,329,4,Prealgebra,True,True,False,,1365,0,0,1365,False,False,vanilla
qwen_simple32,vanilla,330,5,Counting & Probability,True,True,False,,3072,0,0,3072,False,False,vanilla
qwen_simple32,vanilla,331,5,Algebra,False,False,False,,3072,0,0,3072,False,False,vanilla
qwen_simple32,vanilla,332,4,Intermediate Algebra,False,False,False,,3072,0,0,3072,False,False,vanilla
qwen_simple32,vanilla,333,4,Intermediate Algebra,True,True,False,,3072,0,0,3072,False,False,vanilla
qwen_simple32,vanilla,334,3,Algebra,True,True,False,,2967,0,0,2967,False,False,vanilla
qwen_simple32,vanilla,335,4,Number Theory,True,True,False,,3072,0,0,3072,False,False,vanilla
qwen_simple32,vanilla,336,1,Algebra,True,True,False,,3072,0,0,3072,False,False,vanilla
qwen_simple32,vanilla,337,3,Prealgebra,True,True,False,,3072,0,0,3072,False,False,vanilla
qwen_simple32,vanilla,338,3,Number Theory,False,False,False,,3072,0,0,3072,False,False,vanilla
qwen_simple32,vanilla,339,3,Intermediate Algebra,True,True,False,,3072,0,0,3072,False,False,vanilla
qwen_simple32,vanilla,340,3,Precalculus,False,False,False,,3072,0,0,3072,False,False,vanilla
qwen_simple32,vanilla,341,4,Algebra,False,False,False,,3072,0,0,3072,False,False,vanilla
qwen_simple32,vanilla,342,3,Prealgebra,True,True,False,,3072,0,0,3072,False,False,vanilla
qwen_simple32,vanilla,343,2,Counting & Probability,True,True,False,,3072,0,0,3072,False,False,vanilla
qwen_simple32,vanilla,344,2,Intermediate Algebra,True,True,False,,1429,0,0,1429,False,False,vanilla
qwen_simple32,vanilla,345,3,Algebra,True,True,False,,2275,0,0,2275,False,False,vanilla
qwen_simple32,vanilla,346,4,Algebra,True,True,False,,3031,0,0,3031,False,False,vanilla
qwen_simple32,vanilla,347,3,Algebra,True,True,False,,3049,0,0,3049,False,False,vanilla
qwen_simple32,vanilla,348,2,Counting & Probability,True,True,False,,3072,0,0,3072,False,False,vanilla
qwen_simple32,vanilla,349,4,Counting & Probability,False,False,False,,3072,0,0,3072,False,False,vanilla
qwen_simple32,vanilla,350,2,Number Theory,True,True,False,,3072,0,0,3072,False,False,vanilla
qwen_simple32,vanilla,351,3,Precalculus,True,True,False,,3072,0,0,3072,False,False,vanilla
qwen_simple32,vanilla,352,4,Precalculus,False,False,False,,3072,0,0,3072,False,False,vanilla
qwen_simple32,vanilla,353,4,Counting & Probability,True,True,False,,3072,0,0,3072,False,False,vanilla
qwen_simple32,vanilla,354,4,Algebra,True,True,False,,2845,0,0,2845,False,False,vanilla
qwen_simple32,vanilla,355,5,Intermediate Algebra,True,True,False,,3072,0,0,3072,False,False,vanilla
qwen_simple32,vanilla,356,5,Algebra,False,False,False,,3072,0,0,3072,False,False,vanilla
qwen_simple32,vanilla,357,5,Prealgebra,True,True,False,,3072,0,0,3072,False,False,vanilla
qwen_simple32,vanilla,358,2,Intermediate Algebra,True,True,False,,3056,0,0,3056,False,False,vanilla
qwen_simple32,vanilla,359,4,Intermediate Algebra,True,True,False,,3072,0,0,3072,False,False,vanilla
qwen_simple32,vanilla,360,3,Precalculus,True,True,False,,3072,0,0,3072,False,False,vanilla
qwen_simple32,vanilla,361,4,Intermediate Algebra,True,True,False,,3072,0,0,3072,False,False,vanilla
qwen_simple32,vanilla,362,1,Counting & Probability,True,True,False,,3043,0,0,3043,False,False,vanilla
qwen_simple32,vanilla,363,2,Algebra,True,True,False,,1628,0,0,1628,False,False,vanilla
qwen_simple32,vanilla,364,4,Intermediate Algebra,False,False,False,,3072,0,0,3072,False,False,vanilla
qwen_simple32,vanilla,365,5,Number Theory,True,True,False,,3072,0,0,3072,False,False,vanilla
qwen_simple32,vanilla,366,4,Number Theory,True,True,False,,2800,0,0,2800,False,False,vanilla
qwen_simple32,vanilla,367,4,Algebra,True,True,False,,1851,0,0,1851,False,False,vanilla
qwen_simple32,vanilla,368,2,Geometry,True,True,False,,2461,0,0,2461,False,False,vanilla
qwen_simple32,vanilla,369,2,Prealgebra,True,True,False,,3072,0,0,3072,False,False,vanilla
qwen_simple32,vanilla,370,1,Precalculus,True,True,False,,1700,0,0,1700,False,False,vanilla
qwen_simple32,vanilla,371,5,Intermediate Algebra,True,True,False,,3072,0,0,3072,False,False,vanilla
qwen_simple32,vanilla,372,2,Geometry,True,True,False,,3072,0,0,3072,False,False,vanilla
qwen_simple32,vanilla,373,5,Algebra,True,True,False,,2582,0,0,2582,False,False,vanilla
qwen_simple32,vanilla,374,1,Algebra,True,True,False,,1737,0,0,1737,False,False,vanilla
qwen_simple32,vanilla,375,5,Number Theory,True,True,False,,3072,0,0,3072,False,False,vanilla
qwen_simple32,vanilla,376,4,Geometry,False,False,False,,3072,0,0,3072,False,False,vanilla
qwen_simple32,vanilla,377,3,Number Theory,True,True,False,,3072,0,0,3072,False,False,vanilla
qwen_simple32,vanilla,378,3,Prealgebra,True,True,False,,3072,0,0,3072,False,False,vanilla
qwen_simple32,vanilla,379,4,Prealgebra,False,False,False,,3072,0,0,3072,False,False,vanilla
qwen_simple32,vanilla,380,4,Intermediate Algebra,False,False,False,,3072,0,0,3072,False,False,vanilla
qwen_simple32,vanilla,381,5,Counting & Probability,False,False,False,,3072,0,0,3072,False,False,vanilla
qwen_simple32,vanilla,382,5,Intermediate Algebra,False,False,False,,3072,0,0,3072,False,False,vanilla
qwen_simple32,vanilla,383,4,Algebra,False,False,False,,1866,0,0,1866,False,False,vanilla
qwen_simple32,vanilla,384,2,Prealgebra,True,True,False,,1638,0,0,1638,False,False,vanilla
qwen_simple32,vanilla,385,5,Prealgebra,True,True,False,,3072,0,0,3072,False,False,vanilla
qwen_simple32,vanilla,386,3,Algebra,True,True,False,,3072,0,0,3072,False,False,vanilla
qwen_simple32,vanilla,387,1,Algebra,True,True,False,,2490,0,0,2490,False,False,vanilla
qwen_simple32,vanilla,388,5,Algebra,True,True,False,,2642,0,0,2642,False,False,vanilla
qwen_simple32,vanilla,389,3,Geometry,False,False,False,,3072,0,0,3072,False,False,vanilla
qwen_simple32,vanilla,390,5,Algebra,True,True,False,,3072,0,0,3072,False,False,vanilla
qwen_simple32,vanilla,391,5,Algebra,True,True,False,,3072,0,0,3072,False,False,vanilla
qwen_simple32,vanilla,392,5,Precalculus,False,False,False,,3072,0,0,3072,False,False,vanilla
qwen_simple32,vanilla,393,3,Algebra,True,True,False,,1824,0,0,1824,False,False,vanilla
qwen_simple32,vanilla,394,5,Intermediate Algebra,True,True,False,,3072,0,0,3072,False,False,vanilla
qwen_simple32,vanilla,395,1,Algebra,True,True,False,,3072,0,0,3072,False,False,vanilla
qwen_simple32,vanilla,396,3,Prealgebra,True,True,False,,3072,0,0,3072,False,False,vanilla
qwen_simple32,vanilla,397,2,Prealgebra,True,True,False,,2379,0,0,2379,False,False,vanilla
qwen_simple32,vanilla,398,4,Prealgebra,True,True,False,,3072,0,0,3072,False,False,vanilla
qwen_simple32,vanilla,399,2,Prealgebra,True,True,False,,2415,0,0,2415,False,False,vanilla
qwen_simple32,vanilla,400,5,Geometry,False,False,False,,3072,0,0,3072,False,False,vanilla
qwen_simple32,vanilla,401,5,Intermediate Algebra,False,False,False,,3072,0,0,3072,False,False,vanilla
qwen_simple32,vanilla,402,3,Precalculus,True,True,False,,2666,0,0,2666,False,False,vanilla
qwen_simple32,vanilla,403,4,Number Theory,True,True,False,,3072,0,0,3072,False,False,vanilla
qwen_simple32,vanilla,404,1,Counting & Probability,True,True,False,,2975,0,0,2975,False,False,vanilla
qwen_simple32,vanilla,405,4,Prealgebra,True,True,False,,1876,0,0,1876,False,False,vanilla
qwen_simple32,vanilla,406,1,Number Theory,True,True,False,,2158,0,0,2158,False,False,vanilla
qwen_simple32,vanilla,407,4,Algebra,True,True,False,,1872,0,0,1872,False,False,vanilla
qwen_simple32,vanilla,408,5,Precalculus,False,False,False,,3072,0,0,3072,False,False,vanilla
qwen_simple32,vanilla,409,4,Intermediate Algebra,True,True,False,,3072,0,0,3072,False,False,vanilla
qwen_simple32,vanilla,410,2,Prealgebra,True,True,False,,2727,0,0,2727,False,False,vanilla
qwen_simple32,vanilla,411,3,Prealgebra,True,True,False,,2282,0,0,2282,False,False,vanilla
qwen_simple32,vanilla,412,4,Intermediate Algebra,False,False,False,,3072,0,0,3072,False,False,vanilla
qwen_simple32,vanilla,413,2,Algebra,True,True,False,,1975,0,0,1975,False,False,vanilla
qwen_simple32,vanilla,414,4,Algebra,True,True,False,,2227,0,0,2227,False,False,vanilla
qwen_simple32,vanilla,415,5,Number Theory,True,True,False,,3072,0,0,3072,False,False,vanilla
qwen_simple32,vanilla,416,3,Precalculus,False,False,False,,3072,0,0,3072,False,False,vanilla
qwen_simple32,vanilla,417,5,Algebra,True,True,False,,2249,0,0,2249,False,False,vanilla
qwen_simple32,vanilla,418,5,Algebra,True,True,False,,2621,0,0,2621,False,False,vanilla
qwen_simple32,vanilla,419,4,Precalculus,False,False,False,,3072,0,0,3072,False,False,vanilla
qwen_simple32,vanilla,420,3,Precalculus,False,False,False,,3072,0,0,3072,False,False,vanilla
qwen_simple32,vanilla,421,5,Precalculus,True,True,False,,3072,0,0,3072,False,False,vanilla
qwen_simple32,vanilla,422,5,Intermediate Algebra,False,False,False,,3072,0,0,3072,False,False,vanilla
qwen_simple32,vanilla,423,5,Number Theory,True,True,False,,3072,0,0,3072,False,False,vanilla
qwen_simple32,vanilla,424,5,Algebra,True,True,False,,2743,0,0,2743,False,False,vanilla
qwen_simple32,vanilla,425,5,Precalculus,False,False,False,,3072,0,0,3072,False,False,vanilla
qwen_simple32,vanilla,426,3,Geometry,True,True,False,,2089,0,0,2089,False,False,vanilla
qwen_simple32,vanilla,427,2,Algebra,True,True,False,,1828,0,0,1828,False,False,vanilla
qwen_simple32,vanilla,428,4,Intermediate Algebra,True,True,False,,3072,0,0,3072,False,False,vanilla
qwen_simple32,vanilla,429,3,Intermediate Algebra,True,True,False,,3072,0,0,3072,False,False,vanilla
qwen_simple32,vanilla,430,2,Prealgebra,True,True,False,,1320,0,0,1320,False,False,vanilla
qwen_simple32,vanilla,431,4,Precalculus,False,False,False,,3072,0,0,3072,False,False,vanilla
qwen_simple32,vanilla,432,5,Intermediate Algebra,False,False,False,,3072,0,0,3072,False,False,vanilla
qwen_simple32,vanilla,433,2,Number Theory,True,True,False,,2943,0,0,2943,False,False,vanilla
qwen_simple32,vanilla,434,5,Prealgebra,True,True,False,,3072,0,0,3072,False,False,vanilla
qwen_simple32,vanilla,435,5,Algebra,True,True,False,,2308,0,0,2308,False,False,vanilla
qwen_simple32,vanilla,436,4,Counting & Probability,True,True,False,,3072,0,0,3072,False,False,vanilla
qwen_simple32,vanilla,437,3,Algebra,True,True,False,,2919,0,0,2919,False,False,vanilla
qwen_simple32,vanilla,438,2,Number Theory,True,True,False,,3072,0,0,3072,False,False,vanilla
qwen_simple32,vanilla,439,3,Intermediate Algebra,False,False,False,,3072,0,0,3072,False,False,vanilla
qwen_simple32,vanilla,440,3,Algebra,True,True,False,,2379,0,0,2379,False,False,vanilla
qwen_simple32,vanilla,441,4,Prealgebra,True,True,False,,2582,0,0,2582,False,False,vanilla
qwen_simple32,vanilla,442,4,Algebra,True,True,False,,3072,0,0,3072,False,False,vanilla
qwen_simple32,vanilla,443,4,Algebra,True,True,False,,1972,0,0,1972,False,False,vanilla
qwen_simple32,vanilla,444,5,Counting & Probability,False,False,False,,3072,0,0,3072,False,False,vanilla
qwen_simple32,vanilla,445,4,Intermediate Algebra,False,False,False,,3072,0,0,3072,False,False,vanilla
qwen_simple32,vanilla,446,4,Algebra,True,True,False,,3072,0,0,3072,False,False,vanilla
qwen_simple32,vanilla,447,1,Prealgebra,True,True,False,,1762,0,0,1762,False,False,vanilla
qwen_simple32,vanilla,448,5,Number Theory,True,True,False,,3072,0,0,3072,False,False,vanilla
qwen_simple32,vanilla,449,1,Algebra,True,True,False,,2483,0,0,2483,False,False,vanilla
qwen_simple32,vanilla,450,5,Number Theory,True,True,False,,3072,0,0,3072,False,False,vanilla
qwen_simple32,vanilla,451,3,Number Theory,True,True,False,,3072,0,0,3072,False,False,vanilla
qwen_simple32,vanilla,452,2,Algebra,True,True,False,,3072,0,0,3072,False,False,vanilla
qwen_simple32,vanilla,453,2,Algebra,True,True,False,,3072,0,0,3072,False,False,vanilla
qwen_simple32,vanilla,454,5,Precalculus,True,True,False,,3072,0,0,3072,False,False,vanilla
qwen_simple32,vanilla,455,2,Counting & Probability,True,True,False,,1464,0,0,1464,False,False,vanilla
qwen_simple32,vanilla,456,1,Intermediate Algebra,False,False,False,,3072,0,0,3072,False,False,vanilla
qwen_simple32,vanilla,457,1,Number Theory,True,True,False,,1624,0,0,1624,False,False,vanilla
qwen_simple32,vanilla,458,3,Prealgebra,True,True,False,,2606,0,0,2606,False,False,vanilla
qwen_simple32,vanilla,459,5,Algebra,True,True,False,,3072,0,0,3072,False,False,vanilla
qwen_simple32,vanilla,460,4,Prealgebra,True,True,False,,3072,0,0,3072,False,False,vanilla
qwen_simple32,vanilla,461,4,Algebra,True,True,False,,3072,0,0,3072,False,False,vanilla
qwen_simple32,vanilla,462,2,Number Theory,True,True,False,,3072,0,0,3072,False,False,vanilla
qwen_simple32,vanilla,463,2,Algebra,True,True,False,,1660,0,0,1660,False,False,vanilla
qwen_simple32,vanilla,464,3,Intermediate Algebra,True,True,False,,2930,0,0,2930,False,False,vanilla
qwen_simple32,vanilla,465,4,Number Theory,True,True,False,,3072,0,0,3072,False,False,vanilla
qwen_simple32,vanilla,466,5,Precalculus,True,True,False,,3072,0,0,3072,False,False,vanilla
qwen_simple32,vanilla,467,2,Prealgebra,False,False,False,,3072,0,0,3072,False,False,vanilla
qwen_simple32,vanilla,468,4,Algebra,True,True,False,,3072,0,0,3072,False,False,vanilla
qwen_simple32,vanilla,469,3,Algebra,True,True,False,,3072,0,0,3072,False,False,vanilla
qwen_simple32,vanilla,470,5,Intermediate Algebra,True,True,False,,3072,0,0,3072,False,False,vanilla
qwen_simple32,vanilla,471,3,Prealgebra,True,True,False,,2197,0,0,2197,False,False,vanilla
qwen_simple32,vanilla,472,1,Algebra,True,True,False,,2466,0,0,2466,False,False,vanilla
qwen_simple32,vanilla,473,5,Prealgebra,True,True,False,,3072,0,0,3072,False,False,vanilla
qwen_simple32,vanilla,474,1,Intermediate Algebra,True,True,False,,3072,0,0,3072,False,False,vanilla
qwen_simple32,vanilla,475,5,Counting & Probability,True,True,False,,3072,0,0,3072,False,False,vanilla
qwen_simple32,vanilla,476,2,Prealgebra,True,True,False,,1821,0,0,1821,False,False,vanilla
qwen_simple32,vanilla,477,3,Number Theory,True,True,False,,3072,0,0,3072,False,False,vanilla
qwen_simple32,vanilla,478,5,Intermediate Algebra,False,False,False,,3072,0,0,3072,False,False,vanilla
qwen_simple32,vanilla,479,5,Number Theory,True,True,False,,3072,0,0,3072,False,False,vanilla
qwen_simple32,vanilla,480,2,Precalculus,True,True,False,,3072,0,0,3072,False,False,vanilla
qwen_simple32,vanilla,481,5,Intermediate Algebra,False,False,False,,3072,0,0,3072,False,False,vanilla
qwen_simple32,vanilla,482,5,Number Theory,True,True,False,,3072,0,0,3072,False,False,vanilla
qwen_simple32,vanilla,483,3,Precalculus,True,True,False,,3072,0,0,3072,False,False,vanilla
qwen_simple32,vanilla,484,3,Intermediate Algebra,True,True,False,,3072,0,0,3072,False,False,vanilla
qwen_simple32,vanilla,485,2,Counting & Probability,True,True,False,,3072,0,0,3072,False,False,vanilla
qwen_simple32,vanilla,486,3,Geometry,True,True,False,,3072,0,0,3072,False,False,vanilla
qwen_simple32,vanilla,487,1,Number Theory,True,True,False,,2913,0,0,2913,False,False,vanilla
qwen_simple32,vanilla,488,5,Prealgebra,True,True,False,,1850,0,0,1850,False,False,vanilla
qwen_simple32,vanilla,489,3,Intermediate Algebra,True,True,False,,3072,0,0,3072,False,False,vanilla
qwen_simple32,vanilla,490,5,Intermediate Algebra,True,True,False,,3072,0,0,3072,False,False,vanilla
qwen_simple32,vanilla,491,5,Prealgebra,True,True,False,,3072,0,0,3072,False,False,vanilla
qwen_simple32,vanilla,492,3,Precalculus,True,True,False,,2430,0,0,2430,False,False,vanilla
qwen_simple32,vanilla,493,5,Algebra,True,True,False,,3072,0,0,3072,False,False,vanilla
qwen_simple32,vanilla,494,5,Intermediate Algebra,False,False,False,,3072,0,0,3072,False,False,vanilla
qwen_simple32,vanilla,495,4,Intermediate Algebra,False,False,False,,3072,0,0,3072,False,False,vanilla
qwen_simple32,vanilla,496,3,Intermediate Algebra,False,False,False,,3072,0,0,3072,False,False,vanilla
qwen_simple32,vanilla,497,5,Geometry,False,False,False,,3072,0,0,3072,False,False,vanilla
qwen_simple32,vanilla,498,5,Intermediate Algebra,True,True,False,,3072,0,0,3072,False,False,vanilla
qwen_simple32,vanilla,499,4,Geometry,True,True,False,,3072,0,0,3072,False,False,vanilla
qwen_simple32,consec_p3_fixed0_cert0_validnonempty,0,2,Precalculus,True,True,False,,2338,157,18,2495,False,False,naive
qwen_simple32,consec_p3_fixed0_cert0_validnonempty,1,5,Intermediate Algebra,True,True,True,True,1280,104,10,1384,False,False,naive
qwen_simple32,consec_p3_fixed0_cert0_validnonempty,2,3,Algebra,False,True,True,False,512,16,4,528,True,False,naive
qwen_simple32,consec_p3_fixed0_cert0_validnonempty,3,3,Number Theory,True,True,True,True,384,12,3,396,False,False,naive
qwen_simple32,consec_p3_fixed0_cert0_validnonempty,4,2,Algebra,False,True,True,False,384,15,3,399,True,False,naive
qwen_simple32,consec_p3_fixed0_cert0_validnonempty,5,2,Prealgebra,True,True,True,True,384,15,3,399,False,False,naive
qwen_simple32,consec_p3_fixed0_cert0_validnonempty,6,3,Number Theory,True,True,True,True,768,31,6,799,False,False,naive
qwen_simple32,consec_p3_fixed0_cert0_validnonempty,7,4,Precalculus,False,False,True,False,384,15,3,399,False,False,naive
qwen_simple32,consec_p3_fixed0_cert0_validnonempty,8,3,Algebra,True,True,True,True,768,48,6,816,False,False,naive
qwen_simple32,consec_p3_fixed0_cert0_validnonempty,9,5,Prealgebra,True,True,True,True,768,26,6,794,False,False,naive
qwen_simple32,consec_p3_fixed0_cert0_validnonempty,10,3,Number Theory,True,True,True,True,384,21,3,405,False,False,naive
qwen_simple32,consec_p3_fixed0_cert0_validnonempty,11,5,Intermediate Algebra,False,False,True,False,640,20,5,660,False,False,naive
qwen_simple32,consec_p3_fixed0_cert0_validnonempty,12,5,Number Theory,True,True,True,True,384,18,3,402,False,False,naive
qwen_simple32,consec_p3_fixed0_cert0_validnonempty,13,2,Geometry,True,True,True,True,384,12,3,396,False,False,naive
qwen_simple32,consec_p3_fixed0_cert0_validnonempty,14,1,Precalculus,True,False,True,True,1920,104,15,2024,False,True,naive
qwen_simple32,consec_p3_fixed0_cert0_validnonempty,15,5,Precalculus,True,True,True,True,1280,163,10,1443,False,False,naive
qwen_simple32,consec_p3_fixed0_cert0_validnonempty,16,1,Intermediate Algebra,True,True,True,True,512,23,4,535,False,False,naive
qwen_simple32,consec_p3_fixed0_cert0_validnonempty,17,4,Precalculus,False,False,True,False,640,20,5,660,False,False,naive
qwen_simple32,consec_p3_fixed0_cert0_validnonempty,18,1,Geometry,False,False,True,False,384,15,3,399,False,False,naive
qwen_simple32,consec_p3_fixed0_cert0_validnonempty,19,3,Intermediate Algebra,False,True,True,False,640,24,5,664,True,False,naive
qwen_simple32,consec_p3_fixed0_cert0_validnonempty,20,3,Algebra,True,True,True,True,512,33,4,545,False,False,naive
qwen_simple32,consec_p3_fixed0_cert0_validnonempty,21,3,Intermediate Algebra,False,True,True,False,640,30,5,670,True,False,naive
qwen_simple32,consec_p3_fixed0_cert0_validnonempty,22,5,Algebra,True,True,True,True,1152,54,9,1206,False,False,naive
qwen_simple32,consec_p3_fixed0_cert0_validnonempty,23,5,Algebra,True,True,True,True,1152,36,9,1188,False,False,naive
qwen_simple32,consec_p3_fixed0_cert0_validnonempty,24,5,Algebra,True,True,True,True,384,15,3,399,False,False,naive
qwen_simple32,consec_p3_fixed0_cert0_validnonempty,25,5,Intermediate Algebra,False,False,True,False,384,12,3,396,False,False,naive
qwen_simple32,consec_p3_fixed0_cert0_validnonempty,26,5,Counting & Probability,False,True,True,False,384,18,3,402,True,False,naive
qwen_simple32,consec_p3_fixed0_cert0_validnonempty,27,2,Prealgebra,True,True,True,True,896,35,7,931,False,False,naive
qwen_simple32,consec_p3_fixed0_cert0_validnonempty,28,2,Precalculus,True,True,True,True,768,50,6,818,False,False,naive
qwen_simple32,consec_p3_fixed0_cert0_validnonempty,29,2,Counting & Probability,False,True,True,False,384,12,3,396,True,False,naive
qwen_simple32,consec_p3_fixed0_cert0_validnonempty,30,3,Number Theory,True,False,True,True,512,28,4,540,False,True,naive
qwen_simple32,consec_p3_fixed0_cert0_validnonempty,31,4,Prealgebra,True,True,True,True,384,27,3,411,False,False,naive
qwen_simple32,consec_p3_fixed0_cert0_validnonempty,32,4,Counting & Probability,True,True,True,True,512,28,4,540,False,False,naive
qwen_simple32,consec_p3_fixed0_cert0_validnonempty,33,4,Algebra,False,False,True,False,384,12,3,396,False,False,naive
qwen_simple32,consec_p3_fixed0_cert0_validnonempty,34,4,Counting & Probability,False,False,True,False,384,12,3,396,False,False,naive
qwen_simple32,consec_p3_fixed0_cert0_validnonempty,35,2,Number Theory,True,True,True,True,768,24,6,792,False,False,naive
qwen_simple32,consec_p3_fixed0_cert0_validnonempty,36,2,Intermediate Algebra,False,False,True,False,384,12,3,396,False,False,naive
qwen_simple32,consec_p3_fixed0_cert0_validnonempty,37,3,Geometry,True,True,True,True,384,15,3,399,False,False,naive
qwen_simple32,consec_p3_fixed0_cert0_validnonempty,38,1,Algebra,True,True,True,True,384,21,3,405,False,False,naive
qwen_simple32,consec_p3_fixed0_cert0_validnonempty,39,3,Number Theory,False,True,True,False,768,33,6,801,True,False,naive
qwen_simple32,consec_p3_fixed0_cert0_validnonempty,40,2,Prealgebra,True,True,True,True,384,15,3,399,False,False,naive
qwen_simple32,consec_p3_fixed0_cert0_validnonempty,41,4,Geometry,True,True,True,True,2048,98,16,2146,False,False,naive
qwen_simple32,consec_p3_fixed0_cert0_validnonempty,42,2,Algebra,True,True,True,True,640,20,5,660,False,False,naive
qwen_simple32,consec_p3_fixed0_cert0_validnonempty,43,5,Intermediate Algebra,False,False,True,False,1024,48,8,1072,False,False,naive
qwen_simple32,consec_p3_fixed0_cert0_validnonempty,44,5,Prealgebra,True,True,True,True,640,35,5,675,False,False,naive
qwen_simple32,consec_p3_fixed0_cert0_validnonempty,45,3,Geometry,True,True,True,True,384,12,3,396,False,False,naive
qwen_simple32,consec_p3_fixed0_cert0_validnonempty,46,2,Precalculus,False,True,True,False,384,15,3,399,True,False,naive
qwen_simple32,consec_p3_fixed0_cert0_validnonempty,47,5,Algebra,True,True,True,True,640,20,5,660,False,False,naive
qwen_simple32,consec_p3_fixed0_cert0_validnonempty,48,2,Algebra,True,True,True,True,384,27,3,411,False,False,naive
qwen_simple32,consec_p3_fixed0_cert0_validnonempty,49,4,Prealgebra,True,True,True,True,768,30,6,798,False,False,naive
qwen_simple32,consec_p3_fixed0_cert0_validnonempty,50,5,Number Theory,False,True,True,False,1536,77,12,1613,True,False,naive
qwen_simple32,consec_p3_fixed0_cert0_validnonempty,51,2,Intermediate Algebra,True,False,True,True,896,95,7,991,False,True,naive
qwen_simple32,consec_p3_fixed0_cert0_validnonempty,52,5,Prealgebra,True,True,True,True,1408,58,11,1466,False,False,naive
qwen_simple32,consec_p3_fixed0_cert0_validnonempty,53,2,Precalculus,True,True,True,True,384,33,3,417,False,False,naive
qwen_simple32,consec_p3_fixed0_cert0_validnonempty,54,2,Prealgebra,True,True,True,True,384,21,3,405,False,False,naive
qwen_simple32,consec_p3_fixed0_cert0_validnonempty,55,4,Algebra,True,True,True,True,512,16,4,528,False,False,naive
qwen_simple32,consec_p3_fixed0_cert0_validnonempty,56,3,Algebra,True,True,True,True,384,15,3,399,False,False,naive
qwen_simple32,consec_p3_fixed0_cert0_validnonempty,57,2,Intermediate Algebra,True,True,True,True,384,20,3,404,False,False,naive
qwen_simple32,consec_p3_fixed0_cert0_validnonempty,58,1,Algebra,True,True,True,True,640,35,5,675,False,False,naive
qwen_simple32,consec_p3_fixed0_cert0_validnonempty,59,2,Prealgebra,True,True,True,True,768,26,6,794,False,False,naive
qwen_simple32,consec_p3_fixed0_cert0_validnonempty,60,5,Intermediate Algebra,False,False,True,False,384,36,3,420,False,False,naive
qwen_simple32,consec_p3_fixed0_cert0_validnonempty,61,3,Intermediate Algebra,True,True,True,True,1920,110,15,2030,False,False,naive
qwen_simple32,consec_p3_fixed0_cert0_validnonempty,62,5,Precalculus,False,True,True,False,1024,52,8,1076,True,False,naive
qwen_simple32,consec_p3_fixed0_cert0_validnonempty,63,5,Intermediate Algebra,True,True,True,True,1920,159,15,2079,False,False,naive
qwen_simple32,consec_p3_fixed0_cert0_validnonempty,64,4,Precalculus,False,False,True,False,384,12,3,396,False,False,naive
qwen_simple32,consec_p3_fixed0_cert0_validnonempty,65,1,Prealgebra,True,True,True,True,384,12,3,396,False,False,naive
qwen_simple32,consec_p3_fixed0_cert0_validnonempty,66,3,Algebra,True,True,False,,2795,205,21,3000,False,False,naive
qwen_simple32,consec_p3_fixed0_cert0_validnonempty,67,4,Prealgebra,False,True,True,False,384,17,3,401,True,False,naive
qwen_simple32,consec_p3_fixed0_cert0_validnonempty,68,4,Precalculus,True,True,True,True,896,35,7,931,False,False,naive
qwen_simple32,consec_p3_fixed0_cert0_validnonempty,69,4,Intermediate Algebra,True,True,True,True,896,64,7,960,False,False,naive
qwen_simple32,consec_p3_fixed0_cert0_validnonempty,70,2,Number Theory,True,True,True,True,384,21,3,405,False,False,naive
qwen_simple32,consec_p3_fixed0_cert0_validnonempty,71,4,Number Theory,False,False,True,False,384,21,3,405,False,False,naive
qwen_simple32,consec_p3_fixed0_cert0_validnonempty,72,2,Geometry,True,True,True,True,384,12,3,396,False,False,naive
qwen_simple32,consec_p3_fixed0_cert0_validnonempty,73,4,Algebra,True,True,True,True,640,82,5,722,False,False,naive
qwen_simple32,consec_p3_fixed0_cert0_validnonempty,74,2,Precalculus,True,True,True,True,384,73,3,457,False,False,naive
qwen_simple32,consec_p3_fixed0_cert0_validnonempty,75,4,Counting & Probability,False,False,True,False,1024,62,8,1086,False,False,naive
qwen_simple32,consec_p3_fixed0_cert0_validnonempty,76,2,Intermediate Algebra,True,True,True,True,384,12,3,396,False,False,naive
qwen_simple32,consec_p3_fixed0_cert0_validnonempty,77,1,Algebra,True,True,True,True,384,12,3,396,False,False,naive
qwen_simple32,consec_p3_fixed0_cert0_validnonempty,78,4,Intermediate Algebra,True,True,True,True,1408,91,11,1499,False,False,naive
qwen_simple32,consec_p3_fixed0_cert0_validnonempty,79,1,Prealgebra,True,True,True,True,384,12,3,396,False,False,naive
qwen_simple32,consec_p3_fixed0_cert0_validnonempty,80,5,Intermediate Algebra,False,False,True,False,384,21,3,405,False,False,naive
qwen_simple32,consec_p3_fixed0_cert0_validnonempty,81,3,Algebra,True,True,True,True,768,34,6,802,False,False,naive
qwen_simple32,consec_p3_fixed0_cert0_validnonempty,82,5,Algebra,False,False,True,False,768,24,6,792,False,False,naive
qwen_simple32,consec_p3_fixed0_cert0_validnonempty,83,2,Intermediate Algebra,True,True,True,True,384,12,3,396,False,False,naive
qwen_simple32,consec_p3_fixed0_cert0_validnonempty,84,4,Algebra,False,True,True,False,1152,74,9,1226,True,False,naive
qwen_simple32,consec_p3_fixed0_cert0_validnonempty,85,4,Geometry,False,True,True,False,384,12,3,396,True,False,naive
qwen_simple32,consec_p3_fixed0_cert0_validnonempty,86,1,Prealgebra,True,True,True,True,384,18,3,402,False,False,naive
qwen_simple32,consec_p3_fixed0_cert0_validnonempty,87,1,Algebra,True,True,True,True,640,20,5,660,False,False,naive
qwen_simple32,consec_p3_fixed0_cert0_validnonempty,88,5,Algebra,True,True,True,True,640,20,5,660,False,False,naive
qwen_simple32,consec_p3_fixed0_cert0_validnonempty,89,4,Number Theory,True,True,True,True,384,15,3,399,False,False,naive
qwen_simple32,consec_p3_fixed0_cert0_validnonempty,90,3,Prealgebra,False,True,True,False,640,32,5,672,True,False,naive
qwen_simple32,consec_p3_fixed0_cert0_validnonempty,91,3,Algebra,True,True,True,True,512,16,4,528,False,False,naive
qwen_simple32,consec_p3_fixed0_cert0_validnonempty,92,4,Counting & Probability,True,True,True,True,1408,135,11,1543,False,False,naive
qwen_simple32,consec_p3_fixed0_cert0_validnonempty,93,4,Algebra,True,True,True,True,896,38,7,934,False,False,naive
qwen_simple32,consec_p3_fixed0_cert0_validnonempty,94,5,Prealgebra,True,True,True,True,384,15,3,399,False,False,naive
qwen_simple32,consec_p3_fixed0_cert0_validnonempty,95,2,Precalculus,False,True,True,False,384,12,3,396,True,False,naive
qwen_simple32,consec_p3_fixed0_cert0_validnonempty,96,5,Intermediate Algebra,False,False,True,False,384,17,3,401,False,False,naive
qwen_simple32,consec_p3_fixed0_cert0_validnonempty,97,1,Prealgebra,False,False,True,False,640,20,5,660,False,False,naive
qwen_simple32,consec_p3_fixed0_cert0_validnonempty,98,2,Prealgebra,True,True,True,True,384,24,3,408,False,False,naive
qwen_simple32,consec_p3_fixed0_cert0_validnonempty,99,3,Precalculus,False,False,False,,3072,623,24,3695,False,False,naive
qwen_simple32,consec_p3_fixed0_cert0_validnonempty,100,5,Geometry,False,False,True,False,384,15,3,399,False,False,naive
qwen_simple32,consec_p3_fixed0_cert0_validnonempty,101,5,Intermediate Algebra,False,False,True,False,1408,64,11,1472,False,False,naive
qwen_simple32,consec_p3_fixed0_cert0_validnonempty,102,1,Intermediate Algebra,True,True,False,,1367,144,10,1511,False,False,naive
qwen_simple32,consec_p3_fixed0_cert0_validnonempty,103,5,Intermediate Algebra,False,False,True,False,1408,73,11,1481,False,False,naive
qwen_simple32,consec_p3_fixed0_cert0_validnonempty,104,4,Intermediate Algebra,True,False,True,True,1920,95,15,2015,False,True,naive
qwen_simple32,consec_p3_fixed0_cert0_validnonempty,105,3,Prealgebra,True,True,True,True,640,25,5,665,False,False,naive
qwen_simple32,consec_p3_fixed0_cert0_validnonempty,106,2,Intermediate Algebra,True,True,True,True,384,24,3,408,False,False,naive
qwen_simple32,consec_p3_fixed0_cert0_validnonempty,107,2,Number Theory,False,True,True,False,384,15,3,399,True,False,naive
qwen_simple32,consec_p3_fixed0_cert0_validnonempty,108,3,Intermediate Algebra,True,True,True,True,384,12,3,396,False,False,naive
qwen_simple32,consec_p3_fixed0_cert0_validnonempty,109,5,Precalculus,False,True,True,False,384,15,3,399,True,False,naive
qwen_simple32,consec_p3_fixed0_cert0_validnonempty,110,4,Intermediate Algebra,False,False,False,,3072,147,24,3219,False,False,naive
qwen_simple32,consec_p3_fixed0_cert0_validnonempty,111,3,Counting & Probability,True,True,True,True,896,42,7,938,False,False,naive
qwen_simple32,consec_p3_fixed0_cert0_validnonempty,112,4,Algebra,True,True,True,True,1152,88,9,1240,False,False,naive
qwen_simple32,consec_p3_fixed0_cert0_validnonempty,113,2,Algebra,True,True,True,True,768,42,6,810,False,False,naive
qwen_simple32,consec_p3_fixed0_cert0_validnonempty,114,3,Intermediate Algebra,False,True,True,False,640,25,5,665,True,False,naive
qwen_simple32,consec_p3_fixed0_cert0_validnonempty,115,2,Counting & Probability,True,True,True,True,640,34,5,674,False,False,naive
qwen_simple32,consec_p3_fixed0_cert0_validnonempty,116,2,Algebra,True,True,True,True,384,12,3,396,False,False,naive
qwen_simple32,consec_p3_fixed0_cert0_validnonempty,117,2,Algebra,True,True,True,True,384,12,3,396,False,False,naive
qwen_simple32,consec_p3_fixed0_cert0_validnonempty,118,5,Intermediate Algebra,True,True,True,True,384,15,3,399,False,False,naive
qwen_simple32,consec_p3_fixed0_cert0_validnonempty,119,3,Prealgebra,True,False,True,True,1536,53,12,1589,False,True,naive
qwen_simple32,consec_p3_fixed0_cert0_validnonempty,120,2,Intermediate Algebra,False,True,True,False,384,12,3,396,True,False,naive
qwen_simple32,consec_p3_fixed0_cert0_validnonempty,121,2,Prealgebra,True,True,True,True,384,12,3,396,False,False,naive
qwen_simple32,consec_p3_fixed0_cert0_validnonempty,122,3,Algebra,True,True,True,True,640,23,5,663,False,False,naive
qwen_simple32,consec_p3_fixed0_cert0_validnonempty,123,4,Geometry,False,True,True,False,384,12,3,396,True,False,naive
qwen_simple32,consec_p3_fixed0_cert0_validnonempty,124,4,Algebra,True,False,True,True,1280,51,10,1331,False,True,naive
qwen_simple32,consec_p3_fixed0_cert0_validnonempty,125,4,Algebra,False,True,True,False,384,12,3,396,True,False,naive
qwen_simple32,consec_p3_fixed0_cert0_validnonempty,126,4,Intermediate Algebra,False,False,True,False,1024,72,8,1096,False,False,naive
qwen_simple32,consec_p3_fixed0_cert0_validnonempty,127,3,Number Theory,True,True,True,True,1152,75,9,1227,False,False,naive
qwen_simple32,consec_p3_fixed0_cert0_validnonempty,128,3,Algebra,False,False,True,False,640,25,5,665,False,False,naive
qwen_simple32,consec_p3_fixed0_cert0_validnonempty,129,5,Geometry,False,False,True,False,384,15,3,399,False,False,naive
qwen_simple32,consec_p3_fixed0_cert0_validnonempty,130,4,Number Theory,False,True,True,False,384,12,3,396,True,False,naive
qwen_simple32,consec_p3_fixed0_cert0_validnonempty,131,4,Algebra,True,True,True,True,896,32,7,928,False,False,naive
qwen_simple32,consec_p3_fixed0_cert0_validnonempty,132,3,Prealgebra,True,True,True,True,384,12,3,396,False,False,naive
qwen_simple32,consec_p3_fixed0_cert0_validnonempty,133,3,Prealgebra,True,True,True,True,384,18,3,402,False,False,naive
qwen_simple32,consec_p3_fixed0_cert0_validnonempty,134,4,Intermediate Algebra,False,True,True,False,640,40,5,680,True,False,naive
qwen_simple32,consec_p3_fixed0_cert0_validnonempty,135,5,Prealgebra,True,True,True,True,384,12,3,396,False,False,naive
qwen_simple32,consec_p3_fixed0_cert0_validnonempty,136,5,Intermediate Algebra,True,True,True,True,768,57,6,825,False,False,naive
qwen_simple32,consec_p3_fixed0_cert0_validnonempty,137,4,Number Theory,True,True,True,True,640,36,5,676,False,False,naive
qwen_simple32,consec_p3_fixed0_cert0_validnonempty,138,4,Counting & Probability,False,False,True,False,1664,66,13,1730,False,False,naive
qwen_simple32,consec_p3_fixed0_cert0_validnonempty,139,3,Intermediate Algebra,True,True,True,True,384,12,3,396,False,False,naive
qwen_simple32,consec_p3_fixed0_cert0_validnonempty,140,4,Number Theory,True,True,True,True,512,19,4,531,False,False,naive
qwen_simple32,consec_p3_fixed0_cert0_validnonempty,141,1,Number Theory,True,True,True,True,384,12,3,396,False,False,naive
qwen_simple32,consec_p3_fixed0_cert0_validnonempty,142,5,Counting & Probability,True,True,True,True,512,59,4,571,False,False,naive
qwen_simple32,consec_p3_fixed0_cert0_validnonempty,143,3,Precalculus,True,True,True,True,1280,133,10,1413,False,False,naive
qwen_simple32,consec_p3_fixed0_cert0_validnonempty,144,1,Precalculus,False,True,True,False,896,51,7,947,True,False,naive
qwen_simple32,consec_p3_fixed0_cert0_validnonempty,145,5,Intermediate Algebra,False,False,True,False,384,12,3,396,False,False,naive
qwen_simple32,consec_p3_fixed0_cert0_validnonempty,146,3,Algebra,True,True,True,True,640,56,5,696,False,False,naive
qwen_simple32,consec_p3_fixed0_cert0_validnonempty,147,5,Intermediate Algebra,True,True,True,True,896,35,7,931,False,False,naive
qwen_simple32,consec_p3_fixed0_cert0_validnonempty,148,1,Algebra,True,True,True,True,384,15,3,399,False,False,naive
qwen_simple32,consec_p3_fixed0_cert0_validnonempty,149,2,Number Theory,True,True,True,True,1408,52,11,1460,False,False,naive
qwen_simple32,consec_p3_fixed0_cert0_validnonempty,150,5,Intermediate Algebra,False,True,True,False,1536,48,12,1584,True,False,naive
qwen_simple32,consec_p3_fixed0_cert0_validnonempty,151,5,Precalculus,True,True,True,True,768,34,6,802,False,False,naive
qwen_simple32,consec_p3_fixed0_cert0_validnonempty,152,5,Geometry,False,True,True,False,384,15,3,399,True,False,naive
qwen_simple32,consec_p3_fixed0_cert0_validnonempty,153,4,Counting & Probability,False,False,True,False,384,12,3,396,False,False,naive
qwen_simple32,consec_p3_fixed0_cert0_validnonempty,154,5,Geometry,False,False,True,False,896,39,7,935,False,False,naive
qwen_simple32,consec_p3_fixed0_cert0_validnonempty,155,4,Counting & Probability,True,False,True,True,384,18,3,402,False,True,naive
qwen_simple32,consec_p3_fixed0_cert0_validnonempty,156,3,Precalculus,False,False,True,False,384,15,3,399,False,False,naive
qwen_simple32,consec_p3_fixed0_cert0_validnonempty,157,2,Intermediate Algebra,True,True,True,True,1024,50,8,1074,False,False,naive
qwen_simple32,consec_p3_fixed0_cert0_validnonempty,158,4,Algebra,True,True,True,True,1280,68,10,1348,False,False,naive
qwen_simple32,consec_p3_fixed0_cert0_validnonempty,159,4,Algebra,True,True,True,True,1536,95,12,1631,False,False,naive
qwen_simple32,consec_p3_fixed0_cert0_validnonempty,160,2,Number Theory,True,True,True,True,384,15,3,399,False,False,naive
qwen_simple32,consec_p3_fixed0_cert0_validnonempty,161,2,Algebra,True,True,True,True,384,12,3,396,False,False,naive
qwen_simple32,consec_p3_fixed0_cert0_validnonempty,162,5,Prealgebra,False,True,True,False,1536,84,12,1620,True,False,naive
qwen_simple32,consec_p3_fixed0_cert0_validnonempty,163,5,Algebra,False,False,True,False,384,12,3,396,False,False,naive
qwen_simple32,consec_p3_fixed0_cert0_validnonempty,164,2,Precalculus,False,True,True,False,1408,44,11,1452,True,False,naive
qwen_simple32,consec_p3_fixed0_cert0_validnonempty,165,4,Prealgebra,True,True,True,True,1664,95,13,1759,False,False,naive
qwen_simple32,consec_p3_fixed0_cert0_validnonempty,166,5,Prealgebra,True,False,True,True,1152,88,9,1240,False,True,naive
qwen_simple32,consec_p3_fixed0_cert0_validnonempty,167,1,Algebra,True,True,True,True,640,25,5,665,False,False,naive
qwen_simple32,consec_p3_fixed0_cert0_validnonempty,168,5,Counting & Probability,False,False,True,False,1152,38,9,1190,False,False,naive
qwen_simple32,consec_p3_fixed0_cert0_validnonempty,169,2,Geometry,True,True,True,True,384,15,3,399,False,False,naive
qwen_simple32,consec_p3_fixed0_cert0_validnonempty,170,5,Algebra,False,True,True,False,1152,42,9,1194,True,False,naive
qwen_simple32,consec_p3_fixed0_cert0_validnonempty,171,1,Prealgebra,False,True,True,False,384,12,3,396,True,False,naive
qwen_simple32,consec_p3_fixed0_cert0_validnonempty,172,1,Algebra,True,True,True,True,384,18,3,402,False,False,naive
qwen_simple32,consec_p3_fixed0_cert0_validnonempty,173,5,Algebra,True,True,True,True,768,24,6,792,False,False,naive
qwen_simple32,consec_p3_fixed0_cert0_validnonempty,174,3,Algebra,True,True,True,True,384,12,3,396,False,False,naive
qwen_simple32,consec_p3_fixed0_cert0_validnonempty,175,2,Intermediate Algebra,False,True,True,False,512,16,4,528,True,False,naive
qwen_simple32,consec_p3_fixed0_cert0_validnonempty,176,3,Number Theory,True,True,True,True,1152,113,9,1265,False,False,naive
qwen_simple32,consec_p3_fixed0_cert0_validnonempty,177,3,Geometry,False,True,True,False,384,24,3,408,True,False,naive
qwen_simple32,consec_p3_fixed0_cert0_validnonempty,178,2,Prealgebra,True,True,True,True,384,15,3,399,False,False,naive
qwen_simple32,consec_p3_fixed0_cert0_validnonempty,179,4,Precalculus,True,False,True,True,1664,263,13,1927,False,True,naive
qwen_simple32,consec_p3_fixed0_cert0_validnonempty,180,3,Prealgebra,True,False,True,True,384,12,3,396,False,True,naive
qwen_simple32,consec_p3_fixed0_cert0_validnonempty,181,3,Algebra,False,False,True,False,384,12,3,396,False,False,naive
qwen_simple32,consec_p3_fixed0_cert0_validnonempty,182,2,Prealgebra,True,True,True,True,384,21,3,405,False,False,naive
qwen_simple32,consec_p3_fixed0_cert0_validnonempty,183,4,Algebra,True,True,True,True,1280,58,10,1338,False,False,naive
qwen_simple32,consec_p3_fixed0_cert0_validnonempty,184,5,Intermediate Algebra,False,True,True,False,384,12,3,396,True,False,naive
qwen_simple32,consec_p3_fixed0_cert0_validnonempty,185,1,Algebra,True,True,True,True,384,12,3,396,False,False,naive
qwen_simple32,consec_p3_fixed0_cert0_validnonempty,186,4,Number Theory,False,True,True,False,768,24,6,792,True,False,naive
qwen_simple32,consec_p3_fixed0_cert0_validnonempty,187,1,Algebra,False,True,True,False,384,12,3,396,True,False,naive
qwen_simple32,consec_p3_fixed0_cert0_validnonempty,188,5,Algebra,False,True,True,False,384,12,3,396,True,False,naive
qwen_simple32,consec_p3_fixed0_cert0_validnonempty,189,5,Geometry,False,True,True,False,768,33,6,801,True,False,naive
qwen_simple32,consec_p3_fixed0_cert0_validnonempty,190,5,Counting & Probability,False,False,True,False,384,18,3,402,False,False,naive
qwen_simple32,consec_p3_fixed0_cert0_validnonempty,191,2,Algebra,True,True,True,True,384,12,3,396,False,False,naive
qwen_simple32,consec_p3_fixed0_cert0_validnonempty,192,3,Geometry,True,True,True,True,1280,52,10,1332,False,False,naive
qwen_simple32,consec_p3_fixed0_cert0_validnonempty,193,3,Intermediate Algebra,True,True,True,True,384,12,3,396,False,False,naive
qwen_simple32,consec_p3_fixed0_cert0_validnonempty,194,5,Intermediate Algebra,False,True,True,False,384,12,3,396,True,False,naive
qwen_simple32,consec_p3_fixed0_cert0_validnonempty,195,4,Intermediate Algebra,True,True,True,True,768,53,6,821,False,False,naive
qwen_simple32,consec_p3_fixed0_cert0_validnonempty,196,1,Algebra,True,True,True,True,1024,65,8,1089,False,False,naive
qwen_simple32,consec_p3_fixed0_cert0_validnonempty,197,5,Number Theory,False,True,True,False,384,15,3,399,True,False,naive
qwen_simple32,consec_p3_fixed0_cert0_validnonempty,198,3,Counting & Probability,True,True,True,True,512,33,4,545,False,False,naive
qwen_simple32,consec_p3_fixed0_cert0_validnonempty,199,2,Prealgebra,True,True,True,True,640,25,5,665,False,False,naive
qwen_simple32,consec_p3_fixed0_cert0_validnonempty,200,4,Prealgebra,True,True,True,True,768,30,6,798,False,False,naive
qwen_simple32,consec_p3_fixed0_cert0_validnonempty,201,4,Number Theory,True,True,True,True,1152,54,9,1206,False,False,naive
qwen_simple32,consec_p3_fixed0_cert0_validnonempty,202,5,Algebra,True,True,True,True,768,80,6,848,False,False,naive
qwen_simple32,consec_p3_fixed0_cert0_validnonempty,203,3,Intermediate Algebra,True,True,True,True,1024,97,8,1121,False,False,naive
qwen_simple32,consec_p3_fixed0_cert0_validnonempty,204,5,Intermediate Algebra,False,False,True,False,384,15,3,399,False,False,naive
qwen_simple32,consec_p3_fixed0_cert0_validnonempty,205,3,Precalculus,False,False,True,False,1664,182,13,1846,False,False,naive
qwen_simple32,consec_p3_fixed0_cert0_validnonempty,206,2,Precalculus,True,True,True,True,768,79,6,847,False,False,naive
qwen_simple32,consec_p3_fixed0_cert0_validnonempty,207,2,Counting & Probability,True,True,True,True,384,15,3,399,False,False,naive
qwen_simple32,consec_p3_fixed0_cert0_validnonempty,208,3,Number Theory,True,True,True,True,640,20,5,660,False,False,naive
qwen_simple32,consec_p3_fixed0_cert0_validnonempty,209,2,Number Theory,False,True,True,False,512,20,4,532,True,False,naive
qwen_simple32,consec_p3_fixed0_cert0_validnonempty,210,4,Prealgebra,False,True,True,False,1024,33,8,1057,True,False,naive
qwen_simple32,consec_p3_fixed0_cert0_validnonempty,211,2,Prealgebra,True,True,True,True,512,17,4,529,False,False,naive
qwen_simple32,consec_p3_fixed0_cert0_validnonempty,212,3,Algebra,True,True,True,True,896,36,7,932,False,False,naive
qwen_simple32,consec_p3_fixed0_cert0_validnonempty,213,4,Intermediate Algebra,True,False,True,True,384,12,3,396,False,True,naive
qwen_simple32,consec_p3_fixed0_cert0_validnonempty,214,5,Counting & Probability,False,True,True,False,1024,45,8,1069,True,False,naive
qwen_simple32,consec_p3_fixed0_cert0_validnonempty,215,4,Algebra,True,True,True,True,640,20,5,660,False,False,naive
qwen_simple32,consec_p3_fixed0_cert0_validnonempty,216,4,Prealgebra,True,True,True,True,768,26,6,794,False,False,naive
qwen_simple32,consec_p3_fixed0_cert0_validnonempty,217,4,Number Theory,False,False,True,False,384,33,3,417,False,False,naive
qwen_simple32,consec_p3_fixed0_cert0_validnonempty,218,2,Algebra,True,True,True,True,384,24,3,408,False,False,naive
qwen_simple32,consec_p3_fixed0_cert0_validnonempty,219,4,Counting & Probability,False,True,True,False,512,28,4,540,True,False,naive
qwen_simple32,consec_p3_fixed0_cert0_validnonempty,220,5,Prealgebra,False,True,True,False,384,12,3,396,True,False,naive
qwen_simple32,consec_p3_fixed0_cert0_validnonempty,221,3,Number Theory,True,True,True,True,1280,62,10,1342,False,False,naive
qwen_simple32,consec_p3_fixed0_cert0_validnonempty,222,4,Geometry,False,False,False,,3072,118,24,3190,False,False,naive
qwen_simple32,consec_p3_fixed0_cert0_validnonempty,223,3,Number Theory,False,True,True,False,1408,112,11,1520,True,False,naive
qwen_simple32,consec_p3_fixed0_cert0_validnonempty,224,4,Precalculus,False,False,True,False,768,45,6,813,False,False,naive
qwen_simple32,consec_p3_fixed0_cert0_validnonempty,225,3,Algebra,True,True,True,True,896,32,7,928,False,False,naive
qwen_simple32,consec_p3_fixed0_cert0_validnonempty,226,3,Counting & Probability,True,True,True,True,384,12,3,396,False,False,naive
qwen_simple32,consec_p3_fixed0_cert0_validnonempty,227,3,Precalculus,True,True,True,True,384,12,3,396,False,False,naive
qwen_simple32,consec_p3_fixed0_cert0_validnonempty,228,4,Precalculus,False,False,True,False,2560,215,20,2775,False,False,naive
qwen_simple32,consec_p3_fixed0_cert0_validnonempty,229,4,Prealgebra,True,True,True,True,384,15,3,399,False,False,naive
qwen_simple32,consec_p3_fixed0_cert0_validnonempty,230,4,Intermediate Algebra,False,False,True,False,384,12,3,396,False,False,naive
qwen_simple32,consec_p3_fixed0_cert0_validnonempty,231,4,Algebra,False,True,True,False,512,17,4,529,True,False,naive
qwen_simple32,consec_p3_fixed0_cert0_validnonempty,232,5,Intermediate Algebra,False,False,True,False,384,12,3,396,False,False,naive
qwen_simple32,consec_p3_fixed0_cert0_validnonempty,233,2,Precalculus,True,True,True,True,640,26,5,666,False,False,naive
qwen_simple32,consec_p3_fixed0_cert0_validnonempty,234,3,Intermediate Algebra,False,True,True,False,384,15,3,399,True,False,naive
qwen_simple32,consec_p3_fixed0_cert0_validnonempty,235,4,Prealgebra,False,True,True,False,384,12,3,396,True,False,naive
qwen_simple32,consec_p3_fixed0_cert0_validnonempty,236,4,Precalculus,False,False,True,False,1408,55,11,1463,False,False,naive
qwen_simple32,consec_p3_fixed0_cert0_validnonempty,237,1,Intermediate Algebra,True,True,True,True,896,35,7,931,False,False,naive
qwen_simple32,consec_p3_fixed0_cert0_validnonempty,238,5,Algebra,True,False,True,True,1152,47,9,1199,False,True,naive
qwen_simple32,consec_p3_fixed0_cert0_validnonempty,239,5,Geometry,False,False,False,,3072,120,24,3192,False,False,naive
qwen_simple32,consec_p3_fixed0_cert0_validnonempty,240,4,Prealgebra,False,False,True,False,384,15,3,399,False,False,naive
qwen_simple32,consec_p3_fixed0_cert0_validnonempty,241,5,Algebra,False,True,True,False,384,15,3,399,True,False,naive
qwen_simple32,consec_p3_fixed0_cert0_validnonempty,242,5,Algebra,True,True,True,True,2048,123,16,2171,False,False,naive
qwen_simple32,consec_p3_fixed0_cert0_validnonempty,243,2,Geometry,True,True,True,True,640,20,5,660,False,False,naive
qwen_simple32,consec_p3_fixed0_cert0_validnonempty,244,5,Prealgebra,False,True,True,False,384,12,3,396,True,False,naive
qwen_simple32,consec_p3_fixed0_cert0_validnonempty,245,4,Intermediate Algebra,False,False,True,False,384,16,3,400,False,False,naive
qwen_simple32,consec_p3_fixed0_cert0_validnonempty,246,2,Algebra,True,True,True,True,384,12,3,396,False,False,naive
qwen_simple32,consec_p3_fixed0_cert0_validnonempty,247,3,Intermediate Algebra,False,False,True,False,1280,48,10,1328,False,False,naive
qwen_simple32,consec_p3_fixed0_cert0_validnonempty,248,4,Precalculus,True,False,True,True,1920,325,15,2245,False,True,naive
qwen_simple32,consec_p3_fixed0_cert0_validnonempty,249,4,Number Theory,True,True,True,True,1408,53,11,1461,False,False,naive
qwen_simple32,consec_p3_fixed0_cert0_validnonempty,250,4,Algebra,True,True,True,True,768,43,6,811,False,False,naive
qwen_simple32,consec_p3_fixed0_cert0_validnonempty,251,5,Counting & Probability,True,True,True,True,512,24,4,536,False,False,naive
qwen_simple32,consec_p3_fixed0_cert0_validnonempty,252,5,Algebra,True,True,True,True,768,42,6,810,False,False,naive
qwen_simple32,consec_p3_fixed0_cert0_validnonempty,253,3,Prealgebra,False,True,True,False,512,22,4,534,True,False,naive
qwen_simple32,consec_p3_fixed0_cert0_validnonempty,254,5,Counting & Probability,True,True,True,True,384,15,3,399,False,False,naive
qwen_simple32,consec_p3_fixed0_cert0_validnonempty,255,2,Precalculus,True,True,True,True,384,12,3,396,False,False,naive
qwen_simple32,consec_p3_fixed0_cert0_validnonempty,256,3,Prealgebra,False,True,True,False,896,50,7,946,True,False,naive
qwen_simple32,consec_p3_fixed0_cert0_validnonempty,257,4,Geometry,False,False,True,False,512,22,4,534,False,False,naive
qwen_simple32,consec_p3_fixed0_cert0_validnonempty,258,3,Algebra,True,True,True,True,896,35,7,931,False,False,naive
qwen_simple32,consec_p3_fixed0_cert0_validnonempty,259,1,Intermediate Algebra,True,True,True,True,384,15,3,399,False,False,naive
qwen_simple32,consec_p3_fixed0_cert0_validnonempty,260,3,Precalculus,True,True,True,True,384,18,3,402,False,False,naive
qwen_simple32,consec_p3_fixed0_cert0_validnonempty,261,3,Geometry,True,True,True,True,512,20,4,532,False,False,naive
qwen_simple32,consec_p3_fixed0_cert0_validnonempty,262,1,Prealgebra,True,True,True,True,384,12,3,396,False,False,naive
qwen_simple32,consec_p3_fixed0_cert0_validnonempty,263,4,Geometry,True,True,True,True,768,30,6,798,False,False,naive
qwen_simple32,consec_p3_fixed0_cert0_validnonempty,264,5,Geometry,False,False,True,False,640,50,5,690,False,False,naive
qwen_simple32,consec_p3_fixed0_cert0_validnonempty,265,2,Algebra,True,True,True,True,384,21,3,405,False,False,naive
qwen_simple32,consec_p3_fixed0_cert0_validnonempty,266,3,Prealgebra,True,True,True,True,640,39,5,679,False,False,naive
qwen_simple32,consec_p3_fixed0_cert0_validnonempty,267,1,Geometry,True,True,True,True,384,18,3,402,False,False,naive
qwen_simple32,consec_p3_fixed0_cert0_validnonempty,268,1,Number Theory,True,True,True,True,384,17,3,401,False,False,naive
qwen_simple32,consec_p3_fixed0_cert0_validnonempty,269,3,Counting & Probability,True,True,True,True,384,12,3,396,False,False,naive
qwen_simple32,consec_p3_fixed0_cert0_validnonempty,270,1,Algebra,True,True,True,True,384,15,3,399,False,False,naive
qwen_simple32,consec_p3_fixed0_cert0_validnonempty,271,4,Number Theory,False,True,True,False,512,24,4,536,True,False,naive
qwen_simple32,consec_p3_fixed0_cert0_validnonempty,272,4,Number Theory,False,True,True,False,384,21,3,405,True,False,naive
qwen_simple32,consec_p3_fixed0_cert0_validnonempty,273,4,Prealgebra,True,True,True,True,384,21,3,405,False,False,naive
qwen_simple32,consec_p3_fixed0_cert0_validnonempty,274,5,Geometry,True,True,True,True,896,56,7,952,False,False,naive
qwen_simple32,consec_p3_fixed0_cert0_validnonempty,275,2,Algebra,True,True,True,True,640,20,5,660,False,False,naive
qwen_simple32,consec_p3_fixed0_cert0_validnonempty,276,5,Algebra,True,True,True,True,768,29,6,797,False,False,naive
qwen_simple32,consec_p3_fixed0_cert0_validnonempty,277,4,Prealgebra,False,True,True,False,384,15,3,399,True,False,naive
qwen_simple32,consec_p3_fixed0_cert0_validnonempty,278,3,Number Theory,True,True,True,True,384,18,3,402,False,False,naive
qwen_simple32,consec_p3_fixed0_cert0_validnonempty,279,5,Prealgebra,True,True,True,True,1408,73,11,1481,False,False,naive
qwen_simple32,consec_p3_fixed0_cert0_validnonempty,280,4,Number Theory,True,True,True,True,768,25,6,793,False,False,naive
qwen_simple32,consec_p3_fixed0_cert0_validnonempty,281,4,Prealgebra,True,True,True,True,384,15,3,399,False,False,naive
qwen_simple32,consec_p3_fixed0_cert0_validnonempty,282,4,Algebra,True,True,True,True,512,23,4,535,False,False,naive
qwen_simple32,consec_p3_fixed0_cert0_validnonempty,283,3,Prealgebra,True,True,True,True,512,18,4,530,False,False,naive
qwen_simple32,consec_p3_fixed0_cert0_validnonempty,284,5,Precalculus,False,False,True,False,384,12,3,396,False,False,naive
qwen_simple32,consec_p3_fixed0_cert0_validnonempty,285,4,Intermediate Algebra,False,False,True,False,2432,107,19,2539,False,False,naive
qwen_simple32,consec_p3_fixed0_cert0_validnonempty,286,5,Intermediate Algebra,False,False,True,False,384,12,3,396,False,False,naive
qwen_simple32,consec_p3_fixed0_cert0_validnonempty,287,5,Number Theory,False,True,True,False,1280,54,10,1334,True,False,naive
qwen_simple32,consec_p3_fixed0_cert0_validnonempty,288,5,Precalculus,True,True,True,True,2432,258,19,2690,False,False,naive
qwen_simple32,consec_p3_fixed0_cert0_validnonempty,289,3,Intermediate Algebra,True,True,True,True,384,15,3,399,False,False,naive
qwen_simple32,consec_p3_fixed0_cert0_validnonempty,290,3,Algebra,True,True,True,True,1408,47,11,1455,False,False,naive
qwen_simple32,consec_p3_fixed0_cert0_validnonempty,291,4,Counting & Probability,True,True,True,True,896,37,7,933,False,False,naive
qwen_simple32,consec_p3_fixed0_cert0_validnonempty,292,4,Intermediate Algebra,False,True,True,False,384,12,3,396,True,False,naive
qwen_simple32,consec_p3_fixed0_cert0_validnonempty,293,5,Algebra,True,True,True,True,768,109,6,877,False,False,naive
qwen_simple32,consec_p3_fixed0_cert0_validnonempty,294,4,Number Theory,True,True,True,True,1664,72,13,1736,False,False,naive
qwen_simple32,consec_p3_fixed0_cert0_validnonempty,295,3,Precalculus,False,True,True,False,640,25,5,665,True,False,naive
qwen_simple32,consec_p3_fixed0_cert0_validnonempty,296,2,Intermediate Algebra,False,True,True,False,384,12,3,396,True,False,naive
qwen_simple32,consec_p3_fixed0_cert0_validnonempty,297,4,Number Theory,True,True,True,True,1024,47,8,1071,False,False,naive
qwen_simple32,consec_p3_fixed0_cert0_validnonempty,298,4,Precalculus,False,False,True,False,1024,143,8,1167,False,False,naive
qwen_simple32,consec_p3_fixed0_cert0_validnonempty,299,4,Geometry,False,True,True,False,384,18,3,402,True,False,naive
qwen_simple32,consec_p3_fixed0_cert0_validnonempty,300,4,Counting & Probability,True,True,True,True,512,20,4,532,False,False,naive
qwen_simple32,consec_p3_fixed0_cert0_validnonempty,301,5,Prealgebra,False,True,True,False,384,18,3,402,True,False,naive
qwen_simple32,consec_p3_fixed0_cert0_validnonempty,302,4,Prealgebra,True,False,True,True,384,12,3,396,False,True,naive
qwen_simple32,consec_p3_fixed0_cert0_validnonempty,303,5,Geometry,True,True,True,True,1280,50,10,1330,False,False,naive
qwen_simple32,consec_p3_fixed0_cert0_validnonempty,304,3,Intermediate Algebra,False,True,True,False,640,20,5,660,True,False,naive
qwen_simple32,consec_p3_fixed0_cert0_validnonempty,305,4,Algebra,False,True,True,False,384,12,3,396,True,False,naive
qwen_simple32,consec_p3_fixed0_cert0_validnonempty,306,5,Intermediate Algebra,False,False,True,False,1024,32,8,1056,False,False,naive
qwen_simple32,consec_p3_fixed0_cert0_validnonempty,307,2,Precalculus,True,True,True,True,384,30,3,414,False,False,naive
qwen_simple32,consec_p3_fixed0_cert0_validnonempty,308,5,Geometry,False,False,True,False,2944,178,23,3122,False,False,naive
qwen_simple32,consec_p3_fixed0_cert0_validnonempty,309,3,Number Theory,False,True,True,False,1408,55,11,1463,True,False,naive
qwen_simple32,consec_p3_fixed0_cert0_validnonempty,310,2,Algebra,True,True,True,True,640,24,5,664,False,False,naive
qwen_simple32,consec_p3_fixed0_cert0_validnonempty,311,4,Number Theory,True,True,True,True,1152,41,9,1193,False,False,naive
qwen_simple32,consec_p3_fixed0_cert0_validnonempty,312,1,Intermediate Algebra,False,True,True,False,384,30,3,414,True,False,naive
qwen_simple32,consec_p3_fixed0_cert0_validnonempty,313,5,Prealgebra,True,True,True,True,512,28,4,540,False,False,naive
qwen_simple32,consec_p3_fixed0_cert0_validnonempty,314,2,Geometry,False,True,True,False,1536,64,12,1600,True,False,naive
qwen_simple32,consec_p3_fixed0_cert0_validnonempty,315,4,Algebra,False,True,True,False,512,20,4,532,True,False,naive
qwen_simple32,consec_p3_fixed0_cert0_validnonempty,316,2,Algebra,True,True,True,True,1280,51,10,1331,False,False,naive
qwen_simple32,consec_p3_fixed0_cert0_validnonempty,317,5,Intermediate Algebra,False,True,True,False,768,24,6,792,True,False,naive
qwen_simple32,consec_p3_fixed0_cert0_validnonempty,318,2,Algebra,True,True,True,True,1152,138,9,1290,False,False,naive
qwen_simple32,consec_p3_fixed0_cert0_validnonempty,319,3,Algebra,True,True,False,,1860,121,14,1981,False,False,naive
qwen_simple32,consec_p3_fixed0_cert0_validnonempty,320,5,Geometry,False,False,True,False,384,24,3,408,False,False,naive
qwen_simple32,consec_p3_fixed0_cert0_validnonempty,321,5,Prealgebra,True,True,True,True,1024,44,8,1068,False,False,naive
qwen_simple32,consec_p3_fixed0_cert0_validnonempty,322,3,Algebra,True,True,True,True,640,29,5,669,False,False,naive
qwen_simple32,consec_p3_fixed0_cert0_validnonempty,323,5,Counting & Probability,True,True,True,True,384,18,3,402,False,False,naive
qwen_simple32,consec_p3_fixed0_cert0_validnonempty,324,4,Geometry,False,False,True,False,384,18,3,402,False,False,naive
qwen_simple32,consec_p3_fixed0_cert0_validnonempty,325,2,Geometry,True,True,True,True,768,27,6,795,False,False,naive
qwen_simple32,consec_p3_fixed0_cert0_validnonempty,326,2,Precalculus,True,True,True,True,1792,94,14,1886,False,False,naive
qwen_simple32,consec_p3_fixed0_cert0_validnonempty,327,5,Intermediate Algebra,False,False,True,False,2816,153,22,2969,False,False,naive
qwen_simple32,consec_p3_fixed0_cert0_validnonempty,328,5,Algebra,False,True,True,False,384,12,3,396,True,False,naive
qwen_simple32,consec_p3_fixed0_cert0_validnonempty,329,4,Prealgebra,True,True,True,True,384,12,3,396,False,False,naive
qwen_simple32,consec_p3_fixed0_cert0_validnonempty,330,5,Counting & Probability,True,True,True,True,1536,107,12,1643,False,False,naive
qwen_simple32,consec_p3_fixed0_cert0_validnonempty,331,5,Algebra,False,False,True,False,384,12,3,396,False,False,naive
qwen_simple32,consec_p3_fixed0_cert0_validnonempty,332,4,Intermediate Algebra,True,False,True,True,384,12,3,396,False,True,naive
qwen_simple32,consec_p3_fixed0_cert0_validnonempty,333,4,Intermediate Algebra,True,True,True,True,384,12,3,396,False,False,naive
qwen_simple32,consec_p3_fixed0_cert0_validnonempty,334,3,Algebra,True,True,True,True,1280,74,10,1354,False,False,naive
qwen_simple32,consec_p3_fixed0_cert0_validnonempty,335,4,Number Theory,False,True,True,False,896,28,7,924,True,False,naive
qwen_simple32,consec_p3_fixed0_cert0_validnonempty,336,1,Algebra,True,True,True,True,1152,97,9,1249,False,False,naive
qwen_simple32,consec_p3_fixed0_cert0_validnonempty,337,3,Prealgebra,False,True,True,False,384,12,3,396,True,False,naive
qwen_simple32,consec_p3_fixed0_cert0_validnonempty,338,3,Number Theory,True,False,True,True,768,54,6,822,False,True,naive
qwen_simple32,consec_p3_fixed0_cert0_validnonempty,339,3,Intermediate Algebra,True,True,True,True,384,15,3,399,False,False,naive
qwen_simple32,consec_p3_fixed0_cert0_validnonempty,340,3,Precalculus,False,False,True,False,1280,64,10,1344,False,False,naive
qwen_simple32,consec_p3_fixed0_cert0_validnonempty,341,4,Algebra,False,False,True,False,896,49,7,945,False,False,naive
qwen_simple32,consec_p3_fixed0_cert0_validnonempty,342,3,Prealgebra,True,True,True,True,384,12,3,396,False,False,naive
qwen_simple32,consec_p3_fixed0_cert0_validnonempty,343,2,Counting & Probability,False,True,True,False,1024,77,8,1101,True,False,naive
qwen_simple32,consec_p3_fixed0_cert0_validnonempty,344,2,Intermediate Algebra,True,True,True,True,640,20,5,660,False,False,naive
qwen_simple32,consec_p3_fixed0_cert0_validnonempty,345,3,Algebra,True,True,True,True,896,32,7,928,False,False,naive
qwen_simple32,consec_p3_fixed0_cert0_validnonempty,346,4,Algebra,True,True,True,True,640,25,5,665,False,False,naive
qwen_simple32,consec_p3_fixed0_cert0_validnonempty,347,3,Algebra,True,True,True,True,640,78,5,718,False,False,naive
qwen_simple32,consec_p3_fixed0_cert0_validnonempty,348,2,Counting & Probability,True,True,True,True,384,21,3,405,False,False,naive
qwen_simple32,consec_p3_fixed0_cert0_validnonempty,349,4,Counting & Probability,False,False,True,False,768,37,6,805,False,False,naive
qwen_simple32,consec_p3_fixed0_cert0_validnonempty,350,2,Number Theory,True,True,True,True,384,12,3,396,False,False,naive
qwen_simple32,consec_p3_fixed0_cert0_validnonempty,351,3,Precalculus,False,True,True,False,384,12,3,396,True,False,naive
qwen_simple32,consec_p3_fixed0_cert0_validnonempty,352,4,Precalculus,False,False,True,False,896,42,7,938,False,False,naive
qwen_simple32,consec_p3_fixed0_cert0_validnonempty,353,4,Counting & Probability,True,True,True,True,768,45,6,813,False,False,naive
qwen_simple32,consec_p3_fixed0_cert0_validnonempty,354,4,Algebra,True,True,True,True,384,15,3,399,False,False,naive
qwen_simple32,consec_p3_fixed0_cert0_validnonempty,355,5,Intermediate Algebra,True,True,True,True,2560,130,20,2690,False,False,naive
qwen_simple32,consec_p3_fixed0_cert0_validnonempty,356,5,Algebra,True,False,True,True,1280,238,10,1518,False,True,naive
qwen_simple32,consec_p3_fixed0_cert0_validnonempty,357,5,Prealgebra,True,True,True,True,1152,37,9,1189,False,False,naive
qwen_simple32,consec_p3_fixed0_cert0_validnonempty,358,2,Intermediate Algebra,False,True,True,False,384,12,3,396,True,False,naive
qwen_simple32,consec_p3_fixed0_cert0_validnonempty,359,4,Intermediate Algebra,True,True,True,True,1920,61,15,1981,False,False,naive
qwen_simple32,consec_p3_fixed0_cert0_validnonempty,360,3,Precalculus,False,True,True,False,384,12,3,396,True,False,naive
qwen_simple32,consec_p3_fixed0_cert0_validnonempty,361,4,Intermediate Algebra,False,True,True,False,384,24,3,408,True,False,naive
qwen_simple32,consec_p3_fixed0_cert0_validnonempty,362,1,Counting & Probability,False,True,True,False,640,25,5,665,True,False,naive
qwen_simple32,consec_p3_fixed0_cert0_validnonempty,363,2,Algebra,True,True,True,True,512,16,4,528,False,False,naive
qwen_simple32,consec_p3_fixed0_cert0_validnonempty,364,4,Intermediate Algebra,False,False,True,False,1280,129,10,1409,False,False,naive
qwen_simple32,consec_p3_fixed0_cert0_validnonempty,365,5,Number Theory,False,True,True,False,384,15,3,399,True,False,naive
qwen_simple32,consec_p3_fixed0_cert0_validnonempty,366,4,Number Theory,True,True,True,True,1024,40,8,1064,False,False,naive
qwen_simple32,consec_p3_fixed0_cert0_validnonempty,367,4,Algebra,True,True,True,True,512,16,4,528,False,False,naive
qwen_simple32,consec_p3_fixed0_cert0_validnonempty,368,2,Geometry,True,True,True,True,640,25,5,665,False,False,naive
qwen_simple32,consec_p3_fixed0_cert0_validnonempty,369,2,Prealgebra,False,True,True,False,384,18,3,402,True,False,naive
qwen_simple32,consec_p3_fixed0_cert0_validnonempty,370,1,Precalculus,True,True,True,True,896,53,7,949,False,False,naive
qwen_simple32,consec_p3_fixed0_cert0_validnonempty,371,5,Intermediate Algebra,False,True,True,False,384,12,3,396,True,False,naive
qwen_simple32,consec_p3_fixed0_cert0_validnonempty,372,2,Geometry,False,True,True,False,384,19,3,403,True,False,naive
qwen_simple32,consec_p3_fixed0_cert0_validnonempty,373,5,Algebra,True,True,True,True,896,96,7,992,False,False,naive
qwen_simple32,consec_p3_fixed0_cert0_validnonempty,374,1,Algebra,True,True,True,True,640,21,5,661,False,False,naive
qwen_simple32,consec_p3_fixed0_cert0_validnonempty,375,5,Number Theory,True,True,True,True,1280,60,10,1340,False,False,naive
qwen_simple32,consec_p3_fixed0_cert0_validnonempty,376,4,Geometry,False,False,True,False,1792,103,14,1895,False,False,naive
qwen_simple32,consec_p3_fixed0_cert0_validnonempty,377,3,Number Theory,False,True,True,False,1024,32,8,1056,True,False,naive
qwen_simple32,consec_p3_fixed0_cert0_validnonempty,378,3,Prealgebra,True,True,True,True,1280,41,10,1321,False,False,naive
qwen_simple32,consec_p3_fixed0_cert0_validnonempty,379,4,Prealgebra,False,False,True,False,640,50,5,690,False,False,naive
qwen_simple32,consec_p3_fixed0_cert0_validnonempty,380,4,Intermediate Algebra,False,False,True,False,384,48,3,432,False,False,naive
qwen_simple32,consec_p3_fixed0_cert0_validnonempty,381,5,Counting & Probability,False,False,False,,3072,193,24,3265,False,False,naive
qwen_simple32,consec_p3_fixed0_cert0_validnonempty,382,5,Intermediate Algebra,False,False,True,False,384,21,3,405,False,False,naive
qwen_simple32,consec_p3_fixed0_cert0_validnonempty,383,4,Algebra,True,False,True,True,768,59,6,827,False,True,naive
qwen_simple32,consec_p3_fixed0_cert0_validnonempty,384,2,Prealgebra,True,True,True,True,384,30,3,414,False,False,naive
qwen_simple32,consec_p3_fixed0_cert0_validnonempty,385,5,Prealgebra,True,True,True,True,1792,74,14,1866,False,False,naive
qwen_simple32,consec_p3_fixed0_cert0_validnonempty,386,3,Algebra,False,True,True,False,384,15,3,399,True,False,naive
qwen_simple32,consec_p3_fixed0_cert0_validnonempty,387,1,Algebra,True,True,True,True,640,24,5,664,False,False,naive
qwen_simple32,consec_p3_fixed0_cert0_validnonempty,388,5,Algebra,True,True,True,True,640,26,5,666,False,False,naive
qwen_simple32,consec_p3_fixed0_cert0_validnonempty,389,3,Geometry,True,False,True,True,1280,90,10,1370,False,True,naive
qwen_simple32,consec_p3_fixed0_cert0_validnonempty,390,5,Algebra,False,True,True,False,640,25,5,665,True,False,naive
qwen_simple32,consec_p3_fixed0_cert0_validnonempty,391,5,Algebra,False,True,True,False,384,12,3,396,True,False,naive
qwen_simple32,consec_p3_fixed0_cert0_validnonempty,392,5,Precalculus,False,False,True,False,768,30,6,798,False,False,naive
qwen_simple32,consec_p3_fixed0_cert0_validnonempty,393,3,Algebra,True,True,True,True,384,31,3,415,False,False,naive
qwen_simple32,consec_p3_fixed0_cert0_validnonempty,394,5,Intermediate Algebra,False,True,True,False,896,56,7,952,True,False,naive
qwen_simple32,consec_p3_fixed0_cert0_validnonempty,395,1,Algebra,True,True,True,True,512,16,4,528,False,False,naive
qwen_simple32,consec_p3_fixed0_cert0_validnonempty,396,3,Prealgebra,True,True,True,True,384,12,3,396,False,False,naive
qwen_simple32,consec_p3_fixed0_cert0_validnonempty,397,2,Prealgebra,True,True,True,True,640,25,5,665,False,False,naive
qwen_simple32,consec_p3_fixed0_cert0_validnonempty,398,4,Prealgebra,False,True,True,False,1792,73,14,1865,True,False,naive
qwen_simple32,consec_p3_fixed0_cert0_validnonempty,399,2,Prealgebra,True,True,True,True,384,24,3,408,False,False,naive
qwen_simple32,consec_p3_fixed0_cert0_validnonempty,400,5,Geometry,False,False,True,False,384,15,3,399,False,False,naive
qwen_simple32,consec_p3_fixed0_cert0_validnonempty,401,5,Intermediate Algebra,False,False,True,False,1024,49,8,1073,False,False,naive
qwen_simple32,consec_p3_fixed0_cert0_validnonempty,402,3,Precalculus,True,True,True,True,896,59,7,955,False,False,naive
qwen_simple32,consec_p3_fixed0_cert0_validnonempty,403,4,Number Theory,False,True,True,False,384,12,3,396,True,False,naive
qwen_simple32,consec_p3_fixed0_cert0_validnonempty,404,1,Counting & Probability,True,True,True,True,512,16,4,528,False,False,naive
qwen_simple32,consec_p3_fixed0_cert0_validnonempty,405,4,Prealgebra,True,True,True,True,384,15,3,399,False,False,naive
qwen_simple32,consec_p3_fixed0_cert0_validnonempty,406,1,Number Theory,True,True,True,True,384,12,3,396,False,False,naive
qwen_simple32,consec_p3_fixed0_cert0_validnonempty,407,4,Algebra,False,True,True,False,512,16,4,528,True,False,naive
qwen_simple32,consec_p3_fixed0_cert0_validnonempty,408,5,Precalculus,True,False,True,True,2176,385,17,2561,False,True,naive
qwen_simple32,consec_p3_fixed0_cert0_validnonempty,409,4,Intermediate Algebra,True,True,True,True,1408,92,11,1500,False,False,naive
qwen_simple32,consec_p3_fixed0_cert0_validnonempty,410,2,Prealgebra,True,True,True,True,640,20,5,660,False,False,naive
qwen_simple32,consec_p3_fixed0_cert0_validnonempty,411,3,Prealgebra,True,True,True,True,384,15,3,399,False,False,naive
qwen_simple32,consec_p3_fixed0_cert0_validnonempty,412,4,Intermediate Algebra,False,False,False,,3072,144,24,3216,False,False,naive
qwen_simple32,consec_p3_fixed0_cert0_validnonempty,413,2,Algebra,True,True,True,True,384,21,3,405,False,False,naive
qwen_simple32,consec_p3_fixed0_cert0_validnonempty,414,4,Algebra,True,True,True,True,1024,37,8,1061,False,False,naive
qwen_simple32,consec_p3_fixed0_cert0_validnonempty,415,5,Number Theory,False,True,True,False,384,12,3,396,True,False,naive
qwen_simple32,consec_p3_fixed0_cert0_validnonempty,416,3,Precalculus,False,False,True,False,1664,151,13,1815,False,False,naive
qwen_simple32,consec_p3_fixed0_cert0_validnonempty,417,5,Algebra,True,True,True,True,1408,138,11,1546,False,False,naive
qwen_simple32,consec_p3_fixed0_cert0_validnonempty,418,5,Algebra,True,True,True,True,384,24,3,408,False,False,naive
qwen_simple32,consec_p3_fixed0_cert0_validnonempty,419,4,Precalculus,False,False,True,False,1152,178,9,1330,False,False,naive
qwen_simple32,consec_p3_fixed0_cert0_validnonempty,420,3,Precalculus,False,False,False,,3072,768,24,3840,False,False,naive
qwen_simple32,consec_p3_fixed0_cert0_validnonempty,421,5,Precalculus,True,True,True,True,2560,130,20,2690,False,False,naive
qwen_simple32,consec_p3_fixed0_cert0_validnonempty,422,5,Intermediate Algebra,False,False,True,False,1024,142,8,1166,False,False,naive
qwen_simple32,consec_p3_fixed0_cert0_validnonempty,423,5,Number Theory,False,True,True,False,640,35,5,675,True,False,naive
qwen_simple32,consec_p3_fixed0_cert0_validnonempty,424,5,Algebra,True,True,True,True,896,40,7,936,False,False,naive
qwen_simple32,consec_p3_fixed0_cert0_validnonempty,425,5,Precalculus,False,False,True,False,1664,267,13,1931,False,False,naive
qwen_simple32,consec_p3_fixed0_cert0_validnonempty,426,3,Geometry,True,True,True,True,768,40,6,808,False,False,naive
qwen_simple32,consec_p3_fixed0_cert0_validnonempty,427,2,Algebra,True,True,True,True,768,30,6,798,False,False,naive
qwen_simple32,consec_p3_fixed0_cert0_validnonempty,428,4,Intermediate Algebra,True,True,True,True,1280,60,10,1340,False,False,naive
qwen_simple32,consec_p3_fixed0_cert0_validnonempty,429,3,Intermediate Algebra,True,True,True,True,1024,80,8,1104,False,False,naive
qwen_simple32,consec_p3_fixed0_cert0_validnonempty,430,2,Prealgebra,True,True,True,True,384,18,3,402,False,False,naive
qwen_simple32,consec_p3_fixed0_cert0_validnonempty,431,4,Precalculus,False,False,True,False,384,54,3,438,False,False,naive
qwen_simple32,consec_p3_fixed0_cert0_validnonempty,432,5,Intermediate Algebra,False,False,True,False,384,12,3,396,False,False,naive
qwen_simple32,consec_p3_fixed0_cert0_validnonempty,433,2,Number Theory,True,True,True,True,384,30,3,414,False,False,naive
qwen_simple32,consec_p3_fixed0_cert0_validnonempty,434,5,Prealgebra,False,True,True,False,384,15,3,399,True,False,naive
qwen_simple32,consec_p3_fixed0_cert0_validnonempty,435,5,Algebra,True,True,True,True,384,57,3,441,False,False,naive
qwen_simple32,consec_p3_fixed0_cert0_validnonempty,436,4,Counting & Probability,False,True,True,False,768,25,6,793,True,False,naive
qwen_simple32,consec_p3_fixed0_cert0_validnonempty,437,3,Algebra,True,True,True,True,896,28,7,924,False,False,naive
qwen_simple32,consec_p3_fixed0_cert0_validnonempty,438,2,Number Theory,True,True,True,True,768,24,6,792,False,False,naive
qwen_simple32,consec_p3_fixed0_cert0_validnonempty,439,3,Intermediate Algebra,True,False,True,True,384,96,3,480,False,True,naive
qwen_simple32,consec_p3_fixed0_cert0_validnonempty,440,3,Algebra,True,True,True,True,768,71,6,839,False,False,naive
qwen_simple32,consec_p3_fixed0_cert0_validnonempty,441,4,Prealgebra,True,True,True,True,896,44,7,940,False,False,naive
qwen_simple32,consec_p3_fixed0_cert0_validnonempty,442,4,Algebra,True,True,True,True,896,43,7,939,False,False,naive
qwen_simple32,consec_p3_fixed0_cert0_validnonempty,443,4,Algebra,True,True,True,True,512,20,4,532,False,False,naive
qwen_simple32,consec_p3_fixed0_cert0_validnonempty,444,5,Counting & Probability,False,False,True,False,1536,147,12,1683,False,False,naive
qwen_simple32,consec_p3_fixed0_cert0_validnonempty,445,4,Intermediate Algebra,False,False,True,False,640,20,5,660,False,False,naive
qwen_simple32,consec_p3_fixed0_cert0_validnonempty,446,4,Algebra,True,True,True,True,384,12,3,396,False,False,naive
qwen_simple32,consec_p3_fixed0_cert0_validnonempty,447,1,Prealgebra,True,True,True,True,512,17,4,529,False,False,naive
qwen_simple32,consec_p3_fixed0_cert0_validnonempty,448,5,Number Theory,True,True,True,True,1152,43,9,1195,False,False,naive
qwen_simple32,consec_p3_fixed0_cert0_validnonempty,449,1,Algebra,True,True,True,True,512,20,4,532,False,False,naive
qwen_simple32,consec_p3_fixed0_cert0_validnonempty,450,5,Number Theory,True,True,True,True,1536,59,12,1595,False,False,naive
qwen_simple32,consec_p3_fixed0_cert0_validnonempty,451,3,Number Theory,True,True,True,True,512,35,4,547,False,False,naive
qwen_simple32,consec_p3_fixed0_cert0_validnonempty,452,2,Algebra,False,True,True,False,384,15,3,399,True,False,naive
qwen_simple32,consec_p3_fixed0_cert0_validnonempty,453,2,Algebra,True,True,True,True,512,19,4,531,False,False,naive
qwen_simple32,consec_p3_fixed0_cert0_validnonempty,454,5,Precalculus,False,True,True,False,896,77,7,973,True,False,naive
qwen_simple32,consec_p3_fixed0_cert0_validnonempty,455,2,Counting & Probability,True,True,True,True,384,12,3,396,False,False,naive
qwen_simple32,consec_p3_fixed0_cert0_validnonempty,456,1,Intermediate Algebra,False,False,True,False,384,32,3,416,False,False,naive
qwen_simple32,consec_p3_fixed0_cert0_validnonempty,457,1,Number Theory,True,True,True,True,384,12,3,396,False,False,naive
qwen_simple32,consec_p3_fixed0_cert0_validnonempty,458,3,Prealgebra,False,True,True,False,512,20,4,532,True,False,naive
qwen_simple32,consec_p3_fixed0_cert0_validnonempty,459,5,Algebra,True,True,True,True,1664,106,13,1770,False,False,naive
qwen_simple32,consec_p3_fixed0_cert0_validnonempty,460,4,Prealgebra,False,True,True,False,384,15,3,399,True,False,naive
qwen_simple32,consec_p3_fixed0_cert0_validnonempty,461,4,Algebra,True,True,True,True,1152,58,9,1210,False,False,naive
qwen_simple32,consec_p3_fixed0_cert0_validnonempty,462,2,Number Theory,True,True,True,True,1664,60,13,1724,False,False,naive
qwen_simple32,consec_p3_fixed0_cert0_validnonempty,463,2,Algebra,True,True,True,True,384,12,3,396,False,False,naive
qwen_simple32,consec_p3_fixed0_cert0_validnonempty,464,3,Intermediate Algebra,True,True,True,True,768,24,6,792,False,False,naive
qwen_simple32,consec_p3_fixed0_cert0_validnonempty,465,4,Number Theory,True,True,True,True,896,38,7,934,False,False,naive
qwen_simple32,consec_p3_fixed0_cert0_validnonempty,466,5,Precalculus,False,True,True,False,384,18,3,402,True,False,naive
qwen_simple32,consec_p3_fixed0_cert0_validnonempty,467,2,Prealgebra,False,False,True,False,384,15,3,399,False,False,naive
qwen_simple32,consec_p3_fixed0_cert0_validnonempty,468,4,Algebra,True,True,True,True,640,20,5,660,False,False,naive
qwen_simple32,consec_p3_fixed0_cert0_validnonempty,469,3,Algebra,True,True,True,True,384,15,3,399,False,False,naive
qwen_simple32,consec_p3_fixed0_cert0_validnonempty,470,5,Intermediate Algebra,False,True,True,False,512,29,4,541,True,False,naive
qwen_simple32,consec_p3_fixed0_cert0_validnonempty,471,3,Prealgebra,True,True,True,True,896,35,7,931,False,False,naive
qwen_simple32,consec_p3_fixed0_cert0_validnonempty,472,1,Algebra,True,True,True,True,640,60,5,700,False,False,naive
qwen_simple32,consec_p3_fixed0_cert0_validnonempty,473,5,Prealgebra,True,True,True,True,1408,44,11,1452,False,False,naive
qwen_simple32,consec_p3_fixed0_cert0_validnonempty,474,1,Intermediate Algebra,True,True,True,True,640,20,5,660,False,False,naive
qwen_simple32,consec_p3_fixed0_cert0_validnonempty,475,5,Counting & Probability,True,True,False,,3072,158,24,3230,False,False,naive
qwen_simple32,consec_p3_fixed0_cert0_validnonempty,476,2,Prealgebra,False,True,True,False,384,18,3,402,True,False,naive
qwen_simple32,consec_p3_fixed0_cert0_validnonempty,477,3,Number Theory,True,True,True,True,384,12,3,396,False,False,naive
qwen_simple32,consec_p3_fixed0_cert0_validnonempty,478,5,Intermediate Algebra,False,False,True,False,384,12,3,396,False,False,naive
qwen_simple32,consec_p3_fixed0_cert0_validnonempty,479,5,Number Theory,True,True,True,True,640,20,5,660,False,False,naive
qwen_simple32,consec_p3_fixed0_cert0_validnonempty,480,2,Precalculus,True,True,True,True,384,21,3,405,False,False,naive
qwen_simple32,consec_p3_fixed0_cert0_validnonempty,481,5,Intermediate Algebra,False,False,False,,3072,652,24,3724,False,False,naive
qwen_simple32,consec_p3_fixed0_cert0_validnonempty,482,5,Number Theory,True,True,True,True,1664,73,13,1737,False,False,naive
qwen_simple32,consec_p3_fixed0_cert0_validnonempty,483,3,Precalculus,False,True,True,False,1152,36,9,1188,True,False,naive
qwen_simple32,consec_p3_fixed0_cert0_validnonempty,484,3,Intermediate Algebra,False,True,True,False,384,12,3,396,True,False,naive
qwen_simple32,consec_p3_fixed0_cert0_validnonempty,485,2,Counting & Probability,False,True,True,False,512,20,4,532,True,False,naive
qwen_simple32,consec_p3_fixed0_cert0_validnonempty,486,3,Geometry,True,True,True,True,384,18,3,402,False,False,naive
qwen_simple32,consec_p3_fixed0_cert0_validnonempty,487,1,Number Theory,True,True,True,True,640,21,5,661,False,False,naive
qwen_simple32,consec_p3_fixed0_cert0_validnonempty,488,5,Prealgebra,True,True,True,True,384,15,3,399,False,False,naive
qwen_simple32,consec_p3_fixed0_cert0_validnonempty,489,3,Intermediate Algebra,False,True,True,False,384,21,3,405,True,False,naive
qwen_simple32,consec_p3_fixed0_cert0_validnonempty,490,5,Intermediate Algebra,True,True,True,True,1536,60,12,1596,False,False,naive
qwen_simple32,consec_p3_fixed0_cert0_validnonempty,491,5,Prealgebra,True,True,True,True,1536,119,12,1655,False,False,naive
qwen_simple32,consec_p3_fixed0_cert0_validnonempty,492,3,Precalculus,True,True,True,True,512,38,4,550,False,False,naive
qwen_simple32,consec_p3_fixed0_cert0_validnonempty,493,5,Algebra,False,True,True,False,384,15,3,399,True,False,naive
qwen_simple32,consec_p3_fixed0_cert0_validnonempty,494,5,Intermediate Algebra,False,False,True,False,1408,63,11,1471,False,False,naive
qwen_simple32,consec_p3_fixed0_cert0_validnonempty,495,4,Intermediate Algebra,False,False,True,False,512,72,4,584,False,False,naive
qwen_simple32,consec_p3_fixed0_cert0_validnonempty,496,3,Intermediate Algebra,False,False,True,False,384,12,3,396,False,False,naive
qwen_simple32,consec_p3_fixed0_cert0_validnonempty,497,5,Geometry,False,False,True,False,384,12,3,396,False,False,naive
qwen_simple32,consec_p3_fixed0_cert0_validnonempty,498,5,Intermediate Algebra,False,True,True,False,384,12,3,396,True,False,naive
qwen_simple32,consec_p3_fixed0_cert0_validnonempty,499,4,Geometry,False,True,True,False,1024,62,8,1086,True,False,naive
qwen_simple32,consec_p8_fixed1024_cert1_validschema,0,2,Precalculus,True,True,False,,2338,157,18,2495,False,False,stage7_conservative_v0
qwen_simple32,consec_p8_fixed1024_cert1_validschema,1,5,Intermediate Algebra,True,True,True,True,1920,134,15,2054,False,False,stage7_conservative_v0
qwen_simple32,consec_p8_fixed1024_cert1_validschema,2,3,Algebra,True,True,False,,3072,134,24,3206,False,False,stage7_conservative_v0
qwen_simple32,consec_p8_fixed1024_cert1_validschema,3,3,Number Theory,True,True,True,True,1024,32,8,1056,False,False,stage7_conservative_v0
qwen_simple32,consec_p8_fixed1024_cert1_validschema,4,2,Algebra,False,True,True,False,1024,40,8,1064,True,False,stage7_conservative_v0
qwen_simple32,consec_p8_fixed1024_cert1_validschema,5,2,Prealgebra,True,True,True,True,1024,40,8,1064,False,False,stage7_conservative_v0
qwen_simple32,consec_p8_fixed1024_cert1_validschema,6,3,Number Theory,True,True,True,True,1408,56,11,1464,False,False,stage7_conservative_v0
qwen_simple32,consec_p8_fixed1024_cert1_validschema,7,4,Precalculus,False,False,True,False,1024,44,8,1068,False,False,stage7_conservative_v0
qwen_simple32,consec_p8_fixed1024_cert1_validschema,8,3,Algebra,True,True,True,True,1408,93,11,1501,False,False,stage7_conservative_v0
qwen_simple32,consec_p8_fixed1024_cert1_validschema,9,5,Prealgebra,True,True,False,,3072,110,24,3182,False,False,stage7_conservative_v0
qwen_simple32,consec_p8_fixed1024_cert1_validschema,10,3,Number Theory,True,True,True,True,1024,56,8,1080,False,False,stage7_conservative_v0
qwen_simple32,consec_p8_fixed1024_cert1_validschema,11,5,Intermediate Algebra,False,False,False,,3072,142,24,3214,False,False,stage7_conservative_v0
qwen_simple32,consec_p8_fixed1024_cert1_validschema,12,5,Number Theory,True,True,True,True,2688,126,21,2814,False,False,stage7_conservative_v0
qwen_simple32,consec_p8_fixed1024_cert1_validschema,13,2,Geometry,True,True,False,,799,24,6,823,False,False,stage7_conservative_v0
qwen_simple32,consec_p8_fixed1024_cert1_validschema,14,1,Precalculus,True,False,True,True,2560,143,20,2703,False,True,stage7_conservative_v0
qwen_simple32,consec_p8_fixed1024_cert1_validschema,15,5,Precalculus,True,True,True,True,1920,203,15,2123,False,False,stage7_conservative_v0
qwen_simple32,consec_p8_fixed1024_cert1_validschema,16,1,Intermediate Algebra,True,True,False,,3072,137,24,3209,False,False,stage7_conservative_v0
qwen_simple32,consec_p8_fixed1024_cert1_validschema,17,4,Precalculus,False,False,True,False,1280,40,10,1320,False,False,stage7_conservative_v0
qwen_simple32,consec_p8_fixed1024_cert1_validschema,18,1,Geometry,False,False,True,False,1024,40,8,1064,False,False,stage7_conservative_v0
qwen_simple32,consec_p8_fixed1024_cert1_validschema,19,3,Intermediate Algebra,True,True,True,True,2048,68,16,2116,False,False,stage7_conservative_v0
qwen_simple32,consec_p8_fixed1024_cert1_validschema,20,3,Algebra,True,True,True,True,1152,73,9,1225,False,False,stage7_conservative_v0
qwen_simple32,consec_p8_fixed1024_cert1_validschema,21,3,Intermediate Algebra,True,True,True,True,2304,144,18,2448,False,False,stage7_conservative_v0
qwen_simple32,consec_p8_fixed1024_cert1_validschema,22,5,Algebra,True,True,True,True,1792,74,14,1866,False,False,stage7_conservative_v0
qwen_simple32,consec_p8_fixed1024_cert1_validschema,23,5,Algebra,True,True,True,True,1792,56,14,1848,False,False,stage7_conservative_v0
qwen_simple32,consec_p8_fixed1024_cert1_validschema,24,5,Algebra,True,True,True,True,1536,62,12,1598,False,False,stage7_conservative_v0
qwen_simple32,consec_p8_fixed1024_cert1_validschema,25,5,Intermediate Algebra,False,False,True,False,2688,206,21,2894,False,False,stage7_conservative_v0
qwen_simple32,consec_p8_fixed1024_cert1_validschema,26,5,Counting & Probability,True,True,True,True,1408,66,11,1474,False,False,stage7_conservative_v0
qwen_simple32,consec_p8_fixed1024_cert1_validschema,27,2,Prealgebra,True,True,True,True,1536,60,12,1596,False,False,stage7_conservative_v0
qwen_simple32,consec_p8_fixed1024_cert1_validschema,28,2,Precalculus,True,True,True,True,1408,95,11,1503,False,False,stage7_conservative_v0
qwen_simple32,consec_p8_fixed1024_cert1_validschema,29,2,Counting & Probability,True,True,True,True,2048,96,16,2144,False,False,stage7_conservative_v0
qwen_simple32,consec_p8_fixed1024_cert1_validschema,30,3,Number Theory,True,False,True,True,2816,150,22,2966,False,True,stage7_conservative_v0
qwen_simple32,consec_p8_fixed1024_cert1_validschema,31,4,Prealgebra,True,True,True,True,1024,72,8,1096,False,False,stage7_conservative_v0
qwen_simple32,consec_p8_fixed1024_cert1_validschema,32,4,Counting & Probability,True,True,True,True,1152,58,9,1210,False,False,stage7_conservative_v0
qwen_simple32,consec_p8_fixed1024_cert1_validschema,33,4,Algebra,False,False,False,,3072,220,24,3292,False,False,stage7_conservative_v0
qwen_simple32,consec_p8_fixed1024_cert1_validschema,34,4,Counting & Probability,False,False,False,,3072,198,24,3270,False,False,stage7_conservative_v0
qwen_simple32,consec_p8_fixed1024_cert1_validschema,35,2,Number Theory,True,True,True,True,1408,44,11,1452,False,False,stage7_conservative_v0
qwen_simple32,consec_p8_fixed1024_cert1_validschema,36,2,Intermediate Algebra,False,False,True,False,2688,165,21,2853,False,False,stage7_conservative_v0
qwen_simple32,consec_p8_fixed1024_cert1_validschema,37,3,Geometry,True,True,True,True,1024,40,8,1064,False,False,stage7_conservative_v0
qwen_simple32,consec_p8_fixed1024_cert1_validschema,38,1,Algebra,True,True,True,True,1024,56,8,1080,False,False,stage7_conservative_v0
qwen_simple32,consec_p8_fixed1024_cert1_validschema,39,3,Number Theory,True,True,True,True,2048,83,16,2131,False,False,stage7_conservative_v0
qwen_simple32,consec_p8_fixed1024_cert1_validschema,40,2,Prealgebra,True,True,True,True,1024,40,8,1064,False,False,stage7_conservative_v0
qwen_simple32,consec_p8_fixed1024_cert1_validschema,41,4,Geometry,True,True,False,,3072,138,24,3210,False,False,stage7_conservative_v0
qwen_simple32,consec_p8_fixed1024_cert1_validschema,42,2,Algebra,True,True,True,True,1280,40,10,1320,False,False,stage7_conservative_v0
qwen_simple32,consec_p8_fixed1024_cert1_validschema,43,5,Intermediate Algebra,False,False,False,,3072,144,24,3216,False,False,stage7_conservative_v0
qwen_simple32,consec_p8_fixed1024_cert1_validschema,44,5,Prealgebra,True,True,True,True,1280,70,10,1350,False,False,stage7_conservative_v0
qwen_simple32,consec_p8_fixed1024_cert1_validschema,45,3,Geometry,True,True,True,True,1024,32,8,1056,False,False,stage7_conservative_v0
qwen_simple32,consec_p8_fixed1024_cert1_validschema,46,2,Precalculus,False,True,True,False,1024,40,8,1064,True,False,stage7_conservative_v0
qwen_simple32,consec_p8_fixed1024_cert1_validschema,47,5,Algebra,True,True,True,True,1280,40,10,1320,False,False,stage7_conservative_v0
qwen_simple32,consec_p8_fixed1024_cert1_validschema,48,2,Algebra,True,True,True,True,1024,76,8,1100,False,False,stage7_conservative_v0
qwen_simple32,consec_p8_fixed1024_cert1_validschema,49,4,Prealgebra,True,True,True,True,1408,55,11,1463,False,False,stage7_conservative_v0
qwen_simple32,consec_p8_fixed1024_cert1_validschema,50,5,Number Theory,True,True,True,True,2944,142,23,3086,False,False,stage7_conservative_v0
qwen_simple32,consec_p8_fixed1024_cert1_validschema,51,2,Intermediate Algebra,False,False,False,,3072,316,24,3388,False,False,stage7_conservative_v0
qwen_simple32,consec_p8_fixed1024_cert1_validschema,52,5,Prealgebra,True,True,True,True,2048,83,16,2131,False,False,stage7_conservative_v0
qwen_simple32,consec_p8_fixed1024_cert1_validschema,53,2,Precalculus,True,True,True,True,1024,89,8,1113,False,False,stage7_conservative_v0
qwen_simple32,consec_p8_fixed1024_cert1_validschema,54,2,Prealgebra,True,True,True,True,1024,56,8,1080,False,False,stage7_conservative_v0
qwen_simple32,consec_p8_fixed1024_cert1_validschema,55,4,Algebra,True,True,True,True,1152,36,9,1188,False,False,stage7_conservative_v0
qwen_simple32,consec_p8_fixed1024_cert1_validschema,56,3,Algebra,True,True,True,True,1024,40,8,1064,False,False,stage7_conservative_v0
qwen_simple32,consec_p8_fixed1024_cert1_validschema,57,2,Intermediate Algebra,True,True,True,True,1024,45,8,1069,False,False,stage7_conservative_v0
qwen_simple32,consec_p8_fixed1024_cert1_validschema,58,1,Algebra,True,True,True,True,1280,70,10,1350,False,False,stage7_conservative_v0
qwen_simple32,consec_p8_fixed1024_cert1_validschema,59,2,Prealgebra,True,True,True,True,1408,46,11,1454,False,False,stage7_conservative_v0
qwen_simple32,consec_p8_fixed1024_cert1_validschema,60,5,Intermediate Algebra,False,False,False,,3072,398,24,3470,False,False,stage7_conservative_v0
qwen_simple32,consec_p8_fixed1024_cert1_validschema,61,3,Intermediate Algebra,True,True,False,,3072,176,24,3248,False,False,stage7_conservative_v0
qwen_simple32,consec_p8_fixed1024_cert1_validschema,62,5,Precalculus,True,True,True,True,2176,88,17,2264,False,False,stage7_conservative_v0
qwen_simple32,consec_p8_fixed1024_cert1_validschema,63,5,Intermediate Algebra,True,True,True,True,2560,184,20,2744,False,False,stage7_conservative_v0
qwen_simple32,consec_p8_fixed1024_cert1_validschema,64,4,Precalculus,False,False,True,False,1024,32,8,1056,False,False,stage7_conservative_v0
qwen_simple32,consec_p8_fixed1024_cert1_validschema,65,1,Prealgebra,True,True,True,True,1024,32,8,1056,False,False,stage7_conservative_v0
qwen_simple32,consec_p8_fixed1024_cert1_validschema,66,3,Algebra,True,True,False,,2795,205,21,3000,False,False,stage7_conservative_v0
qwen_simple32,consec_p8_fixed1024_cert1_validschema,67,4,Prealgebra,True,True,True,True,1792,76,14,1868,False,False,stage7_conservative_v0
qwen_simple32,consec_p8_fixed1024_cert1_validschema,68,4,Precalculus,True,True,True,True,1536,60,12,1596,False,False,stage7_conservative_v0
qwen_simple32,consec_p8_fixed1024_cert1_validschema,69,4,Intermediate Algebra,True,True,True,True,1536,89,12,1625,False,False,stage7_conservative_v0
qwen_simple32,consec_p8_fixed1024_cert1_validschema,70,2,Number Theory,True,True,True,True,1024,56,8,1080,False,False,stage7_conservative_v0
qwen_simple32,consec_p8_fixed1024_cert1_validschema,71,4,Number Theory,False,False,True,False,2432,144,19,2576,False,False,stage7_conservative_v0
qwen_simple32,consec_p8_fixed1024_cert1_validschema,72,2,Geometry,True,True,True,True,1024,32,8,1056,False,False,stage7_conservative_v0
qwen_simple32,consec_p8_fixed1024_cert1_validschema,73,4,Algebra,True,True,True,True,1280,144,10,1424,False,False,stage7_conservative_v0
qwen_simple32,consec_p8_fixed1024_cert1_validschema,74,2,Precalculus,True,True,False,,2752,186,21,2938,False,False,stage7_conservative_v0
qwen_simple32,consec_p8_fixed1024_cert1_validschema,75,4,Counting & Probability,False,False,True,False,1664,87,13,1751,False,False,stage7_conservative_v0
qwen_simple32,consec_p8_fixed1024_cert1_validschema,76,2,Intermediate Algebra,True,True,True,True,1024,32,8,1056,False,False,stage7_conservative_v0
qwen_simple32,consec_p8_fixed1024_cert1_validschema,77,1,Algebra,True,True,True,True,1024,32,8,1056,False,False,stage7_conservative_v0
qwen_simple32,consec_p8_fixed1024_cert1_validschema,78,4,Intermediate Algebra,True,True,True,True,2048,131,16,2179,False,False,stage7_conservative_v0
qwen_simple32,consec_p8_fixed1024_cert1_validschema,79,1,Prealgebra,True,True,True,True,1024,32,8,1056,False,False,stage7_conservative_v0
qwen_simple32,consec_p8_fixed1024_cert1_validschema,80,5,Intermediate Algebra,False,False,False,,3072,143,24,3215,False,False,stage7_conservative_v0
qwen_simple32,consec_p8_fixed1024_cert1_validschema,81,3,Algebra,True,True,True,True,1408,54,11,1462,False,False,stage7_conservative_v0
qwen_simple32,consec_p8_fixed1024_cert1_validschema,82,5,Algebra,False,False,True,False,1408,44,11,1452,False,False,stage7_conservative_v0
qwen_simple32,consec_p8_fixed1024_cert1_validschema,83,2,Intermediate Algebra,True,True,True,True,1024,32,8,1056,False,False,stage7_conservative_v0
qwen_simple32,consec_p8_fixed1024_cert1_validschema,84,4,Algebra,True,True,False,,3072,222,24,3294,False,False,stage7_conservative_v0
qwen_simple32,consec_p8_fixed1024_cert1_validschema,85,4,Geometry,True,True,False,,1700,89,13,1789,False,False,stage7_conservative_v0
qwen_simple32,consec_p8_fixed1024_cert1_validschema,86,1,Prealgebra,True,True,True,True,1024,48,8,1072,False,False,stage7_conservative_v0
qwen_simple32,consec_p8_fixed1024_cert1_validschema,87,1,Algebra,True,True,True,True,1280,40,10,1320,False,False,stage7_conservative_v0
qwen_simple32,consec_p8_fixed1024_cert1_validschema,88,5,Algebra,True,True,True,True,1280,40,10,1320,False,False,stage7_conservative_v0
qwen_simple32,consec_p8_fixed1024_cert1_validschema,89,4,Number Theory,True,True,True,True,1664,65,13,1729,False,False,stage7_conservative_v0
qwen_simple32,consec_p8_fixed1024_cert1_validschema,90,3,Prealgebra,True,True,False,,1673,90,13,1763,False,False,stage7_conservative_v0
qwen_simple32,consec_p8_fixed1024_cert1_validschema,91,3,Algebra,True,True,True,True,1152,36,9,1188,False,False,stage7_conservative_v0
qwen_simple32,consec_p8_fixed1024_cert1_validschema,92,4,Counting & Probability,True,True,False,,3072,264,24,3336,False,False,stage7_conservative_v0
qwen_simple32,consec_p8_fixed1024_cert1_validschema,93,4,Algebra,True,True,True,True,1536,63,12,1599,False,False,stage7_conservative_v0
qwen_simple32,consec_p8_fixed1024_cert1_validschema,94,5,Prealgebra,True,True,True,True,1024,40,8,1064,False,False,stage7_conservative_v0
qwen_simple32,consec_p8_fixed1024_cert1_validschema,95,2,Precalculus,True,True,True,True,1536,70,12,1606,False,False,stage7_conservative_v0
qwen_simple32,consec_p8_fixed1024_cert1_validschema,96,5,Intermediate Algebra,False,False,False,,3072,186,24,3258,False,False,stage7_conservative_v0
qwen_simple32,consec_p8_fixed1024_cert1_validschema,97,1,Prealgebra,False,False,True,False,1280,40,10,1320,False,False,stage7_conservative_v0
qwen_simple32,consec_p8_fixed1024_cert1_validschema,98,2,Prealgebra,True,True,True,True,1024,64,8,1088,False,False,stage7_conservative_v0
qwen_simple32,consec_p8_fixed1024_cert1_validschema,99,3,Precalculus,False,False,False,,3072,623,24,3695,False,False,stage7_conservative_v0
qwen_simple32,consec_p8_fixed1024_cert1_validschema,100,5,Geometry,False,False,False,,3072,121,24,3193,False,False,stage7_conservative_v0
qwen_simple32,consec_p8_fixed1024_cert1_validschema,101,5,Intermediate Algebra,False,False,False,,3072,150,24,3222,False,False,stage7_conservative_v0
qwen_simple32,consec_p8_fixed1024_cert1_validschema,102,1,Intermediate Algebra,True,True,False,,1367,144,10,1511,False,False,stage7_conservative_v0
qwen_simple32,consec_p8_fixed1024_cert1_validschema,103,5,Intermediate Algebra,False,False,False,,3072,172,24,3244,False,False,stage7_conservative_v0
qwen_simple32,consec_p8_fixed1024_cert1_validschema,104,4,Intermediate Algebra,False,False,False,,3072,138,24,3210,False,False,stage7_conservative_v0
qwen_simple32,consec_p8_fixed1024_cert1_validschema,105,3,Prealgebra,True,True,True,True,1280,50,10,1330,False,False,stage7_conservative_v0
qwen_simple32,consec_p8_fixed1024_cert1_validschema,106,2,Intermediate Algebra,True,True,True,True,1024,54,8,1078,False,False,stage7_conservative_v0
qwen_simple32,consec_p8_fixed1024_cert1_validschema,107,2,Number Theory,True,True,True,True,1408,47,11,1455,False,False,stage7_conservative_v0
qwen_simple32,consec_p8_fixed1024_cert1_validschema,108,3,Intermediate Algebra,True,True,True,True,1024,32,8,1056,False,False,stage7_conservative_v0
qwen_simple32,consec_p8_fixed1024_cert1_validschema,109,5,Precalculus,False,True,True,False,1408,55,11,1463,True,False,stage7_conservative_v0
qwen_simple32,consec_p8_fixed1024_cert1_validschema,110,4,Intermediate Algebra,False,False,False,,3072,147,24,3219,False,False,stage7_conservative_v0
qwen_simple32,consec_p8_fixed1024_cert1_validschema,111,3,Counting & Probability,True,True,True,True,1536,72,12,1608,False,False,stage7_conservative_v0
qwen_simple32,consec_p8_fixed1024_cert1_validschema,112,4,Algebra,True,True,True,True,1792,113,14,1905,False,False,stage7_conservative_v0
qwen_simple32,consec_p8_fixed1024_cert1_validschema,113,2,Algebra,True,True,True,True,1408,77,11,1485,False,False,stage7_conservative_v0
qwen_simple32,consec_p8_fixed1024_cert1_validschema,114,3,Intermediate Algebra,True,True,False,,2584,132,20,2716,False,False,stage7_conservative_v0
qwen_simple32,consec_p8_fixed1024_cert1_validschema,115,2,Counting & Probability,True,True,True,True,1280,69,10,1349,False,False,stage7_conservative_v0
qwen_simple32,consec_p8_fixed1024_cert1_validschema,116,2,Algebra,True,True,True,True,1024,32,8,1056,False,False,stage7_conservative_v0
qwen_simple32,consec_p8_fixed1024_cert1_validschema,117,2,Algebra,True,True,True,True,1024,32,8,1056,False,False,stage7_conservative_v0
qwen_simple32,consec_p8_fixed1024_cert1_validschema,118,5,Intermediate Algebra,True,True,True,True,1024,40,8,1064,False,False,stage7_conservative_v0
qwen_simple32,consec_p8_fixed1024_cert1_validschema,119,3,Prealgebra,True,False,True,True,2176,78,17,2254,False,True,stage7_conservative_v0
qwen_simple32,consec_p8_fixed1024_cert1_validschema,120,2,Intermediate Algebra,True,True,False,,3072,124,24,3196,False,False,stage7_conservative_v0
qwen_simple32,consec_p8_fixed1024_cert1_validschema,121,2,Prealgebra,True,True,True,True,1024,32,8,1056,False,False,stage7_conservative_v0
qwen_simple32,consec_p8_fixed1024_cert1_validschema,122,3,Algebra,True,True,True,True,1280,43,10,1323,False,False,stage7_conservative_v0
qwen_simple32,consec_p8_fixed1024_cert1_validschema,123,4,Geometry,True,True,True,True,2048,64,16,2112,False,False,stage7_conservative_v0
qwen_simple32,consec_p8_fixed1024_cert1_validschema,124,4,Algebra,True,False,True,True,1920,84,15,2004,False,True,stage7_conservative_v0
qwen_simple32,consec_p8_fixed1024_cert1_validschema,125,4,Algebra,True,True,False,,1825,71,14,1896,False,False,stage7_conservative_v0
qwen_simple32,consec_p8_fixed1024_cert1_validschema,126,4,Intermediate Algebra,False,False,True,False,1664,150,13,1814,False,False,stage7_conservative_v0
qwen_simple32,consec_p8_fixed1024_cert1_validschema,127,3,Number Theory,True,True,True,True,1792,110,14,1902,False,False,stage7_conservative_v0
qwen_simple32,consec_p8_fixed1024_cert1_validschema,128,3,Algebra,False,False,True,False,2816,110,22,2926,False,False,stage7_conservative_v0
qwen_simple32,consec_p8_fixed1024_cert1_validschema,129,5,Geometry,False,False,False,,3072,207,24,3279,False,False,stage7_conservative_v0
qwen_simple32,consec_p8_fixed1024_cert1_validschema,130,4,Number Theory,True,True,True,True,2304,80,18,2384,False,False,stage7_conservative_v0
qwen_simple32,consec_p8_fixed1024_cert1_validschema,131,4,Algebra,True,True,True,True,1536,52,12,1588,False,False,stage7_conservative_v0
qwen_simple32,consec_p8_fixed1024_cert1_validschema,132,3,Prealgebra,True,True,True,True,1024,32,8,1056,False,False,stage7_conservative_v0
qwen_simple32,consec_p8_fixed1024_cert1_validschema,133,3,Prealgebra,True,True,True,True,1024,48,8,1072,False,False,stage7_conservative_v0
qwen_simple32,consec_p8_fixed1024_cert1_validschema,134,4,Intermediate Algebra,True,True,True,True,2048,146,16,2194,False,False,stage7_conservative_v0
qwen_simple32,consec_p8_fixed1024_cert1_validschema,135,5,Prealgebra,True,True,True,True,1024,32,8,1056,False,False,stage7_conservative_v0
qwen_simple32,consec_p8_fixed1024_cert1_validschema,136,5,Intermediate Algebra,True,True,True,True,1408,82,11,1490,False,False,stage7_conservative_v0
qwen_simple32,consec_p8_fixed1024_cert1_validschema,137,4,Number Theory,True,True,True,True,1280,76,10,1356,False,False,stage7_conservative_v0
qwen_simple32,consec_p8_fixed1024_cert1_validschema,138,4,Counting & Probability,False,False,False,,3072,122,24,3194,False,False,stage7_conservative_v0
qwen_simple32,consec_p8_fixed1024_cert1_validschema,139,3,Intermediate Algebra,True,True,True,True,1024,32,8,1056,False,False,stage7_conservative_v0
qwen_simple32,consec_p8_fixed1024_cert1_validschema,140,4,Number Theory,True,True,True,True,1152,44,9,1196,False,False,stage7_conservative_v0
qwen_simple32,consec_p8_fixed1024_cert1_validschema,141,1,Number Theory,True,True,True,True,1024,32,8,1056,False,False,stage7_conservative_v0
qwen_simple32,consec_p8_fixed1024_cert1_validschema,142,5,Counting & Probability,True,True,True,True,1920,143,15,2063,False,False,stage7_conservative_v0
qwen_simple32,consec_p8_fixed1024_cert1_validschema,143,3,Precalculus,True,True,True,True,1920,173,15,2093,False,False,stage7_conservative_v0
qwen_simple32,consec_p8_fixed1024_cert1_validschema,144,1,Precalculus,False,True,True,False,1536,98,12,1634,True,False,stage7_conservative_v0
qwen_simple32,consec_p8_fixed1024_cert1_validschema,145,5,Intermediate Algebra,False,False,False,,3072,127,24,3199,False,False,stage7_conservative_v0
qwen_simple32,consec_p8_fixed1024_cert1_validschema,146,3,Algebra,True,True,True,True,1280,135,10,1415,False,False,stage7_conservative_v0
qwen_simple32,consec_p8_fixed1024_cert1_validschema,147,5,Intermediate Algebra,True,True,True,True,2304,89,18,2393,False,False,stage7_conservative_v0
qwen_simple32,consec_p8_fixed1024_cert1_validschema,148,1,Algebra,True,True,True,True,1024,40,8,1064,False,False,stage7_conservative_v0
qwen_simple32,consec_p8_fixed1024_cert1_validschema,149,2,Number Theory,True,True,True,True,2048,77,16,2125,False,False,stage7_conservative_v0
qwen_simple32,consec_p8_fixed1024_cert1_validschema,150,5,Intermediate Algebra,True,True,True,True,2560,80,20,2640,False,False,stage7_conservative_v0
qwen_simple32,consec_p8_fixed1024_cert1_validschema,151,5,Precalculus,True,True,True,True,1408,64,11,1472,False,False,stage7_conservative_v0
qwen_simple32,consec_p8_fixed1024_cert1_validschema,152,5,Geometry,False,True,True,False,1024,40,8,1064,True,False,stage7_conservative_v0
qwen_simple32,consec_p8_fixed1024_cert1_validschema,153,4,Counting & Probability,False,False,True,False,1408,44,11,1452,False,False,stage7_conservative_v0
qwen_simple32,consec_p8_fixed1024_cert1_validschema,154,5,Geometry,False,False,False,,3072,128,24,3200,False,False,stage7_conservative_v0
qwen_simple32,consec_p8_fixed1024_cert1_validschema,155,4,Counting & Probability,False,False,True,False,1536,56,12,1592,False,False,stage7_conservative_v0
qwen_simple32,consec_p8_fixed1024_cert1_validschema,156,3,Precalculus,False,False,True,False,1024,42,8,1066,False,False,stage7_conservative_v0
qwen_simple32,consec_p8_fixed1024_cert1_validschema,157,2,Intermediate Algebra,True,True,False,,3072,150,24,3222,False,False,stage7_conservative_v0
qwen_simple32,consec_p8_fixed1024_cert1_validschema,158,4,Algebra,True,True,True,True,1920,103,15,2023,False,False,stage7_conservative_v0
qwen_simple32,consec_p8_fixed1024_cert1_validschema,159,4,Algebra,True,True,True,True,2176,130,17,2306,False,False,stage7_conservative_v0
qwen_simple32,consec_p8_fixed1024_cert1_validschema,160,2,Number Theory,True,True,True,True,1024,40,8,1064,False,False,stage7_conservative_v0
qwen_simple32,consec_p8_fixed1024_cert1_validschema,161,2,Algebra,True,True,True,True,1024,32,8,1056,False,False,stage7_conservative_v0
qwen_simple32,consec_p8_fixed1024_cert1_validschema,162,5,Prealgebra,False,True,True,False,2176,109,17,2285,True,False,stage7_conservative_v0
qwen_simple32,consec_p8_fixed1024_cert1_validschema,163,5,Algebra,True,False,True,True,2816,225,22,3041,False,True,stage7_conservative_v0
qwen_simple32,consec_p8_fixed1024_cert1_validschema,164,2,Precalculus,True,True,True,True,2432,116,19,2548,False,False,stage7_conservative_v0
qwen_simple32,consec_p8_fixed1024_cert1_validschema,165,4,Prealgebra,True,True,False,,2779,135,21,2914,False,False,stage7_conservative_v0
qwen_simple32,consec_p8_fixed1024_cert1_validschema,166,5,Prealgebra,False,False,False,,3072,210,24,3282,False,False,stage7_conservative_v0
qwen_simple32,consec_p8_fixed1024_cert1_validschema,167,1,Algebra,True,True,False,,1131,40,8,1171,False,False,stage7_conservative_v0
qwen_simple32,consec_p8_fixed1024_cert1_validschema,168,5,Counting & Probability,False,False,False,,3072,104,24,3176,False,False,stage7_conservative_v0
qwen_simple32,consec_p8_fixed1024_cert1_validschema,169,2,Geometry,True,True,True,True,1024,40,8,1064,False,False,stage7_conservative_v0
qwen_simple32,consec_p8_fixed1024_cert1_validschema,170,5,Algebra,True,True,False,,3072,249,24,3321,False,False,stage7_conservative_v0
qwen_simple32,consec_p8_fixed1024_cert1_validschema,171,1,Prealgebra,True,True,False,,1823,99,14,1922,False,False,stage7_conservative_v0
qwen_simple32,consec_p8_fixed1024_cert1_validschema,172,1,Algebra,True,True,True,True,1024,48,8,1072,False,False,stage7_conservative_v0
qwen_simple32,consec_p8_fixed1024_cert1_validschema,173,5,Algebra,True,True,True,True,3072,96,24,3168,False,False,stage7_conservative_v0
qwen_simple32,consec_p8_fixed1024_cert1_validschema,174,3,Algebra,True,True,True,True,1024,32,8,1056,False,False,stage7_conservative_v0
qwen_simple32,consec_p8_fixed1024_cert1_validschema,175,2,Intermediate Algebra,True,True,True,True,1664,52,13,1716,False,False,stage7_conservative_v0
qwen_simple32,consec_p8_fixed1024_cert1_validschema,176,3,Number Theory,True,True,True,True,1792,173,14,1965,False,False,stage7_conservative_v0
qwen_simple32,consec_p8_fixed1024_cert1_validschema,177,3,Geometry,True,True,False,,3072,153,24,3225,False,False,stage7_conservative_v0
qwen_simple32,consec_p8_fixed1024_cert1_validschema,178,2,Prealgebra,True,True,True,True,1024,40,8,1064,False,False,stage7_conservative_v0
qwen_simple32,consec_p8_fixed1024_cert1_validschema,179,4,Precalculus,True,False,True,True,2304,363,18,2667,False,True,stage7_conservative_v0
qwen_simple32,consec_p8_fixed1024_cert1_validschema,180,3,Prealgebra,True,False,True,True,1664,52,13,1716,False,True,stage7_conservative_v0
qwen_simple32,consec_p8_fixed1024_cert1_validschema,181,3,Algebra,True,False,True,True,1792,159,14,1951,False,True,stage7_conservative_v0
qwen_simple32,consec_p8_fixed1024_cert1_validschema,182,2,Prealgebra,True,True,True,True,1024,56,8,1080,False,False,stage7_conservative_v0
qwen_simple32,consec_p8_fixed1024_cert1_validschema,183,4,Algebra,True,True,True,True,1920,83,15,2003,False,False,stage7_conservative_v0
qwen_simple32,consec_p8_fixed1024_cert1_validschema,184,5,Intermediate Algebra,False,True,True,False,1024,32,8,1056,True,False,stage7_conservative_v0
qwen_simple32,consec_p8_fixed1024_cert1_validschema,185,1,Algebra,True,True,True,True,1024,32,8,1056,False,False,stage7_conservative_v0
qwen_simple32,consec_p8_fixed1024_cert1_validschema,186,4,Number Theory,True,True,True,True,1920,60,15,1980,False,False,stage7_conservative_v0
qwen_simple32,consec_p8_fixed1024_cert1_validschema,187,1,Algebra,True,True,True,True,1408,44,11,1452,False,False,stage7_conservative_v0
qwen_simple32,consec_p8_fixed1024_cert1_validschema,188,5,Algebra,False,True,True,False,1792,56,14,1848,True,False,stage7_conservative_v0
qwen_simple32,consec_p8_fixed1024_cert1_validschema,189,5,Geometry,True,True,False,,3072,206,24,3278,False,False,stage7_conservative_v0
qwen_simple32,consec_p8_fixed1024_cert1_validschema,190,5,Counting & Probability,False,False,False,,3072,196,24,3268,False,False,stage7_conservative_v0
qwen_simple32,consec_p8_fixed1024_cert1_validschema,191,2,Algebra,True,True,True,True,1024,32,8,1056,False,False,stage7_conservative_v0
qwen_simple32,consec_p8_fixed1024_cert1_validschema,192,3,Geometry,True,True,True,True,1920,77,15,1997,False,False,stage7_conservative_v0
qwen_simple32,consec_p8_fixed1024_cert1_validschema,193,3,Intermediate Algebra,True,True,True,True,1024,32,8,1056,False,False,stage7_conservative_v0
qwen_simple32,consec_p8_fixed1024_cert1_validschema,194,5,Intermediate Algebra,True,True,False,,3072,116,24,3188,False,False,stage7_conservative_v0
qwen_simple32,consec_p8_fixed1024_cert1_validschema,195,4,Intermediate Algebra,True,True,True,True,1408,78,11,1486,False,False,stage7_conservative_v0
qwen_simple32,consec_p8_fixed1024_cert1_validschema,196,1,Algebra,True,True,True,True,1664,100,13,1764,False,False,stage7_conservative_v0
qwen_simple32,consec_p8_fixed1024_cert1_validschema,197,5,Number Theory,True,True,True,True,2432,86,19,2518,False,False,stage7_conservative_v0
qwen_simple32,consec_p8_fixed1024_cert1_validschema,198,3,Counting & Probability,True,True,True,True,1152,73,9,1225,False,False,stage7_conservative_v0
qwen_simple32,consec_p8_fixed1024_cert1_validschema,199,2,Prealgebra,True,True,True,True,1280,50,10,1330,False,False,stage7_conservative_v0
qwen_simple32,consec_p8_fixed1024_cert1_validschema,200,4,Prealgebra,True,True,True,True,1408,55,11,1463,False,False,stage7_conservative_v0
qwen_simple32,consec_p8_fixed1024_cert1_validschema,201,4,Number Theory,True,True,True,True,1792,79,14,1871,False,False,stage7_conservative_v0
qwen_simple32,consec_p8_fixed1024_cert1_validschema,202,5,Algebra,True,True,True,True,1408,110,11,1518,False,False,stage7_conservative_v0
qwen_simple32,consec_p8_fixed1024_cert1_validschema,203,3,Intermediate Algebra,True,True,True,True,1664,122,13,1786,False,False,stage7_conservative_v0
qwen_simple32,consec_p8_fixed1024_cert1_validschema,204,5,Intermediate Algebra,False,False,True,False,1024,40,8,1064,False,False,stage7_conservative_v0
qwen_simple32,consec_p8_fixed1024_cert1_validschema,205,3,Precalculus,False,False,False,,3072,386,24,3458,False,False,stage7_conservative_v0
qwen_simple32,consec_p8_fixed1024_cert1_validschema,206,2,Precalculus,True,True,True,True,1408,144,11,1552,False,False,stage7_conservative_v0
qwen_simple32,consec_p8_fixed1024_cert1_validschema,207,2,Counting & Probability,True,True,True,True,1024,40,8,1064,False,False,stage7_conservative_v0
qwen_simple32,consec_p8_fixed1024_cert1_validschema,208,3,Number Theory,True,True,True,True,1280,40,10,1320,False,False,stage7_conservative_v0
qwen_simple32,consec_p8_fixed1024_cert1_validschema,209,2,Number Theory,True,True,True,True,2304,108,18,2412,False,False,stage7_conservative_v0
qwen_simple32,consec_p8_fixed1024_cert1_validschema,210,4,Prealgebra,True,True,True,True,2048,73,16,2121,False,False,stage7_conservative_v0
qwen_simple32,consec_p8_fixed1024_cert1_validschema,211,2,Prealgebra,True,True,True,True,1152,37,9,1189,False,False,stage7_conservative_v0
qwen_simple32,consec_p8_fixed1024_cert1_validschema,212,3,Algebra,True,True,True,True,1536,61,12,1597,False,False,stage7_conservative_v0
qwen_simple32,consec_p8_fixed1024_cert1_validschema,213,4,Intermediate Algebra,False,False,True,False,2176,68,17,2244,False,False,stage7_conservative_v0
qwen_simple32,consec_p8_fixed1024_cert1_validschema,214,5,Counting & Probability,True,True,True,True,3072,140,24,3212,False,False,stage7_conservative_v0
qwen_simple32,consec_p8_fixed1024_cert1_validschema,215,4,Algebra,True,True,True,True,1280,40,10,1320,False,False,stage7_conservative_v0
qwen_simple32,consec_p8_fixed1024_cert1_validschema,216,4,Prealgebra,True,True,True,True,1408,46,11,1454,False,False,stage7_conservative_v0
qwen_simple32,consec_p8_fixed1024_cert1_validschema,217,4,Number Theory,True,False,True,True,1536,156,12,1692,False,True,stage7_conservative_v0
qwen_simple32,consec_p8_fixed1024_cert1_validschema,218,2,Algebra,True,True,True,True,1024,64,8,1088,False,False,stage7_conservative_v0
qwen_simple32,consec_p8_fixed1024_cert1_validschema,219,4,Counting & Probability,True,True,False,,3072,145,24,3217,False,False,stage7_conservative_v0
qwen_simple32,consec_p8_fixed1024_cert1_validschema,220,5,Prealgebra,True,True,True,True,2048,108,16,2156,False,False,stage7_conservative_v0
qwen_simple32,consec_p8_fixed1024_cert1_validschema,221,3,Number Theory,True,True,True,True,1920,92,15,2012,False,False,stage7_conservative_v0
qwen_simple32,consec_p8_fixed1024_cert1_validschema,222,4,Geometry,False,False,False,,3072,118,24,3190,False,False,stage7_conservative_v0
qwen_simple32,consec_p8_fixed1024_cert1_validschema,223,3,Number Theory,True,True,True,True,2432,192,19,2624,False,False,stage7_conservative_v0
qwen_simple32,consec_p8_fixed1024_cert1_validschema,224,4,Precalculus,False,False,False,,3072,237,24,3309,False,False,stage7_conservative_v0
qwen_simple32,consec_p8_fixed1024_cert1_validschema,225,3,Algebra,True,True,True,True,1536,57,12,1593,False,False,stage7_conservative_v0
qwen_simple32,consec_p8_fixed1024_cert1_validschema,226,3,Counting & Probability,True,True,True,True,1024,32,8,1056,False,False,stage7_conservative_v0
qwen_simple32,consec_p8_fixed1024_cert1_validschema,227,3,Precalculus,True,True,False,,1360,40,10,1400,False,False,stage7_conservative_v0
qwen_simple32,consec_p8_fixed1024_cert1_validschema,228,4,Precalculus,False,False,False,,3072,233,24,3305,False,False,stage7_conservative_v0
qwen_simple32,consec_p8_fixed1024_cert1_validschema,229,4,Prealgebra,True,True,True,True,1024,40,8,1064,False,False,stage7_conservative_v0
qwen_simple32,consec_p8_fixed1024_cert1_validschema,230,4,Intermediate Algebra,False,False,False,,3072,106,24,3178,False,False,stage7_conservative_v0
qwen_simple32,consec_p8_fixed1024_cert1_validschema,231,4,Algebra,True,True,True,True,1536,57,12,1593,False,False,stage7_conservative_v0
qwen_simple32,consec_p8_fixed1024_cert1_validschema,232,5,Intermediate Algebra,False,False,True,False,1536,57,12,1593,False,False,stage7_conservative_v0
qwen_simple32,consec_p8_fixed1024_cert1_validschema,233,2,Precalculus,True,True,True,True,1280,51,10,1331,False,False,stage7_conservative_v0
qwen_simple32,consec_p8_fixed1024_cert1_validschema,234,3,Intermediate Algebra,True,True,True,True,1408,66,11,1474,False,False,stage7_conservative_v0
qwen_simple32,consec_p8_fixed1024_cert1_validschema,235,4,Prealgebra,False,True,True,False,1408,74,11,1482,True,False,stage7_conservative_v0
qwen_simple32,consec_p8_fixed1024_cert1_validschema,236,4,Precalculus,False,False,False,,3072,147,24,3219,False,False,stage7_conservative_v0
qwen_simple32,consec_p8_fixed1024_cert1_validschema,237,1,Intermediate Algebra,True,True,True,True,1536,60,12,1596,False,False,stage7_conservative_v0
qwen_simple32,consec_p8_fixed1024_cert1_validschema,238,5,Algebra,False,False,False,,3072,117,24,3189,False,False,stage7_conservative_v0
qwen_simple32,consec_p8_fixed1024_cert1_validschema,239,5,Geometry,False,False,False,,3072,120,24,3192,False,False,stage7_conservative_v0
qwen_simple32,consec_p8_fixed1024_cert1_validschema,240,4,Prealgebra,False,False,True,False,2432,95,19,2527,False,False,stage7_conservative_v0
qwen_simple32,consec_p8_fixed1024_cert1_validschema,241,5,Algebra,True,True,True,True,1920,75,15,1995,False,False,stage7_conservative_v0
qwen_simple32,consec_p8_fixed1024_cert1_validschema,242,5,Algebra,True,True,False,,3072,192,24,3264,False,False,stage7_conservative_v0
qwen_simple32,consec_p8_fixed1024_cert1_validschema,243,2,Geometry,True,True,True,True,1280,40,10,1320,False,False,stage7_conservative_v0
qwen_simple32,consec_p8_fixed1024_cert1_validschema,244,5,Prealgebra,True,True,True,True,1792,56,14,1848,False,False,stage7_conservative_v0
qwen_simple32,consec_p8_fixed1024_cert1_validschema,245,4,Intermediate Algebra,False,False,False,,3072,168,24,3240,False,False,stage7_conservative_v0
qwen_simple32,consec_p8_fixed1024_cert1_validschema,246,2,Algebra,True,True,True,True,1024,32,8,1056,False,False,stage7_conservative_v0
qwen_simple32,consec_p8_fixed1024_cert1_validschema,247,3,Intermediate Algebra,False,False,False,,3072,156,24,3228,False,False,stage7_conservative_v0
qwen_simple32,consec_p8_fixed1024_cert1_validschema,248,4,Precalculus,True,False,True,True,2560,455,20,3015,False,True,stage7_conservative_v0
qwen_simple32,consec_p8_fixed1024_cert1_validschema,249,4,Number Theory,True,True,True,True,2048,78,16,2126,False,False,stage7_conservative_v0
qwen_simple32,consec_p8_fixed1024_cert1_validschema,250,4,Algebra,True,True,True,True,1408,68,11,1476,False,False,stage7_conservative_v0
qwen_simple32,consec_p8_fixed1024_cert1_validschema,251,5,Counting & Probability,True,True,True,True,1152,54,9,1206,False,False,stage7_conservative_v0
qwen_simple32,consec_p8_fixed1024_cert1_validschema,252,5,Algebra,True,True,True,True,1408,67,11,1475,False,False,stage7_conservative_v0
qwen_simple32,consec_p8_fixed1024_cert1_validschema,253,3,Prealgebra,False,True,True,False,1152,42,9,1194,True,False,stage7_conservative_v0
qwen_simple32,consec_p8_fixed1024_cert1_validschema,254,5,Counting & Probability,True,True,True,True,1024,40,8,1064,False,False,stage7_conservative_v0
qwen_simple32,consec_p8_fixed1024_cert1_validschema,255,2,Precalculus,True,True,True,True,1024,32,8,1056,False,False,stage7_conservative_v0
qwen_simple32,consec_p8_fixed1024_cert1_validschema,256,3,Prealgebra,True,True,False,,2962,163,23,3125,False,False,stage7_conservative_v0
qwen_simple32,consec_p8_fixed1024_cert1_validschema,257,4,Geometry,False,False,True,False,1152,52,9,1204,False,False,stage7_conservative_v0
qwen_simple32,consec_p8_fixed1024_cert1_validschema,258,3,Algebra,True,True,True,True,1536,60,12,1596,False,False,stage7_conservative_v0
qwen_simple32,consec_p8_fixed1024_cert1_validschema,259,1,Intermediate Algebra,True,True,True,True,1024,40,8,1064,False,False,stage7_conservative_v0
qwen_simple32,consec_p8_fixed1024_cert1_validschema,260,3,Precalculus,True,True,True,True,1536,70,12,1606,False,False,stage7_conservative_v0
qwen_simple32,consec_p8_fixed1024_cert1_validschema,261,3,Geometry,True,True,True,True,1152,45,9,1197,False,False,stage7_conservative_v0
qwen_simple32,consec_p8_fixed1024_cert1_validschema,262,1,Prealgebra,True,True,True,True,1024,32,8,1056,False,False,stage7_conservative_v0
qwen_simple32,consec_p8_fixed1024_cert1_validschema,263,4,Geometry,True,True,True,True,1408,55,11,1463,False,False,stage7_conservative_v0
qwen_simple32,consec_p8_fixed1024_cert1_validschema,264,5,Geometry,False,False,False,,3072,240,24,3312,False,False,stage7_conservative_v0
qwen_simple32,consec_p8_fixed1024_cert1_validschema,265,2,Algebra,True,True,True,True,1024,56,8,1080,False,False,stage7_conservative_v0
qwen_simple32,consec_p8_fixed1024_cert1_validschema,266,3,Prealgebra,True,True,True,True,1280,70,10,1350,False,False,stage7_conservative_v0
qwen_simple32,consec_p8_fixed1024_cert1_validschema,267,1,Geometry,True,True,True,True,1792,83,14,1875,False,False,stage7_conservative_v0
qwen_simple32,consec_p8_fixed1024_cert1_validschema,268,1,Number Theory,True,True,True,True,1024,37,8,1061,False,False,stage7_conservative_v0
qwen_simple32,consec_p8_fixed1024_cert1_validschema,269,3,Counting & Probability,True,True,True,True,1024,32,8,1056,False,False,stage7_conservative_v0
qwen_simple32,consec_p8_fixed1024_cert1_validschema,270,1,Algebra,True,True,True,True,1024,40,8,1064,False,False,stage7_conservative_v0
qwen_simple32,consec_p8_fixed1024_cert1_validschema,271,4,Number Theory,True,True,True,True,1920,90,15,2010,False,False,stage7_conservative_v0
qwen_simple32,consec_p8_fixed1024_cert1_validschema,272,4,Number Theory,True,True,True,True,2176,150,17,2326,False,False,stage7_conservative_v0
qwen_simple32,consec_p8_fixed1024_cert1_validschema,273,4,Prealgebra,True,True,True,True,1024,56,8,1080,False,False,stage7_conservative_v0
qwen_simple32,consec_p8_fixed1024_cert1_validschema,274,5,Geometry,True,True,True,True,1536,106,12,1642,False,False,stage7_conservative_v0
qwen_simple32,consec_p8_fixed1024_cert1_validschema,275,2,Algebra,True,True,True,True,1280,40,10,1320,False,False,stage7_conservative_v0
qwen_simple32,consec_p8_fixed1024_cert1_validschema,276,5,Algebra,True,True,True,True,1408,54,11,1462,False,False,stage7_conservative_v0
qwen_simple32,consec_p8_fixed1024_cert1_validschema,277,4,Prealgebra,True,True,False,,2026,95,15,2121,False,False,stage7_conservative_v0
qwen_simple32,consec_p8_fixed1024_cert1_validschema,278,3,Number Theory,True,True,True,True,1024,48,8,1072,False,False,stage7_conservative_v0
qwen_simple32,consec_p8_fixed1024_cert1_validschema,279,5,Prealgebra,True,True,True,True,2048,103,16,2151,False,False,stage7_conservative_v0
qwen_simple32,consec_p8_fixed1024_cert1_validschema,280,4,Number Theory,True,True,True,True,1408,45,11,1453,False,False,stage7_conservative_v0
qwen_simple32,consec_p8_fixed1024_cert1_validschema,281,4,Prealgebra,True,True,True,True,1024,42,8,1066,False,False,stage7_conservative_v0
qwen_simple32,consec_p8_fixed1024_cert1_validschema,282,4,Algebra,True,True,True,True,1920,89,15,2009,False,False,stage7_conservative_v0
qwen_simple32,consec_p8_fixed1024_cert1_validschema,283,3,Prealgebra,True,True,True,True,1152,38,9,1190,False,False,stage7_conservative_v0
qwen_simple32,consec_p8_fixed1024_cert1_validschema,284,5,Precalculus,False,False,False,,3072,333,24,3405,False,False,stage7_conservative_v0
qwen_simple32,consec_p8_fixed1024_cert1_validschema,285,4,Intermediate Algebra,False,False,False,,3072,135,24,3207,False,False,stage7_conservative_v0
qwen_simple32,consec_p8_fixed1024_cert1_validschema,286,5,Intermediate Algebra,False,False,True,False,2944,137,23,3081,False,False,stage7_conservative_v0
qwen_simple32,consec_p8_fixed1024_cert1_validschema,287,5,Number Theory,True,True,True,True,2304,94,18,2398,False,False,stage7_conservative_v0
qwen_simple32,consec_p8_fixed1024_cert1_validschema,288,5,Precalculus,True,True,True,True,3072,278,24,3350,False,False,stage7_conservative_v0
qwen_simple32,consec_p8_fixed1024_cert1_validschema,289,3,Intermediate Algebra,True,True,True,True,1024,40,8,1064,False,False,stage7_conservative_v0
qwen_simple32,consec_p8_fixed1024_cert1_validschema,290,3,Algebra,True,True,True,True,2048,67,16,2115,False,False,stage7_conservative_v0
qwen_simple32,consec_p8_fixed1024_cert1_validschema,291,4,Counting & Probability,True,True,True,True,1536,62,12,1598,False,False,stage7_conservative_v0
qwen_simple32,consec_p8_fixed1024_cert1_validschema,292,4,Intermediate Algebra,False,True,True,False,1024,32,8,1056,True,False,stage7_conservative_v0
qwen_simple32,consec_p8_fixed1024_cert1_validschema,293,5,Algebra,True,True,True,True,1408,202,11,1610,False,False,stage7_conservative_v0
qwen_simple32,consec_p8_fixed1024_cert1_validschema,294,4,Number Theory,True,True,True,True,2304,97,18,2401,False,False,stage7_conservative_v0
qwen_simple32,consec_p8_fixed1024_cert1_validschema,295,3,Precalculus,True,True,False,,3072,142,24,3214,False,False,stage7_conservative_v0
qwen_simple32,consec_p8_fixed1024_cert1_validschema,296,2,Intermediate Algebra,False,True,True,False,1024,32,8,1056,True,False,stage7_conservative_v0
qwen_simple32,consec_p8_fixed1024_cert1_validschema,297,4,Number Theory,True,True,True,True,1664,77,13,1741,False,False,stage7_conservative_v0
qwen_simple32,consec_p8_fixed1024_cert1_validschema,298,4,Precalculus,True,False,True,True,2944,473,23,3417,False,True,stage7_conservative_v0
qwen_simple32,consec_p8_fixed1024_cert1_validschema,299,4,Geometry,True,True,True,True,2688,122,21,2810,False,False,stage7_conservative_v0
qwen_simple32,consec_p8_fixed1024_cert1_validschema,300,4,Counting & Probability,True,True,True,True,1152,45,9,1197,False,False,stage7_conservative_v0
qwen_simple32,consec_p8_fixed1024_cert1_validschema,301,5,Prealgebra,True,True,True,True,2304,105,18,2409,False,False,stage7_conservative_v0
qwen_simple32,consec_p8_fixed1024_cert1_validschema,302,4,Prealgebra,True,False,True,True,1024,32,8,1056,False,True,stage7_conservative_v0
qwen_simple32,consec_p8_fixed1024_cert1_validschema,303,5,Geometry,True,True,False,,3072,120,24,3192,False,False,stage7_conservative_v0
qwen_simple32,consec_p8_fixed1024_cert1_validschema,304,3,Intermediate Algebra,True,True,True,True,2048,64,16,2112,False,False,stage7_conservative_v0
qwen_simple32,consec_p8_fixed1024_cert1_validschema,305,4,Algebra,True,True,False,,2479,108,19,2587,False,False,stage7_conservative_v0
qwen_simple32,consec_p8_fixed1024_cert1_validschema,306,5,Intermediate Algebra,False,False,False,,3072,96,24,3168,False,False,stage7_conservative_v0
qwen_simple32,consec_p8_fixed1024_cert1_validschema,307,2,Precalculus,True,True,True,True,1024,80,8,1104,False,False,stage7_conservative_v0
qwen_simple32,consec_p8_fixed1024_cert1_validschema,308,5,Geometry,False,False,False,,3072,186,24,3258,False,False,stage7_conservative_v0
qwen_simple32,consec_p8_fixed1024_cert1_validschema,309,3,Number Theory,True,True,False,,3072,120,24,3192,False,False,stage7_conservative_v0
qwen_simple32,consec_p8_fixed1024_cert1_validschema,310,2,Algebra,True,True,True,True,1280,49,10,1329,False,False,stage7_conservative_v0
qwen_simple32,consec_p8_fixed1024_cert1_validschema,311,4,Number Theory,True,True,True,True,1792,61,14,1853,False,False,stage7_conservative_v0
qwen_simple32,consec_p8_fixed1024_cert1_validschema,312,1,Intermediate Algebra,True,True,False,,1768,159,13,1927,False,False,stage7_conservative_v0
qwen_simple32,consec_p8_fixed1024_cert1_validschema,313,5,Prealgebra,True,True,True,True,1152,63,9,1215,False,False,stage7_conservative_v0
qwen_simple32,consec_p8_fixed1024_cert1_validschema,314,2,Geometry,True,True,False,,2994,123,23,3117,False,False,stage7_conservative_v0
qwen_simple32,consec_p8_fixed1024_cert1_validschema,315,4,Algebra,False,True,True,False,1152,45,9,1197,True,False,stage7_conservative_v0
qwen_simple32,consec_p8_fixed1024_cert1_validschema,316,2,Algebra,True,True,True,True,1920,76,15,1996,False,False,stage7_conservative_v0
qwen_simple32,consec_p8_fixed1024_cert1_validschema,317,5,Intermediate Algebra,True,True,True,True,2816,88,22,2904,False,False,stage7_conservative_v0
qwen_simple32,consec_p8_fixed1024_cert1_validschema,318,2,Algebra,True,True,True,True,1792,223,14,2015,False,False,stage7_conservative_v0
qwen_simple32,consec_p8_fixed1024_cert1_validschema,319,3,Algebra,True,True,False,,1860,121,14,1981,False,False,stage7_conservative_v0
qwen_simple32,consec_p8_fixed1024_cert1_validschema,320,5,Geometry,True,False,True,True,2688,193,21,2881,False,True,stage7_conservative_v0
qwen_simple32,consec_p8_fixed1024_cert1_validschema,321,5,Prealgebra,True,True,True,True,1664,69,13,1733,False,False,stage7_conservative_v0
qwen_simple32,consec_p8_fixed1024_cert1_validschema,322,3,Algebra,True,True,True,True,1280,62,10,1342,False,False,stage7_conservative_v0
qwen_simple32,consec_p8_fixed1024_cert1_validschema,323,5,Counting & Probability,True,True,False,,3072,143,24,3215,False,False,stage7_conservative_v0
qwen_simple32,consec_p8_fixed1024_cert1_validschema,324,4,Geometry,False,False,True,False,1024,48,8,1072,False,False,stage7_conservative_v0
qwen_simple32,consec_p8_fixed1024_cert1_validschema,325,2,Geometry,True,True,True,True,1408,47,11,1455,False,False,stage7_conservative_v0
qwen_simple32,consec_p8_fixed1024_cert1_validschema,326,2,Precalculus,True,True,True,True,2432,129,19,2561,False,False,stage7_conservative_v0
qwen_simple32,consec_p8_fixed1024_cert1_validschema,327,5,Intermediate Algebra,False,False,False,,3072,171,24,3243,False,False,stage7_conservative_v0
qwen_simple32,consec_p8_fixed1024_cert1_validschema,328,5,Algebra,True,True,True,True,1920,60,15,1980,False,False,stage7_conservative_v0
qwen_simple32,consec_p8_fixed1024_cert1_validschema,329,4,Prealgebra,True,True,True,True,1024,32,8,1056,False,False,stage7_conservative_v0
qwen_simple32,consec_p8_fixed1024_cert1_validschema,330,5,Counting & Probability,True,True,True,True,2176,142,17,2318,False,False,stage7_conservative_v0
qwen_simple32,consec_p8_fixed1024_cert1_validschema,331,5,Algebra,False,False,False,,3072,187,24,3259,False,False,stage7_conservative_v0
qwen_simple32,consec_p8_fixed1024_cert1_validschema,332,4,Intermediate Algebra,True,False,True,True,1024,32,8,1056,False,True,stage7_conservative_v0
qwen_simple32,consec_p8_fixed1024_cert1_validschema,333,4,Intermediate Algebra,True,True,True,True,2176,68,17,2244,False,False,stage7_conservative_v0
qwen_simple32,consec_p8_fixed1024_cert1_validschema,334,3,Algebra,True,True,False,,2967,188,23,3155,False,False,stage7_conservative_v0
qwen_simple32,consec_p8_fixed1024_cert1_validschema,335,4,Number Theory,True,True,True,True,2176,68,17,2244,False,False,stage7_conservative_v0
qwen_simple32,consec_p8_fixed1024_cert1_validschema,336,1,Algebra,True,True,True,True,1792,137,14,1929,False,False,stage7_conservative_v0
qwen_simple32,consec_p8_fixed1024_cert1_validschema,337,3,Prealgebra,True,True,True,True,1408,44,11,1452,False,False,stage7_conservative_v0
qwen_simple32,consec_p8_fixed1024_cert1_validschema,338,3,Number Theory,False,False,True,False,2304,144,18,2448,False,False,stage7_conservative_v0
qwen_simple32,consec_p8_fixed1024_cert1_validschema,339,3,Intermediate Algebra,True,True,True,True,1024,40,8,1064,False,False,stage7_conservative_v0
qwen_simple32,consec_p8_fixed1024_cert1_validschema,340,3,Precalculus,False,False,True,False,1920,89,15,2009,False,False,stage7_conservative_v0
qwen_simple32,consec_p8_fixed1024_cert1_validschema,341,4,Algebra,False,False,True,False,1536,69,12,1605,False,False,stage7_conservative_v0
qwen_simple32,consec_p8_fixed1024_cert1_validschema,342,3,Prealgebra,True,True,True,True,1024,32,8,1056,False,False,stage7_conservative_v0
qwen_simple32,consec_p8_fixed1024_cert1_validschema,343,2,Counting & Probability,False,True,True,False,1664,117,13,1781,True,False,stage7_conservative_v0
qwen_simple32,consec_p8_fixed1024_cert1_validschema,344,2,Intermediate Algebra,True,True,True,True,1280,40,10,1320,False,False,stage7_conservative_v0
qwen_simple32,consec_p8_fixed1024_cert1_validschema,345,3,Algebra,True,True,True,True,1536,52,12,1588,False,False,stage7_conservative_v0
qwen_simple32,consec_p8_fixed1024_cert1_validschema,346,4,Algebra,True,True,True,True,2048,81,16,2129,False,False,stage7_conservative_v0
qwen_simple32,consec_p8_fixed1024_cert1_validschema,347,3,Algebra,True,True,True,True,1280,153,10,1433,False,False,stage7_conservative_v0
qwen_simple32,consec_p8_fixed1024_cert1_validschema,348,2,Counting & Probability,True,True,True,True,1024,56,8,1080,False,False,stage7_conservative_v0
qwen_simple32,consec_p8_fixed1024_cert1_validschema,349,4,Counting & Probability,False,False,False,,3072,167,24,3239,False,False,stage7_conservative_v0
qwen_simple32,consec_p8_fixed1024_cert1_validschema,350,2,Number Theory,True,True,True,True,1536,48,12,1584,False,False,stage7_conservative_v0
qwen_simple32,consec_p8_fixed1024_cert1_validschema,351,3,Precalculus,False,True,True,False,1024,32,8,1056,True,False,stage7_conservative_v0
qwen_simple32,consec_p8_fixed1024_cert1_validschema,352,4,Precalculus,False,False,False,,3072,183,24,3255,False,False,stage7_conservative_v0
qwen_simple32,consec_p8_fixed1024_cert1_validschema,353,4,Counting & Probability,True,True,True,True,1408,75,11,1483,False,False,stage7_conservative_v0
qwen_simple32,consec_p8_fixed1024_cert1_validschema,354,4,Algebra,True,True,True,True,1024,40,8,1064,False,False,stage7_conservative_v0
qwen_simple32,consec_p8_fixed1024_cert1_validschema,355,5,Intermediate Algebra,True,True,False,,3072,154,24,3226,False,False,stage7_conservative_v0
qwen_simple32,consec_p8_fixed1024_cert1_validschema,356,5,Algebra,True,False,True,True,1920,308,15,2228,False,True,stage7_conservative_v0
qwen_simple32,consec_p8_fixed1024_cert1_validschema,357,5,Prealgebra,True,True,True,True,1792,57,14,1849,False,False,stage7_conservative_v0
qwen_simple32,consec_p8_fixed1024_cert1_validschema,358,2,Intermediate Algebra,True,True,True,True,1536,48,12,1584,False,False,stage7_conservative_v0
qwen_simple32,consec_p8_fixed1024_cert1_validschema,359,4,Intermediate Algebra,True,True,True,True,2560,81,20,2641,False,False,stage7_conservative_v0
qwen_simple32,consec_p8_fixed1024_cert1_validschema,360,3,Precalculus,True,True,True,True,1536,69,12,1605,False,False,stage7_conservative_v0
qwen_simple32,consec_p8_fixed1024_cert1_validschema,361,4,Intermediate Algebra,True,True,True,True,1792,108,14,1900,False,False,stage7_conservative_v0
qwen_simple32,consec_p8_fixed1024_cert1_validschema,362,1,Counting & Probability,False,True,True,False,1280,45,10,1325,True,False,stage7_conservative_v0
qwen_simple32,consec_p8_fixed1024_cert1_validschema,363,2,Algebra,True,True,True,True,1152,36,9,1188,False,False,stage7_conservative_v0
qwen_simple32,consec_p8_fixed1024_cert1_validschema,364,4,Intermediate Algebra,False,False,True,False,1920,183,15,2103,False,False,stage7_conservative_v0
qwen_simple32,consec_p8_fixed1024_cert1_validschema,365,5,Number Theory,False,True,True,False,1408,55,11,1463,True,False,stage7_conservative_v0
qwen_simple32,consec_p8_fixed1024_cert1_validschema,366,4,Number Theory,True,True,True,True,1664,60,13,1724,False,False,stage7_conservative_v0
qwen_simple32,consec_p8_fixed1024_cert1_validschema,367,4,Algebra,True,True,True,True,1152,36,9,1188,False,False,stage7_conservative_v0
qwen_simple32,consec_p8_fixed1024_cert1_validschema,368,2,Geometry,True,True,True,True,1280,50,10,1330,False,False,stage7_conservative_v0
qwen_simple32,consec_p8_fixed1024_cert1_validschema,369,2,Prealgebra,False,True,True,False,2304,98,18,2402,True,False,stage7_conservative_v0
qwen_simple32,consec_p8_fixed1024_cert1_validschema,370,1,Precalculus,True,True,False,,1700,98,13,1798,False,False,stage7_conservative_v0
qwen_simple32,consec_p8_fixed1024_cert1_validschema,371,5,Intermediate Algebra,False,True,True,False,1024,32,8,1056,True,False,stage7_conservative_v0
qwen_simple32,consec_p8_fixed1024_cert1_validschema,372,2,Geometry,True,True,True,True,2432,114,19,2546,False,False,stage7_conservative_v0
qwen_simple32,consec_p8_fixed1024_cert1_validschema,373,5,Algebra,True,True,True,True,1536,136,12,1672,False,False,stage7_conservative_v0
qwen_simple32,consec_p8_fixed1024_cert1_validschema,374,1,Algebra,True,True,True,True,1280,41,10,1321,False,False,stage7_conservative_v0
qwen_simple32,consec_p8_fixed1024_cert1_validschema,375,5,Number Theory,True,True,True,True,1920,85,15,2005,False,False,stage7_conservative_v0
qwen_simple32,consec_p8_fixed1024_cert1_validschema,376,4,Geometry,False,False,False,,3072,189,24,3261,False,False,stage7_conservative_v0
qwen_simple32,consec_p8_fixed1024_cert1_validschema,377,3,Number Theory,True,True,True,True,2688,84,21,2772,False,False,stage7_conservative_v0
qwen_simple32,consec_p8_fixed1024_cert1_validschema,378,3,Prealgebra,True,True,True,True,1920,61,15,1981,False,False,stage7_conservative_v0
qwen_simple32,consec_p8_fixed1024_cert1_validschema,379,4,Prealgebra,False,False,True,False,3072,227,24,3299,False,False,stage7_conservative_v0
qwen_simple32,consec_p8_fixed1024_cert1_validschema,380,4,Intermediate Algebra,False,False,False,,3072,540,24,3612,False,False,stage7_conservative_v0
qwen_simple32,consec_p8_fixed1024_cert1_validschema,381,5,Counting & Probability,False,False,False,,3072,193,24,3265,False,False,stage7_conservative_v0
qwen_simple32,consec_p8_fixed1024_cert1_validschema,382,5,Intermediate Algebra,False,False,True,False,1024,56,8,1080,False,False,stage7_conservative_v0
qwen_simple32,consec_p8_fixed1024_cert1_validschema,383,4,Algebra,True,False,True,True,1408,99,11,1507,False,True,stage7_conservative_v0
qwen_simple32,consec_p8_fixed1024_cert1_validschema,384,2,Prealgebra,True,True,True,True,1024,80,8,1104,False,False,stage7_conservative_v0
qwen_simple32,consec_p8_fixed1024_cert1_validschema,385,5,Prealgebra,True,True,True,True,2432,99,19,2531,False,False,stage7_conservative_v0
qwen_simple32,consec_p8_fixed1024_cert1_validschema,386,3,Algebra,True,True,True,True,1408,55,11,1463,False,False,stage7_conservative_v0
qwen_simple32,consec_p8_fixed1024_cert1_validschema,387,1,Algebra,True,True,True,True,1280,49,10,1329,False,False,stage7_conservative_v0
qwen_simple32,consec_p8_fixed1024_cert1_validschema,388,5,Algebra,True,True,True,True,1280,56,10,1336,False,False,stage7_conservative_v0
qwen_simple32,consec_p8_fixed1024_cert1_validschema,389,3,Geometry,True,False,True,True,1920,167,15,2087,False,True,stage7_conservative_v0
qwen_simple32,consec_p8_fixed1024_cert1_validschema,390,5,Algebra,True,True,True,True,2304,101,18,2405,False,False,stage7_conservative_v0
qwen_simple32,consec_p8_fixed1024_cert1_validschema,391,5,Algebra,True,True,True,True,2816,88,22,2904,False,False,stage7_conservative_v0
qwen_simple32,consec_p8_fixed1024_cert1_validschema,392,5,Precalculus,False,False,True,False,2944,114,23,3058,False,False,stage7_conservative_v0
qwen_simple32,consec_p8_fixed1024_cert1_validschema,393,3,Algebra,True,True,True,True,1024,66,8,1090,False,False,stage7_conservative_v0
qwen_simple32,consec_p8_fixed1024_cert1_validschema,394,5,Intermediate Algebra,True,True,False,,3072,295,24,3367,False,False,stage7_conservative_v0
qwen_simple32,consec_p8_fixed1024_cert1_validschema,395,1,Algebra,True,True,True,True,1152,36,9,1188,False,False,stage7_conservative_v0
qwen_simple32,consec_p8_fixed1024_cert1_validschema,396,3,Prealgebra,True,True,True,True,1024,32,8,1056,False,False,stage7_conservative_v0
qwen_simple32,consec_p8_fixed1024_cert1_validschema,397,2,Prealgebra,True,True,True,True,1280,50,10,1330,False,False,stage7_conservative_v0
qwen_simple32,consec_p8_fixed1024_cert1_validschema,398,4,Prealgebra,True,True,True,True,2944,117,23,3061,False,False,stage7_conservative_v0
qwen_simple32,consec_p8_fixed1024_cert1_validschema,399,2,Prealgebra,True,True,True,True,1024,64,8,1088,False,False,stage7_conservative_v0
qwen_simple32,consec_p8_fixed1024_cert1_validschema,400,5,Geometry,False,False,True,False,2560,162,20,2722,False,False,stage7_conservative_v0
qwen_simple32,consec_p8_fixed1024_cert1_validschema,401,5,Intermediate Algebra,False,False,False,,3072,186,24,3258,False,False,stage7_conservative_v0
qwen_simple32,consec_p8_fixed1024_cert1_validschema,402,3,Precalculus,True,True,True,True,1536,104,12,1640,False,False,stage7_conservative_v0
qwen_simple32,consec_p8_fixed1024_cert1_validschema,403,4,Number Theory,True,True,False,,3072,104,24,3176,False,False,stage7_conservative_v0
qwen_simple32,consec_p8_fixed1024_cert1_validschema,404,1,Counting & Probability,True,True,True,True,1152,36,9,1188,False,False,stage7_conservative_v0
qwen_simple32,consec_p8_fixed1024_cert1_validschema,405,4,Prealgebra,True,True,True,True,1024,40,8,1064,False,False,stage7_conservative_v0
qwen_simple32,consec_p8_fixed1024_cert1_validschema,406,1,Number Theory,True,True,True,True,1024,32,8,1056,False,False,stage7_conservative_v0
qwen_simple32,consec_p8_fixed1024_cert1_validschema,407,4,Algebra,True,True,True,True,1536,48,12,1584,False,False,stage7_conservative_v0
qwen_simple32,consec_p8_fixed1024_cert1_validschema,408,5,Precalculus,False,False,False,,3072,609,24,3681,False,False,stage7_conservative_v0
qwen_simple32,consec_p8_fixed1024_cert1_validschema,409,4,Intermediate Algebra,True,True,True,True,2048,132,16,2180,False,False,stage7_conservative_v0
qwen_simple32,consec_p8_fixed1024_cert1_validschema,410,2,Prealgebra,True,True,True,True,1280,40,10,1320,False,False,stage7_conservative_v0
qwen_simple32,consec_p8_fixed1024_cert1_validschema,411,3,Prealgebra,True,True,True,True,1024,40,8,1064,False,False,stage7_conservative_v0
qwen_simple32,consec_p8_fixed1024_cert1_validschema,412,4,Intermediate Algebra,False,False,False,,3072,144,24,3216,False,False,stage7_conservative_v0
qwen_simple32,consec_p8_fixed1024_cert1_validschema,413,2,Algebra,True,True,True,True,1024,56,8,1080,False,False,stage7_conservative_v0
qwen_simple32,consec_p8_fixed1024_cert1_validschema,414,4,Algebra,True,True,True,True,1664,62,13,1726,False,False,stage7_conservative_v0
qwen_simple32,consec_p8_fixed1024_cert1_validschema,415,5,Number Theory,True,True,True,True,1920,60,15,1980,False,False,stage7_conservative_v0
qwen_simple32,consec_p8_fixed1024_cert1_validschema,416,3,Precalculus,False,False,False,,3072,216,24,3288,False,False,stage7_conservative_v0
qwen_simple32,consec_p8_fixed1024_cert1_validschema,417,5,Algebra,True,True,False,,2249,212,17,2461,False,False,stage7_conservative_v0
qwen_simple32,consec_p8_fixed1024_cert1_validschema,418,5,Algebra,True,True,True,True,1024,64,8,1088,False,False,stage7_conservative_v0
qwen_simple32,consec_p8_fixed1024_cert1_validschema,419,4,Precalculus,False,False,True,False,2432,282,19,2714,False,False,stage7_conservative_v0
qwen_simple32,consec_p8_fixed1024_cert1_validschema,420,3,Precalculus,False,False,False,,3072,768,24,3840,False,False,stage7_conservative_v0
qwen_simple32,consec_p8_fixed1024_cert1_validschema,421,5,Precalculus,True,True,False,,3072,150,24,3222,False,False,stage7_conservative_v0
qwen_simple32,consec_p8_fixed1024_cert1_validschema,422,5,Intermediate Algebra,False,False,False,,3072,283,24,3355,False,False,stage7_conservative_v0
qwen_simple32,consec_p8_fixed1024_cert1_validschema,423,5,Number Theory,True,True,True,True,1920,105,15,2025,False,False,stage7_conservative_v0
qwen_simple32,consec_p8_fixed1024_cert1_validschema,424,5,Algebra,True,True,True,True,1536,70,12,1606,False,False,stage7_conservative_v0
qwen_simple32,consec_p8_fixed1024_cert1_validschema,425,5,Precalculus,False,False,False,,3072,502,24,3574,False,False,stage7_conservative_v0
qwen_simple32,consec_p8_fixed1024_cert1_validschema,426,3,Geometry,True,True,True,True,1408,80,11,1488,False,False,stage7_conservative_v0
qwen_simple32,consec_p8_fixed1024_cert1_validschema,427,2,Algebra,True,True,True,True,1408,55,11,1463,False,False,stage7_conservative_v0
qwen_simple32,consec_p8_fixed1024_cert1_validschema,428,4,Intermediate Algebra,True,True,True,True,1920,85,15,2005,False,False,stage7_conservative_v0
qwen_simple32,consec_p8_fixed1024_cert1_validschema,429,3,Intermediate Algebra,True,True,True,True,1664,105,13,1769,False,False,stage7_conservative_v0
qwen_simple32,consec_p8_fixed1024_cert1_validschema,430,2,Prealgebra,True,True,True,True,1024,48,8,1072,False,False,stage7_conservative_v0
qwen_simple32,consec_p8_fixed1024_cert1_validschema,431,4,Precalculus,False,False,True,False,1024,140,8,1164,False,False,stage7_conservative_v0
qwen_simple32,consec_p8_fixed1024_cert1_validschema,432,5,Intermediate Algebra,False,False,True,False,1024,32,8,1056,False,False,stage7_conservative_v0
qwen_simple32,consec_p8_fixed1024_cert1_validschema,433,2,Number Theory,True,True,True,True,1024,80,8,1104,False,False,stage7_conservative_v0
qwen_simple32,consec_p8_fixed1024_cert1_validschema,434,5,Prealgebra,True,True,True,True,1536,60,12,1596,False,False,stage7_conservative_v0
qwen_simple32,consec_p8_fixed1024_cert1_validschema,435,5,Algebra,True,True,True,True,1024,152,8,1176,False,False,stage7_conservative_v0
qwen_simple32,consec_p8_fixed1024_cert1_validschema,436,4,Counting & Probability,False,True,True,False,2688,85,21,2773,True,False,stage7_conservative_v0
qwen_simple32,consec_p8_fixed1024_cert1_validschema,437,3,Algebra,True,True,True,True,1536,48,12,1584,False,False,stage7_conservative_v0
qwen_simple32,consec_p8_fixed1024_cert1_validschema,438,2,Number Theory,True,True,True,True,1408,44,11,1452,False,False,stage7_conservative_v0
qwen_simple32,consec_p8_fixed1024_cert1_validschema,439,3,Intermediate Algebra,False,False,False,,3072,404,24,3476,False,False,stage7_conservative_v0
qwen_simple32,consec_p8_fixed1024_cert1_validschema,440,3,Algebra,True,True,True,True,1408,96,11,1504,False,False,stage7_conservative_v0
qwen_simple32,consec_p8_fixed1024_cert1_validschema,441,4,Prealgebra,True,True,True,True,1536,74,12,1610,False,False,stage7_conservative_v0
qwen_simple32,consec_p8_fixed1024_cert1_validschema,442,4,Algebra,True,True,True,True,1536,73,12,1609,False,False,stage7_conservative_v0
qwen_simple32,consec_p8_fixed1024_cert1_validschema,443,4,Algebra,True,True,True,True,1152,45,9,1197,False,False,stage7_conservative_v0
qwen_simple32,consec_p8_fixed1024_cert1_validschema,444,5,Counting & Probability,False,False,False,,3072,325,24,3397,False,False,stage7_conservative_v0
qwen_simple32,consec_p8_fixed1024_cert1_validschema,445,4,Intermediate Algebra,False,False,True,False,1792,56,14,1848,False,False,stage7_conservative_v0
qwen_simple32,consec_p8_fixed1024_cert1_validschema,446,4,Algebra,True,True,True,True,1024,32,8,1056,False,False,stage7_conservative_v0
qwen_simple32,consec_p8_fixed1024_cert1_validschema,447,1,Prealgebra,True,True,True,True,1152,37,9,1189,False,False,stage7_conservative_v0
qwen_simple32,consec_p8_fixed1024_cert1_validschema,448,5,Number Theory,True,True,True,True,1792,68,14,1860,False,False,stage7_conservative_v0
qwen_simple32,consec_p8_fixed1024_cert1_validschema,449,1,Algebra,True,True,True,True,1152,45,9,1197,False,False,stage7_conservative_v0
qwen_simple32,consec_p8_fixed1024_cert1_validschema,450,5,Number Theory,True,True,True,True,2176,84,17,2260,False,False,stage7_conservative_v0
qwen_simple32,consec_p8_fixed1024_cert1_validschema,451,3,Number Theory,True,True,True,True,1152,80,9,1232,False,False,stage7_conservative_v0
qwen_simple32,consec_p8_fixed1024_cert1_validschema,452,2,Algebra,True,True,True,True,1920,84,15,2004,False,False,stage7_conservative_v0
qwen_simple32,consec_p8_fixed1024_cert1_validschema,453,2,Algebra,True,True,True,True,1152,44,9,1196,False,False,stage7_conservative_v0
qwen_simple32,consec_p8_fixed1024_cert1_validschema,454,5,Precalculus,True,True,True,True,2304,198,18,2502,False,False,stage7_conservative_v0
qwen_simple32,consec_p8_fixed1024_cert1_validschema,455,2,Counting & Probability,True,True,True,True,1024,32,8,1056,False,False,stage7_conservative_v0
qwen_simple32,consec_p8_fixed1024_cert1_validschema,456,1,Intermediate Algebra,False,False,True,False,1024,82,8,1106,False,False,stage7_conservative_v0
qwen_simple32,consec_p8_fixed1024_cert1_validschema,457,1,Number Theory,True,True,True,True,1024,32,8,1056,False,False,stage7_conservative_v0
qwen_simple32,consec_p8_fixed1024_cert1_validschema,458,3,Prealgebra,True,True,True,True,1792,70,14,1862,False,False,stage7_conservative_v0
qwen_simple32,consec_p8_fixed1024_cert1_validschema,459,5,Algebra,True,True,True,True,2304,146,18,2450,False,False,stage7_conservative_v0
qwen_simple32,consec_p8_fixed1024_cert1_validschema,460,4,Prealgebra,False,True,True,False,1024,40,8,1064,True,False,stage7_conservative_v0
qwen_simple32,consec_p8_fixed1024_cert1_validschema,461,4,Algebra,True,True,True,True,1792,83,14,1875,False,False,stage7_conservative_v0
qwen_simple32,consec_p8_fixed1024_cert1_validschema,462,2,Number Theory,True,True,True,True,2304,85,18,2389,False,False,stage7_conservative_v0
qwen_simple32,consec_p8_fixed1024_cert1_validschema,463,2,Algebra,True,True,True,True,1024,32,8,1056,False,False,stage7_conservative_v0
qwen_simple32,consec_p8_fixed1024_cert1_validschema,464,3,Intermediate Algebra,True,True,True,True,1408,44,11,1452,False,False,stage7_conservative_v0
qwen_simple32,consec_p8_fixed1024_cert1_validschema,465,4,Number Theory,True,True,True,True,1536,68,12,1604,False,False,stage7_conservative_v0
qwen_simple32,consec_p8_fixed1024_cert1_validschema,466,5,Precalculus,False,True,True,False,1024,48,8,1072,True,False,stage7_conservative_v0
qwen_simple32,consec_p8_fixed1024_cert1_validschema,467,2,Prealgebra,False,False,True,False,1024,40,8,1064,False,False,stage7_conservative_v0
qwen_simple32,consec_p8_fixed1024_cert1_validschema,468,4,Algebra,True,True,True,True,1280,40,10,1320,False,False,stage7_conservative_v0
qwen_simple32,consec_p8_fixed1024_cert1_validschema,469,3,Algebra,True,True,True,True,1024,40,8,1064,False,False,stage7_conservative_v0
qwen_simple32,consec_p8_fixed1024_cert1_validschema,470,5,Intermediate Algebra,True,True,False,,3072,302,24,3374,False,False,stage7_conservative_v0
qwen_simple32,consec_p8_fixed1024_cert1_validschema,471,3,Prealgebra,True,True,True,True,1536,60,12,1596,False,False,stage7_conservative_v0
qwen_simple32,consec_p8_fixed1024_cert1_validschema,472,1,Algebra,True,True,True,True,1280,120,10,1400,False,False,stage7_conservative_v0
qwen_simple32,consec_p8_fixed1024_cert1_validschema,473,5,Prealgebra,True,True,True,True,2048,64,16,2112,False,False,stage7_conservative_v0
qwen_simple32,consec_p8_fixed1024_cert1_validschema,474,1,Intermediate Algebra,True,True,True,True,1280,40,10,1320,False,False,stage7_conservative_v0
qwen_simple32,consec_p8_fixed1024_cert1_validschema,475,5,Counting & Probability,True,True,False,,3072,158,24,3230,False,False,stage7_conservative_v0
qwen_simple32,consec_p8_fixed1024_cert1_validschema,476,2,Prealgebra,True,True,True,True,1536,72,12,1608,False,False,stage7_conservative_v0
qwen_simple32,consec_p8_fixed1024_cert1_validschema,477,3,Number Theory,True,True,True,True,1792,56,14,1848,False,False,stage7_conservative_v0
qwen_simple32,consec_p8_fixed1024_cert1_validschema,478,5,Intermediate Algebra,False,False,True,False,1024,32,8,1056,False,False,stage7_conservative_v0
qwen_simple32,consec_p8_fixed1024_cert1_validschema,479,5,Number Theory,True,True,True,True,1280,40,10,1320,False,False,stage7_conservative_v0
qwen_simple32,consec_p8_fixed1024_cert1_validschema,480,2,Precalculus,True,True,True,True,1024,41,8,1065,False,False,stage7_conservative_v0
qwen_simple32,consec_p8_fixed1024_cert1_validschema,481,5,Intermediate Algebra,False,False,False,,3072,652,24,3724,False,False,stage7_conservative_v0
qwen_simple32,consec_p8_fixed1024_cert1_validschema,482,5,Number Theory,True,True,True,True,2304,103,18,2407,False,False,stage7_conservative_v0
qwen_simple32,consec_p8_fixed1024_cert1_validschema,483,3,Precalculus,True,True,False,,3072,146,24,3218,False,False,stage7_conservative_v0
qwen_simple32,consec_p8_fixed1024_cert1_validschema,484,3,Intermediate Algebra,True,True,True,True,1664,63,13,1727,False,False,stage7_conservative_v0
qwen_simple32,consec_p8_fixed1024_cert1_validschema,485,2,Counting & Probability,True,True,False,,3072,120,24,3192,False,False,stage7_conservative_v0
qwen_simple32,consec_p8_fixed1024_cert1_validschema,486,3,Geometry,True,True,True,True,1024,48,8,1072,False,False,stage7_conservative_v0
qwen_simple32,consec_p8_fixed1024_cert1_validschema,487,1,Number Theory,True,True,True,True,1280,41,10,1321,False,False,stage7_conservative_v0
qwen_simple32,consec_p8_fixed1024_cert1_validschema,488,5,Prealgebra,True,True,True,True,1024,40,8,1064,False,False,stage7_conservative_v0
qwen_simple32,consec_p8_fixed1024_cert1_validschema,489,3,Intermediate Algebra,True,True,True,True,2048,96,16,2144,False,False,stage7_conservative_v0
qwen_simple32,consec_p8_fixed1024_cert1_validschema,490,5,Intermediate Algebra,True,True,False,,3072,133,24,3205,False,False,stage7_conservative_v0
qwen_simple32,consec_p8_fixed1024_cert1_validschema,491,5,Prealgebra,True,True,True,True,2176,144,17,2320,False,False,stage7_conservative_v0
qwen_simple32,consec_p8_fixed1024_cert1_validschema,492,3,Precalculus,True,True,True,True,1152,78,9,1230,False,False,stage7_conservative_v0
qwen_simple32,consec_p8_fixed1024_cert1_validschema,493,5,Algebra,True,True,False,,3072,194,24,3266,False,False,stage7_conservative_v0
qwen_simple32,consec_p8_fixed1024_cert1_validschema,494,5,Intermediate Algebra,False,False,False,,3072,115,24,3187,False,False,stage7_conservative_v0
qwen_simple32,consec_p8_fixed1024_cert1_validschema,495,4,Intermediate Algebra,False,False,False,,3072,481,24,3553,False,False,stage7_conservative_v0
qwen_simple32,consec_p8_fixed1024_cert1_validschema,496,3,Intermediate Algebra,False,False,False,,3072,148,24,3220,False,False,stage7_conservative_v0
qwen_simple32,consec_p8_fixed1024_cert1_validschema,497,5,Geometry,False,False,True,False,2688,94,21,2782,False,False,stage7_conservative_v0
qwen_simple32,consec_p8_fixed1024_cert1_validschema,498,5,Intermediate Algebra,False,True,True,False,1536,65,12,1601,True,False,stage7_conservative_v0
qwen_simple32,consec_p8_fixed1024_cert1_validschema,499,4,Geometry,True,True,True,True,2560,136,20,2696,False,False,stage7_conservative_v0
qwen_simple32,consec_p6_fixed1024_cert0_validschema,0,2,Precalculus,True,True,False,,2338,157,18,2495,False,False,stage7_balanced_v0
qwen_simple32,consec_p6_fixed1024_cert0_validschema,1,5,Intermediate Algebra,True,True,True,True,1664,122,13,1786,False,False,stage7_balanced_v0
qwen_simple32,consec_p6_fixed1024_cert0_validschema,2,3,Algebra,True,True,False,,3072,134,24,3206,False,False,stage7_balanced_v0
qwen_simple32,consec_p6_fixed1024_cert0_validschema,3,3,Number Theory,True,True,True,True,1024,32,8,1056,False,False,stage7_balanced_v0
qwen_simple32,consec_p6_fixed1024_cert0_validschema,4,2,Algebra,False,True,True,False,1024,40,8,1064,True,False,stage7_balanced_v0
qwen_simple32,consec_p6_fixed1024_cert0_validschema,5,2,Prealgebra,True,True,True,True,1024,40,8,1064,False,False,stage7_balanced_v0
qwen_simple32,consec_p6_fixed1024_cert0_validschema,6,3,Number Theory,True,True,True,True,1152,46,9,1198,False,False,stage7_balanced_v0
qwen_simple32,consec_p6_fixed1024_cert0_validschema,7,4,Precalculus,False,False,True,False,1024,44,8,1068,False,False,stage7_balanced_v0
qwen_simple32,consec_p6_fixed1024_cert0_validschema,8,3,Algebra,True,True,True,True,1152,75,9,1227,False,False,stage7_balanced_v0
qwen_simple32,consec_p6_fixed1024_cert0_validschema,9,5,Prealgebra,True,True,True,True,2944,106,23,3050,False,False,stage7_balanced_v0
qwen_simple32,consec_p6_fixed1024_cert0_validschema,10,3,Number Theory,True,True,True,True,1024,56,8,1080,False,False,stage7_balanced_v0
qwen_simple32,consec_p6_fixed1024_cert0_validschema,11,5,Intermediate Algebra,False,False,True,False,1024,32,8,1056,False,False,stage7_balanced_v0
qwen_simple32,consec_p6_fixed1024_cert0_validschema,12,5,Number Theory,True,True,True,True,2432,114,19,2546,False,False,stage7_balanced_v0
qwen_simple32,consec_p6_fixed1024_cert0_validschema,13,2,Geometry,True,True,False,,799,24,6,823,False,False,stage7_balanced_v0
qwen_simple32,consec_p6_fixed1024_cert0_validschema,14,1,Precalculus,True,False,True,True,2304,129,18,2433,False,True,stage7_balanced_v0
qwen_simple32,consec_p6_fixed1024_cert0_validschema,15,5,Precalculus,True,True,True,True,1664,187,13,1851,False,False,stage7_balanced_v0
qwen_simple32,consec_p6_fixed1024_cert0_validschema,16,1,Intermediate Algebra,True,True,False,,3072,137,24,3209,False,False,stage7_balanced_v0
qwen_simple32,consec_p6_fixed1024_cert0_validschema,17,4,Precalculus,False,False,True,False,1024,32,8,1056,False,False,stage7_balanced_v0
qwen_simple32,consec_p6_fixed1024_cert0_validschema,18,1,Geometry,False,False,True,False,1024,40,8,1064,False,False,stage7_balanced_v0
qwen_simple32,consec_p6_fixed1024_cert0_validschema,19,3,Intermediate Algebra,False,True,True,False,1024,36,8,1060,True,False,stage7_balanced_v0
qwen_simple32,consec_p6_fixed1024_cert0_validschema,20,3,Algebra,True,True,True,True,1024,65,8,1089,False,False,stage7_balanced_v0
qwen_simple32,consec_p6_fixed1024_cert0_validschema,21,3,Intermediate Algebra,True,True,True,True,2048,128,16,2176,False,False,stage7_balanced_v0
qwen_simple32,consec_p6_fixed1024_cert0_validschema,22,5,Algebra,True,True,True,True,1536,66,12,1602,False,False,stage7_balanced_v0
qwen_simple32,consec_p6_fixed1024_cert0_validschema,23,5,Algebra,True,True,True,True,1536,48,12,1584,False,False,stage7_balanced_v0
qwen_simple32,consec_p6_fixed1024_cert0_validschema,24,5,Algebra,True,True,True,True,1280,52,10,1332,False,False,stage7_balanced_v0
qwen_simple32,consec_p6_fixed1024_cert0_validschema,25,5,Intermediate Algebra,False,False,True,False,2432,188,19,2620,False,False,stage7_balanced_v0
qwen_simple32,consec_p6_fixed1024_cert0_validschema,26,5,Counting & Probability,True,True,True,True,1152,54,9,1206,False,False,stage7_balanced_v0
qwen_simple32,consec_p6_fixed1024_cert0_validschema,27,2,Prealgebra,True,True,True,True,1280,50,10,1330,False,False,stage7_balanced_v0
qwen_simple32,consec_p6_fixed1024_cert0_validschema,28,2,Precalculus,True,True,True,True,1152,77,9,1229,False,False,stage7_balanced_v0
qwen_simple32,consec_p6_fixed1024_cert0_validschema,29,2,Counting & Probability,True,True,True,True,1792,84,14,1876,False,False,stage7_balanced_v0
qwen_simple32,consec_p6_fixed1024_cert0_validschema,30,3,Number Theory,True,False,True,True,2560,136,20,2696,False,True,stage7_balanced_v0
qwen_simple32,consec_p6_fixed1024_cert0_validschema,31,4,Prealgebra,True,True,True,True,1024,72,8,1096,False,False,stage7_balanced_v0
qwen_simple32,consec_p6_fixed1024_cert0_validschema,32,4,Counting & Probability,True,True,True,True,1024,52,8,1076,False,False,stage7_balanced_v0
qwen_simple32,consec_p6_fixed1024_cert0_validschema,33,4,Algebra,False,False,False,,3072,220,24,3292,False,False,stage7_balanced_v0
qwen_simple32,consec_p6_fixed1024_cert0_validschema,34,4,Counting & Probability,True,False,True,True,2944,193,23,3137,False,True,stage7_balanced_v0
qwen_simple32,consec_p6_fixed1024_cert0_validschema,35,2,Number Theory,True,True,True,True,1152,36,9,1188,False,False,stage7_balanced_v0
qwen_simple32,consec_p6_fixed1024_cert0_validschema,36,2,Intermediate Algebra,False,False,True,False,2432,137,19,2569,False,False,stage7_balanced_v0
qwen_simple32,consec_p6_fixed1024_cert0_validschema,37,3,Geometry,True,True,True,True,1024,40,8,1064,False,False,stage7_balanced_v0
qwen_simple32,consec_p6_fixed1024_cert0_validschema,38,1,Algebra,True,True,True,True,1024,56,8,1080,False,False,stage7_balanced_v0
qwen_simple32,consec_p6_fixed1024_cert0_validschema,39,3,Number Theory,True,True,True,True,1792,73,14,1865,False,False,stage7_balanced_v0
qwen_simple32,consec_p6_fixed1024_cert0_validschema,40,2,Prealgebra,True,True,True,True,1024,40,8,1064,False,False,stage7_balanced_v0
qwen_simple32,consec_p6_fixed1024_cert0_validschema,41,4,Geometry,True,True,True,True,2432,113,19,2545,False,False,stage7_balanced_v0
qwen_simple32,consec_p6_fixed1024_cert0_validschema,42,2,Algebra,True,True,True,True,1024,32,8,1056,False,False,stage7_balanced_v0
qwen_simple32,consec_p6_fixed1024_cert0_validschema,43,5,Intermediate Algebra,False,False,True,False,2048,96,16,2144,False,False,stage7_balanced_v0
qwen_simple32,consec_p6_fixed1024_cert0_validschema,44,5,Prealgebra,True,True,True,True,1024,56,8,1080,False,False,stage7_balanced_v0
qwen_simple32,consec_p6_fixed1024_cert0_validschema,45,3,Geometry,True,True,True,True,1024,32,8,1056,False,False,stage7_balanced_v0
qwen_simple32,consec_p6_fixed1024_cert0_validschema,46,2,Precalculus,False,True,True,False,1024,40,8,1064,True,False,stage7_balanced_v0
qwen_simple32,consec_p6_fixed1024_cert0_validschema,47,5,Algebra,True,True,True,True,1024,32,8,1056,False,False,stage7_balanced_v0
qwen_simple32,consec_p6_fixed1024_cert0_validschema,48,2,Algebra,True,True,True,True,1024,76,8,1100,False,False,stage7_balanced_v0
qwen_simple32,consec_p6_fixed1024_cert0_validschema,49,4,Prealgebra,True,True,True,True,1152,45,9,1197,False,False,stage7_balanced_v0
qwen_simple32,consec_p6_fixed1024_cert0_validschema,50,5,Number Theory,True,True,True,True,2688,130,21,2818,False,False,stage7_balanced_v0
qwen_simple32,consec_p6_fixed1024_cert0_validschema,51,2,Intermediate Algebra,True,False,True,True,2944,293,23,3237,False,True,stage7_balanced_v0
qwen_simple32,consec_p6_fixed1024_cert0_validschema,52,5,Prealgebra,True,True,True,True,1792,73,14,1865,False,False,stage7_balanced_v0
qwen_simple32,consec_p6_fixed1024_cert0_validschema,53,2,Precalculus,True,True,True,True,1024,89,8,1113,False,False,stage7_balanced_v0
qwen_simple32,consec_p6_fixed1024_cert0_validschema,54,2,Prealgebra,True,True,True,True,1024,56,8,1080,False,False,stage7_balanced_v0
qwen_simple32,consec_p6_fixed1024_cert0_validschema,55,4,Algebra,True,True,True,True,1024,32,8,1056,False,False,stage7_balanced_v0
qwen_simple32,consec_p6_fixed1024_cert0_validschema,56,3,Algebra,True,True,True,True,1024,40,8,1064,False,False,stage7_balanced_v0
qwen_simple32,consec_p6_fixed1024_cert0_validschema,57,2,Intermediate Algebra,True,True,True,True,1024,45,8,1069,False,False,stage7_balanced_v0
qwen_simple32,consec_p6_fixed1024_cert0_validschema,58,1,Algebra,True,True,True,True,1024,56,8,1080,False,False,stage7_balanced_v0
qwen_simple32,consec_p6_fixed1024_cert0_validschema,59,2,Prealgebra,True,True,True,True,1152,38,9,1190,False,False,stage7_balanced_v0
qwen_simple32,consec_p6_fixed1024_cert0_validschema,60,5,Intermediate Algebra,False,False,False,,3072,398,24,3470,False,False,stage7_balanced_v0
qwen_simple32,consec_p6_fixed1024_cert0_validschema,61,3,Intermediate Algebra,False,True,True,False,2816,158,22,2974,True,False,stage7_balanced_v0
qwen_simple32,consec_p6_fixed1024_cert0_validschema,62,5,Precalculus,True,True,True,True,1920,80,15,2000,False,False,stage7_balanced_v0
qwen_simple32,consec_p6_fixed1024_cert0_validschema,63,5,Intermediate Algebra,True,True,True,True,2304,174,18,2478,False,False,stage7_balanced_v0
qwen_simple32,consec_p6_fixed1024_cert0_validschema,64,4,Precalculus,False,False,True,False,1024,32,8,1056,False,False,stage7_balanced_v0
qwen_simple32,consec_p6_fixed1024_cert0_validschema,65,1,Prealgebra,True,True,True,True,1024,32,8,1056,False,False,stage7_balanced_v0
qwen_simple32,consec_p6_fixed1024_cert0_validschema,66,3,Algebra,True,True,False,,2795,205,21,3000,False,False,stage7_balanced_v0
qwen_simple32,consec_p6_fixed1024_cert0_validschema,67,4,Prealgebra,True,True,True,True,1536,66,12,1602,False,False,stage7_balanced_v0
qwen_simple32,consec_p6_fixed1024_cert0_validschema,68,4,Precalculus,True,True,True,True,1280,50,10,1330,False,False,stage7_balanced_v0
qwen_simple32,consec_p6_fixed1024_cert0_validschema,69,4,Intermediate Algebra,True,True,True,True,1280,79,10,1359,False,False,stage7_balanced_v0
qwen_simple32,consec_p6_fixed1024_cert0_validschema,70,2,Number Theory,True,True,True,True,1024,56,8,1080,False,False,stage7_balanced_v0
qwen_simple32,consec_p6_fixed1024_cert0_validschema,71,4,Number Theory,False,False,True,False,2176,130,17,2306,False,False,stage7_balanced_v0
qwen_simple32,consec_p6_fixed1024_cert0_validschema,72,2,Geometry,True,True,True,True,1024,32,8,1056,False,False,stage7_balanced_v0
qwen_simple32,consec_p6_fixed1024_cert0_validschema,73,4,Algebra,True,True,True,True,1024,118,8,1142,False,False,stage7_balanced_v0
qwen_simple32,consec_p6_fixed1024_cert0_validschema,74,2,Precalculus,True,True,False,,2752,186,21,2938,False,False,stage7_balanced_v0
qwen_simple32,consec_p6_fixed1024_cert0_validschema,75,4,Counting & Probability,False,False,True,False,1408,77,11,1485,False,False,stage7_balanced_v0
qwen_simple32,consec_p6_fixed1024_cert0_validschema,76,2,Intermediate Algebra,True,True,True,True,1024,32,8,1056,False,False,stage7_balanced_v0
qwen_simple32,consec_p6_fixed1024_cert0_validschema,77,1,Algebra,True,True,True,True,1024,32,8,1056,False,False,stage7_balanced_v0
qwen_simple32,consec_p6_fixed1024_cert0_validschema,78,4,Intermediate Algebra,True,True,True,True,1792,115,14,1907,False,False,stage7_balanced_v0
qwen_simple32,consec_p6_fixed1024_cert0_validschema,79,1,Prealgebra,True,True,True,True,1024,32,8,1056,False,False,stage7_balanced_v0
qwen_simple32,consec_p6_fixed1024_cert0_validschema,80,5,Intermediate Algebra,False,False,False,,3072,143,24,3215,False,False,stage7_balanced_v0
qwen_simple32,consec_p6_fixed1024_cert0_validschema,81,3,Algebra,True,True,True,True,1152,46,9,1198,False,False,stage7_balanced_v0
qwen_simple32,consec_p6_fixed1024_cert0_validschema,82,5,Algebra,False,False,True,False,1152,36,9,1188,False,False,stage7_balanced_v0
qwen_simple32,consec_p6_fixed1024_cert0_validschema,83,2,Intermediate Algebra,True,True,True,True,1024,32,8,1056,False,False,stage7_balanced_v0
qwen_simple32,consec_p6_fixed1024_cert0_validschema,84,4,Algebra,True,True,False,,3072,222,24,3294,False,False,stage7_balanced_v0
qwen_simple32,consec_p6_fixed1024_cert0_validschema,85,4,Geometry,True,True,False,,1700,89,13,1789,False,False,stage7_balanced_v0
qwen_simple32,consec_p6_fixed1024_cert0_validschema,86,1,Prealgebra,True,True,True,True,1024,48,8,1072,False,False,stage7_balanced_v0
qwen_simple32,consec_p6_fixed1024_cert0_validschema,87,1,Algebra,True,True,True,True,1024,32,8,1056,False,False,stage7_balanced_v0
qwen_simple32,consec_p6_fixed1024_cert0_validschema,88,5,Algebra,True,True,True,True,1024,32,8,1056,False,False,stage7_balanced_v0
qwen_simple32,consec_p6_fixed1024_cert0_validschema,89,4,Number Theory,True,True,True,True,1408,55,11,1463,False,False,stage7_balanced_v0
qwen_simple32,consec_p6_fixed1024_cert0_validschema,90,3,Prealgebra,True,True,False,,1673,90,13,1763,False,False,stage7_balanced_v0
qwen_simple32,consec_p6_fixed1024_cert0_validschema,91,3,Algebra,True,True,True,True,1024,32,8,1056,False,False,stage7_balanced_v0
qwen_simple32,consec_p6_fixed1024_cert0_validschema,92,4,Counting & Probability,True,True,False,,3072,264,24,3336,False,False,stage7_balanced_v0
qwen_simple32,consec_p6_fixed1024_cert0_validschema,93,4,Algebra,True,True,True,True,1280,53,10,1333,False,False,stage7_balanced_v0
qwen_simple32,consec_p6_fixed1024_cert0_validschema,94,5,Prealgebra,True,True,True,True,1024,40,8,1064,False,False,stage7_balanced_v0
qwen_simple32,consec_p6_fixed1024_cert0_validschema,95,2,Precalculus,True,True,True,True,1280,56,10,1336,False,False,stage7_balanced_v0
qwen_simple32,consec_p6_fixed1024_cert0_validschema,96,5,Intermediate Algebra,False,False,False,,3072,186,24,3258,False,False,stage7_balanced_v0
qwen_simple32,consec_p6_fixed1024_cert0_validschema,97,1,Prealgebra,False,False,True,False,1024,32,8,1056,False,False,stage7_balanced_v0
qwen_simple32,consec_p6_fixed1024_cert0_validschema,98,2,Prealgebra,True,True,True,True,1024,64,8,1088,False,False,stage7_balanced_v0
qwen_simple32,consec_p6_fixed1024_cert0_validschema,99,3,Precalculus,False,False,False,,3072,623,24,3695,False,False,stage7_balanced_v0
qwen_simple32,consec_p6_fixed1024_cert0_validschema,100,5,Geometry,False,False,True,False,1920,76,15,1996,False,False,stage7_balanced_v0
qwen_simple32,consec_p6_fixed1024_cert0_validschema,101,5,Intermediate Algebra,False,False,False,,3072,150,24,3222,False,False,stage7_balanced_v0
qwen_simple32,consec_p6_fixed1024_cert0_validschema,102,1,Intermediate Algebra,True,True,False,,1367,144,10,1511,False,False,stage7_balanced_v0
qwen_simple32,consec_p6_fixed1024_cert0_validschema,103,5,Intermediate Algebra,False,False,False,,3072,172,24,3244,False,False,stage7_balanced_v0
qwen_simple32,consec_p6_fixed1024_cert0_validschema,104,4,Intermediate Algebra,False,False,False,,3072,138,24,3210,False,False,stage7_balanced_v0
qwen_simple32,consec_p6_fixed1024_cert0_validschema,105,3,Prealgebra,True,True,True,True,1024,40,8,1064,False,False,stage7_balanced_v0
qwen_simple32,consec_p6_fixed1024_cert0_validschema,106,2,Intermediate Algebra,True,True,True,True,1024,54,8,1078,False,False,stage7_balanced_v0
qwen_simple32,consec_p6_fixed1024_cert0_validschema,107,2,Number Theory,True,True,True,True,1152,39,9,1191,False,False,stage7_balanced_v0
qwen_simple32,consec_p6_fixed1024_cert0_validschema,108,3,Intermediate Algebra,True,True,True,True,1024,32,8,1056,False,False,stage7_balanced_v0
qwen_simple32,consec_p6_fixed1024_cert0_validschema,109,5,Precalculus,False,True,True,False,1152,45,9,1197,True,False,stage7_balanced_v0
qwen_simple32,consec_p6_fixed1024_cert0_validschema,110,4,Intermediate Algebra,False,False,False,,3072,147,24,3219,False,False,stage7_balanced_v0
qwen_simple32,consec_p6_fixed1024_cert0_validschema,111,3,Counting & Probability,True,True,True,True,1280,60,10,1340,False,False,stage7_balanced_v0
qwen_simple32,consec_p6_fixed1024_cert0_validschema,112,4,Algebra,True,True,True,True,1536,103,12,1639,False,False,stage7_balanced_v0
qwen_simple32,consec_p6_fixed1024_cert0_validschema,113,2,Algebra,True,True,True,True,1152,63,9,1215,False,False,stage7_balanced_v0
qwen_simple32,consec_p6_fixed1024_cert0_validschema,114,3,Intermediate Algebra,True,True,False,,2584,132,20,2716,False,False,stage7_balanced_v0
qwen_simple32,consec_p6_fixed1024_cert0_validschema,115,2,Counting & Probability,True,True,True,True,1024,55,8,1079,False,False,stage7_balanced_v0
qwen_simple32,consec_p6_fixed1024_cert0_validschema,116,2,Algebra,True,True,True,True,1024,32,8,1056,False,False,stage7_balanced_v0
qwen_simple32,consec_p6_fixed1024_cert0_validschema,117,2,Algebra,True,True,True,True,1024,32,8,1056,False,False,stage7_balanced_v0
qwen_simple32,consec_p6_fixed1024_cert0_validschema,118,5,Intermediate Algebra,True,True,True,True,1024,40,8,1064,False,False,stage7_balanced_v0
qwen_simple32,consec_p6_fixed1024_cert0_validschema,119,3,Prealgebra,True,False,True,True,1920,68,15,1988,False,True,stage7_balanced_v0
qwen_simple32,consec_p6_fixed1024_cert0_validschema,120,2,Intermediate Algebra,True,True,True,True,3072,124,24,3196,False,False,stage7_balanced_v0
qwen_simple32,consec_p6_fixed1024_cert0_validschema,121,2,Prealgebra,True,True,True,True,1024,32,8,1056,False,False,stage7_balanced_v0
qwen_simple32,consec_p6_fixed1024_cert0_validschema,122,3,Algebra,True,True,True,True,1024,35,8,1059,False,False,stage7_balanced_v0
qwen_simple32,consec_p6_fixed1024_cert0_validschema,123,4,Geometry,True,True,True,True,1792,56,14,1848,False,False,stage7_balanced_v0
qwen_simple32,consec_p6_fixed1024_cert0_validschema,124,4,Algebra,True,False,True,True,1664,70,13,1734,False,True,stage7_balanced_v0
qwen_simple32,consec_p6_fixed1024_cert0_validschema,125,4,Algebra,True,True,True,True,1408,56,11,1464,False,False,stage7_balanced_v0
qwen_simple32,consec_p6_fixed1024_cert0_validschema,126,4,Intermediate Algebra,False,False,True,False,1408,114,11,1522,False,False,stage7_balanced_v0
qwen_simple32,consec_p6_fixed1024_cert0_validschema,127,3,Number Theory,True,True,True,True,1536,96,12,1632,False,False,stage7_balanced_v0
qwen_simple32,consec_p6_fixed1024_cert0_validschema,128,3,Algebra,True,False,True,True,1664,65,13,1729,False,True,stage7_balanced_v0
qwen_simple32,consec_p6_fixed1024_cert0_validschema,129,5,Geometry,False,False,False,,3072,207,24,3279,False,False,stage7_balanced_v0
qwen_simple32,consec_p6_fixed1024_cert0_validschema,130,4,Number Theory,True,True,True,True,2048,70,16,2118,False,False,stage7_balanced_v0
qwen_simple32,consec_p6_fixed1024_cert0_validschema,131,4,Algebra,True,True,True,True,1280,44,10,1324,False,False,stage7_balanced_v0
qwen_simple32,consec_p6_fixed1024_cert0_validschema,132,3,Prealgebra,True,True,True,True,1024,32,8,1056,False,False,stage7_balanced_v0
qwen_simple32,consec_p6_fixed1024_cert0_validschema,133,3,Prealgebra,True,True,True,True,1024,48,8,1072,False,False,stage7_balanced_v0
qwen_simple32,consec_p6_fixed1024_cert0_validschema,134,4,Intermediate Algebra,False,True,True,False,1024,106,8,1130,True,False,stage7_balanced_v0
qwen_simple32,consec_p6_fixed1024_cert0_validschema,135,5,Prealgebra,True,True,True,True,1024,32,8,1056,False,False,stage7_balanced_v0
qwen_simple32,consec_p6_fixed1024_cert0_validschema,136,5,Intermediate Algebra,True,True,True,True,1152,72,9,1224,False,False,stage7_balanced_v0
qwen_simple32,consec_p6_fixed1024_cert0_validschema,137,4,Number Theory,True,True,True,True,1024,60,8,1084,False,False,stage7_balanced_v0
qwen_simple32,consec_p6_fixed1024_cert0_validschema,138,4,Counting & Probability,False,False,False,,3072,122,24,3194,False,False,stage7_balanced_v0
qwen_simple32,consec_p6_fixed1024_cert0_validschema,139,3,Intermediate Algebra,True,True,True,True,1024,32,8,1056,False,False,stage7_balanced_v0
qwen_simple32,consec_p6_fixed1024_cert0_validschema,140,4,Number Theory,True,True,True,True,1024,39,8,1063,False,False,stage7_balanced_v0
qwen_simple32,consec_p6_fixed1024_cert0_validschema,141,1,Number Theory,True,True,True,True,1024,32,8,1056,False,False,stage7_balanced_v0
qwen_simple32,consec_p6_fixed1024_cert0_validschema,142,5,Counting & Probability,True,True,True,True,1664,127,13,1791,False,False,stage7_balanced_v0
qwen_simple32,consec_p6_fixed1024_cert0_validschema,143,3,Precalculus,True,True,True,True,1664,157,13,1821,False,False,stage7_balanced_v0
qwen_simple32,consec_p6_fixed1024_cert0_validschema,144,1,Precalculus,False,True,True,False,1280,88,10,1368,True,False,stage7_balanced_v0
qwen_simple32,consec_p6_fixed1024_cert0_validschema,145,5,Intermediate Algebra,False,False,False,,3072,127,24,3199,False,False,stage7_balanced_v0
qwen_simple32,consec_p6_fixed1024_cert0_validschema,146,3,Algebra,True,True,True,True,1024,107,8,1131,False,False,stage7_balanced_v0
qwen_simple32,consec_p6_fixed1024_cert0_validschema,147,5,Intermediate Algebra,True,True,True,True,2048,79,16,2127,False,False,stage7_balanced_v0
qwen_simple32,consec_p6_fixed1024_cert0_validschema,148,1,Algebra,True,True,True,True,1024,40,8,1064,False,False,stage7_balanced_v0
qwen_simple32,consec_p6_fixed1024_cert0_validschema,149,2,Number Theory,True,True,True,True,1792,67,14,1859,False,False,stage7_balanced_v0
qwen_simple32,consec_p6_fixed1024_cert0_validschema,150,5,Intermediate Algebra,True,True,True,True,2304,72,18,2376,False,False,stage7_balanced_v0
qwen_simple32,consec_p6_fixed1024_cert0_validschema,151,5,Precalculus,True,True,True,True,1152,52,9,1204,False,False,stage7_balanced_v0
qwen_simple32,consec_p6_fixed1024_cert0_validschema,152,5,Geometry,False,True,True,False,1024,40,8,1064,True,False,stage7_balanced_v0
qwen_simple32,consec_p6_fixed1024_cert0_validschema,153,4,Counting & Probability,False,False,True,False,1152,36,9,1188,False,False,stage7_balanced_v0
qwen_simple32,consec_p6_fixed1024_cert0_validschema,154,5,Geometry,False,False,True,False,3072,128,24,3200,False,False,stage7_balanced_v0
qwen_simple32,consec_p6_fixed1024_cert0_validschema,155,4,Counting & Probability,False,False,True,False,1280,48,10,1328,False,False,stage7_balanced_v0
qwen_simple32,consec_p6_fixed1024_cert0_validschema,156,3,Precalculus,False,False,True,False,1024,42,8,1066,False,False,stage7_balanced_v0
qwen_simple32,consec_p6_fixed1024_cert0_validschema,157,2,Intermediate Algebra,True,True,True,True,3072,150,24,3222,False,False,stage7_balanced_v0
qwen_simple32,consec_p6_fixed1024_cert0_validschema,158,4,Algebra,True,True,True,True,1664,89,13,1753,False,False,stage7_balanced_v0
qwen_simple32,consec_p6_fixed1024_cert0_validschema,159,4,Algebra,True,True,True,True,1920,116,15,2036,False,False,stage7_balanced_v0
qwen_simple32,consec_p6_fixed1024_cert0_validschema,160,2,Number Theory,True,True,True,True,1024,40,8,1064,False,False,stage7_balanced_v0
qwen_simple32,consec_p6_fixed1024_cert0_validschema,161,2,Algebra,True,True,True,True,1024,32,8,1056,False,False,stage7_balanced_v0
qwen_simple32,consec_p6_fixed1024_cert0_validschema,162,5,Prealgebra,False,True,True,False,1920,99,15,2019,True,False,stage7_balanced_v0
qwen_simple32,consec_p6_fixed1024_cert0_validschema,163,5,Algebra,True,False,True,True,1664,113,13,1777,False,True,stage7_balanced_v0
qwen_simple32,consec_p6_fixed1024_cert0_validschema,164,2,Precalculus,True,True,True,True,2176,98,17,2274,False,False,stage7_balanced_v0
qwen_simple32,consec_p6_fixed1024_cert0_validschema,165,4,Prealgebra,True,True,False,,2779,135,21,2914,False,False,stage7_balanced_v0
qwen_simple32,consec_p6_fixed1024_cert0_validschema,166,5,Prealgebra,False,False,False,,3072,210,24,3282,False,False,stage7_balanced_v0
qwen_simple32,consec_p6_fixed1024_cert0_validschema,167,1,Algebra,True,True,True,True,1024,40,8,1064,False,False,stage7_balanced_v0
qwen_simple32,consec_p6_fixed1024_cert0_validschema,168,5,Counting & Probability,False,False,False,,3072,104,24,3176,False,False,stage7_balanced_v0
qwen_simple32,consec_p6_fixed1024_cert0_validschema,169,2,Geometry,True,True,True,True,1024,40,8,1064,False,False,stage7_balanced_v0
qwen_simple32,consec_p6_fixed1024_cert0_validschema,170,5,Algebra,True,True,False,,3072,249,24,3321,False,False,stage7_balanced_v0
qwen_simple32,consec_p6_fixed1024_cert0_validschema,171,1,Prealgebra,True,True,False,,1823,99,14,1922,False,False,stage7_balanced_v0
qwen_simple32,consec_p6_fixed1024_cert0_validschema,172,1,Algebra,True,True,True,True,1024,48,8,1072,False,False,stage7_balanced_v0
qwen_simple32,consec_p6_fixed1024_cert0_validschema,173,5,Algebra,True,True,True,True,2816,88,22,2904,False,False,stage7_balanced_v0
qwen_simple32,consec_p6_fixed1024_cert0_validschema,174,3,Algebra,True,True,True,True,1024,32,8,1056,False,False,stage7_balanced_v0
qwen_simple32,consec_p6_fixed1024_cert0_validschema,175,2,Intermediate Algebra,True,True,True,True,1408,44,11,1452,False,False,stage7_balanced_v0
qwen_simple32,consec_p6_fixed1024_cert0_validschema,176,3,Number Theory,True,True,True,True,1536,149,12,1685,False,False,stage7_balanced_v0
qwen_simple32,consec_p6_fixed1024_cert0_validschema,177,3,Geometry,True,True,False,,3072,153,24,3225,False,False,stage7_balanced_v0
qwen_simple32,consec_p6_fixed1024_cert0_validschema,178,2,Prealgebra,True,True,True,True,1024,40,8,1064,False,False,stage7_balanced_v0
qwen_simple32,consec_p6_fixed1024_cert0_validschema,179,4,Precalculus,True,False,True,True,2048,323,16,2371,False,True,stage7_balanced_v0
qwen_simple32,consec_p6_fixed1024_cert0_validschema,180,3,Prealgebra,True,False,True,True,1408,44,11,1452,False,True,stage7_balanced_v0
qwen_simple32,consec_p6_fixed1024_cert0_validschema,181,3,Algebra,True,False,True,True,1536,125,12,1661,False,True,stage7_balanced_v0
qwen_simple32,consec_p6_fixed1024_cert0_validschema,182,2,Prealgebra,True,True,True,True,1024,56,8,1080,False,False,stage7_balanced_v0
qwen_simple32,consec_p6_fixed1024_cert0_validschema,183,4,Algebra,True,True,True,True,1664,73,13,1737,False,False,stage7_balanced_v0
qwen_simple32,consec_p6_fixed1024_cert0_validschema,184,5,Intermediate Algebra,False,True,True,False,1024,32,8,1056,True,False,stage7_balanced_v0
qwen_simple32,consec_p6_fixed1024_cert0_validschema,185,1,Algebra,True,True,True,True,1024,32,8,1056,False,False,stage7_balanced_v0
qwen_simple32,consec_p6_fixed1024_cert0_validschema,186,4,Number Theory,True,True,True,True,1664,52,13,1716,False,False,stage7_balanced_v0
qwen_simple32,consec_p6_fixed1024_cert0_validschema,187,1,Algebra,True,True,True,True,1152,36,9,1188,False,False,stage7_balanced_v0
qwen_simple32,consec_p6_fixed1024_cert0_validschema,188,5,Algebra,False,True,True,False,1536,48,12,1584,True,False,stage7_balanced_v0
qwen_simple32,consec_p6_fixed1024_cert0_validschema,189,5,Geometry,True,True,False,,3072,206,24,3278,False,False,stage7_balanced_v0
qwen_simple32,consec_p6_fixed1024_cert0_validschema,190,5,Counting & Probability,False,False,False,,3072,196,24,3268,False,False,stage7_balanced_v0
qwen_simple32,consec_p6_fixed1024_cert0_validschema,191,2,Algebra,True,True,True,True,1024,32,8,1056,False,False,stage7_balanced_v0
qwen_simple32,consec_p6_fixed1024_cert0_validschema,192,3,Geometry,True,True,True,True,1664,67,13,1731,False,False,stage7_balanced_v0
qwen_simple32,consec_p6_fixed1024_cert0_validschema,193,3,Intermediate Algebra,True,True,True,True,1024,32,8,1056,False,False,stage7_balanced_v0
qwen_simple32,consec_p6_fixed1024_cert0_validschema,194,5,Intermediate Algebra,True,True,False,,3072,116,24,3188,False,False,stage7_balanced_v0
qwen_simple32,consec_p6_fixed1024_cert0_validschema,195,4,Intermediate Algebra,True,True,True,True,1152,68,9,1220,False,False,stage7_balanced_v0
qwen_simple32,consec_p6_fixed1024_cert0_validschema,196,1,Algebra,True,True,True,True,1408,86,11,1494,False,False,stage7_balanced_v0
qwen_simple32,consec_p6_fixed1024_cert0_validschema,197,5,Number Theory,True,True,True,True,2176,78,17,2254,False,False,stage7_balanced_v0
qwen_simple32,consec_p6_fixed1024_cert0_validschema,198,3,Counting & Probability,True,True,True,True,1024,65,8,1089,False,False,stage7_balanced_v0
qwen_simple32,consec_p6_fixed1024_cert0_validschema,199,2,Prealgebra,True,True,True,True,1024,40,8,1064,False,False,stage7_balanced_v0
qwen_simple32,consec_p6_fixed1024_cert0_validschema,200,4,Prealgebra,True,True,True,True,1152,45,9,1197,False,False,stage7_balanced_v0
qwen_simple32,consec_p6_fixed1024_cert0_validschema,201,4,Number Theory,True,True,True,True,1536,69,12,1605,False,False,stage7_balanced_v0
qwen_simple32,consec_p6_fixed1024_cert0_validschema,202,5,Algebra,True,True,True,True,1152,98,9,1250,False,False,stage7_balanced_v0
qwen_simple32,consec_p6_fixed1024_cert0_validschema,203,3,Intermediate Algebra,True,True,True,True,1408,112,11,1520,False,False,stage7_balanced_v0
qwen_simple32,consec_p6_fixed1024_cert0_validschema,204,5,Intermediate Algebra,False,False,True,False,1024,40,8,1064,False,False,stage7_balanced_v0
qwen_simple32,consec_p6_fixed1024_cert0_validschema,205,3,Precalculus,False,False,False,,3072,386,24,3458,False,False,stage7_balanced_v0
qwen_simple32,consec_p6_fixed1024_cert0_validschema,206,2,Precalculus,True,True,True,True,1152,118,9,1270,False,False,stage7_balanced_v0
qwen_simple32,consec_p6_fixed1024_cert0_validschema,207,2,Counting & Probability,True,True,True,True,1024,40,8,1064,False,False,stage7_balanced_v0
qwen_simple32,consec_p6_fixed1024_cert0_validschema,208,3,Number Theory,True,True,True,True,1024,32,8,1056,False,False,stage7_balanced_v0
qwen_simple32,consec_p6_fixed1024_cert0_validschema,209,2,Number Theory,True,True,True,True,2048,98,16,2146,False,False,stage7_balanced_v0
qwen_simple32,consec_p6_fixed1024_cert0_validschema,210,4,Prealgebra,True,True,True,True,1792,63,14,1855,False,False,stage7_balanced_v0
qwen_simple32,consec_p6_fixed1024_cert0_validschema,211,2,Prealgebra,True,True,True,True,1024,33,8,1057,False,False,stage7_balanced_v0
qwen_simple32,consec_p6_fixed1024_cert0_validschema,212,3,Algebra,True,True,True,True,1280,51,10,1331,False,False,stage7_balanced_v0
qwen_simple32,consec_p6_fixed1024_cert0_validschema,213,4,Intermediate Algebra,False,False,True,False,1920,60,15,1980,False,False,stage7_balanced_v0
qwen_simple32,consec_p6_fixed1024_cert0_validschema,214,5,Counting & Probability,False,True,True,False,1408,63,11,1471,True,False,stage7_balanced_v0
qwen_simple32,consec_p6_fixed1024_cert0_validschema,215,4,Algebra,True,True,True,True,1024,32,8,1056,False,False,stage7_balanced_v0
qwen_simple32,consec_p6_fixed1024_cert0_validschema,216,4,Prealgebra,True,True,True,True,1152,38,9,1190,False,False,stage7_balanced_v0
qwen_simple32,consec_p6_fixed1024_cert0_validschema,217,4,Number Theory,True,False,True,True,1280,128,10,1408,False,True,stage7_balanced_v0
qwen_simple32,consec_p6_fixed1024_cert0_validschema,218,2,Algebra,True,True,True,True,1024,64,8,1088,False,False,stage7_balanced_v0
qwen_simple32,consec_p6_fixed1024_cert0_validschema,219,4,Counting & Probability,True,True,False,,3072,145,24,3217,False,False,stage7_balanced_v0
qwen_simple32,consec_p6_fixed1024_cert0_validschema,220,5,Prealgebra,True,True,True,True,1792,92,14,1884,False,False,stage7_balanced_v0
qwen_simple32,consec_p6_fixed1024_cert0_validschema,221,3,Number Theory,True,True,True,True,1664,80,13,1744,False,False,stage7_balanced_v0
qwen_simple32,consec_p6_fixed1024_cert0_validschema,222,4,Geometry,False,False,False,,3072,118,24,3190,False,False,stage7_balanced_v0
qwen_simple32,consec_p6_fixed1024_cert0_validschema,223,3,Number Theory,True,True,True,True,2176,182,17,2358,False,False,stage7_balanced_v0
qwen_simple32,consec_p6_fixed1024_cert0_validschema,224,4,Precalculus,False,False,False,,3072,237,24,3309,False,False,stage7_balanced_v0
qwen_simple32,consec_p6_fixed1024_cert0_validschema,225,3,Algebra,True,True,True,True,1280,47,10,1327,False,False,stage7_balanced_v0
qwen_simple32,consec_p6_fixed1024_cert0_validschema,226,3,Counting & Probability,True,True,True,True,1024,32,8,1056,False,False,stage7_balanced_v0
qwen_simple32,consec_p6_fixed1024_cert0_validschema,227,3,Precalculus,True,True,False,,1360,40,10,1400,False,False,stage7_balanced_v0
qwen_simple32,consec_p6_fixed1024_cert0_validschema,228,4,Precalculus,False,False,False,,3072,233,24,3305,False,False,stage7_balanced_v0
qwen_simple32,consec_p6_fixed1024_cert0_validschema,229,4,Prealgebra,True,True,True,True,1024,40,8,1064,False,False,stage7_balanced_v0
qwen_simple32,consec_p6_fixed1024_cert0_validschema,230,4,Intermediate Algebra,False,False,True,False,2688,92,21,2780,False,False,stage7_balanced_v0
qwen_simple32,consec_p6_fixed1024_cert0_validschema,231,4,Algebra,True,True,True,True,1280,47,10,1327,False,False,stage7_balanced_v0
qwen_simple32,consec_p6_fixed1024_cert0_validschema,232,5,Intermediate Algebra,False,False,True,False,1280,49,10,1329,False,False,stage7_balanced_v0
qwen_simple32,consec_p6_fixed1024_cert0_validschema,233,2,Precalculus,True,True,True,True,1024,41,8,1065,False,False,stage7_balanced_v0
qwen_simple32,consec_p6_fixed1024_cert0_validschema,234,3,Intermediate Algebra,True,True,True,True,1152,56,9,1208,False,False,stage7_balanced_v0
qwen_simple32,consec_p6_fixed1024_cert0_validschema,235,4,Prealgebra,False,True,True,False,1152,58,9,1210,True,False,stage7_balanced_v0
qwen_simple32,consec_p6_fixed1024_cert0_validschema,236,4,Precalculus,False,False,False,,3072,147,24,3219,False,False,stage7_balanced_v0
qwen_simple32,consec_p6_fixed1024_cert0_validschema,237,1,Intermediate Algebra,True,True,True,True,1280,50,10,1330,False,False,stage7_balanced_v0
qwen_simple32,consec_p6_fixed1024_cert0_validschema,238,5,Algebra,False,False,False,,3072,117,24,3189,False,False,stage7_balanced_v0
qwen_simple32,consec_p6_fixed1024_cert0_validschema,239,5,Geometry,False,False,False,,3072,120,24,3192,False,False,stage7_balanced_v0
qwen_simple32,consec_p6_fixed1024_cert0_validschema,240,4,Prealgebra,False,False,True,False,2176,85,17,2261,False,False,stage7_balanced_v0
qwen_simple32,consec_p6_fixed1024_cert0_validschema,241,5,Algebra,True,True,True,True,1664,65,13,1729,False,False,stage7_balanced_v0
qwen_simple32,consec_p6_fixed1024_cert0_validschema,242,5,Algebra,True,True,True,True,2432,147,19,2579,False,False,stage7_balanced_v0
qwen_simple32,consec_p6_fixed1024_cert0_validschema,243,2,Geometry,True,True,True,True,1024,32,8,1056,False,False,stage7_balanced_v0
qwen_simple32,consec_p6_fixed1024_cert0_validschema,244,5,Prealgebra,True,True,True,True,1536,48,12,1584,False,False,stage7_balanced_v0
qwen_simple32,consec_p6_fixed1024_cert0_validschema,245,4,Intermediate Algebra,True,False,True,True,2048,115,16,2163,False,True,stage7_balanced_v0
qwen_simple32,consec_p6_fixed1024_cert0_validschema,246,2,Algebra,True,True,True,True,1024,32,8,1056,False,False,stage7_balanced_v0
qwen_simple32,consec_p6_fixed1024_cert0_validschema,247,3,Intermediate Algebra,False,False,True,False,2432,112,19,2544,False,False,stage7_balanced_v0
qwen_simple32,consec_p6_fixed1024_cert0_validschema,248,4,Precalculus,True,False,True,True,2304,403,18,2707,False,True,stage7_balanced_v0
qwen_simple32,consec_p6_fixed1024_cert0_validschema,249,4,Number Theory,True,True,True,True,1792,68,14,1860,False,False,stage7_balanced_v0
qwen_simple32,consec_p6_fixed1024_cert0_validschema,250,4,Algebra,True,True,True,True,1152,58,9,1210,False,False,stage7_balanced_v0
qwen_simple32,consec_p6_fixed1024_cert0_validschema,251,5,Counting & Probability,True,True,True,True,1024,48,8,1072,False,False,stage7_balanced_v0
qwen_simple32,consec_p6_fixed1024_cert0_validschema,252,5,Algebra,True,True,True,True,1152,57,9,1209,False,False,stage7_balanced_v0
qwen_simple32,consec_p6_fixed1024_cert0_validschema,253,3,Prealgebra,False,True,True,False,1024,38,8,1062,True,False,stage7_balanced_v0
qwen_simple32,consec_p6_fixed1024_cert0_validschema,254,5,Counting & Probability,True,True,True,True,1024,40,8,1064,False,False,stage7_balanced_v0
qwen_simple32,consec_p6_fixed1024_cert0_validschema,255,2,Precalculus,True,True,True,True,1024,32,8,1056,False,False,stage7_balanced_v0
qwen_simple32,consec_p6_fixed1024_cert0_validschema,256,3,Prealgebra,False,True,True,False,1920,101,15,2021,True,False,stage7_balanced_v0
qwen_simple32,consec_p6_fixed1024_cert0_validschema,257,4,Geometry,False,False,True,False,1024,46,8,1070,False,False,stage7_balanced_v0
qwen_simple32,consec_p6_fixed1024_cert0_validschema,258,3,Algebra,True,True,True,True,1280,50,10,1330,False,False,stage7_balanced_v0
qwen_simple32,consec_p6_fixed1024_cert0_validschema,259,1,Intermediate Algebra,True,True,True,True,1024,40,8,1064,False,False,stage7_balanced_v0
qwen_simple32,consec_p6_fixed1024_cert0_validschema,260,3,Precalculus,True,True,True,True,1280,58,10,1338,False,False,stage7_balanced_v0
qwen_simple32,consec_p6_fixed1024_cert0_validschema,261,3,Geometry,True,True,True,True,1024,40,8,1064,False,False,stage7_balanced_v0
qwen_simple32,consec_p6_fixed1024_cert0_validschema,262,1,Prealgebra,True,True,True,True,1024,32,8,1056,False,False,stage7_balanced_v0
qwen_simple32,consec_p6_fixed1024_cert0_validschema,263,4,Geometry,True,True,True,True,1152,45,9,1197,False,False,stage7_balanced_v0
qwen_simple32,consec_p6_fixed1024_cert0_validschema,264,5,Geometry,False,False,False,,3072,240,24,3312,False,False,stage7_balanced_v0
qwen_simple32,consec_p6_fixed1024_cert0_validschema,265,2,Algebra,True,True,True,True,1024,56,8,1080,False,False,stage7_balanced_v0
qwen_simple32,consec_p6_fixed1024_cert0_validschema,266,3,Prealgebra,True,True,True,True,1024,56,8,1080,False,False,stage7_balanced_v0
qwen_simple32,consec_p6_fixed1024_cert0_validschema,267,1,Geometry,True,True,True,True,1536,71,12,1607,False,False,stage7_balanced_v0
qwen_simple32,consec_p6_fixed1024_cert0_validschema,268,1,Number Theory,True,True,True,True,1024,37,8,1061,False,False,stage7_balanced_v0
qwen_simple32,consec_p6_fixed1024_cert0_validschema,269,3,Counting & Probability,True,True,True,True,1024,32,8,1056,False,False,stage7_balanced_v0
qwen_simple32,consec_p6_fixed1024_cert0_validschema,270,1,Algebra,True,True,True,True,1024,40,8,1064,False,False,stage7_balanced_v0
qwen_simple32,consec_p6_fixed1024_cert0_validschema,271,4,Number Theory,True,True,True,True,1664,78,13,1742,False,False,stage7_balanced_v0
qwen_simple32,consec_p6_fixed1024_cert0_validschema,272,4,Number Theory,True,True,True,True,1920,136,15,2056,False,False,stage7_balanced_v0
qwen_simple32,consec_p6_fixed1024_cert0_validschema,273,4,Prealgebra,True,True,True,True,1024,56,8,1080,False,False,stage7_balanced_v0
qwen_simple32,consec_p6_fixed1024_cert0_validschema,274,5,Geometry,True,True,True,True,1280,86,10,1366,False,False,stage7_balanced_v0
qwen_simple32,consec_p6_fixed1024_cert0_validschema,275,2,Algebra,True,True,True,True,1024,32,8,1056,False,False,stage7_balanced_v0
qwen_simple32,consec_p6_fixed1024_cert0_validschema,276,5,Algebra,True,True,True,True,1152,44,9,1196,False,False,stage7_balanced_v0
qwen_simple32,consec_p6_fixed1024_cert0_validschema,277,4,Prealgebra,True,True,False,,2026,95,15,2121,False,False,stage7_balanced_v0
qwen_simple32,consec_p6_fixed1024_cert0_validschema,278,3,Number Theory,True,True,True,True,1024,48,8,1072,False,False,stage7_balanced_v0
qwen_simple32,consec_p6_fixed1024_cert0_validschema,279,5,Prealgebra,True,True,True,True,1792,91,14,1883,False,False,stage7_balanced_v0
qwen_simple32,consec_p6_fixed1024_cert0_validschema,280,4,Number Theory,True,True,True,True,1152,37,9,1189,False,False,stage7_balanced_v0
qwen_simple32,consec_p6_fixed1024_cert0_validschema,281,4,Prealgebra,True,True,True,True,1024,42,8,1066,False,False,stage7_balanced_v0
qwen_simple32,consec_p6_fixed1024_cert0_validschema,282,4,Algebra,True,True,True,True,1664,77,13,1741,False,False,stage7_balanced_v0
qwen_simple32,consec_p6_fixed1024_cert0_validschema,283,3,Prealgebra,True,True,True,True,1024,34,8,1058,False,False,stage7_balanced_v0
qwen_simple32,consec_p6_fixed1024_cert0_validschema,284,5,Precalculus,False,False,False,,3072,333,24,3405,False,False,stage7_balanced_v0
qwen_simple32,consec_p6_fixed1024_cert0_validschema,285,4,Intermediate Algebra,False,False,False,,3072,135,24,3207,False,False,stage7_balanced_v0
qwen_simple32,consec_p6_fixed1024_cert0_validschema,286,5,Intermediate Algebra,False,False,True,False,1792,93,14,1885,False,False,stage7_balanced_v0
qwen_simple32,consec_p6_fixed1024_cert0_validschema,287,5,Number Theory,True,True,True,True,2048,84,16,2132,False,False,stage7_balanced_v0
qwen_simple32,consec_p6_fixed1024_cert0_validschema,288,5,Precalculus,True,True,True,True,2816,270,22,3086,False,False,stage7_balanced_v0
qwen_simple32,consec_p6_fixed1024_cert0_validschema,289,3,Intermediate Algebra,True,True,True,True,1024,40,8,1064,False,False,stage7_balanced_v0
qwen_simple32,consec_p6_fixed1024_cert0_validschema,290,3,Algebra,True,True,True,True,1792,59,14,1851,False,False,stage7_balanced_v0
qwen_simple32,consec_p6_fixed1024_cert0_validschema,291,4,Counting & Probability,True,True,True,True,1280,52,10,1332,False,False,stage7_balanced_v0
qwen_simple32,consec_p6_fixed1024_cert0_validschema,292,4,Intermediate Algebra,False,True,True,False,1024,32,8,1056,True,False,stage7_balanced_v0
qwen_simple32,consec_p6_fixed1024_cert0_validschema,293,5,Algebra,True,True,True,True,1152,168,9,1320,False,False,stage7_balanced_v0
qwen_simple32,consec_p6_fixed1024_cert0_validschema,294,4,Number Theory,True,True,True,True,2048,87,16,2135,False,False,stage7_balanced_v0
qwen_simple32,consec_p6_fixed1024_cert0_validschema,295,3,Precalculus,False,True,True,False,2304,106,18,2410,True,False,stage7_balanced_v0
qwen_simple32,consec_p6_fixed1024_cert0_validschema,296,2,Intermediate Algebra,False,True,True,False,1024,32,8,1056,True,False,stage7_balanced_v0
qwen_simple32,consec_p6_fixed1024_cert0_validschema,297,4,Number Theory,True,True,True,True,1408,65,11,1473,False,False,stage7_balanced_v0
qwen_simple32,consec_p6_fixed1024_cert0_validschema,298,4,Precalculus,True,False,True,True,2688,421,21,3109,False,True,stage7_balanced_v0
qwen_simple32,consec_p6_fixed1024_cert0_validschema,299,4,Geometry,True,True,True,True,2432,112,19,2544,False,False,stage7_balanced_v0
qwen_simple32,consec_p6_fixed1024_cert0_validschema,300,4,Counting & Probability,True,True,True,True,1024,40,8,1064,False,False,stage7_balanced_v0
qwen_simple32,consec_p6_fixed1024_cert0_validschema,301,5,Prealgebra,True,True,True,True,2048,93,16,2141,False,False,stage7_balanced_v0
qwen_simple32,consec_p6_fixed1024_cert0_validschema,302,4,Prealgebra,True,False,True,True,1024,32,8,1056,False,True,stage7_balanced_v0
qwen_simple32,consec_p6_fixed1024_cert0_validschema,303,5,Geometry,True,True,True,True,3072,120,24,3192,False,False,stage7_balanced_v0
qwen_simple32,consec_p6_fixed1024_cert0_validschema,304,3,Intermediate Algebra,True,True,True,True,1792,56,14,1848,False,False,stage7_balanced_v0
qwen_simple32,consec_p6_fixed1024_cert0_validschema,305,4,Algebra,True,True,False,,2479,108,19,2587,False,False,stage7_balanced_v0
qwen_simple32,consec_p6_fixed1024_cert0_validschema,306,5,Intermediate Algebra,False,False,True,False,1792,56,14,1848,False,False,stage7_balanced_v0
qwen_simple32,consec_p6_fixed1024_cert0_validschema,307,2,Precalculus,True,True,True,True,1024,80,8,1104,False,False,stage7_balanced_v0
qwen_simple32,consec_p6_fixed1024_cert0_validschema,308,5,Geometry,False,False,False,,3072,186,24,3258,False,False,stage7_balanced_v0
qwen_simple32,consec_p6_fixed1024_cert0_validschema,309,3,Number Theory,False,True,True,False,1792,70,14,1862,True,False,stage7_balanced_v0
qwen_simple32,consec_p6_fixed1024_cert0_validschema,310,2,Algebra,True,True,True,True,1024,39,8,1063,False,False,stage7_balanced_v0
qwen_simple32,consec_p6_fixed1024_cert0_validschema,311,4,Number Theory,True,True,True,True,1536,53,12,1589,False,False,stage7_balanced_v0
qwen_simple32,consec_p6_fixed1024_cert0_validschema,312,1,Intermediate Algebra,True,True,False,,1768,159,13,1927,False,False,stage7_balanced_v0
qwen_simple32,consec_p6_fixed1024_cert0_validschema,313,5,Prealgebra,True,True,True,True,1024,56,8,1080,False,False,stage7_balanced_v0
qwen_simple32,consec_p6_fixed1024_cert0_validschema,314,2,Geometry,False,True,True,False,1920,76,15,1996,True,False,stage7_balanced_v0
qwen_simple32,consec_p6_fixed1024_cert0_validschema,315,4,Algebra,False,True,True,False,1024,40,8,1064,True,False,stage7_balanced_v0
qwen_simple32,consec_p6_fixed1024_cert0_validschema,316,2,Algebra,True,True,True,True,1664,66,13,1730,False,False,stage7_balanced_v0
qwen_simple32,consec_p6_fixed1024_cert0_validschema,317,5,Intermediate Algebra,True,True,True,True,2560,80,20,2640,False,False,stage7_balanced_v0
qwen_simple32,consec_p6_fixed1024_cert0_validschema,318,2,Algebra,True,True,True,True,1536,189,12,1725,False,False,stage7_balanced_v0
qwen_simple32,consec_p6_fixed1024_cert0_validschema,319,3,Algebra,True,True,False,,1860,121,14,1981,False,False,stage7_balanced_v0
qwen_simple32,consec_p6_fixed1024_cert0_validschema,320,5,Geometry,True,False,True,True,2432,165,19,2597,False,True,stage7_balanced_v0
qwen_simple32,consec_p6_fixed1024_cert0_validschema,321,5,Prealgebra,True,True,True,True,1408,59,11,1467,False,False,stage7_balanced_v0
qwen_simple32,consec_p6_fixed1024_cert0_validschema,322,3,Algebra,True,True,True,True,1024,50,8,1074,False,False,stage7_balanced_v0
qwen_simple32,consec_p6_fixed1024_cert0_validschema,323,5,Counting & Probability,True,True,False,,3072,143,24,3215,False,False,stage7_balanced_v0
qwen_simple32,consec_p6_fixed1024_cert0_validschema,324,4,Geometry,False,False,True,False,1024,48,8,1072,False,False,stage7_balanced_v0
qwen_simple32,consec_p6_fixed1024_cert0_validschema,325,2,Geometry,True,True,True,True,1152,39,9,1191,False,False,stage7_balanced_v0
qwen_simple32,consec_p6_fixed1024_cert0_validschema,326,2,Precalculus,True,True,True,True,2176,115,17,2291,False,False,stage7_balanced_v0
qwen_simple32,consec_p6_fixed1024_cert0_validschema,327,5,Intermediate Algebra,False,False,False,,3072,171,24,3243,False,False,stage7_balanced_v0
qwen_simple32,consec_p6_fixed1024_cert0_validschema,328,5,Algebra,True,True,True,True,1664,52,13,1716,False,False,stage7_balanced_v0
qwen_simple32,consec_p6_fixed1024_cert0_validschema,329,4,Prealgebra,True,True,True,True,1024,32,8,1056,False,False,stage7_balanced_v0
qwen_simple32,consec_p6_fixed1024_cert0_validschema,330,5,Counting & Probability,True,True,True,True,1920,128,15,2048,False,False,stage7_balanced_v0
qwen_simple32,consec_p6_fixed1024_cert0_validschema,331,5,Algebra,False,False,False,,3072,187,24,3259,False,False,stage7_balanced_v0
qwen_simple32,consec_p6_fixed1024_cert0_validschema,332,4,Intermediate Algebra,True,False,True,True,1024,32,8,1056,False,True,stage7_balanced_v0
qwen_simple32,consec_p6_fixed1024_cert0_validschema,333,4,Intermediate Algebra,True,True,True,True,1920,60,15,1980,False,False,stage7_balanced_v0
qwen_simple32,consec_p6_fixed1024_cert0_validschema,334,3,Algebra,True,True,False,,2967,188,23,3155,False,False,stage7_balanced_v0
qwen_simple32,consec_p6_fixed1024_cert0_validschema,335,4,Number Theory,True,True,True,True,1920,60,15,1980,False,False,stage7_balanced_v0
qwen_simple32,consec_p6_fixed1024_cert0_validschema,336,1,Algebra,True,True,True,True,1536,121,12,1657,False,False,stage7_balanced_v0
qwen_simple32,consec_p6_fixed1024_cert0_validschema,337,3,Prealgebra,True,True,True,True,1152,36,9,1188,False,False,stage7_balanced_v0
qwen_simple32,consec_p6_fixed1024_cert0_validschema,338,3,Number Theory,False,False,True,False,2048,130,16,2178,False,False,stage7_balanced_v0
qwen_simple32,consec_p6_fixed1024_cert0_validschema,339,3,Intermediate Algebra,True,True,True,True,1024,40,8,1064,False,False,stage7_balanced_v0
qwen_simple32,consec_p6_fixed1024_cert0_validschema,340,3,Precalculus,False,False,True,False,1664,79,13,1743,False,False,stage7_balanced_v0
qwen_simple32,consec_p6_fixed1024_cert0_validschema,341,4,Algebra,False,False,True,False,1280,61,10,1341,False,False,stage7_balanced_v0
qwen_simple32,consec_p6_fixed1024_cert0_validschema,342,3,Prealgebra,True,True,True,True,1024,32,8,1056,False,False,stage7_balanced_v0
qwen_simple32,consec_p6_fixed1024_cert0_validschema,343,2,Counting & Probability,False,True,True,False,1408,101,11,1509,True,False,stage7_balanced_v0
qwen_simple32,consec_p6_fixed1024_cert0_validschema,344,2,Intermediate Algebra,True,True,True,True,1024,32,8,1056,False,False,stage7_balanced_v0
qwen_simple32,consec_p6_fixed1024_cert0_validschema,345,3,Algebra,True,True,True,True,1280,44,10,1324,False,False,stage7_balanced_v0
qwen_simple32,consec_p6_fixed1024_cert0_validschema,346,4,Algebra,True,True,True,True,1792,71,14,1863,False,False,stage7_balanced_v0
qwen_simple32,consec_p6_fixed1024_cert0_validschema,347,3,Algebra,True,True,True,True,1024,123,8,1147,False,False,stage7_balanced_v0
qwen_simple32,consec_p6_fixed1024_cert0_validschema,348,2,Counting & Probability,True,True,True,True,1024,56,8,1080,False,False,stage7_balanced_v0
qwen_simple32,consec_p6_fixed1024_cert0_validschema,349,4,Counting & Probability,False,False,True,False,1536,79,12,1615,False,False,stage7_balanced_v0
qwen_simple32,consec_p6_fixed1024_cert0_validschema,350,2,Number Theory,True,True,True,True,1280,40,10,1320,False,False,stage7_balanced_v0
qwen_simple32,consec_p6_fixed1024_cert0_validschema,351,3,Precalculus,False,True,True,False,1024,32,8,1056,True,False,stage7_balanced_v0
qwen_simple32,consec_p6_fixed1024_cert0_validschema,352,4,Precalculus,True,False,True,True,3072,183,24,3255,False,True,stage7_balanced_v0
qwen_simple32,consec_p6_fixed1024_cert0_validschema,353,4,Counting & Probability,True,True,True,True,1152,63,9,1215,False,False,stage7_balanced_v0
qwen_simple32,consec_p6_fixed1024_cert0_validschema,354,4,Algebra,True,True,True,True,1024,40,8,1064,False,False,stage7_balanced_v0
qwen_simple32,consec_p6_fixed1024_cert0_validschema,355,5,Intermediate Algebra,True,True,True,True,2944,148,23,3092,False,False,stage7_balanced_v0
qwen_simple32,consec_p6_fixed1024_cert0_validschema,356,5,Algebra,True,False,True,True,1664,280,13,1944,False,True,stage7_balanced_v0
qwen_simple32,consec_p6_fixed1024_cert0_validschema,357,5,Prealgebra,True,True,True,True,1536,49,12,1585,False,False,stage7_balanced_v0
qwen_simple32,consec_p6_fixed1024_cert0_validschema,358,2,Intermediate Algebra,True,True,True,True,1280,40,10,1320,False,False,stage7_balanced_v0
qwen_simple32,consec_p6_fixed1024_cert0_validschema,359,4,Intermediate Algebra,True,True,True,True,2304,73,18,2377,False,False,stage7_balanced_v0
qwen_simple32,consec_p6_fixed1024_cert0_validschema,360,3,Precalculus,True,True,True,True,1280,57,10,1337,False,False,stage7_balanced_v0
qwen_simple32,consec_p6_fixed1024_cert0_validschema,361,4,Intermediate Algebra,True,True,True,True,1536,90,12,1626,False,False,stage7_balanced_v0
qwen_simple32,consec_p6_fixed1024_cert0_validschema,362,1,Counting & Probability,False,True,True,False,1024,37,8,1061,True,False,stage7_balanced_v0
qwen_simple32,consec_p6_fixed1024_cert0_validschema,363,2,Algebra,True,True,True,True,1024,32,8,1056,False,False,stage7_balanced_v0
qwen_simple32,consec_p6_fixed1024_cert0_validschema,364,4,Intermediate Algebra,False,False,True,False,1664,158,13,1822,False,False,stage7_balanced_v0
qwen_simple32,consec_p6_fixed1024_cert0_validschema,365,5,Number Theory,False,True,True,False,1152,45,9,1197,True,False,stage7_balanced_v0
qwen_simple32,consec_p6_fixed1024_cert0_validschema,366,4,Number Theory,True,True,True,True,1408,52,11,1460,False,False,stage7_balanced_v0
qwen_simple32,consec_p6_fixed1024_cert0_validschema,367,4,Algebra,True,True,True,True,1024,32,8,1056,False,False,stage7_balanced_v0
qwen_simple32,consec_p6_fixed1024_cert0_validschema,368,2,Geometry,True,True,True,True,1024,40,8,1064,False,False,stage7_balanced_v0
qwen_simple32,consec_p6_fixed1024_cert0_validschema,369,2,Prealgebra,False,True,True,False,2048,88,16,2136,True,False,stage7_balanced_v0
qwen_simple32,consec_p6_fixed1024_cert0_validschema,370,1,Precalculus,True,True,False,,1700,98,13,1798,False,False,stage7_balanced_v0
qwen_simple32,consec_p6_fixed1024_cert0_validschema,371,5,Intermediate Algebra,False,True,True,False,1024,32,8,1056,True,False,stage7_balanced_v0
qwen_simple32,consec_p6_fixed1024_cert0_validschema,372,2,Geometry,False,True,True,False,1280,67,10,1347,True,False,stage7_balanced_v0
qwen_simple32,consec_p6_fixed1024_cert0_validschema,373,5,Algebra,True,True,True,True,1280,120,10,1400,False,False,stage7_balanced_v0
qwen_simple32,consec_p6_fixed1024_cert0_validschema,374,1,Algebra,True,True,True,True,1024,33,8,1057,False,False,stage7_balanced_v0
qwen_simple32,consec_p6_fixed1024_cert0_validschema,375,5,Number Theory,True,True,True,True,1664,75,13,1739,False,False,stage7_balanced_v0
qwen_simple32,consec_p6_fixed1024_cert0_validschema,376,4,Geometry,False,False,True,False,2176,115,17,2291,False,False,stage7_balanced_v0
qwen_simple32,consec_p6_fixed1024_cert0_validschema,377,3,Number Theory,False,True,True,False,1408,44,11,1452,True,False,stage7_balanced_v0
qwen_simple32,consec_p6_fixed1024_cert0_validschema,378,3,Prealgebra,True,True,True,True,1664,53,13,1717,False,False,stage7_balanced_v0
qwen_simple32,consec_p6_fixed1024_cert0_validschema,379,4,Prealgebra,False,False,True,False,2816,207,22,3023,False,False,stage7_balanced_v0
qwen_simple32,consec_p6_fixed1024_cert0_validschema,380,4,Intermediate Algebra,False,False,False,,3072,540,24,3612,False,False,stage7_balanced_v0
qwen_simple32,consec_p6_fixed1024_cert0_validschema,381,5,Counting & Probability,False,False,False,,3072,193,24,3265,False,False,stage7_balanced_v0
qwen_simple32,consec_p6_fixed1024_cert0_validschema,382,5,Intermediate Algebra,False,False,True,False,1024,56,8,1080,False,False,stage7_balanced_v0
qwen_simple32,consec_p6_fixed1024_cert0_validschema,383,4,Algebra,True,False,True,True,1152,83,9,1235,False,True,stage7_balanced_v0
qwen_simple32,consec_p6_fixed1024_cert0_validschema,384,2,Prealgebra,True,True,True,True,1024,80,8,1104,False,False,stage7_balanced_v0
qwen_simple32,consec_p6_fixed1024_cert0_validschema,385,5,Prealgebra,True,True,True,True,2176,89,17,2265,False,False,stage7_balanced_v0
qwen_simple32,consec_p6_fixed1024_cert0_validschema,386,3,Algebra,True,True,True,True,1152,45,9,1197,False,False,stage7_balanced_v0
qwen_simple32,consec_p6_fixed1024_cert0_validschema,387,1,Algebra,True,True,True,True,1024,39,8,1063,False,False,stage7_balanced_v0
qwen_simple32,consec_p6_fixed1024_cert0_validschema,388,5,Algebra,True,True,True,True,1024,44,8,1068,False,False,stage7_balanced_v0
qwen_simple32,consec_p6_fixed1024_cert0_validschema,389,3,Geometry,True,False,True,True,1664,137,13,1801,False,True,stage7_balanced_v0
qwen_simple32,consec_p6_fixed1024_cert0_validschema,390,5,Algebra,True,True,True,True,2048,91,16,2139,False,False,stage7_balanced_v0
qwen_simple32,consec_p6_fixed1024_cert0_validschema,391,5,Algebra,False,True,True,False,1792,56,14,1848,True,False,stage7_balanced_v0
qwen_simple32,consec_p6_fixed1024_cert0_validschema,392,5,Precalculus,False,False,True,False,1152,45,9,1197,False,False,stage7_balanced_v0
qwen_simple32,consec_p6_fixed1024_cert0_validschema,393,3,Algebra,True,True,True,True,1024,66,8,1090,False,False,stage7_balanced_v0
qwen_simple32,consec_p6_fixed1024_cert0_validschema,394,5,Intermediate Algebra,True,True,True,True,2944,283,23,3227,False,False,stage7_balanced_v0
qwen_simple32,consec_p6_fixed1024_cert0_validschema,395,1,Algebra,True,True,True,True,1024,32,8,1056,False,False,stage7_balanced_v0
qwen_simple32,consec_p6_fixed1024_cert0_validschema,396,3,Prealgebra,True,True,True,True,1024,32,8,1056,False,False,stage7_balanced_v0
qwen_simple32,consec_p6_fixed1024_cert0_validschema,397,2,Prealgebra,True,True,True,True,1024,40,8,1064,False,False,stage7_balanced_v0
qwen_simple32,consec_p6_fixed1024_cert0_validschema,398,4,Prealgebra,True,True,True,True,2688,107,21,2795,False,False,stage7_balanced_v0
qwen_simple32,consec_p6_fixed1024_cert0_validschema,399,2,Prealgebra,True,True,True,True,1024,64,8,1088,False,False,stage7_balanced_v0
qwen_simple32,consec_p6_fixed1024_cert0_validschema,400,5,Geometry,False,False,True,False,2304,136,18,2440,False,False,stage7_balanced_v0
qwen_simple32,consec_p6_fixed1024_cert0_validschema,401,5,Intermediate Algebra,False,False,True,False,1408,61,11,1469,False,False,stage7_balanced_v0
qwen_simple32,consec_p6_fixed1024_cert0_validschema,402,3,Precalculus,True,True,True,True,1280,86,10,1366,False,False,stage7_balanced_v0
qwen_simple32,consec_p6_fixed1024_cert0_validschema,403,4,Number Theory,True,True,True,True,2944,100,23,3044,False,False,stage7_balanced_v0
qwen_simple32,consec_p6_fixed1024_cert0_validschema,404,1,Counting & Probability,True,True,True,True,1024,32,8,1056,False,False,stage7_balanced_v0
qwen_simple32,consec_p6_fixed1024_cert0_validschema,405,4,Prealgebra,True,True,True,True,1024,40,8,1064,False,False,stage7_balanced_v0
qwen_simple32,consec_p6_fixed1024_cert0_validschema,406,1,Number Theory,True,True,True,True,1024,32,8,1056,False,False,stage7_balanced_v0
qwen_simple32,consec_p6_fixed1024_cert0_validschema,407,4,Algebra,True,True,True,True,1280,40,10,1320,False,False,stage7_balanced_v0
qwen_simple32,consec_p6_fixed1024_cert0_validschema,408,5,Precalculus,True,False,True,True,2560,481,20,3041,False,True,stage7_balanced_v0
qwen_simple32,consec_p6_fixed1024_cert0_validschema,409,4,Intermediate Algebra,True,True,True,True,1792,116,14,1908,False,False,stage7_balanced_v0
qwen_simple32,consec_p6_fixed1024_cert0_validschema,410,2,Prealgebra,True,True,True,True,1024,32,8,1056,False,False,stage7_balanced_v0
qwen_simple32,consec_p6_fixed1024_cert0_validschema,411,3,Prealgebra,True,True,True,True,1024,40,8,1064,False,False,stage7_balanced_v0
qwen_simple32,consec_p6_fixed1024_cert0_validschema,412,4,Intermediate Algebra,False,False,False,,3072,144,24,3216,False,False,stage7_balanced_v0
qwen_simple32,consec_p6_fixed1024_cert0_validschema,413,2,Algebra,True,True,True,True,1024,56,8,1080,False,False,stage7_balanced_v0
qwen_simple32,consec_p6_fixed1024_cert0_validschema,414,4,Algebra,True,True,True,True,1408,52,11,1460,False,False,stage7_balanced_v0
qwen_simple32,consec_p6_fixed1024_cert0_validschema,415,5,Number Theory,True,True,True,True,1664,52,13,1716,False,False,stage7_balanced_v0
qwen_simple32,consec_p6_fixed1024_cert0_validschema,416,3,Precalculus,False,False,False,,3072,216,24,3288,False,False,stage7_balanced_v0
qwen_simple32,consec_p6_fixed1024_cert0_validschema,417,5,Algebra,True,True,False,,2249,212,17,2461,False,False,stage7_balanced_v0
qwen_simple32,consec_p6_fixed1024_cert0_validschema,418,5,Algebra,True,True,True,True,1024,64,8,1088,False,False,stage7_balanced_v0
qwen_simple32,consec_p6_fixed1024_cert0_validschema,419,4,Precalculus,False,False,True,False,2176,258,17,2434,False,False,stage7_balanced_v0
qwen_simple32,consec_p6_fixed1024_cert0_validschema,420,3,Precalculus,False,False,False,,3072,768,24,3840,False,False,stage7_balanced_v0
qwen_simple32,consec_p6_fixed1024_cert0_validschema,421,5,Precalculus,True,True,True,True,2944,145,23,3089,False,False,stage7_balanced_v0
qwen_simple32,consec_p6_fixed1024_cert0_validschema,422,5,Intermediate Algebra,False,False,False,,3072,283,24,3355,False,False,stage7_balanced_v0
qwen_simple32,consec_p6_fixed1024_cert0_validschema,423,5,Number Theory,True,True,True,True,1664,91,13,1755,False,False,stage7_balanced_v0
qwen_simple32,consec_p6_fixed1024_cert0_validschema,424,5,Algebra,True,True,True,True,1280,58,10,1338,False,False,stage7_balanced_v0
qwen_simple32,consec_p6_fixed1024_cert0_validschema,425,5,Precalculus,False,False,False,,3072,502,24,3574,False,False,stage7_balanced_v0
qwen_simple32,consec_p6_fixed1024_cert0_validschema,426,3,Geometry,True,True,True,True,1152,64,9,1216,False,False,stage7_balanced_v0
qwen_simple32,consec_p6_fixed1024_cert0_validschema,427,2,Algebra,True,True,True,True,1152,45,9,1197,False,False,stage7_balanced_v0
qwen_simple32,consec_p6_fixed1024_cert0_validschema,428,4,Intermediate Algebra,True,True,True,True,1664,75,13,1739,False,False,stage7_balanced_v0
qwen_simple32,consec_p6_fixed1024_cert0_validschema,429,3,Intermediate Algebra,True,True,True,True,1408,95,11,1503,False,False,stage7_balanced_v0
qwen_simple32,consec_p6_fixed1024_cert0_validschema,430,2,Prealgebra,True,True,True,True,1024,48,8,1072,False,False,stage7_balanced_v0
qwen_simple32,consec_p6_fixed1024_cert0_validschema,431,4,Precalculus,False,False,True,False,1024,140,8,1164,False,False,stage7_balanced_v0
qwen_simple32,consec_p6_fixed1024_cert0_validschema,432,5,Intermediate Algebra,False,False,True,False,1024,32,8,1056,False,False,stage7_balanced_v0
qwen_simple32,consec_p6_fixed1024_cert0_validschema,433,2,Number Theory,True,True,True,True,1024,80,8,1104,False,False,stage7_balanced_v0
qwen_simple32,consec_p6_fixed1024_cert0_validschema,434,5,Prealgebra,True,True,True,True,1280,50,10,1330,False,False,stage7_balanced_v0
qwen_simple32,consec_p6_fixed1024_cert0_validschema,435,5,Algebra,True,True,True,True,1024,152,8,1176,False,False,stage7_balanced_v0
qwen_simple32,consec_p6_fixed1024_cert0_validschema,436,4,Counting & Probability,False,True,True,False,1152,37,9,1189,True,False,stage7_balanced_v0
qwen_simple32,consec_p6_fixed1024_cert0_validschema,437,3,Algebra,True,True,True,True,1280,40,10,1320,False,False,stage7_balanced_v0
qwen_simple32,consec_p6_fixed1024_cert0_validschema,438,2,Number Theory,True,True,True,True,1152,36,9,1188,False,False,stage7_balanced_v0
qwen_simple32,consec_p6_fixed1024_cert0_validschema,439,3,Intermediate Algebra,False,False,False,,3072,404,24,3476,False,False,stage7_balanced_v0
qwen_simple32,consec_p6_fixed1024_cert0_validschema,440,3,Algebra,True,True,True,True,1152,86,9,1238,False,False,stage7_balanced_v0
qwen_simple32,consec_p6_fixed1024_cert0_validschema,441,4,Prealgebra,True,True,True,True,1280,62,10,1342,False,False,stage7_balanced_v0
qwen_simple32,consec_p6_fixed1024_cert0_validschema,442,4,Algebra,True,True,True,True,1280,61,10,1341,False,False,stage7_balanced_v0
qwen_simple32,consec_p6_fixed1024_cert0_validschema,443,4,Algebra,True,True,True,True,1024,40,8,1064,False,False,stage7_balanced_v0
qwen_simple32,consec_p6_fixed1024_cert0_validschema,444,5,Counting & Probability,False,False,False,,3072,325,24,3397,False,False,stage7_balanced_v0
qwen_simple32,consec_p6_fixed1024_cert0_validschema,445,4,Intermediate Algebra,False,False,True,False,1536,48,12,1584,False,False,stage7_balanced_v0
qwen_simple32,consec_p6_fixed1024_cert0_validschema,446,4,Algebra,True,True,True,True,1024,32,8,1056,False,False,stage7_balanced_v0
qwen_simple32,consec_p6_fixed1024_cert0_validschema,447,1,Prealgebra,True,True,True,True,1024,33,8,1057,False,False,stage7_balanced_v0
qwen_simple32,consec_p6_fixed1024_cert0_validschema,448,5,Number Theory,True,True,True,True,1536,58,12,1594,False,False,stage7_balanced_v0
qwen_simple32,consec_p6_fixed1024_cert0_validschema,449,1,Algebra,True,True,True,True,1024,40,8,1064,False,False,stage7_balanced_v0
qwen_simple32,consec_p6_fixed1024_cert0_validschema,450,5,Number Theory,True,True,True,True,1920,74,15,1994,False,False,stage7_balanced_v0
qwen_simple32,consec_p6_fixed1024_cert0_validschema,451,3,Number Theory,True,True,True,True,1024,71,8,1095,False,False,stage7_balanced_v0
qwen_simple32,consec_p6_fixed1024_cert0_validschema,452,2,Algebra,True,True,True,True,1664,72,13,1736,False,False,stage7_balanced_v0
qwen_simple32,consec_p6_fixed1024_cert0_validschema,453,2,Algebra,True,True,True,True,1024,39,8,1063,False,False,stage7_balanced_v0
qwen_simple32,consec_p6_fixed1024_cert0_validschema,454,5,Precalculus,True,True,True,True,2048,176,16,2224,False,False,stage7_balanced_v0
qwen_simple32,consec_p6_fixed1024_cert0_validschema,455,2,Counting & Probability,True,True,True,True,1024,32,8,1056,False,False,stage7_balanced_v0
qwen_simple32,consec_p6_fixed1024_cert0_validschema,456,1,Intermediate Algebra,False,False,True,False,1024,82,8,1106,False,False,stage7_balanced_v0
qwen_simple32,consec_p6_fixed1024_cert0_validschema,457,1,Number Theory,True,True,True,True,1024,32,8,1056,False,False,stage7_balanced_v0
qwen_simple32,consec_p6_fixed1024_cert0_validschema,458,3,Prealgebra,True,True,True,True,1536,60,12,1596,False,False,stage7_balanced_v0
qwen_simple32,consec_p6_fixed1024_cert0_validschema,459,5,Algebra,True,True,True,True,2048,130,16,2178,False,False,stage7_balanced_v0
qwen_simple32,consec_p6_fixed1024_cert0_validschema,460,4,Prealgebra,False,True,True,False,1024,40,8,1064,True,False,stage7_balanced_v0
qwen_simple32,consec_p6_fixed1024_cert0_validschema,461,4,Algebra,True,True,True,True,1536,73,12,1609,False,False,stage7_balanced_v0
qwen_simple32,consec_p6_fixed1024_cert0_validschema,462,2,Number Theory,True,True,True,True,2048,75,16,2123,False,False,stage7_balanced_v0
qwen_simple32,consec_p6_fixed1024_cert0_validschema,463,2,Algebra,True,True,True,True,1024,32,8,1056,False,False,stage7_balanced_v0
qwen_simple32,consec_p6_fixed1024_cert0_validschema,464,3,Intermediate Algebra,True,True,True,True,1152,36,9,1188,False,False,stage7_balanced_v0
qwen_simple32,consec_p6_fixed1024_cert0_validschema,465,4,Number Theory,True,True,True,True,1280,56,10,1336,False,False,stage7_balanced_v0
qwen_simple32,consec_p6_fixed1024_cert0_validschema,466,5,Precalculus,False,True,True,False,1024,48,8,1072,True,False,stage7_balanced_v0
qwen_simple32,consec_p6_fixed1024_cert0_validschema,467,2,Prealgebra,False,False,True,False,1024,40,8,1064,False,False,stage7_balanced_v0
qwen_simple32,consec_p6_fixed1024_cert0_validschema,468,4,Algebra,True,True,True,True,1024,32,8,1056,False,False,stage7_balanced_v0
qwen_simple32,consec_p6_fixed1024_cert0_validschema,469,3,Algebra,True,True,True,True,1024,40,8,1064,False,False,stage7_balanced_v0
qwen_simple32,consec_p6_fixed1024_cert0_validschema,470,5,Intermediate Algebra,True,True,True,True,2944,294,23,3238,False,False,stage7_balanced_v0
qwen_simple32,consec_p6_fixed1024_cert0_validschema,471,3,Prealgebra,True,True,True,True,1280,50,10,1330,False,False,stage7_balanced_v0
qwen_simple32,consec_p6_fixed1024_cert0_validschema,472,1,Algebra,True,True,True,True,1024,96,8,1120,False,False,stage7_balanced_v0
qwen_simple32,consec_p6_fixed1024_cert0_validschema,473,5,Prealgebra,True,True,True,True,1792,56,14,1848,False,False,stage7_balanced_v0
qwen_simple32,consec_p6_fixed1024_cert0_validschema,474,1,Intermediate Algebra,True,True,True,True,1024,32,8,1056,False,False,stage7_balanced_v0
qwen_simple32,consec_p6_fixed1024_cert0_validschema,475,5,Counting & Probability,True,True,False,,3072,158,24,3230,False,False,stage7_balanced_v0
qwen_simple32,consec_p6_fixed1024_cert0_validschema,476,2,Prealgebra,True,True,True,True,1280,60,10,1340,False,False,stage7_balanced_v0
qwen_simple32,consec_p6_fixed1024_cert0_validschema,477,3,Number Theory,True,True,True,True,1536,48,12,1584,False,False,stage7_balanced_v0
qwen_simple32,consec_p6_fixed1024_cert0_validschema,478,5,Intermediate Algebra,False,False,True,False,1024,32,8,1056,False,False,stage7_balanced_v0
qwen_simple32,consec_p6_fixed1024_cert0_validschema,479,5,Number Theory,True,True,True,True,1024,32,8,1056,False,False,stage7_balanced_v0
qwen_simple32,consec_p6_fixed1024_cert0_validschema,480,2,Precalculus,True,True,True,True,1024,41,8,1065,False,False,stage7_balanced_v0
qwen_simple32,consec_p6_fixed1024_cert0_validschema,481,5,Intermediate Algebra,False,False,False,,3072,652,24,3724,False,False,stage7_balanced_v0
qwen_simple32,consec_p6_fixed1024_cert0_validschema,482,5,Number Theory,True,True,True,True,2048,91,16,2139,False,False,stage7_balanced_v0
qwen_simple32,consec_p6_fixed1024_cert0_validschema,483,3,Precalculus,True,True,False,,3072,146,24,3218,False,False,stage7_balanced_v0
qwen_simple32,consec_p6_fixed1024_cert0_validschema,484,3,Intermediate Algebra,True,True,True,True,1408,53,11,1461,False,False,stage7_balanced_v0
qwen_simple32,consec_p6_fixed1024_cert0_validschema,485,2,Counting & Probability,True,True,False,,3072,120,24,3192,False,False,stage7_balanced_v0
qwen_simple32,consec_p6_fixed1024_cert0_validschema,486,3,Geometry,True,True,True,True,1024,48,8,1072,False,False,stage7_balanced_v0
qwen_simple32,consec_p6_fixed1024_cert0_validschema,487,1,Number Theory,True,True,True,True,1024,33,8,1057,False,False,stage7_balanced_v0
qwen_simple32,consec_p6_fixed1024_cert0_validschema,488,5,Prealgebra,True,True,True,True,1024,40,8,1064,False,False,stage7_balanced_v0
qwen_simple32,consec_p6_fixed1024_cert0_validschema,489,3,Intermediate Algebra,True,True,True,True,1792,86,14,1878,False,False,stage7_balanced_v0
qwen_simple32,consec_p6_fixed1024_cert0_validschema,490,5,Intermediate Algebra,True,True,False,,3072,133,24,3205,False,False,stage7_balanced_v0
qwen_simple32,consec_p6_fixed1024_cert0_validschema,491,5,Prealgebra,True,True,True,True,1920,134,15,2054,False,False,stage7_balanced_v0
qwen_simple32,consec_p6_fixed1024_cert0_validschema,492,3,Precalculus,True,True,True,True,1024,70,8,1094,False,False,stage7_balanced_v0
qwen_simple32,consec_p6_fixed1024_cert0_validschema,493,5,Algebra,True,True,True,True,3072,194,24,3266,False,False,stage7_balanced_v0
qwen_simple32,consec_p6_fixed1024_cert0_validschema,494,5,Intermediate Algebra,False,False,False,,3072,115,24,3187,False,False,stage7_balanced_v0
qwen_simple32,consec_p6_fixed1024_cert0_validschema,495,4,Intermediate Algebra,False,False,False,,3072,481,24,3553,False,False,stage7_balanced_v0
qwen_simple32,consec_p6_fixed1024_cert0_validschema,496,3,Intermediate Algebra,False,False,False,,3072,148,24,3220,False,False,stage7_balanced_v0
qwen_simple32,consec_p6_fixed1024_cert0_validschema,497,5,Geometry,False,False,True,False,2432,86,19,2518,False,False,stage7_balanced_v0
qwen_simple32,consec_p6_fixed1024_cert0_validschema,498,5,Intermediate Algebra,False,True,True,False,1280,57,10,1337,True,False,stage7_balanced_v0
qwen_simple32,consec_p6_fixed1024_cert0_validschema,499,4,Geometry,True,True,True,True,2304,124,18,2428,False,False,stage7_balanced_v0
