model,benchmark,seed,problem_id,baseline_correct,simple_stopped,simple_stop_position,simple_correct,simple_main_tokens,simple_probe_out,simple_all_generated,simple_n_probes,certaindex_stopped,certaindex_stop_position,certaindex_correct,certaindex_main_tokens,certaindex_probe_out,certaindex_all_generated,certaindex_n_probes,both_stop,consensus_delay,simple_only_stop,certaindex_only_stop,neither_stop,simple_harm,simple_rescue,certaindex_harm,certaindex_rescue,certaindex_corrects_simple,certaindex_breaks_simple,simple_harms_protected_by_certaindex,new_harms_introduced_by_certaindex,certaindex_later,certaindex_earlier,certaindex_same,full_main_tokens
deepseek-ai/DeepSeek-R1-Distill-Qwen-7B,math500,42,0,True,True,832,True,832,164,996,13,True,192,True,192,39,231,3,True,-640,False,False,False,False,False,False,False,False,False,False,False,False,True,False,1687
deepseek-ai/DeepSeek-R1-Distill-Qwen-7B,math500,42,1,True,True,1088,True,1088,153,1241,17,True,320,False,320,59,379,5,True,-768,False,False,False,False,False,True,False,False,True,False,True,False,True,False,8258
deepseek-ai/DeepSeek-R1-Distill-Qwen-7B,math500,42,10,True,True,256,True,256,33,289,4,True,256,True,256,31,287,4,True,0,False,False,False,False,False,False,False,False,False,False,False,False,False,True,2349
deepseek-ai/DeepSeek-R1-Distill-Qwen-7B,math500,42,100,False,True,704,False,704,60,764,11,True,704,False,704,59,763,11,True,0,False,False,False,False,False,False,False,False,False,False,False,False,False,True,16384
deepseek-ai/DeepSeek-R1-Distill-Qwen-7B,math500,42,105,True,True,256,True,256,21,277,4,True,256,True,256,21,277,4,True,0,False,False,False,False,False,False,False,False,False,False,False,False,False,True,576
deepseek-ai/DeepSeek-R1-Distill-Qwen-7B,math500,42,107,True,True,256,False,256,16,272,4,True,576,False,576,38,614,9,True,320,False,False,False,True,False,True,False,False,False,False,False,True,False,False,1785
deepseek-ai/DeepSeek-R1-Distill-Qwen-7B,math500,42,108,True,True,192,True,192,12,204,3,True,192,True,192,12,204,3,True,0,False,False,False,False,False,False,False,False,False,False,False,False,False,True,13289
deepseek-ai/DeepSeek-R1-Distill-Qwen-7B,math500,42,109,True,True,1344,True,1344,115,1459,21,True,320,False,320,27,347,5,True,-1024,False,False,False,False,False,True,False,False,True,False,True,False,True,False,3723
deepseek-ai/DeepSeek-R1-Distill-Qwen-7B,math500,42,11,True,True,1024,False,1024,77,1101,16,True,320,False,320,24,344,5,True,-704,False,False,False,True,False,True,False,False,False,False,False,False,True,False,6405
deepseek-ai/DeepSeek-R1-Distill-Qwen-7B,math500,42,110,True,True,640,False,640,52,692,10,True,3776,False,3776,306,4082,59,True,3136,False,False,False,True,False,True,False,False,False,False,False,True,False,False,9594
deepseek-ai/DeepSeek-R1-Distill-Qwen-7B,math500,42,111,True,True,832,True,832,77,909,13,True,512,True,512,48,560,8,True,-320,False,False,False,False,False,False,False,False,False,False,False,False,True,False,1482
deepseek-ai/DeepSeek-R1-Distill-Qwen-7B,math500,42,112,True,True,1280,True,1280,120,1400,20,True,1280,True,1280,105,1385,20,True,0,False,False,False,False,False,False,False,False,False,False,False,False,False,True,1900
deepseek-ai/DeepSeek-R1-Distill-Qwen-7B,math500,42,113,True,True,1024,True,1024,113,1137,16,True,896,True,896,100,996,14,True,-128,False,False,False,False,False,False,False,False,False,False,False,False,True,False,3763
deepseek-ai/DeepSeek-R1-Distill-Qwen-7B,math500,42,116,True,True,192,False,192,12,204,3,True,448,True,448,28,476,7,True,256,False,False,False,True,False,False,False,True,False,True,False,True,False,False,1177
deepseek-ai/DeepSeek-R1-Distill-Qwen-7B,math500,42,117,True,True,192,True,192,12,204,3,True,192,True,192,12,204,3,True,0,False,False,False,False,False,False,False,False,False,False,False,False,False,True,1377
deepseek-ai/DeepSeek-R1-Distill-Qwen-7B,math500,42,118,True,True,192,True,192,15,207,3,True,192,True,192,15,207,3,True,0,False,False,False,False,False,False,False,False,False,False,False,False,False,True,5542
deepseek-ai/DeepSeek-R1-Distill-Qwen-7B,math500,42,12,True,True,1088,False,1088,97,1185,17,True,320,True,320,29,349,5,True,-768,False,False,False,True,False,False,False,True,False,True,False,False,True,False,2877
deepseek-ai/DeepSeek-R1-Distill-Qwen-7B,math500,42,120,True,True,256,True,256,16,272,4,True,192,False,192,12,204,3,True,-64,False,False,False,False,False,True,False,False,True,False,True,False,True,False,4383
deepseek-ai/DeepSeek-R1-Distill-Qwen-7B,math500,42,122,True,True,192,True,192,12,204,3,True,192,True,192,12,204,3,True,0,False,False,False,False,False,False,False,False,False,False,False,False,False,True,1231
deepseek-ai/DeepSeek-R1-Distill-Qwen-7B,math500,42,124,True,True,192,False,192,12,204,3,True,320,False,320,20,340,5,True,128,False,False,False,True,False,True,False,False,False,False,False,True,False,False,1899
deepseek-ai/DeepSeek-R1-Distill-Qwen-7B,math500,42,126,True,True,192,False,192,12,204,3,True,192,False,192,12,204,3,True,0,False,False,False,True,False,True,False,False,False,False,False,False,False,True,10356
deepseek-ai/DeepSeek-R1-Distill-Qwen-7B,math500,42,127,True,True,448,True,448,62,510,7,True,192,False,192,27,219,3,True,-256,False,False,False,False,False,True,False,False,True,False,True,False,True,False,1280
deepseek-ai/DeepSeek-R1-Distill-Qwen-7B,math500,42,128,True,True,448,True,448,35,483,7,True,960,True,960,74,1034,15,True,512,False,False,False,False,False,False,False,False,False,False,False,True,False,False,6093
deepseek-ai/DeepSeek-R1-Distill-Qwen-7B,math500,42,129,True,True,192,False,192,15,207,3,True,192,False,192,15,207,3,True,0,False,False,False,True,False,True,False,False,False,False,False,False,False,True,5667
deepseek-ai/DeepSeek-R1-Distill-Qwen-7B,math500,42,130,True,True,1344,False,1344,95,1439,21,True,1856,True,1856,137,1993,29,True,512,False,False,False,True,False,False,False,True,False,True,False,True,False,False,4494
deepseek-ai/DeepSeek-R1-Distill-Qwen-7B,math500,42,132,True,True,320,True,320,20,340,5,True,320,True,320,20,340,5,True,0,False,False,False,False,False,False,False,False,False,False,False,False,False,True,1579
deepseek-ai/DeepSeek-R1-Distill-Qwen-7B,math500,42,133,True,True,192,True,192,18,210,3,True,192,True,192,18,210,3,True,0,False,False,False,False,False,False,False,False,False,False,False,False,False,True,992
deepseek-ai/DeepSeek-R1-Distill-Qwen-7B,math500,42,135,True,True,192,False,192,12,204,3,True,192,False,192,12,204,3,True,0,False,False,False,True,False,True,False,False,False,False,False,False,False,True,2345
deepseek-ai/DeepSeek-R1-Distill-Qwen-7B,math500,42,136,True,True,320,False,320,25,345,5,True,320,False,320,23,343,5,True,0,False,False,False,True,False,True,False,False,False,False,False,False,False,True,3814
deepseek-ai/DeepSeek-R1-Distill-Qwen-7B,math500,42,138,True,True,1344,False,1344,111,1455,21,True,768,False,768,54,822,12,True,-576,False,False,False,True,False,True,False,False,False,False,False,False,True,False,9892
deepseek-ai/DeepSeek-R1-Distill-Qwen-7B,math500,42,139,True,True,384,True,384,24,408,6,True,192,True,192,12,204,3,True,-192,False,False,False,False,False,False,False,False,False,False,False,False,True,False,15168
deepseek-ai/DeepSeek-R1-Distill-Qwen-7B,math500,42,14,True,True,256,False,256,20,276,4,True,512,False,512,37,549,8,True,256,False,False,False,True,False,True,False,False,False,False,False,True,False,False,1899
deepseek-ai/DeepSeek-R1-Distill-Qwen-7B,math500,42,140,True,True,192,False,192,15,207,3,True,256,False,256,20,276,4,True,64,False,False,False,True,False,True,False,False,False,False,False,True,False,False,1827
deepseek-ai/DeepSeek-R1-Distill-Qwen-7B,math500,42,141,True,True,192,True,192,12,204,3,True,192,True,192,12,204,3,True,0,False,False,False,False,False,False,False,False,False,False,False,False,False,True,1109
deepseek-ai/DeepSeek-R1-Distill-Qwen-7B,math500,42,142,True,True,704,True,704,78,782,11,True,704,True,704,83,787,11,True,0,False,False,False,False,False,False,False,False,False,False,False,False,False,True,4116
deepseek-ai/DeepSeek-R1-Distill-Qwen-7B,math500,42,144,True,True,448,False,448,66,514,7,True,1152,False,1152,154,1306,18,True,704,False,False,False,True,False,True,False,False,False,False,False,True,False,False,1711
deepseek-ai/DeepSeek-R1-Distill-Qwen-7B,math500,42,145,False,True,256,False,256,16,272,4,True,192,False,192,12,204,3,True,-64,False,False,False,False,False,False,False,False,False,False,False,False,True,False,11521
deepseek-ai/DeepSeek-R1-Distill-Qwen-7B,math500,42,149,True,True,1152,True,1152,90,1242,18,True,832,False,832,65,897,13,True,-320,False,False,False,False,False,True,False,False,True,False,True,False,True,False,2206
deepseek-ai/DeepSeek-R1-Distill-Qwen-7B,math500,42,15,True,True,1344,True,1344,254,1598,21,True,1344,True,1344,205,1549,21,True,0,False,False,False,False,False,False,False,False,False,False,False,False,False,True,5646
deepseek-ai/DeepSeek-R1-Distill-Qwen-7B,math500,42,150,True,True,256,False,256,16,272,4,True,1088,True,1088,68,1156,17,True,832,False,False,False,True,False,False,False,True,False,True,False,True,False,False,4177
deepseek-ai/DeepSeek-R1-Distill-Qwen-7B,math500,42,151,True,True,192,False,192,19,211,3,True,192,False,192,21,213,3,True,0,False,False,False,True,False,True,False,False,False,False,False,False,False,True,4277
deepseek-ai/DeepSeek-R1-Distill-Qwen-7B,math500,42,152,True,True,320,False,320,25,345,5,True,960,False,960,74,1034,15,True,640,False,False,False,True,False,True,False,False,False,False,False,True,False,False,6687
deepseek-ai/DeepSeek-R1-Distill-Qwen-7B,math500,42,153,True,False,,True,1060,92,1152,16,True,384,False,384,48,432,6,False,,False,True,False,False,False,True,False,False,True,False,True,False,False,False,1060
deepseek-ai/DeepSeek-R1-Distill-Qwen-7B,math500,42,154,False,True,4544,False,4544,645,5189,71,True,4288,False,4288,578,4866,67,True,-256,False,False,False,False,False,False,False,False,False,False,False,False,True,False,16384
deepseek-ai/DeepSeek-R1-Distill-Qwen-7B,math500,42,155,True,True,512,False,512,32,544,8,True,512,False,512,32,544,8,True,0,False,False,False,True,False,True,False,False,False,False,False,False,False,True,2218
deepseek-ai/DeepSeek-R1-Distill-Qwen-7B,math500,42,156,True,True,192,False,192,15,207,3,True,192,False,192,15,207,3,True,0,False,False,False,True,False,True,False,False,False,False,False,False,False,True,9145
deepseek-ai/DeepSeek-R1-Distill-Qwen-7B,math500,42,158,True,True,896,False,896,113,1009,14,True,896,False,896,96,992,14,True,0,False,False,False,True,False,True,False,False,False,False,False,False,False,True,2621
deepseek-ai/DeepSeek-R1-Distill-Qwen-7B,math500,42,159,True,True,896,True,896,89,985,14,True,896,True,896,94,990,14,True,0,False,False,False,False,False,False,False,False,False,False,False,False,False,True,2012
deepseek-ai/DeepSeek-R1-Distill-Qwen-7B,math500,42,16,True,True,192,False,192,15,207,3,True,320,True,320,27,347,5,True,128,False,False,False,True,False,False,False,True,False,True,False,True,False,False,1848
deepseek-ai/DeepSeek-R1-Distill-Qwen-7B,math500,42,161,True,True,192,True,192,12,204,3,True,192,True,192,12,204,3,True,0,False,False,False,False,False,False,False,False,False,False,False,False,False,True,1225
deepseek-ai/DeepSeek-R1-Distill-Qwen-7B,math500,42,163,True,True,1088,True,1088,106,1194,17,True,1152,True,1152,119,1271,18,True,64,False,False,False,False,False,False,False,False,False,False,False,True,False,False,5662
deepseek-ai/DeepSeek-R1-Distill-Qwen-7B,math500,42,164,True,True,640,False,640,81,721,10,True,192,False,192,24,216,3,True,-448,False,False,False,True,False,True,False,False,False,False,False,False,True,False,8058
deepseek-ai/DeepSeek-R1-Distill-Qwen-7B,math500,42,165,True,True,256,False,256,16,272,4,True,448,False,448,28,476,7,True,192,False,False,False,True,False,True,False,False,False,False,False,True,False,False,1318
deepseek-ai/DeepSeek-R1-Distill-Qwen-7B,math500,42,166,False,True,3904,False,3904,362,4266,61,True,704,False,704,62,766,11,True,-3200,False,False,False,False,False,False,False,False,False,False,False,False,True,False,7193
deepseek-ai/DeepSeek-R1-Distill-Qwen-7B,math500,42,167,True,True,192,True,192,15,207,3,True,192,True,192,15,207,3,True,0,False,False,False,False,False,False,False,False,False,False,False,False,False,True,1355
deepseek-ai/DeepSeek-R1-Distill-Qwen-7B,math500,42,168,False,True,192,False,192,12,204,3,True,448,False,448,28,476,7,True,256,False,False,False,False,False,False,False,False,False,False,False,True,False,False,16384
deepseek-ai/DeepSeek-R1-Distill-Qwen-7B,math500,42,169,True,True,192,True,192,15,207,3,True,192,True,192,15,207,3,True,0,False,False,False,False,False,False,False,False,False,False,False,False,False,True,1688
deepseek-ai/DeepSeek-R1-Distill-Qwen-7B,math500,42,170,True,True,640,False,640,55,695,10,True,1024,False,1024,83,1107,16,True,384,False,False,False,True,False,True,False,False,False,False,False,True,False,False,4875
deepseek-ai/DeepSeek-R1-Distill-Qwen-7B,math500,42,171,True,True,1088,False,1088,75,1163,17,True,320,False,320,20,340,5,True,-768,False,False,False,True,False,True,False,False,False,False,False,False,True,False,1624
deepseek-ai/DeepSeek-R1-Distill-Qwen-7B,math500,42,172,True,True,192,True,192,18,210,3,True,192,True,192,18,210,3,True,0,False,False,False,False,False,False,False,False,False,False,False,False,False,True,1534
deepseek-ai/DeepSeek-R1-Distill-Qwen-7B,math500,42,173,True,True,320,False,320,22,342,5,True,896,False,896,62,958,14,True,576,False,False,False,True,False,True,False,False,False,False,False,True,False,False,3730
deepseek-ai/DeepSeek-R1-Distill-Qwen-7B,math500,42,174,True,True,192,True,192,12,204,3,True,192,True,192,12,204,3,True,0,False,False,False,False,False,False,False,False,False,False,False,False,False,True,1467
deepseek-ai/DeepSeek-R1-Distill-Qwen-7B,math500,42,175,True,True,448,False,448,28,476,7,True,256,False,256,16,272,4,True,-192,False,False,False,True,False,True,False,False,False,False,False,False,True,False,4827
deepseek-ai/DeepSeek-R1-Distill-Qwen-7B,math500,42,176,True,True,640,True,640,116,756,10,True,896,False,896,161,1057,14,True,256,False,False,False,False,False,True,False,False,True,False,True,True,False,False,3363
deepseek-ai/DeepSeek-R1-Distill-Qwen-7B,math500,42,177,True,True,192,False,192,19,211,3,True,192,False,192,15,207,3,True,0,False,False,False,True,False,True,False,False,False,False,False,False,False,True,2381
deepseek-ai/DeepSeek-R1-Distill-Qwen-7B,math500,42,178,True,True,256,True,256,24,280,4,True,192,True,192,15,207,3,True,-64,False,False,False,False,False,False,False,False,False,False,False,False,True,False,2394
deepseek-ai/DeepSeek-R1-Distill-Qwen-7B,math500,42,179,True,True,1344,True,1344,434,1778,21,True,1792,True,1792,579,2371,28,True,448,False,False,False,False,False,False,False,False,False,False,False,True,False,False,3286
deepseek-ai/DeepSeek-R1-Distill-Qwen-7B,math500,42,18,False,True,960,False,960,75,1035,15,True,1408,False,1408,110,1518,22,True,448,False,False,False,False,False,False,False,False,False,False,False,True,False,False,9672
deepseek-ai/DeepSeek-R1-Distill-Qwen-7B,math500,42,180,True,True,960,True,960,61,1021,15,True,256,False,256,16,272,4,True,-704,False,False,False,False,False,True,False,False,True,False,True,False,True,False,5210
deepseek-ai/DeepSeek-R1-Distill-Qwen-7B,math500,42,181,True,True,256,False,256,21,277,4,True,192,False,192,12,204,3,True,-64,False,False,False,True,False,True,False,False,False,False,False,False,True,False,1825
deepseek-ai/DeepSeek-R1-Distill-Qwen-7B,math500,42,183,True,True,448,False,448,33,481,7,True,832,True,832,62,894,13,True,384,False,False,False,True,False,False,False,True,False,True,False,True,False,False,1779
deepseek-ai/DeepSeek-R1-Distill-Qwen-7B,math500,42,184,True,True,768,False,768,78,846,12,True,192,False,192,12,204,3,True,-576,False,False,False,True,False,True,False,False,False,False,False,False,True,False,9696
deepseek-ai/DeepSeek-R1-Distill-Qwen-7B,math500,42,185,True,True,192,True,192,12,204,3,True,192,True,192,12,204,3,True,0,False,False,False,False,False,False,False,False,False,False,False,False,False,True,315
deepseek-ai/DeepSeek-R1-Distill-Qwen-7B,math500,42,186,True,True,320,False,320,21,341,5,True,704,True,704,46,750,11,True,384,False,False,False,True,False,False,False,True,False,True,False,True,False,False,1709
deepseek-ai/DeepSeek-R1-Distill-Qwen-7B,math500,42,189,True,True,2176,False,2176,188,2364,34,True,1792,False,1792,157,1949,28,True,-384,False,False,False,True,False,True,False,False,False,False,False,False,True,False,5802
deepseek-ai/DeepSeek-R1-Distill-Qwen-7B,math500,42,190,True,True,1024,False,1024,67,1091,16,True,1088,False,1088,70,1158,17,True,64,False,False,False,True,False,True,False,False,False,False,False,True,False,False,1750
deepseek-ai/DeepSeek-R1-Distill-Qwen-7B,math500,42,192,True,True,1280,True,1280,102,1382,20,True,1280,True,1280,100,1380,20,True,0,False,False,False,False,False,False,False,False,False,False,False,False,False,True,3063
deepseek-ai/DeepSeek-R1-Distill-Qwen-7B,math500,42,193,True,True,256,True,256,16,272,4,True,448,True,448,28,476,7,True,192,False,False,False,False,False,False,False,False,False,False,False,True,False,False,1152
deepseek-ai/DeepSeek-R1-Distill-Qwen-7B,math500,42,194,True,True,192,False,192,12,204,3,True,320,False,320,20,340,5,True,128,False,False,False,True,False,True,False,False,False,False,False,True,False,False,9459
deepseek-ai/DeepSeek-R1-Distill-Qwen-7B,math500,42,195,True,True,768,True,768,65,833,12,True,768,True,768,62,830,12,True,0,False,False,False,False,False,False,False,False,False,False,False,False,False,True,2920
deepseek-ai/DeepSeek-R1-Distill-Qwen-7B,math500,42,196,True,True,960,True,960,104,1064,15,True,960,True,960,105,1065,15,True,0,False,False,False,False,False,False,False,False,False,False,False,False,False,True,2005
deepseek-ai/DeepSeek-R1-Distill-Qwen-7B,math500,42,197,True,True,1472,True,1472,137,1609,23,True,1536,True,1536,117,1653,24,True,64,False,False,False,False,False,False,False,False,False,False,False,True,False,False,3114
deepseek-ai/DeepSeek-R1-Distill-Qwen-7B,math500,42,2,True,False,,True,1486,113,1599,23,False,,True,1486,98,1584,23,False,,False,False,True,False,False,False,False,False,False,False,False,False,False,False,1486
deepseek-ai/DeepSeek-R1-Distill-Qwen-7B,math500,42,20,False,True,832,False,832,176,1008,13,True,1984,False,1984,371,2355,31,True,1152,False,False,False,False,False,False,False,False,False,False,False,True,False,False,11942
deepseek-ai/DeepSeek-R1-Distill-Qwen-7B,math500,42,201,True,True,1024,True,1024,82,1106,16,True,1024,True,1024,83,1107,16,True,0,False,False,False,False,False,False,False,False,False,False,False,False,False,True,1859
deepseek-ai/DeepSeek-R1-Distill-Qwen-7B,math500,42,203,True,True,832,False,832,78,910,13,True,832,False,832,78,910,13,True,0,False,False,False,True,False,True,False,False,False,False,False,False,False,True,2573
deepseek-ai/DeepSeek-R1-Distill-Qwen-7B,math500,42,205,True,True,1536,True,1536,570,2106,24,True,1536,True,1536,588,2124,24,True,0,False,False,False,False,False,False,False,False,False,False,False,False,False,True,3495
deepseek-ai/DeepSeek-R1-Distill-Qwen-7B,math500,42,206,True,True,704,True,704,139,843,11,True,704,True,704,148,852,11,True,0,False,False,False,False,False,False,False,False,False,False,False,False,False,True,1388
deepseek-ai/DeepSeek-R1-Distill-Qwen-7B,math500,42,207,True,True,192,True,192,15,207,3,True,192,True,192,15,207,3,True,0,False,False,False,False,False,False,False,False,False,False,False,False,False,True,1397
deepseek-ai/DeepSeek-R1-Distill-Qwen-7B,math500,42,208,True,True,576,True,576,36,612,9,True,576,True,576,36,612,9,True,0,False,False,False,False,False,False,False,False,False,False,False,False,False,True,2371
deepseek-ai/DeepSeek-R1-Distill-Qwen-7B,math500,42,209,True,True,192,False,192,15,207,3,True,1280,True,1280,95,1375,20,True,1088,False,False,False,True,False,False,False,True,False,True,False,True,False,False,1820
deepseek-ai/DeepSeek-R1-Distill-Qwen-7B,math500,42,21,True,True,192,False,192,21,213,3,True,576,False,576,57,633,9,True,384,False,False,False,True,False,True,False,False,False,False,False,True,False,False,4822
deepseek-ai/DeepSeek-R1-Distill-Qwen-7B,math500,42,210,True,True,832,True,832,56,888,13,True,832,True,832,56,888,13,True,0,False,False,False,False,False,False,False,False,False,False,False,False,False,True,9280
deepseek-ai/DeepSeek-R1-Distill-Qwen-7B,math500,42,211,True,True,640,True,640,58,698,10,True,384,False,384,30,414,6,True,-256,False,False,False,False,False,True,False,False,True,False,True,False,True,False,1657
deepseek-ai/DeepSeek-R1-Distill-Qwen-7B,math500,42,212,True,True,192,False,192,15,207,3,True,192,False,192,15,207,3,True,0,False,False,False,True,False,True,False,False,False,False,False,False,False,True,1223
deepseek-ai/DeepSeek-R1-Distill-Qwen-7B,math500,42,213,True,True,192,False,192,12,204,3,True,192,False,192,12,204,3,True,0,False,False,False,True,False,True,False,False,False,False,False,False,False,True,8482
deepseek-ai/DeepSeek-R1-Distill-Qwen-7B,math500,42,214,False,True,320,False,320,30,350,5,True,320,False,320,30,350,5,True,0,False,False,False,False,False,False,False,False,False,False,False,False,False,True,2771
deepseek-ai/DeepSeek-R1-Distill-Qwen-7B,math500,42,215,True,True,192,False,192,12,204,3,True,192,False,192,12,204,3,True,0,False,False,False,True,False,True,False,False,False,False,False,False,False,True,2362
deepseek-ai/DeepSeek-R1-Distill-Qwen-7B,math500,42,216,True,True,320,True,320,25,345,5,True,320,True,320,22,342,5,True,0,False,False,False,False,False,False,False,False,False,False,False,False,False,True,562
deepseek-ai/DeepSeek-R1-Distill-Qwen-7B,math500,42,218,True,True,192,True,192,24,216,3,True,192,True,192,24,216,3,True,0,False,False,False,False,False,False,False,False,False,False,False,False,False,True,1599
deepseek-ai/DeepSeek-R1-Distill-Qwen-7B,math500,42,219,False,True,192,True,192,18,210,3,True,192,True,192,18,210,3,True,0,False,False,False,False,True,False,True,False,False,False,False,False,False,True,16384
deepseek-ai/DeepSeek-R1-Distill-Qwen-7B,math500,42,22,True,True,192,False,192,12,204,3,True,1984,False,1984,125,2109,31,True,1792,False,False,False,True,False,True,False,False,False,False,False,True,False,False,8059
deepseek-ai/DeepSeek-R1-Distill-Qwen-7B,math500,42,222,True,True,384,False,384,24,408,6,True,192,False,192,12,204,3,True,-192,False,False,False,True,False,True,False,False,False,False,False,False,True,False,5119
deepseek-ai/DeepSeek-R1-Distill-Qwen-7B,math500,42,225,True,True,960,True,960,102,1062,15,True,1024,True,1024,81,1105,16,True,64,False,False,False,False,False,False,False,False,False,False,False,True,False,False,1982
deepseek-ai/DeepSeek-R1-Distill-Qwen-7B,math500,42,226,True,True,192,True,192,12,204,3,True,192,True,192,12,204,3,True,0,False,False,False,False,False,False,False,False,False,False,False,False,False,True,3446
deepseek-ai/DeepSeek-R1-Distill-Qwen-7B,math500,42,228,True,True,1600,False,1600,183,1783,25,True,192,False,192,21,213,3,True,-1408,False,False,False,True,False,True,False,False,False,False,False,False,True,False,3330
deepseek-ai/DeepSeek-R1-Distill-Qwen-7B,math500,42,229,True,True,192,True,192,15,207,3,True,192,True,192,15,207,3,True,0,False,False,False,False,False,False,False,False,False,False,False,False,False,True,1421
deepseek-ai/DeepSeek-R1-Distill-Qwen-7B,math500,42,23,True,True,256,False,256,16,272,4,True,384,False,384,24,408,6,True,128,False,False,False,True,False,True,False,False,False,False,False,True,False,False,3013
deepseek-ai/DeepSeek-R1-Distill-Qwen-7B,math500,42,231,True,True,384,True,384,28,412,6,True,256,True,256,19,275,4,True,-128,False,False,False,False,False,False,False,False,False,False,False,False,True,False,2071
deepseek-ai/DeepSeek-R1-Distill-Qwen-7B,math500,42,233,True,True,512,True,512,43,555,8,True,512,True,512,40,552,8,True,0,False,False,False,False,False,False,False,False,False,False,False,False,False,True,1353
deepseek-ai/DeepSeek-R1-Distill-Qwen-7B,math500,42,234,True,True,768,True,768,68,836,12,True,832,True,832,72,904,13,True,64,False,False,False,False,False,False,False,False,False,False,False,True,False,False,2423
deepseek-ai/DeepSeek-R1-Distill-Qwen-7B,math500,42,235,True,True,192,False,192,12,204,3,True,192,False,192,12,204,3,True,0,False,False,False,True,False,True,False,False,False,False,False,False,False,True,1740
deepseek-ai/DeepSeek-R1-Distill-Qwen-7B,math500,42,236,False,True,704,False,704,51,755,11,True,3008,False,3008,218,3226,47,True,2304,False,False,False,False,False,False,False,False,False,False,False,True,False,False,16384
deepseek-ai/DeepSeek-R1-Distill-Qwen-7B,math500,42,237,True,True,192,False,192,15,207,3,True,256,False,256,20,276,4,True,64,False,False,False,True,False,True,False,False,False,False,False,True,False,False,1128
deepseek-ai/DeepSeek-R1-Distill-Qwen-7B,math500,42,238,True,True,1088,True,1088,105,1193,17,True,320,False,320,20,340,5,True,-768,False,False,False,False,False,True,False,False,True,False,True,False,True,False,1506
deepseek-ai/DeepSeek-R1-Distill-Qwen-7B,math500,42,24,True,True,192,False,192,14,206,3,True,640,False,640,48,688,10,True,448,False,False,False,True,False,True,False,False,False,False,False,True,False,False,2819
deepseek-ai/DeepSeek-R1-Distill-Qwen-7B,math500,42,240,False,True,384,False,384,31,415,6,True,768,False,768,61,829,12,True,384,False,False,False,False,False,False,False,False,False,False,False,True,False,False,5567
deepseek-ai/DeepSeek-R1-Distill-Qwen-7B,math500,42,241,True,True,1216,True,1216,95,1311,19,True,704,False,704,56,760,11,True,-512,False,False,False,False,False,True,False,False,True,False,True,False,True,False,2064
deepseek-ai/DeepSeek-R1-Distill-Qwen-7B,math500,42,242,False,True,1536,True,1536,195,1731,24,True,1152,True,1152,155,1307,18,True,-384,False,False,False,False,True,False,True,False,False,False,False,False,True,False,7697
deepseek-ai/DeepSeek-R1-Distill-Qwen-7B,math500,42,243,True,True,192,True,192,12,204,3,True,192,True,192,12,204,3,True,0,False,False,False,False,False,False,False,False,False,False,False,False,False,True,1580
deepseek-ai/DeepSeek-R1-Distill-Qwen-7B,math500,42,244,True,True,448,False,448,28,476,7,True,384,False,384,24,408,6,True,-64,False,False,False,True,False,True,False,False,False,False,False,False,True,False,2936
deepseek-ai/DeepSeek-R1-Distill-Qwen-7B,math500,42,245,True,True,1088,False,1088,94,1182,17,True,1984,False,1984,199,2183,31,True,896,False,False,False,True,False,True,False,False,False,False,False,True,False,False,4664
deepseek-ai/DeepSeek-R1-Distill-Qwen-7B,math500,42,247,True,True,512,False,512,32,544,8,True,1216,False,1216,93,1309,19,True,704,False,False,False,True,False,True,False,False,False,False,False,True,False,False,1936
deepseek-ai/DeepSeek-R1-Distill-Qwen-7B,math500,42,248,True,True,2112,True,2112,673,2785,33,True,320,False,320,64,384,5,True,-1792,False,False,False,False,False,True,False,False,True,False,True,False,True,False,3135
deepseek-ai/DeepSeek-R1-Distill-Qwen-7B,math500,42,249,True,True,1152,True,1152,87,1239,18,True,192,False,192,15,207,3,True,-960,False,False,False,False,False,True,False,False,True,False,True,False,True,False,2651
deepseek-ai/DeepSeek-R1-Distill-Qwen-7B,math500,42,25,False,True,1024,False,1024,147,1171,16,True,256,False,256,36,292,4,True,-768,False,False,False,False,False,False,False,False,False,False,False,False,True,False,4678
deepseek-ai/DeepSeek-R1-Distill-Qwen-7B,math500,42,250,True,True,704,True,704,54,758,11,True,768,True,768,59,827,12,True,64,False,False,False,False,False,False,False,False,False,False,False,True,False,False,1335
deepseek-ai/DeepSeek-R1-Distill-Qwen-7B,math500,42,251,True,True,320,True,320,32,352,5,True,384,True,384,38,422,6,True,64,False,False,False,False,False,False,False,False,False,False,False,True,False,False,4440
deepseek-ai/DeepSeek-R1-Distill-Qwen-7B,math500,42,252,True,True,1344,True,1344,109,1453,21,True,960,False,960,78,1038,15,True,-384,False,False,False,False,False,True,False,False,True,False,True,False,True,False,2476
deepseek-ai/DeepSeek-R1-Distill-Qwen-7B,math500,42,253,True,True,512,False,512,33,545,8,True,512,False,512,32,544,8,True,0,False,False,False,True,False,True,False,False,False,False,False,False,False,True,1678
deepseek-ai/DeepSeek-R1-Distill-Qwen-7B,math500,42,254,True,True,192,True,192,15,207,3,True,192,True,192,15,207,3,True,0,False,False,False,False,False,False,False,False,False,False,False,False,False,True,2050
deepseek-ai/DeepSeek-R1-Distill-Qwen-7B,math500,42,257,False,True,192,False,192,18,210,3,True,192,False,192,18,210,3,True,0,False,False,False,False,False,False,False,False,False,False,False,False,False,True,889
deepseek-ai/DeepSeek-R1-Distill-Qwen-7B,math500,42,258,True,True,640,True,640,49,689,10,True,640,True,640,48,688,10,True,0,False,False,False,False,False,False,False,False,False,False,False,False,False,True,1199
deepseek-ai/DeepSeek-R1-Distill-Qwen-7B,math500,42,259,True,True,192,True,192,15,207,3,True,192,True,192,15,207,3,True,0,False,False,False,False,False,False,False,False,False,False,False,False,False,True,1664
deepseek-ai/DeepSeek-R1-Distill-Qwen-7B,math500,42,26,False,True,192,False,192,18,210,3,True,1088,False,1088,123,1211,17,True,896,False,False,False,False,False,False,False,False,False,False,False,True,False,False,16384
deepseek-ai/DeepSeek-R1-Distill-Qwen-7B,math500,42,260,True,True,832,True,832,78,910,13,True,768,True,768,72,840,12,True,-64,False,False,False,False,False,False,False,False,False,False,False,False,True,False,1763
deepseek-ai/DeepSeek-R1-Distill-Qwen-7B,math500,42,261,True,True,192,True,192,15,207,3,True,192,True,192,15,207,3,True,0,False,False,False,False,False,False,False,False,False,False,False,False,False,True,1982
deepseek-ai/DeepSeek-R1-Distill-Qwen-7B,math500,42,262,True,True,192,True,192,12,204,3,True,192,True,192,12,204,3,True,0,False,False,False,False,False,False,False,False,False,False,False,False,False,True,470
deepseek-ai/DeepSeek-R1-Distill-Qwen-7B,math500,42,263,True,True,576,True,576,42,618,9,True,384,False,384,28,412,6,True,-192,False,False,False,False,False,True,False,False,True,False,True,False,True,False,1287
deepseek-ai/DeepSeek-R1-Distill-Qwen-7B,math500,42,264,False,True,4672,False,4672,715,5387,73,True,512,False,512,84,596,8,True,-4160,False,False,False,False,False,False,False,False,False,False,False,False,True,False,16384
deepseek-ai/DeepSeek-R1-Distill-Qwen-7B,math500,42,265,True,True,192,True,192,21,213,3,True,192,True,192,21,213,3,True,0,False,False,False,False,False,False,False,False,False,False,False,False,False,True,1797
deepseek-ai/DeepSeek-R1-Distill-Qwen-7B,math500,42,266,True,True,256,False,256,19,275,4,True,832,False,832,60,892,13,True,576,False,False,False,True,False,True,False,False,False,False,False,True,False,False,2246
deepseek-ai/DeepSeek-R1-Distill-Qwen-7B,math500,42,267,True,True,320,True,320,30,350,5,True,960,False,960,81,1041,15,True,640,False,False,False,False,False,True,False,False,True,False,True,True,False,False,4211
deepseek-ai/DeepSeek-R1-Distill-Qwen-7B,math500,42,268,True,True,256,True,256,16,272,4,True,256,True,256,16,272,4,True,0,False,False,False,False,False,False,False,False,False,False,False,False,False,True,2279
deepseek-ai/DeepSeek-R1-Distill-Qwen-7B,math500,42,269,True,True,192,True,192,12,204,3,True,192,True,192,12,204,3,True,0,False,False,False,False,False,False,False,False,False,False,False,False,False,True,1320
deepseek-ai/DeepSeek-R1-Distill-Qwen-7B,math500,42,27,True,True,704,True,704,57,761,11,True,704,True,704,57,761,11,True,0,False,False,False,False,False,False,False,False,False,False,False,False,False,True,1558
deepseek-ai/DeepSeek-R1-Distill-Qwen-7B,math500,42,270,True,True,576,True,576,43,619,9,True,512,True,512,39,551,8,True,-64,False,False,False,False,False,False,False,False,False,False,False,False,True,False,1781
deepseek-ai/DeepSeek-R1-Distill-Qwen-7B,math500,42,271,True,True,1280,True,1280,100,1380,20,True,320,False,320,22,342,5,True,-960,False,False,False,False,False,True,False,False,True,False,True,False,True,False,3884
deepseek-ai/DeepSeek-R1-Distill-Qwen-7B,math500,42,273,True,True,640,False,640,71,711,10,True,704,False,704,64,768,11,True,64,False,False,False,True,False,True,False,False,False,False,False,True,False,False,5904
deepseek-ai/DeepSeek-R1-Distill-Qwen-7B,math500,42,274,True,True,256,False,256,20,276,4,True,320,False,320,25,345,5,True,64,False,False,False,True,False,True,False,False,False,False,False,True,False,False,4725
deepseek-ai/DeepSeek-R1-Distill-Qwen-7B,math500,42,275,True,True,448,True,448,30,478,7,True,448,True,448,28,476,7,True,0,False,False,False,False,False,False,False,False,False,False,False,False,False,True,1921
deepseek-ai/DeepSeek-R1-Distill-Qwen-7B,math500,42,277,True,True,576,False,576,57,633,9,True,512,False,512,51,563,8,True,-64,False,False,False,True,False,True,False,False,False,False,False,False,True,False,857
deepseek-ai/DeepSeek-R1-Distill-Qwen-7B,math500,42,278,True,True,192,True,192,18,210,3,True,192,True,192,18,210,3,True,0,False,False,False,False,False,False,False,False,False,False,False,False,False,True,1427
deepseek-ai/DeepSeek-R1-Distill-Qwen-7B,math500,42,279,True,True,960,True,960,102,1062,15,True,960,True,960,100,1060,15,True,0,False,False,False,False,False,False,False,False,False,False,False,False,False,True,1649
deepseek-ai/DeepSeek-R1-Distill-Qwen-7B,math500,42,28,True,True,448,True,448,59,507,7,True,512,True,512,63,575,8,True,64,False,False,False,False,False,False,False,False,False,False,False,True,False,False,1117
deepseek-ai/DeepSeek-R1-Distill-Qwen-7B,math500,42,280,True,True,192,False,192,12,204,3,True,192,False,192,12,204,3,True,0,False,False,False,True,False,True,False,False,False,False,False,False,False,True,1993
deepseek-ai/DeepSeek-R1-Distill-Qwen-7B,math500,42,281,True,True,192,True,192,19,211,3,True,192,True,192,21,213,3,True,0,False,False,False,False,False,False,False,False,False,False,False,False,False,True,8214
deepseek-ai/DeepSeek-R1-Distill-Qwen-7B,math500,42,282,False,True,1344,False,1344,108,1452,21,True,256,False,256,21,277,4,True,-1088,False,False,False,False,False,False,False,False,False,False,False,False,True,False,16384
deepseek-ai/DeepSeek-R1-Distill-Qwen-7B,math500,42,283,True,True,384,True,384,27,411,6,True,384,True,384,25,409,6,True,0,False,False,False,False,False,False,False,False,False,False,False,False,False,True,2384
deepseek-ai/DeepSeek-R1-Distill-Qwen-7B,math500,42,284,False,True,448,False,448,28,476,7,True,192,False,192,12,204,3,True,-256,False,False,False,False,False,False,False,False,False,False,False,False,True,False,5627
deepseek-ai/DeepSeek-R1-Distill-Qwen-7B,math500,42,285,True,True,4736,True,4736,395,5131,74,True,4736,True,4736,399,5135,74,True,0,False,False,False,False,False,False,False,False,False,False,False,False,False,True,5340
deepseek-ai/DeepSeek-R1-Distill-Qwen-7B,math500,42,286,False,True,768,False,768,60,828,12,True,576,False,576,42,618,9,True,-192,False,False,False,False,False,False,False,False,False,False,False,False,True,False,15102
deepseek-ai/DeepSeek-R1-Distill-Qwen-7B,math500,42,287,True,True,896,False,896,71,967,14,True,1088,True,1088,87,1175,17,True,192,False,False,False,True,False,False,False,True,False,True,False,True,False,False,3383
deepseek-ai/DeepSeek-R1-Distill-Qwen-7B,math500,42,288,True,True,2112,True,2112,213,2325,33,True,448,False,448,28,476,7,True,-1664,False,False,False,False,False,True,False,False,True,False,True,False,True,False,3161
deepseek-ai/DeepSeek-R1-Distill-Qwen-7B,math500,42,289,True,True,192,True,192,15,207,3,True,192,True,192,15,207,3,True,0,False,False,False,False,False,False,False,False,False,False,False,False,False,True,3020
deepseek-ai/DeepSeek-R1-Distill-Qwen-7B,math500,42,29,True,True,768,False,768,66,834,12,True,768,False,768,68,836,12,True,0,False,False,False,True,False,True,False,False,False,False,False,False,False,True,1671
deepseek-ai/DeepSeek-R1-Distill-Qwen-7B,math500,42,290,True,True,256,True,256,16,272,4,True,576,True,576,36,612,9,True,320,False,False,False,False,False,False,False,False,False,False,False,True,False,False,2218
deepseek-ai/DeepSeek-R1-Distill-Qwen-7B,math500,42,291,True,True,576,True,576,44,620,9,True,576,True,576,45,621,9,True,0,False,False,False,False,False,False,False,False,False,False,False,False,False,True,1318
deepseek-ai/DeepSeek-R1-Distill-Qwen-7B,math500,42,293,True,True,384,False,384,87,471,6,True,256,False,256,53,309,4,True,-128,False,False,False,True,False,True,False,False,False,False,False,False,True,False,1612
deepseek-ai/DeepSeek-R1-Distill-Qwen-7B,math500,42,294,True,True,832,False,832,69,901,13,True,512,False,512,43,555,8,True,-320,False,False,False,True,False,True,False,False,False,False,False,False,True,False,3020
deepseek-ai/DeepSeek-R1-Distill-Qwen-7B,math500,42,295,True,True,2240,False,2240,169,2409,35,True,512,False,512,40,552,8,True,-1728,False,False,False,True,False,True,False,False,False,False,False,False,True,False,8009
deepseek-ai/DeepSeek-R1-Distill-Qwen-7B,math500,42,296,True,True,704,True,704,44,748,11,True,384,False,384,24,408,6,True,-320,False,False,False,False,False,True,False,False,True,False,True,False,True,False,6953
deepseek-ai/DeepSeek-R1-Distill-Qwen-7B,math500,42,297,True,True,896,True,896,84,980,14,True,320,False,320,30,350,5,True,-576,False,False,False,False,False,True,False,False,True,False,True,False,True,False,2203
deepseek-ai/DeepSeek-R1-Distill-Qwen-7B,math500,42,298,True,True,1024,True,1024,432,1456,16,True,1024,True,1024,434,1458,16,True,0,False,False,False,False,False,False,False,False,False,False,False,False,False,True,2638
deepseek-ai/DeepSeek-R1-Distill-Qwen-7B,math500,42,299,True,True,704,True,704,54,758,11,True,576,True,576,46,622,9,True,-128,False,False,False,False,False,False,False,False,False,False,False,False,True,False,2081
deepseek-ai/DeepSeek-R1-Distill-Qwen-7B,math500,42,3,True,True,320,True,320,22,342,5,True,320,True,320,22,342,5,True,0,False,False,False,False,False,False,False,False,False,False,False,False,False,True,1953
deepseek-ai/DeepSeek-R1-Distill-Qwen-7B,math500,42,30,True,True,256,True,256,28,284,4,True,256,True,256,28,284,4,True,0,False,False,False,False,False,False,False,False,False,False,False,False,False,True,522
deepseek-ai/DeepSeek-R1-Distill-Qwen-7B,math500,42,300,True,True,192,True,192,15,207,3,True,192,True,192,15,207,3,True,0,False,False,False,False,False,False,False,False,False,False,False,False,False,True,1710
deepseek-ai/DeepSeek-R1-Distill-Qwen-7B,math500,42,304,True,True,192,False,192,15,207,3,True,256,True,256,17,273,4,True,64,False,False,False,True,False,False,False,True,False,True,False,True,False,False,2754
deepseek-ai/DeepSeek-R1-Distill-Qwen-7B,math500,42,306,True,True,256,True,256,16,272,4,True,320,True,320,21,341,5,True,64,False,False,False,False,False,False,False,False,False,False,False,True,False,False,9709
deepseek-ai/DeepSeek-R1-Distill-Qwen-7B,math500,42,308,False,True,320,False,320,54,374,5,True,448,False,448,69,517,7,True,128,False,False,False,False,False,False,False,False,False,False,False,True,False,False,16384
deepseek-ai/DeepSeek-R1-Distill-Qwen-7B,math500,42,309,True,True,640,True,640,50,690,10,True,384,False,384,30,414,6,True,-256,False,False,False,False,False,True,False,False,True,False,True,False,True,False,5088
deepseek-ai/DeepSeek-R1-Distill-Qwen-7B,math500,42,31,True,True,192,True,192,27,219,3,True,192,True,192,27,219,3,True,0,False,False,False,False,False,False,False,False,False,False,False,False,False,True,893
deepseek-ai/DeepSeek-R1-Distill-Qwen-7B,math500,42,310,True,True,576,True,576,41,617,9,True,576,True,576,43,619,9,True,0,False,False,False,False,False,False,False,False,False,False,False,False,False,True,1693
deepseek-ai/DeepSeek-R1-Distill-Qwen-7B,math500,42,311,True,True,576,False,576,36,612,9,True,704,False,704,44,748,11,True,128,False,False,False,True,False,True,False,False,False,False,False,True,False,False,2999
deepseek-ai/DeepSeek-R1-Distill-Qwen-7B,math500,42,312,True,True,192,True,192,30,222,3,True,192,True,192,30,222,3,True,0,False,False,False,False,False,False,False,False,False,False,False,False,False,True,1038
deepseek-ai/DeepSeek-R1-Distill-Qwen-7B,math500,42,314,False,True,256,True,256,38,294,4,False,,False,491,61,552,7,False,,True,False,False,False,True,False,False,False,True,False,False,False,False,False,491
deepseek-ai/DeepSeek-R1-Distill-Qwen-7B,math500,42,315,True,True,512,False,512,40,552,8,True,512,False,512,40,552,8,True,0,False,False,False,True,False,True,False,False,False,False,False,False,False,True,2332
deepseek-ai/DeepSeek-R1-Distill-Qwen-7B,math500,42,316,True,True,1088,True,1088,79,1167,17,True,1088,True,1088,77,1165,17,True,0,False,False,False,False,False,False,False,False,False,False,False,False,False,True,1797
deepseek-ai/DeepSeek-R1-Distill-Qwen-7B,math500,42,318,False,True,1216,False,1216,218,1434,19,True,704,False,704,147,851,11,True,-512,False,False,False,False,False,False,False,False,False,False,False,False,True,False,1774
deepseek-ai/DeepSeek-R1-Distill-Qwen-7B,math500,42,319,True,False,,True,1185,106,1291,18,True,192,False,192,12,204,3,False,,False,True,False,False,False,True,False,False,True,False,True,False,False,False,1185
deepseek-ai/DeepSeek-R1-Distill-Qwen-7B,math500,42,32,True,True,448,True,448,42,490,7,True,256,False,256,24,280,4,True,-192,False,False,False,False,False,True,False,False,True,False,True,False,True,False,6537
deepseek-ai/DeepSeek-R1-Distill-Qwen-7B,math500,42,320,True,True,192,False,192,12,204,3,True,192,False,192,12,204,3,True,0,False,False,False,True,False,True,False,False,False,False,False,False,False,True,3683
deepseek-ai/DeepSeek-R1-Distill-Qwen-7B,math500,42,321,True,True,832,True,832,84,916,13,True,832,True,832,73,905,13,True,0,False,False,False,False,False,False,False,False,False,False,False,False,False,True,1718
deepseek-ai/DeepSeek-R1-Distill-Qwen-7B,math500,42,322,True,True,384,False,384,24,408,6,True,320,False,320,20,340,5,True,-64,False,False,False,True,False,True,False,False,False,False,False,False,True,False,1207
deepseek-ai/DeepSeek-R1-Distill-Qwen-7B,math500,42,323,True,True,384,False,384,39,423,6,True,256,False,256,22,278,4,True,-128,False,False,False,True,False,True,False,False,False,False,False,False,True,False,6655
deepseek-ai/DeepSeek-R1-Distill-Qwen-7B,math500,42,324,False,True,1088,False,1088,91,1179,17,True,320,False,320,26,346,5,True,-768,False,False,False,False,False,False,False,False,False,False,False,False,True,False,3790
deepseek-ai/DeepSeek-R1-Distill-Qwen-7B,math500,42,325,True,True,512,True,512,35,547,8,True,512,True,512,36,548,8,True,0,False,False,False,False,False,False,False,False,False,False,False,False,False,True,2742
deepseek-ai/DeepSeek-R1-Distill-Qwen-7B,math500,42,326,True,True,448,False,448,48,496,7,True,384,False,384,39,423,6,True,-64,False,False,False,True,False,True,False,False,False,False,False,False,True,False,3972
deepseek-ai/DeepSeek-R1-Distill-Qwen-7B,math500,42,327,True,True,5376,True,5376,473,5849,84,True,5376,True,5376,414,5790,84,True,0,False,False,False,False,False,False,False,False,False,False,False,False,False,True,6826
deepseek-ai/DeepSeek-R1-Distill-Qwen-7B,math500,42,328,True,True,640,False,640,42,682,10,True,192,False,192,12,204,3,True,-448,False,False,False,True,False,True,False,False,False,False,False,False,True,False,5822
deepseek-ai/DeepSeek-R1-Distill-Qwen-7B,math500,42,33,True,True,2560,False,2560,273,2833,40,True,2176,False,2176,284,2460,34,True,-384,False,False,False,True,False,True,False,False,False,False,False,False,True,False,3328
deepseek-ai/DeepSeek-R1-Distill-Qwen-7B,math500,42,331,True,True,192,False,192,12,204,3,True,192,False,192,12,204,3,True,0,False,False,False,True,False,True,False,False,False,False,False,False,False,True,2718
deepseek-ai/DeepSeek-R1-Distill-Qwen-7B,math500,42,332,True,True,384,False,384,24,408,6,True,448,False,448,28,476,7,True,64,False,False,False,True,False,True,False,False,False,False,False,True,False,False,4940
deepseek-ai/DeepSeek-R1-Distill-Qwen-7B,math500,42,333,False,True,512,True,512,33,545,8,True,512,True,512,32,544,8,True,0,False,False,False,False,True,False,True,False,False,False,False,False,False,True,16384
deepseek-ai/DeepSeek-R1-Distill-Qwen-7B,math500,42,334,True,False,,True,704,69,773,10,True,576,False,576,58,634,9,False,,False,True,False,False,False,True,False,False,True,False,True,False,False,False,704
deepseek-ai/DeepSeek-R1-Distill-Qwen-7B,math500,42,335,True,True,1152,True,1152,72,1224,18,True,192,False,192,12,204,3,True,-960,False,False,False,False,False,True,False,False,True,False,True,False,True,False,2356
deepseek-ai/DeepSeek-R1-Distill-Qwen-7B,math500,42,336,True,True,576,True,576,69,645,9,True,512,True,512,61,573,8,True,-64,False,False,False,False,False,False,False,False,False,False,False,False,True,False,2394
deepseek-ai/DeepSeek-R1-Distill-Qwen-7B,math500,42,338,True,True,960,True,960,132,1092,15,True,960,True,960,135,1095,15,True,0,False,False,False,False,False,False,False,False,False,False,False,False,False,True,2162
deepseek-ai/DeepSeek-R1-Distill-Qwen-7B,math500,42,339,True,True,192,False,192,15,207,3,True,192,False,192,15,207,3,True,0,False,False,False,True,False,True,False,False,False,False,False,False,False,True,2462
deepseek-ai/DeepSeek-R1-Distill-Qwen-7B,math500,42,340,False,True,256,False,256,28,284,4,True,896,False,896,102,998,14,True,640,False,False,False,False,False,False,False,False,False,False,False,True,False,False,16384
deepseek-ai/DeepSeek-R1-Distill-Qwen-7B,math500,42,341,True,True,576,False,576,36,612,9,True,512,False,512,32,544,8,True,-64,False,False,False,True,False,True,False,False,False,False,False,False,True,False,1518
deepseek-ai/DeepSeek-R1-Distill-Qwen-7B,math500,42,342,True,True,192,True,192,12,204,3,True,192,True,192,12,204,3,True,0,False,False,False,False,False,False,False,False,False,False,False,False,False,True,2313
deepseek-ai/DeepSeek-R1-Distill-Qwen-7B,math500,42,343,True,True,192,False,192,24,216,3,True,192,False,192,24,216,3,True,0,False,False,False,True,False,True,False,False,False,False,False,False,False,True,1670
deepseek-ai/DeepSeek-R1-Distill-Qwen-7B,math500,42,344,True,True,192,False,192,12,204,3,True,192,False,192,12,204,3,True,0,False,False,False,True,False,True,False,False,False,False,False,False,False,True,1311
deepseek-ai/DeepSeek-R1-Distill-Qwen-7B,math500,42,345,True,True,448,True,448,28,476,7,True,192,False,192,12,204,3,True,-256,False,False,False,False,False,True,False,False,True,False,True,False,True,False,1008
deepseek-ai/DeepSeek-R1-Distill-Qwen-7B,math500,42,346,True,True,512,False,512,44,556,8,True,576,False,576,47,623,9,True,64,False,False,False,True,False,True,False,False,False,False,False,True,False,False,2143
deepseek-ai/DeepSeek-R1-Distill-Qwen-7B,math500,42,347,True,True,576,True,576,164,740,9,True,512,True,512,149,661,8,True,-64,False,False,False,False,False,False,False,False,False,False,False,False,True,False,1441
deepseek-ai/DeepSeek-R1-Distill-Qwen-7B,math500,42,348,True,True,192,True,192,21,213,3,True,320,True,320,32,352,5,True,128,False,False,False,False,False,False,False,False,False,False,False,True,False,False,3505
deepseek-ai/DeepSeek-R1-Distill-Qwen-7B,math500,42,35,True,True,192,False,192,12,204,3,True,192,False,192,12,204,3,True,0,False,False,False,True,False,True,False,False,False,False,False,False,False,True,3462
deepseek-ai/DeepSeek-R1-Distill-Qwen-7B,math500,42,350,True,True,448,True,448,28,476,7,True,320,True,320,20,340,5,True,-128,False,False,False,False,False,False,False,False,False,False,False,False,True,False,2339
deepseek-ai/DeepSeek-R1-Distill-Qwen-7B,math500,42,351,True,True,1728,False,1728,354,2082,27,True,256,True,256,51,307,4,True,-1472,False,False,False,True,False,False,False,True,False,True,False,False,True,False,6254
deepseek-ai/DeepSeek-R1-Distill-Qwen-7B,math500,42,352,True,True,384,False,384,30,414,6,True,320,False,320,25,345,5,True,-64,False,False,False,True,False,True,False,False,False,False,False,False,True,False,10535
deepseek-ai/DeepSeek-R1-Distill-Qwen-7B,math500,42,353,True,True,576,True,576,54,630,9,True,384,False,384,52,436,6,True,-192,False,False,False,False,False,True,False,False,True,False,True,False,True,False,1227
deepseek-ai/DeepSeek-R1-Distill-Qwen-7B,math500,42,354,True,True,384,True,384,34,418,6,True,384,True,384,33,417,6,True,0,False,False,False,False,False,False,False,False,False,False,False,False,False,True,1270
deepseek-ai/DeepSeek-R1-Distill-Qwen-7B,math500,42,355,True,True,896,False,896,83,979,14,True,704,False,704,65,769,11,True,-192,False,False,False,True,False,True,False,False,False,False,False,False,True,False,7146
deepseek-ai/DeepSeek-R1-Distill-Qwen-7B,math500,42,357,True,True,960,True,960,60,1020,15,True,896,True,896,57,953,14,True,-64,False,False,False,False,False,False,False,False,False,False,False,False,True,False,3518
deepseek-ai/DeepSeek-R1-Distill-Qwen-7B,math500,42,358,True,True,1344,True,1344,94,1438,21,True,320,False,320,20,340,5,True,-1024,False,False,False,False,False,True,False,False,True,False,True,False,True,False,2556
deepseek-ai/DeepSeek-R1-Distill-Qwen-7B,math500,42,359,True,True,256,True,256,16,272,4,True,192,True,192,12,204,3,True,-64,False,False,False,False,False,False,False,False,False,False,False,False,True,False,2641
deepseek-ai/DeepSeek-R1-Distill-Qwen-7B,math500,42,36,False,True,256,False,256,16,272,4,True,192,False,192,12,204,3,True,-64,False,False,False,False,False,False,False,False,False,False,False,False,True,False,6077
deepseek-ai/DeepSeek-R1-Distill-Qwen-7B,math500,42,361,True,True,192,False,192,24,216,3,True,192,True,192,27,219,3,True,0,False,False,False,True,False,False,False,True,False,True,False,False,False,True,3151
deepseek-ai/DeepSeek-R1-Distill-Qwen-7B,math500,42,362,True,False,,True,1026,83,1109,16,False,,True,1026,71,1097,16,False,,False,False,True,False,False,False,False,False,False,False,False,False,False,False,1026
deepseek-ai/DeepSeek-R1-Distill-Qwen-7B,math500,42,364,True,True,1152,False,1152,277,1429,18,True,1408,False,1408,340,1748,22,True,256,False,False,False,True,False,True,False,False,False,False,False,True,False,False,2568
deepseek-ai/DeepSeek-R1-Distill-Qwen-7B,math500,42,365,True,True,320,False,320,30,350,5,True,192,False,192,18,210,3,True,-128,False,False,False,True,False,True,False,False,False,False,False,False,True,False,3421
deepseek-ai/DeepSeek-R1-Distill-Qwen-7B,math500,42,366,True,True,192,True,192,12,204,3,True,192,True,192,12,204,3,True,0,False,False,False,False,False,False,False,False,False,False,False,False,False,True,3870
deepseek-ai/DeepSeek-R1-Distill-Qwen-7B,math500,42,367,True,True,576,True,576,36,612,9,True,192,True,192,12,204,3,True,-384,False,False,False,False,False,False,False,False,False,False,False,False,True,False,1062
deepseek-ai/DeepSeek-R1-Distill-Qwen-7B,math500,42,368,True,True,192,False,192,15,207,3,True,320,False,320,25,345,5,True,128,False,False,False,True,False,True,False,False,False,False,False,True,False,False,1224
deepseek-ai/DeepSeek-R1-Distill-Qwen-7B,math500,42,369,False,True,2240,False,2240,210,2450,35,True,640,False,640,62,702,10,True,-1600,False,False,False,False,False,False,False,False,False,False,False,False,True,False,7931
deepseek-ai/DeepSeek-R1-Distill-Qwen-7B,math500,42,37,True,True,192,True,192,15,207,3,True,192,True,192,15,207,3,True,0,False,False,False,False,False,False,False,False,False,False,False,False,False,True,1087
deepseek-ai/DeepSeek-R1-Distill-Qwen-7B,math500,42,370,True,True,192,False,192,12,204,3,True,192,False,192,12,204,3,True,0,False,False,False,True,False,True,False,False,False,False,False,False,False,True,1228
deepseek-ai/DeepSeek-R1-Distill-Qwen-7B,math500,42,371,True,True,192,False,192,12,204,3,True,192,False,192,12,204,3,True,0,False,False,False,True,False,True,False,False,False,False,False,False,False,True,8009
deepseek-ai/DeepSeek-R1-Distill-Qwen-7B,math500,42,372,False,True,192,False,192,19,211,3,True,448,False,448,45,493,7,True,256,False,False,False,False,False,False,False,False,False,False,False,True,False,False,9101
deepseek-ai/DeepSeek-R1-Distill-Qwen-7B,math500,42,373,True,True,768,True,768,184,952,12,True,768,True,768,195,963,12,True,0,False,False,False,False,False,False,False,False,False,False,False,False,False,True,2926
deepseek-ai/DeepSeek-R1-Distill-Qwen-7B,math500,42,374,True,True,256,True,256,16,272,4,True,192,True,192,12,204,3,True,-64,False,False,False,False,False,False,False,False,False,False,False,False,True,False,293
deepseek-ai/DeepSeek-R1-Distill-Qwen-7B,math500,42,376,True,True,256,False,256,32,288,4,True,320,False,320,41,361,5,True,64,False,False,False,True,False,True,False,False,False,False,False,True,False,False,3652
deepseek-ai/DeepSeek-R1-Distill-Qwen-7B,math500,42,378,True,True,192,False,192,12,204,3,True,192,False,192,12,204,3,True,0,False,False,False,True,False,True,False,False,False,False,False,False,False,True,3867
deepseek-ai/DeepSeek-R1-Distill-Qwen-7B,math500,42,379,True,True,384,False,384,40,424,6,True,384,True,384,30,414,6,True,0,False,False,False,True,False,False,False,True,False,True,False,False,False,True,3280
deepseek-ai/DeepSeek-R1-Distill-Qwen-7B,math500,42,38,True,True,192,True,192,25,217,3,True,192,True,192,21,213,3,True,0,False,False,False,False,False,False,False,False,False,False,False,False,False,True,439
deepseek-ai/DeepSeek-R1-Distill-Qwen-7B,math500,42,380,True,True,2240,False,2240,617,2857,35,True,1984,False,1984,458,2442,31,True,-256,False,False,False,True,False,True,False,False,False,False,False,False,True,False,3738
deepseek-ai/DeepSeek-R1-Distill-Qwen-7B,math500,42,381,False,True,192,False,192,12,204,3,True,640,False,640,40,680,10,True,448,False,False,False,False,False,False,False,False,False,False,False,True,False,False,16203
deepseek-ai/DeepSeek-R1-Distill-Qwen-7B,math500,42,382,False,True,192,False,192,24,216,3,True,576,False,576,72,648,9,True,384,False,False,False,False,False,False,False,False,False,False,False,True,False,False,2141
deepseek-ai/DeepSeek-R1-Distill-Qwen-7B,math500,42,383,True,True,256,True,256,32,288,4,True,192,True,192,24,216,3,True,-64,False,False,False,False,False,False,False,False,False,False,False,False,True,False,1453
deepseek-ai/DeepSeek-R1-Distill-Qwen-7B,math500,42,384,True,True,192,True,192,30,222,3,True,192,True,192,30,222,3,True,0,False,False,False,False,False,False,False,False,False,False,False,False,False,True,1625
deepseek-ai/DeepSeek-R1-Distill-Qwen-7B,math500,42,385,True,True,320,True,320,25,345,5,True,320,True,320,25,345,5,True,0,False,False,False,False,False,False,False,False,False,False,False,False,False,True,570
deepseek-ai/DeepSeek-R1-Distill-Qwen-7B,math500,42,387,True,False,,True,408,30,438,6,True,384,True,384,30,414,6,False,,False,True,False,False,False,False,False,False,False,False,False,False,False,False,408
deepseek-ai/DeepSeek-R1-Distill-Qwen-7B,math500,42,389,True,True,320,False,320,20,340,5,True,1152,False,1152,100,1252,18,True,832,False,False,False,True,False,True,False,False,False,False,False,True,False,False,2599
deepseek-ai/DeepSeek-R1-Distill-Qwen-7B,math500,42,39,False,True,384,False,384,35,419,6,True,384,False,384,35,419,6,True,0,False,False,False,False,False,False,False,False,False,False,False,False,False,True,533
deepseek-ai/DeepSeek-R1-Distill-Qwen-7B,math500,42,391,True,True,192,False,192,12,204,3,True,192,False,192,12,204,3,True,0,False,False,False,True,False,True,False,False,False,False,False,False,False,True,3420
deepseek-ai/DeepSeek-R1-Distill-Qwen-7B,math500,42,392,False,True,1088,False,1088,76,1164,17,True,1344,False,1344,95,1439,21,True,256,False,False,False,False,False,False,False,False,False,False,False,True,False,False,16384
deepseek-ai/DeepSeek-R1-Distill-Qwen-7B,math500,42,394,True,True,192,False,192,12,204,3,True,384,False,384,30,414,6,True,192,False,False,False,True,False,True,False,False,False,False,False,True,False,False,3452
deepseek-ai/DeepSeek-R1-Distill-Qwen-7B,math500,42,395,True,True,448,True,448,28,476,7,True,512,True,512,32,544,8,True,64,False,False,False,False,False,False,False,False,False,False,False,True,False,False,2639
deepseek-ai/DeepSeek-R1-Distill-Qwen-7B,math500,42,396,True,True,192,True,192,12,204,3,True,192,True,192,12,204,3,True,0,False,False,False,False,False,False,False,False,False,False,False,False,False,True,2921
deepseek-ai/DeepSeek-R1-Distill-Qwen-7B,math500,42,397,True,True,256,True,256,20,276,4,True,256,True,256,20,276,4,True,0,False,False,False,False,False,False,False,False,False,False,False,False,False,True,574
deepseek-ai/DeepSeek-R1-Distill-Qwen-7B,math500,42,398,True,True,1472,False,1472,164,1636,23,True,320,True,320,25,345,5,True,-1152,False,False,False,True,False,False,False,True,False,True,False,False,True,False,4828
deepseek-ai/DeepSeek-R1-Distill-Qwen-7B,math500,42,399,True,True,192,True,192,24,216,3,True,192,True,192,24,216,3,True,0,False,False,False,False,False,False,False,False,False,False,False,False,False,True,588
deepseek-ai/DeepSeek-R1-Distill-Qwen-7B,math500,42,4,True,True,192,False,192,15,207,3,True,192,False,192,15,207,3,True,0,False,False,False,True,False,True,False,False,False,False,False,False,False,True,2433
deepseek-ai/DeepSeek-R1-Distill-Qwen-7B,math500,42,40,True,True,192,True,192,15,207,3,True,192,True,192,15,207,3,True,0,False,False,False,False,False,False,False,False,False,False,False,False,False,True,1058
deepseek-ai/DeepSeek-R1-Distill-Qwen-7B,math500,42,400,False,True,640,False,640,41,681,10,True,192,False,192,12,204,3,True,-448,False,False,False,False,False,False,False,False,False,False,False,False,True,False,16384
deepseek-ai/DeepSeek-R1-Distill-Qwen-7B,math500,42,401,True,True,192,False,192,12,204,3,True,192,False,192,12,204,3,True,0,False,False,False,True,False,True,False,False,False,False,False,False,False,True,8760
deepseek-ai/DeepSeek-R1-Distill-Qwen-7B,math500,42,402,True,True,704,True,704,91,795,11,True,704,True,704,131,835,11,True,0,False,False,False,False,False,False,False,False,False,False,False,False,False,True,1545
deepseek-ai/DeepSeek-R1-Distill-Qwen-7B,math500,42,404,True,True,448,True,448,28,476,7,True,192,True,192,12,204,3,True,-256,False,False,False,False,False,False,False,False,False,False,False,False,True,False,860
deepseek-ai/DeepSeek-R1-Distill-Qwen-7B,math500,42,405,True,True,192,True,192,15,207,3,True,192,True,192,15,207,3,True,0,False,False,False,False,False,False,False,False,False,False,False,False,False,True,1578
deepseek-ai/DeepSeek-R1-Distill-Qwen-7B,math500,42,406,True,True,192,True,192,12,204,3,True,192,True,192,12,204,3,True,0,False,False,False,False,False,False,False,False,False,False,False,False,False,True,306
deepseek-ai/DeepSeek-R1-Distill-Qwen-7B,math500,42,407,True,True,192,True,192,12,204,3,True,192,True,192,12,204,3,True,0,False,False,False,False,False,False,False,False,False,False,False,False,False,True,3429
deepseek-ai/DeepSeek-R1-Distill-Qwen-7B,math500,42,408,True,True,1408,True,1408,490,1898,22,True,1408,True,1408,488,1896,22,True,0,False,False,False,False,False,False,False,False,False,False,False,False,False,True,3884
deepseek-ai/DeepSeek-R1-Distill-Qwen-7B,math500,42,410,True,True,512,True,512,32,544,8,True,640,True,640,40,680,10,True,128,False,False,False,False,False,False,False,False,False,False,False,True,False,False,1226
deepseek-ai/DeepSeek-R1-Distill-Qwen-7B,math500,42,412,True,True,3968,True,3968,376,4344,62,True,3968,True,3968,369,4337,62,True,0,False,False,False,False,False,False,False,False,False,False,False,False,False,True,5644
deepseek-ai/DeepSeek-R1-Distill-Qwen-7B,math500,42,415,True,True,1600,True,1600,102,1702,25,True,448,False,448,29,477,7,True,-1152,False,False,False,False,False,True,False,False,True,False,True,False,True,False,4660
deepseek-ai/DeepSeek-R1-Distill-Qwen-7B,math500,42,416,True,True,576,False,576,65,641,9,True,192,False,192,12,204,3,True,-384,False,False,False,True,False,True,False,False,False,False,False,False,True,False,2577
deepseek-ai/DeepSeek-R1-Distill-Qwen-7B,math500,42,417,True,True,576,False,576,37,613,9,False,,True,1426,92,1518,22,False,,True,False,False,True,False,False,False,True,False,True,False,False,False,False,1426
deepseek-ai/DeepSeek-R1-Distill-Qwen-7B,math500,42,418,True,True,192,True,192,24,216,3,True,192,True,192,24,216,3,True,0,False,False,False,False,False,False,False,False,False,False,False,False,False,True,2639
deepseek-ai/DeepSeek-R1-Distill-Qwen-7B,math500,42,419,True,True,1664,True,1664,604,2268,26,True,1664,True,1664,636,2300,26,True,0,False,False,False,False,False,False,False,False,False,False,False,False,False,True,2733
deepseek-ai/DeepSeek-R1-Distill-Qwen-7B,math500,42,42,True,True,256,True,256,16,272,4,True,256,True,256,16,272,4,True,0,False,False,False,False,False,False,False,False,False,False,False,False,False,True,435
deepseek-ai/DeepSeek-R1-Distill-Qwen-7B,math500,42,420,True,True,448,False,448,28,476,7,True,384,False,384,24,408,6,True,-64,False,False,False,True,False,True,False,False,False,False,False,False,True,False,2903
deepseek-ai/DeepSeek-R1-Distill-Qwen-7B,math500,42,422,False,True,960,False,960,217,1177,15,True,2176,False,2176,463,2639,34,True,1216,False,False,False,False,False,False,False,False,False,False,False,True,False,False,16384
deepseek-ai/DeepSeek-R1-Distill-Qwen-7B,math500,42,423,True,True,1408,True,1408,154,1562,22,True,448,False,448,49,497,7,True,-960,False,False,False,False,False,True,False,False,True,False,True,False,True,False,3970
deepseek-ai/DeepSeek-R1-Distill-Qwen-7B,math500,42,424,True,True,704,True,704,67,771,11,True,704,True,704,60,764,11,True,0,False,False,False,False,False,False,False,False,False,False,False,False,False,True,1260
deepseek-ai/DeepSeek-R1-Distill-Qwen-7B,math500,42,427,True,True,704,True,704,55,759,11,True,640,True,640,50,690,10,True,-64,False,False,False,False,False,False,False,False,False,False,False,False,True,False,1125
deepseek-ai/DeepSeek-R1-Distill-Qwen-7B,math500,42,428,True,True,320,True,320,25,345,5,True,192,True,192,15,207,3,True,-128,False,False,False,False,False,False,False,False,False,False,False,False,True,False,3396
deepseek-ai/DeepSeek-R1-Distill-Qwen-7B,math500,42,43,True,True,192,False,192,18,210,3,True,960,False,960,86,1046,15,True,768,False,False,False,True,False,True,False,False,False,False,False,True,False,False,7881
deepseek-ai/DeepSeek-R1-Distill-Qwen-7B,math500,42,430,True,False,,True,172,12,184,2,False,,True,172,12,184,2,False,,False,False,True,False,False,False,False,False,False,False,False,False,False,False,172
deepseek-ai/DeepSeek-R1-Distill-Qwen-7B,math500,42,431,True,True,960,False,960,301,1261,15,True,1408,False,1408,454,1862,22,True,448,False,False,False,True,False,True,False,False,False,False,False,True,False,False,5635
deepseek-ai/DeepSeek-R1-Distill-Qwen-7B,math500,42,433,True,True,192,True,192,30,222,3,True,192,True,192,30,222,3,True,0,False,False,False,False,False,False,False,False,False,False,False,False,False,True,2455
deepseek-ai/DeepSeek-R1-Distill-Qwen-7B,math500,42,435,True,True,192,True,192,57,249,3,True,192,True,192,57,249,3,True,0,False,False,False,False,False,False,False,False,False,False,False,False,False,True,1891
deepseek-ai/DeepSeek-R1-Distill-Qwen-7B,math500,42,436,True,True,192,False,192,12,204,3,True,768,True,768,48,816,12,True,576,False,False,False,True,False,False,False,True,False,True,False,True,False,False,3862
deepseek-ai/DeepSeek-R1-Distill-Qwen-7B,math500,42,437,True,True,704,False,704,44,748,11,True,192,True,192,12,204,3,True,-512,False,False,False,True,False,False,False,True,False,True,False,False,True,False,2847
deepseek-ai/DeepSeek-R1-Distill-Qwen-7B,math500,42,438,True,True,192,True,192,12,204,3,True,192,True,192,12,204,3,True,0,False,False,False,False,False,False,False,False,False,False,False,False,False,True,1619
deepseek-ai/DeepSeek-R1-Distill-Qwen-7B,math500,42,44,True,True,768,True,768,84,852,12,True,768,True,768,84,852,12,True,0,False,False,False,False,False,False,False,False,False,False,False,False,False,True,1323
deepseek-ai/DeepSeek-R1-Distill-Qwen-7B,math500,42,441,True,True,256,True,256,29,285,4,True,256,True,256,29,285,4,True,0,False,False,False,False,False,False,False,False,False,False,False,False,False,True,472
deepseek-ai/DeepSeek-R1-Distill-Qwen-7B,math500,42,443,True,True,384,True,384,30,414,6,True,192,False,192,15,207,3,True,-192,False,False,False,False,False,True,False,False,True,False,True,False,True,False,1359
deepseek-ai/DeepSeek-R1-Distill-Qwen-7B,math500,42,444,False,True,3904,False,3904,1080,4984,61,True,3392,False,3392,899,4291,53,True,-512,False,False,False,False,False,False,False,False,False,False,False,False,True,False,16384
deepseek-ai/DeepSeek-R1-Distill-Qwen-7B,math500,42,445,False,True,320,False,320,28,348,5,True,320,False,320,24,344,5,True,0,False,False,False,False,False,False,False,False,False,False,False,False,False,True,16384
deepseek-ai/DeepSeek-R1-Distill-Qwen-7B,math500,42,446,True,True,384,False,384,24,408,6,True,192,True,192,12,204,3,True,-192,False,False,False,True,False,False,False,True,False,True,False,False,True,False,2041
deepseek-ai/DeepSeek-R1-Distill-Qwen-7B,math500,42,447,True,True,256,True,256,17,273,4,True,320,True,320,21,341,5,True,64,False,False,False,False,False,False,False,False,False,False,False,True,False,False,428
deepseek-ai/DeepSeek-R1-Distill-Qwen-7B,math500,42,449,True,True,512,True,512,40,552,8,True,576,True,576,53,629,9,True,64,False,False,False,False,False,False,False,False,False,False,False,True,False,False,2363
deepseek-ai/DeepSeek-R1-Distill-Qwen-7B,math500,42,45,True,True,192,True,192,12,204,3,True,192,True,192,12,204,3,True,0,False,False,False,False,False,False,False,False,False,False,False,False,False,True,1113
deepseek-ai/DeepSeek-R1-Distill-Qwen-7B,math500,42,450,True,True,256,False,256,20,276,4,True,320,False,320,24,344,5,True,64,False,False,False,True,False,True,False,False,False,False,False,True,False,False,2155
deepseek-ai/DeepSeek-R1-Distill-Qwen-7B,math500,42,451,True,True,384,False,384,60,444,6,True,192,False,192,33,225,3,True,-192,False,False,False,True,False,True,False,False,False,False,False,False,True,False,2495
deepseek-ai/DeepSeek-R1-Distill-Qwen-7B,math500,42,452,True,True,832,True,832,75,907,13,True,832,True,832,76,908,13,True,0,False,False,False,False,False,False,False,False,False,False,False,False,False,True,1881
deepseek-ai/DeepSeek-R1-Distill-Qwen-7B,math500,42,453,True,True,320,True,320,25,345,5,True,320,True,320,25,345,5,True,0,False,False,False,False,False,False,False,False,False,False,False,False,False,True,683
deepseek-ai/DeepSeek-R1-Distill-Qwen-7B,math500,42,454,True,True,1664,True,1664,319,1983,26,True,1664,True,1664,285,1949,26,True,0,False,False,False,False,False,False,False,False,False,False,False,False,False,True,3281
deepseek-ai/DeepSeek-R1-Distill-Qwen-7B,math500,42,455,True,True,192,True,192,12,204,3,True,192,True,192,12,204,3,True,0,False,False,False,False,False,False,False,False,False,False,False,False,False,True,502
deepseek-ai/DeepSeek-R1-Distill-Qwen-7B,math500,42,456,False,True,192,False,192,48,240,3,True,192,False,192,47,239,3,True,0,False,False,False,False,False,False,False,False,False,False,False,False,False,True,2519
deepseek-ai/DeepSeek-R1-Distill-Qwen-7B,math500,42,457,True,True,192,True,192,12,204,3,True,192,True,192,12,204,3,True,0,False,False,False,False,False,False,False,False,False,False,False,False,False,True,290
deepseek-ai/DeepSeek-R1-Distill-Qwen-7B,math500,42,458,True,True,448,False,448,35,483,7,True,192,False,192,15,207,3,True,-256,False,False,False,True,False,True,False,False,False,False,False,False,True,False,1950
deepseek-ai/DeepSeek-R1-Distill-Qwen-7B,math500,42,459,True,True,1600,True,1600,205,1805,25,True,1600,True,1600,200,1800,25,True,0,False,False,False,False,False,False,False,False,False,False,False,False,False,True,2314
deepseek-ai/DeepSeek-R1-Distill-Qwen-7B,math500,42,46,True,True,192,True,192,12,204,3,True,384,True,384,26,410,6,True,192,False,False,False,False,False,False,False,False,False,False,False,True,False,False,4698
deepseek-ai/DeepSeek-R1-Distill-Qwen-7B,math500,42,460,False,True,192,True,192,15,207,3,True,192,True,192,15,207,3,True,0,False,False,False,False,True,False,True,False,False,False,False,False,False,True,14433
deepseek-ai/DeepSeek-R1-Distill-Qwen-7B,math500,42,461,True,True,448,False,448,34,482,7,True,704,True,704,51,755,11,True,256,False,False,False,True,False,False,False,True,False,True,False,True,False,False,1398
deepseek-ai/DeepSeek-R1-Distill-Qwen-7B,math500,42,463,True,True,192,True,192,12,204,3,True,192,True,192,12,204,3,True,0,False,False,False,False,False,False,False,False,False,False,False,False,False,True,918
deepseek-ai/DeepSeek-R1-Distill-Qwen-7B,math500,42,464,True,True,640,True,640,41,681,10,True,640,True,640,40,680,10,True,0,False,False,False,False,False,False,False,False,False,False,False,False,False,True,2157
deepseek-ai/DeepSeek-R1-Distill-Qwen-7B,math500,42,466,True,True,1920,False,1920,208,2128,30,True,1984,False,1984,194,2178,31,True,64,False,False,False,True,False,True,False,False,False,False,False,True,False,False,9193
deepseek-ai/DeepSeek-R1-Distill-Qwen-7B,math500,42,467,False,True,640,False,640,66,706,10,True,448,False,448,35,483,7,True,-192,False,False,False,False,False,False,False,False,False,False,False,False,True,False,4010
deepseek-ai/DeepSeek-R1-Distill-Qwen-7B,math500,42,47,True,True,384,True,384,24,408,6,True,448,True,448,28,476,7,True,64,False,False,False,False,False,False,False,False,False,False,False,True,False,False,1082
deepseek-ai/DeepSeek-R1-Distill-Qwen-7B,math500,42,470,True,True,2240,True,2240,321,2561,35,True,1472,False,1472,221,1693,23,True,-768,False,False,False,False,False,True,False,False,True,False,True,False,True,False,2920
deepseek-ai/DeepSeek-R1-Distill-Qwen-7B,math500,42,471,True,True,320,True,320,28,348,5,True,768,True,768,60,828,12,True,448,False,False,False,False,False,False,False,False,False,False,False,True,False,False,1796
deepseek-ai/DeepSeek-R1-Distill-Qwen-7B,math500,42,472,True,True,512,True,512,108,620,8,True,192,False,192,37,229,3,True,-320,False,False,False,False,False,True,False,False,True,False,True,False,True,False,1438
deepseek-ai/DeepSeek-R1-Distill-Qwen-7B,math500,42,473,True,True,896,True,896,59,955,14,True,448,False,448,28,476,7,True,-448,False,False,False,False,False,True,False,False,True,False,True,False,True,False,2404
deepseek-ai/DeepSeek-R1-Distill-Qwen-7B,math500,42,476,True,True,192,False,192,18,210,3,True,512,False,512,47,559,8,True,320,False,False,False,True,False,True,False,False,False,False,False,True,False,False,1215
deepseek-ai/DeepSeek-R1-Distill-Qwen-7B,math500,42,477,True,True,256,True,256,16,272,4,True,192,True,192,12,204,3,True,-64,False,False,False,False,False,False,False,False,False,False,False,False,True,False,3300
deepseek-ai/DeepSeek-R1-Distill-Qwen-7B,math500,42,478,True,True,2560,False,2560,217,2777,40,True,704,False,704,71,775,11,True,-1856,False,False,False,True,False,True,False,False,False,False,False,False,True,False,9212
deepseek-ai/DeepSeek-R1-Distill-Qwen-7B,math500,42,48,True,True,576,False,576,42,618,9,True,512,False,512,46,558,8,True,-64,False,False,False,True,False,True,False,False,False,False,False,False,True,False,1293
deepseek-ai/DeepSeek-R1-Distill-Qwen-7B,math500,42,480,True,True,192,True,192,22,214,3,True,192,True,192,12,204,3,True,0,False,False,False,False,False,False,False,False,False,False,False,False,False,True,3174
deepseek-ai/DeepSeek-R1-Distill-Qwen-7B,math500,42,481,True,True,1472,False,1472,324,1796,23,True,1152,False,1152,223,1375,18,True,-320,False,False,False,True,False,True,False,False,False,False,False,False,True,False,7731
deepseek-ai/DeepSeek-R1-Distill-Qwen-7B,math500,42,482,True,True,896,False,896,66,962,14,True,1280,True,1280,103,1383,20,True,384,False,False,False,True,False,False,False,True,False,True,False,True,False,False,2276
deepseek-ai/DeepSeek-R1-Distill-Qwen-7B,math500,42,483,True,True,192,False,192,12,204,3,True,192,False,192,12,204,3,True,0,False,False,False,True,False,True,False,False,False,False,False,False,False,True,3080
deepseek-ai/DeepSeek-R1-Distill-Qwen-7B,math500,42,484,True,True,448,False,448,31,479,7,True,1024,False,1024,67,1091,16,True,576,False,False,False,True,False,True,False,False,False,False,False,True,False,False,4352
deepseek-ai/DeepSeek-R1-Distill-Qwen-7B,math500,42,485,True,True,1024,False,1024,80,1104,16,True,1920,False,1920,150,2070,30,True,896,False,False,False,True,False,True,False,False,False,False,False,True,False,False,5272
deepseek-ai/DeepSeek-R1-Distill-Qwen-7B,math500,42,486,True,True,192,True,192,18,210,3,True,192,True,192,18,210,3,True,0,False,False,False,False,False,False,False,False,False,False,False,False,False,True,12017
deepseek-ai/DeepSeek-R1-Distill-Qwen-7B,math500,42,488,True,True,256,True,256,20,276,4,True,256,True,256,20,276,4,True,0,False,False,False,False,False,False,False,False,False,False,False,False,False,True,1172
deepseek-ai/DeepSeek-R1-Distill-Qwen-7B,math500,42,489,True,True,192,True,192,15,207,3,True,192,True,192,15,207,3,True,0,False,False,False,False,False,False,False,False,False,False,False,False,False,True,3872
deepseek-ai/DeepSeek-R1-Distill-Qwen-7B,math500,42,49,True,True,512,True,512,40,552,8,True,512,True,512,40,552,8,True,0,False,False,False,False,False,False,False,False,False,False,False,False,False,True,1376
deepseek-ai/DeepSeek-R1-Distill-Qwen-7B,math500,42,490,False,True,1792,False,1792,140,1932,28,True,1536,False,1536,121,1657,24,True,-256,False,False,False,False,False,False,False,False,False,False,False,False,True,False,8509
deepseek-ai/DeepSeek-R1-Distill-Qwen-7B,math500,42,491,True,True,384,False,384,35,419,6,True,384,False,384,35,419,6,True,0,False,False,False,True,False,True,False,False,False,False,False,False,False,True,2542
deepseek-ai/DeepSeek-R1-Distill-Qwen-7B,math500,42,492,True,True,192,False,192,42,234,3,True,256,False,256,53,309,4,True,64,False,False,False,True,False,True,False,False,False,False,False,True,False,False,1914
deepseek-ai/DeepSeek-R1-Distill-Qwen-7B,math500,42,493,True,True,2176,False,2176,218,2394,34,True,2048,False,2048,153,2201,32,True,-128,False,False,False,True,False,True,False,False,False,False,False,False,True,False,9959
deepseek-ai/DeepSeek-R1-Distill-Qwen-7B,math500,42,494,True,True,512,False,512,35,547,8,True,192,False,192,12,204,3,True,-320,False,False,False,True,False,True,False,False,False,False,False,False,True,False,10888
deepseek-ai/DeepSeek-R1-Distill-Qwen-7B,math500,42,495,True,True,896,True,896,225,1121,14,True,1472,True,1472,388,1860,23,True,576,False,False,False,False,False,False,False,False,False,False,False,True,False,False,3407
deepseek-ai/DeepSeek-R1-Distill-Qwen-7B,math500,42,497,True,True,448,False,448,39,487,7,True,192,False,192,12,204,3,True,-256,False,False,False,True,False,True,False,False,False,False,False,False,True,False,8075
deepseek-ai/DeepSeek-R1-Distill-Qwen-7B,math500,42,498,True,True,256,False,256,16,272,4,True,320,False,320,22,342,5,True,64,False,False,False,True,False,True,False,False,False,False,False,True,False,False,4225
deepseek-ai/DeepSeek-R1-Distill-Qwen-7B,math500,42,499,True,True,320,False,320,36,356,5,True,640,True,640,64,704,10,True,320,False,False,False,True,False,False,False,True,False,True,False,True,False,False,4055
deepseek-ai/DeepSeek-R1-Distill-Qwen-7B,math500,42,5,True,True,192,True,192,15,207,3,True,192,True,192,15,207,3,True,0,False,False,False,False,False,False,False,False,False,False,False,False,False,True,976
deepseek-ai/DeepSeek-R1-Distill-Qwen-7B,math500,42,50,True,True,896,False,896,82,978,14,True,512,False,512,48,560,8,True,-384,False,False,False,True,False,True,False,False,False,False,False,False,True,False,2220
deepseek-ai/DeepSeek-R1-Distill-Qwen-7B,math500,42,51,False,True,1728,False,1728,194,1922,27,True,1088,False,1088,93,1181,17,True,-640,False,False,False,False,False,False,False,False,False,False,False,False,True,False,16384
deepseek-ai/DeepSeek-R1-Distill-Qwen-7B,math500,42,52,True,True,704,False,704,62,766,11,True,320,False,320,22,342,5,True,-384,False,False,False,True,False,True,False,False,False,False,False,False,True,False,1476
deepseek-ai/DeepSeek-R1-Distill-Qwen-7B,math500,42,53,True,True,192,True,192,36,228,3,True,192,True,192,35,227,3,True,0,False,False,False,False,False,False,False,False,False,False,False,False,False,True,1081
deepseek-ai/DeepSeek-R1-Distill-Qwen-7B,math500,42,55,True,True,192,True,192,12,204,3,True,192,True,192,12,204,3,True,0,False,False,False,False,False,False,False,False,False,False,False,False,False,True,2076
deepseek-ai/DeepSeek-R1-Distill-Qwen-7B,math500,42,56,True,True,192,True,192,15,207,3,True,192,True,192,15,207,3,True,0,False,False,False,False,False,False,False,False,False,False,False,False,False,True,1311
deepseek-ai/DeepSeek-R1-Distill-Qwen-7B,math500,42,57,True,True,704,True,704,59,763,11,True,192,False,192,18,210,3,True,-512,False,False,False,False,False,True,False,False,True,False,True,False,True,False,1754
deepseek-ai/DeepSeek-R1-Distill-Qwen-7B,math500,42,58,True,True,256,False,256,28,284,4,True,640,True,640,70,710,10,True,384,False,False,False,True,False,False,False,True,False,True,False,True,False,False,3633
deepseek-ai/DeepSeek-R1-Distill-Qwen-7B,math500,42,59,True,True,384,False,384,30,414,6,True,256,False,256,20,276,4,True,-128,False,False,False,True,False,True,False,False,False,False,False,False,True,False,941
deepseek-ai/DeepSeek-R1-Distill-Qwen-7B,math500,42,60,True,True,4160,False,4160,747,4907,65,True,640,False,640,127,767,10,True,-3520,False,False,False,True,False,True,False,False,False,False,False,False,True,False,4934
deepseek-ai/DeepSeek-R1-Distill-Qwen-7B,math500,42,61,True,True,1152,True,1152,102,1254,18,True,640,True,640,58,698,10,True,-512,False,False,False,False,False,False,False,False,False,False,False,False,True,False,3429
deepseek-ai/DeepSeek-R1-Distill-Qwen-7B,math500,42,62,True,True,192,False,192,24,216,3,True,192,False,192,24,216,3,True,0,False,False,False,True,False,True,False,False,False,False,False,False,False,True,5273
deepseek-ai/DeepSeek-R1-Distill-Qwen-7B,math500,42,63,True,True,768,True,768,54,822,12,True,256,False,256,17,273,4,True,-512,False,False,False,False,False,True,False,False,True,False,True,False,True,False,2826
deepseek-ai/DeepSeek-R1-Distill-Qwen-7B,math500,42,64,False,True,256,False,256,24,280,4,True,192,False,192,23,215,3,True,-64,False,False,False,False,False,False,False,False,False,False,False,False,True,False,3745
deepseek-ai/DeepSeek-R1-Distill-Qwen-7B,math500,42,66,True,True,768,True,768,228,996,12,True,192,False,192,60,252,3,True,-576,False,False,False,False,False,True,False,False,True,False,True,False,True,False,1605
deepseek-ai/DeepSeek-R1-Distill-Qwen-7B,math500,42,68,True,True,256,False,256,20,276,4,True,448,False,448,36,484,7,True,192,False,False,False,True,False,True,False,False,False,False,False,True,False,False,4197
deepseek-ai/DeepSeek-R1-Distill-Qwen-7B,math500,42,69,True,True,832,False,832,54,886,13,True,320,False,320,20,340,5,True,-512,False,False,False,True,False,True,False,False,False,False,False,False,True,False,2088
deepseek-ai/DeepSeek-R1-Distill-Qwen-7B,math500,42,7,True,True,320,False,320,29,349,5,True,256,False,256,21,277,4,True,-64,False,False,False,True,False,True,False,False,False,False,False,False,True,False,2870
deepseek-ai/DeepSeek-R1-Distill-Qwen-7B,math500,42,70,True,True,192,True,192,21,213,3,True,192,True,192,21,213,3,True,0,False,False,False,False,False,False,False,False,False,False,False,False,False,True,2180
deepseek-ai/DeepSeek-R1-Distill-Qwen-7B,math500,42,71,True,True,1408,False,1408,184,1592,22,True,1472,False,1472,199,1671,23,True,64,False,False,False,True,False,True,False,False,False,False,False,True,False,False,7334
deepseek-ai/DeepSeek-R1-Distill-Qwen-7B,math500,42,72,True,True,192,True,192,12,204,3,True,192,True,192,12,204,3,True,0,False,False,False,False,False,False,False,False,False,False,False,False,False,True,2178
deepseek-ai/DeepSeek-R1-Distill-Qwen-7B,math500,42,73,True,True,320,False,320,36,356,5,True,704,False,704,72,776,11,True,384,False,False,False,True,False,True,False,False,False,False,False,True,False,False,1719
deepseek-ai/DeepSeek-R1-Distill-Qwen-7B,math500,42,74,True,True,192,False,192,12,204,3,True,192,False,192,12,204,3,True,0,False,False,False,True,False,True,False,False,False,False,False,False,False,True,1699
deepseek-ai/DeepSeek-R1-Distill-Qwen-7B,math500,42,75,True,True,192,False,192,12,204,3,True,192,False,192,12,204,3,True,0,False,False,False,True,False,True,False,False,False,False,False,False,False,True,2499
deepseek-ai/DeepSeek-R1-Distill-Qwen-7B,math500,42,76,True,True,256,False,256,16,272,4,True,512,True,512,32,544,8,True,256,False,False,False,True,False,False,False,True,False,True,False,True,False,False,2679
deepseek-ai/DeepSeek-R1-Distill-Qwen-7B,math500,42,78,True,True,320,False,320,37,357,5,True,192,False,192,24,216,3,True,-128,False,False,False,True,False,True,False,False,False,False,False,False,True,False,2549
deepseek-ai/DeepSeek-R1-Distill-Qwen-7B,math500,42,79,True,True,256,True,256,16,272,4,True,192,True,192,12,204,3,True,-64,False,False,False,False,False,False,False,False,False,False,False,False,True,False,1303
deepseek-ai/DeepSeek-R1-Distill-Qwen-7B,math500,42,8,True,True,192,False,192,24,216,3,True,192,False,192,24,216,3,True,0,False,False,False,True,False,True,False,False,False,False,False,False,False,True,1736
deepseek-ai/DeepSeek-R1-Distill-Qwen-7B,math500,42,80,True,True,1280,False,1280,112,1392,20,True,1472,False,1472,118,1590,23,True,192,False,False,False,True,False,True,False,False,False,False,False,True,False,False,8959
deepseek-ai/DeepSeek-R1-Distill-Qwen-7B,math500,42,82,True,True,192,False,192,12,204,3,True,320,False,320,20,340,5,True,128,False,False,False,True,False,True,False,False,False,False,False,True,False,False,6174
deepseek-ai/DeepSeek-R1-Distill-Qwen-7B,math500,42,83,True,True,192,True,192,12,204,3,True,192,True,192,12,204,3,True,0,False,False,False,False,False,False,False,False,False,False,False,False,False,True,6061
deepseek-ai/DeepSeek-R1-Distill-Qwen-7B,math500,42,84,True,True,1728,False,1728,121,1849,27,True,448,False,448,28,476,7,True,-1280,False,False,False,True,False,True,False,False,False,False,False,False,True,False,2744
deepseek-ai/DeepSeek-R1-Distill-Qwen-7B,math500,42,85,True,True,384,False,384,48,432,6,True,256,False,256,32,288,4,True,-128,False,False,False,True,False,True,False,False,False,False,False,False,True,False,1393
deepseek-ai/DeepSeek-R1-Distill-Qwen-7B,math500,42,86,True,True,192,True,192,18,210,3,True,192,True,192,18,210,3,True,0,False,False,False,False,False,False,False,False,False,False,False,False,False,True,1554
deepseek-ai/DeepSeek-R1-Distill-Qwen-7B,math500,42,87,True,True,256,False,256,16,272,4,True,256,False,256,16,272,4,True,0,False,False,False,True,False,True,False,False,False,False,False,False,False,True,1991
deepseek-ai/DeepSeek-R1-Distill-Qwen-7B,math500,42,88,True,True,192,True,192,12,204,3,True,384,True,384,24,408,6,True,192,False,False,False,False,False,False,False,False,False,False,False,True,False,False,5146
deepseek-ai/DeepSeek-R1-Distill-Qwen-7B,math500,42,89,True,True,320,False,320,21,341,5,True,192,False,192,12,204,3,True,-128,False,False,False,True,False,True,False,False,False,False,False,False,True,False,2529
deepseek-ai/DeepSeek-R1-Distill-Qwen-7B,math500,42,9,False,True,384,False,384,27,411,6,True,320,False,320,20,340,5,True,-64,False,False,False,False,False,False,False,False,False,False,False,False,True,False,16384
deepseek-ai/DeepSeek-R1-Distill-Qwen-7B,math500,42,90,True,True,192,False,192,15,207,3,True,192,False,192,15,207,3,True,0,False,False,False,True,False,True,False,False,False,False,False,False,False,True,1532
deepseek-ai/DeepSeek-R1-Distill-Qwen-7B,math500,42,91,True,True,192,False,192,12,204,3,True,192,False,192,12,204,3,True,0,False,False,False,True,False,True,False,False,False,False,False,False,False,True,4831
deepseek-ai/DeepSeek-R1-Distill-Qwen-7B,math500,42,92,True,True,192,False,192,12,204,3,True,1088,False,1088,137,1225,17,True,896,False,False,False,True,False,True,False,False,False,False,False,True,False,False,6043
deepseek-ai/DeepSeek-R1-Distill-Qwen-7B,math500,42,93,True,True,960,True,960,73,1033,15,True,704,False,704,55,759,11,True,-256,False,False,False,False,False,True,False,False,True,False,True,False,True,False,1726
deepseek-ai/DeepSeek-R1-Distill-Qwen-7B,math500,42,94,True,True,2368,False,2368,211,2579,37,True,2368,False,2368,212,2580,37,True,0,False,False,False,True,False,True,False,False,False,False,False,False,False,True,6034
deepseek-ai/DeepSeek-R1-Distill-Qwen-7B,math500,42,95,True,True,1024,True,1024,69,1093,16,True,704,False,704,44,748,11,True,-320,False,False,False,False,False,True,False,False,True,False,True,False,True,False,2084
deepseek-ai/DeepSeek-R1-Distill-Qwen-7B,math500,42,96,False,True,192,False,192,68,260,3,True,448,False,448,120,568,7,True,256,False,False,False,False,False,False,False,False,False,False,False,True,False,False,16384
deepseek-ai/DeepSeek-R1-Distill-Qwen-7B,math500,42,97,False,True,256,False,256,16,272,4,True,256,False,256,19,275,4,True,0,False,False,False,False,False,False,False,False,False,False,False,False,False,True,1670
deepseek-ai/DeepSeek-R1-Distill-Qwen-7B,math500,42,98,True,True,192,True,192,24,216,3,True,192,True,192,24,216,3,True,0,False,False,False,False,False,False,False,False,False,False,False,False,False,True,1154
deepseek-ai/DeepSeek-R1-Distill-Qwen-7B,math500,42,99,True,False,,True,2805,1196,4001,43,True,768,False,768,276,1044,12,False,,False,True,False,False,False,True,False,False,True,False,True,False,False,False,2805
deepseek-ai/DeepSeek-R1-Distill-Qwen-7B,math500,46,101,True,True,1472,False,1472,145,1617,23,True,1152,False,1152,91,1243,18,True,-320,False,False,False,True,False,True,False,False,False,False,False,False,True,False,6692
deepseek-ai/DeepSeek-R1-Distill-Qwen-7B,math500,46,102,True,True,192,False,192,48,240,3,False,,True,1500,355,1855,23,False,,True,False,False,True,False,False,False,True,False,True,False,False,False,False,1500
deepseek-ai/DeepSeek-R1-Distill-Qwen-7B,math500,46,103,True,True,576,False,576,44,620,9,True,192,False,192,12,204,3,True,-384,False,False,False,True,False,True,False,False,False,False,False,False,True,False,11478
deepseek-ai/DeepSeek-R1-Distill-Qwen-7B,math500,46,104,True,True,192,True,192,15,207,3,True,256,True,256,20,276,4,True,64,False,False,False,False,False,False,False,False,False,False,False,True,False,False,5440
deepseek-ai/DeepSeek-R1-Distill-Qwen-7B,math500,46,106,True,True,192,True,192,34,226,3,True,192,True,192,36,228,3,True,0,False,False,False,False,False,False,False,False,False,False,False,False,False,True,1506
deepseek-ai/DeepSeek-R1-Distill-Qwen-7B,math500,46,114,True,True,1472,True,1472,111,1583,23,True,1216,True,1216,93,1309,19,True,-256,False,False,False,False,False,False,False,False,False,False,False,False,True,False,2412
deepseek-ai/DeepSeek-R1-Distill-Qwen-7B,math500,46,115,True,True,192,True,192,21,213,3,True,192,True,192,21,213,3,True,0,False,False,False,False,False,False,False,False,False,False,False,False,False,True,1829
deepseek-ai/DeepSeek-R1-Distill-Qwen-7B,math500,46,119,False,True,192,False,192,12,204,3,True,448,False,448,28,476,7,True,256,False,False,False,False,False,False,False,False,False,False,False,True,False,False,11983
deepseek-ai/DeepSeek-R1-Distill-Qwen-7B,math500,46,121,True,True,192,True,192,12,204,3,True,192,True,192,12,204,3,True,0,False,False,False,False,False,False,False,False,False,False,False,False,False,True,2428
deepseek-ai/DeepSeek-R1-Distill-Qwen-7B,math500,46,123,True,True,192,False,192,15,207,3,True,640,False,640,43,683,10,True,448,False,False,False,True,False,True,False,False,False,False,False,True,False,False,4270
deepseek-ai/DeepSeek-R1-Distill-Qwen-7B,math500,46,125,True,True,960,False,960,88,1048,15,True,512,False,512,32,544,8,True,-448,False,False,False,True,False,True,False,False,False,False,False,False,True,False,1415
deepseek-ai/DeepSeek-R1-Distill-Qwen-7B,math500,46,13,True,True,192,True,192,12,204,3,True,192,True,192,12,204,3,True,0,False,False,False,False,False,False,False,False,False,False,False,False,False,True,395
deepseek-ai/DeepSeek-R1-Distill-Qwen-7B,math500,46,131,True,True,1216,True,1216,91,1307,19,True,1216,True,1216,89,1305,19,True,0,False,False,False,False,False,False,False,False,False,False,False,False,False,True,2152
deepseek-ai/DeepSeek-R1-Distill-Qwen-7B,math500,46,134,True,True,1280,True,1280,102,1382,20,True,1280,True,1280,97,1377,20,True,0,False,False,False,False,False,False,False,False,False,False,False,False,False,True,2048
deepseek-ai/DeepSeek-R1-Distill-Qwen-7B,math500,46,137,True,True,704,True,704,86,790,11,True,704,True,704,87,791,11,True,0,False,False,False,False,False,False,False,False,False,False,False,False,False,True,1923
deepseek-ai/DeepSeek-R1-Distill-Qwen-7B,math500,46,143,True,True,640,True,640,74,714,10,True,640,True,640,58,698,10,True,0,False,False,False,False,False,False,False,False,False,False,False,False,False,True,1936
deepseek-ai/DeepSeek-R1-Distill-Qwen-7B,math500,46,146,True,True,192,False,192,24,216,3,True,192,False,192,24,216,3,True,0,False,False,False,True,False,True,False,False,False,False,False,False,False,True,2453
deepseek-ai/DeepSeek-R1-Distill-Qwen-7B,math500,46,147,True,True,192,True,192,15,207,3,True,192,True,192,15,207,3,True,0,False,False,False,False,False,False,False,False,False,False,False,False,False,True,13177
deepseek-ai/DeepSeek-R1-Distill-Qwen-7B,math500,46,148,True,True,576,True,576,45,621,9,True,384,True,384,30,414,6,True,-192,False,False,False,False,False,False,False,False,False,False,False,False,True,False,2111
deepseek-ai/DeepSeek-R1-Distill-Qwen-7B,math500,46,157,True,True,1408,False,1408,90,1498,22,True,960,False,960,74,1034,15,True,-448,False,False,False,True,False,True,False,False,False,False,False,False,True,False,2209
deepseek-ai/DeepSeek-R1-Distill-Qwen-7B,math500,46,160,True,True,192,True,192,15,207,3,True,192,True,192,15,207,3,True,0,False,False,False,False,False,False,False,False,False,False,False,False,False,True,2482
deepseek-ai/DeepSeek-R1-Distill-Qwen-7B,math500,46,162,True,True,256,False,256,16,272,4,True,1088,False,1088,68,1156,17,True,832,False,False,False,True,False,True,False,False,False,False,False,True,False,False,2568
deepseek-ai/DeepSeek-R1-Distill-Qwen-7B,math500,46,17,True,True,384,False,384,24,408,6,True,192,False,192,12,204,3,True,-192,False,False,False,True,False,True,False,False,False,False,False,False,True,False,7547
deepseek-ai/DeepSeek-R1-Distill-Qwen-7B,math500,46,182,True,True,256,True,256,28,284,4,True,320,False,320,35,355,5,True,64,False,False,False,False,False,True,False,False,True,False,True,True,False,False,1898
deepseek-ai/DeepSeek-R1-Distill-Qwen-7B,math500,46,187,True,True,448,False,448,28,476,7,True,512,True,512,32,544,8,True,64,False,False,False,True,False,False,False,True,False,True,False,True,False,False,1261
deepseek-ai/DeepSeek-R1-Distill-Qwen-7B,math500,46,188,True,True,1088,True,1088,75,1163,17,True,448,False,448,28,476,7,True,-640,False,False,False,False,False,True,False,False,True,False,True,False,True,False,3761
deepseek-ai/DeepSeek-R1-Distill-Qwen-7B,math500,46,19,True,True,192,False,192,12,204,3,True,192,False,192,12,204,3,True,0,False,False,False,True,False,True,False,False,False,False,False,False,False,True,3632
deepseek-ai/DeepSeek-R1-Distill-Qwen-7B,math500,46,191,True,True,192,True,192,12,204,3,True,192,True,192,12,204,3,True,0,False,False,False,False,False,False,False,False,False,False,False,False,False,True,373
deepseek-ai/DeepSeek-R1-Distill-Qwen-7B,math500,46,198,True,True,512,True,512,63,575,8,True,512,True,512,68,580,8,True,0,False,False,False,False,False,False,False,False,False,False,False,False,False,True,1931
deepseek-ai/DeepSeek-R1-Distill-Qwen-7B,math500,46,199,True,True,384,True,384,28,412,6,True,192,False,192,15,207,3,True,-192,False,False,False,False,False,True,False,False,True,False,True,False,True,False,884
deepseek-ai/DeepSeek-R1-Distill-Qwen-7B,math500,46,200,True,True,320,False,320,26,346,5,True,704,True,704,58,762,11,True,384,False,False,False,True,False,False,False,True,False,True,False,True,False,False,3410
deepseek-ai/DeepSeek-R1-Distill-Qwen-7B,math500,46,202,True,True,448,False,448,34,482,7,True,320,False,320,28,348,5,True,-128,False,False,False,True,False,True,False,False,False,False,False,False,True,False,3172
deepseek-ai/DeepSeek-R1-Distill-Qwen-7B,math500,46,204,True,True,576,False,576,53,629,9,True,192,False,192,15,207,3,True,-384,False,False,False,True,False,True,False,False,False,False,False,False,True,False,16384
deepseek-ai/DeepSeek-R1-Distill-Qwen-7B,math500,46,217,True,True,768,True,768,245,1013,12,True,768,True,768,255,1023,12,True,0,False,False,False,False,False,False,False,False,False,False,False,False,False,True,4652
deepseek-ai/DeepSeek-R1-Distill-Qwen-7B,math500,46,220,True,True,192,False,192,12,204,3,True,192,False,192,12,204,3,True,0,False,False,False,True,False,True,False,False,False,False,False,False,False,True,2659
deepseek-ai/DeepSeek-R1-Distill-Qwen-7B,math500,46,221,True,True,1088,True,1088,85,1173,17,True,384,False,384,30,414,6,True,-704,False,False,False,False,False,True,False,False,True,False,True,False,True,False,5803
deepseek-ai/DeepSeek-R1-Distill-Qwen-7B,math500,46,223,True,True,384,False,384,31,415,6,True,1024,False,1024,83,1107,16,True,640,False,False,False,True,False,True,False,False,False,False,False,True,False,False,4339
deepseek-ai/DeepSeek-R1-Distill-Qwen-7B,math500,46,224,True,True,1600,False,1600,217,1817,25,True,960,False,960,179,1139,15,True,-640,False,False,False,True,False,True,False,False,False,False,False,False,True,False,7460
deepseek-ai/DeepSeek-R1-Distill-Qwen-7B,math500,46,227,True,True,192,False,192,12,204,3,True,192,False,192,12,204,3,True,0,False,False,False,True,False,True,False,False,False,False,False,False,False,True,1247
deepseek-ai/DeepSeek-R1-Distill-Qwen-7B,math500,46,230,True,True,256,False,256,16,272,4,True,192,False,192,12,204,3,True,-64,False,False,False,True,False,True,False,False,False,False,False,False,True,False,2958
deepseek-ai/DeepSeek-R1-Distill-Qwen-7B,math500,46,232,True,True,704,False,704,72,776,11,True,640,False,640,62,702,10,True,-64,False,False,False,True,False,True,False,False,False,False,False,False,True,False,8777
deepseek-ai/DeepSeek-R1-Distill-Qwen-7B,math500,46,239,True,True,1216,False,1216,95,1311,19,True,2240,False,2240,175,2415,35,True,1024,False,False,False,True,False,True,False,False,False,False,False,True,False,False,7291
deepseek-ai/DeepSeek-R1-Distill-Qwen-7B,math500,46,246,False,True,192,True,192,12,204,3,True,192,True,192,12,204,3,True,0,False,False,False,False,True,False,True,False,False,False,False,False,False,True,2218
deepseek-ai/DeepSeek-R1-Distill-Qwen-7B,math500,46,255,True,True,192,True,192,12,204,3,True,192,True,192,12,204,3,True,0,False,False,False,False,False,False,False,False,False,False,False,False,False,True,1509
deepseek-ai/DeepSeek-R1-Distill-Qwen-7B,math500,46,256,True,True,896,False,896,106,1002,14,True,192,False,192,12,204,3,True,-704,False,False,False,True,False,True,False,False,False,False,False,False,True,False,2702
deepseek-ai/DeepSeek-R1-Distill-Qwen-7B,math500,46,272,True,True,1472,False,1472,148,1620,23,True,1792,True,1792,177,1969,28,True,320,False,False,False,True,False,False,False,True,False,True,False,True,False,False,3340
deepseek-ai/DeepSeek-R1-Distill-Qwen-7B,math500,46,276,True,True,1024,True,1024,94,1118,16,True,832,True,832,79,911,13,True,-192,False,False,False,False,False,False,False,False,False,False,False,False,True,False,3209
deepseek-ai/DeepSeek-R1-Distill-Qwen-7B,math500,46,292,True,True,1472,False,1472,130,1602,23,True,1472,False,1472,127,1599,23,True,0,False,False,False,True,False,True,False,False,False,False,False,False,False,True,5095
deepseek-ai/DeepSeek-R1-Distill-Qwen-7B,math500,46,301,False,True,576,False,576,55,631,9,True,1408,False,1408,135,1543,22,True,832,False,False,False,False,False,False,False,False,False,False,False,True,False,False,3769
deepseek-ai/DeepSeek-R1-Distill-Qwen-7B,math500,46,302,True,True,192,True,192,12,204,3,True,192,True,192,12,204,3,True,0,False,False,False,False,False,False,False,False,False,False,False,False,False,True,3385
deepseek-ai/DeepSeek-R1-Distill-Qwen-7B,math500,46,303,False,True,192,False,192,15,207,3,True,192,False,192,15,207,3,True,0,False,False,False,False,False,False,False,False,False,False,False,False,False,True,13906
deepseek-ai/DeepSeek-R1-Distill-Qwen-7B,math500,46,305,True,True,1088,False,1088,76,1164,17,True,320,False,320,20,340,5,True,-768,False,False,False,True,False,True,False,False,False,False,False,False,True,False,1365
deepseek-ai/DeepSeek-R1-Distill-Qwen-7B,math500,46,307,True,True,256,False,256,32,288,4,True,256,False,256,32,288,4,True,0,False,False,False,True,False,True,False,False,False,False,False,False,False,True,3414
deepseek-ai/DeepSeek-R1-Distill-Qwen-7B,math500,46,313,True,True,320,True,320,33,353,5,True,448,True,448,45,493,7,True,128,False,False,False,False,False,False,False,False,False,False,False,True,False,False,947
deepseek-ai/DeepSeek-R1-Distill-Qwen-7B,math500,46,317,True,True,192,False,192,12,204,3,True,448,False,448,28,476,7,True,256,False,False,False,True,False,True,False,False,False,False,False,True,False,False,11346
deepseek-ai/DeepSeek-R1-Distill-Qwen-7B,math500,46,329,True,True,256,True,256,27,283,4,True,256,True,256,18,274,4,True,0,False,False,False,False,False,False,False,False,False,False,False,False,False,True,1541
deepseek-ai/DeepSeek-R1-Distill-Qwen-7B,math500,46,330,True,True,896,True,896,97,993,14,True,960,True,960,105,1065,15,True,64,False,False,False,False,False,False,False,False,False,False,False,True,False,False,2873
deepseek-ai/DeepSeek-R1-Distill-Qwen-7B,math500,46,337,True,True,384,False,384,24,408,6,True,192,False,192,12,204,3,True,-192,False,False,False,True,False,True,False,False,False,False,False,False,True,False,1888
deepseek-ai/DeepSeek-R1-Distill-Qwen-7B,math500,46,34,True,True,1536,True,1536,155,1691,24,True,1024,True,1024,131,1155,16,True,-512,False,False,False,False,False,False,False,False,False,False,False,False,True,False,1987
deepseek-ai/DeepSeek-R1-Distill-Qwen-7B,math500,46,349,True,True,640,False,640,63,703,10,True,576,False,576,57,633,9,True,-64,False,False,False,True,False,True,False,False,False,False,False,False,True,False,6974
deepseek-ai/DeepSeek-R1-Distill-Qwen-7B,math500,46,356,True,True,640,False,640,91,731,10,True,384,False,384,51,435,6,True,-256,False,False,False,True,False,True,False,False,False,False,False,False,True,False,2892
deepseek-ai/DeepSeek-R1-Distill-Qwen-7B,math500,46,360,True,True,1152,False,1152,73,1225,18,True,384,False,384,24,408,6,True,-768,False,False,False,True,False,True,False,False,False,False,False,False,True,False,4156
deepseek-ai/DeepSeek-R1-Distill-Qwen-7B,math500,46,363,True,True,448,True,448,28,476,7,True,192,True,192,12,204,3,True,-256,False,False,False,False,False,False,False,False,False,False,False,False,True,False,2957
deepseek-ai/DeepSeek-R1-Distill-Qwen-7B,math500,46,375,True,True,1088,True,1088,85,1173,17,True,1088,True,1088,82,1170,17,True,0,False,False,False,False,False,False,False,False,False,False,False,False,False,True,1987
deepseek-ai/DeepSeek-R1-Distill-Qwen-7B,math500,46,377,True,True,192,True,192,12,204,3,True,192,True,192,12,204,3,True,0,False,False,False,False,False,False,False,False,False,False,False,False,False,True,3991
deepseek-ai/DeepSeek-R1-Distill-Qwen-7B,math500,46,386,True,True,256,False,256,19,275,4,True,192,False,192,15,207,3,True,-64,False,False,False,True,False,True,False,False,False,False,False,False,True,False,2095
deepseek-ai/DeepSeek-R1-Distill-Qwen-7B,math500,46,388,True,True,192,False,192,12,204,3,True,192,False,192,12,204,3,True,0,False,False,False,True,False,True,False,False,False,False,False,False,False,True,1624
deepseek-ai/DeepSeek-R1-Distill-Qwen-7B,math500,46,390,True,True,256,False,256,16,272,4,True,192,False,192,12,204,3,True,-64,False,False,False,True,False,True,False,False,False,False,False,False,True,False,3014
deepseek-ai/DeepSeek-R1-Distill-Qwen-7B,math500,46,393,True,True,640,False,640,67,707,10,True,384,False,384,59,443,6,True,-256,False,False,False,True,False,True,False,False,False,False,False,False,True,False,1301
deepseek-ai/DeepSeek-R1-Distill-Qwen-7B,math500,46,403,True,True,960,False,960,69,1029,15,True,192,False,192,12,204,3,True,-768,False,False,False,True,False,True,False,False,False,False,False,False,True,False,3879
deepseek-ai/DeepSeek-R1-Distill-Qwen-7B,math500,46,409,True,True,1408,False,1408,151,1559,22,True,320,False,320,41,361,5,True,-1088,False,False,False,True,False,True,False,False,False,False,False,False,True,False,3191
deepseek-ai/DeepSeek-R1-Distill-Qwen-7B,math500,46,41,True,True,832,False,832,64,896,13,True,1408,True,1408,106,1514,22,True,576,False,False,False,True,False,False,False,True,False,True,False,True,False,False,13599
deepseek-ai/DeepSeek-R1-Distill-Qwen-7B,math500,46,411,True,True,256,True,256,20,276,4,True,192,True,192,15,207,3,True,-64,False,False,False,False,False,False,False,False,False,False,False,False,True,False,1487
deepseek-ai/DeepSeek-R1-Distill-Qwen-7B,math500,46,413,True,True,192,True,192,21,213,3,True,192,True,192,21,213,3,True,0,False,False,False,False,False,False,False,False,False,False,False,False,False,True,2539
deepseek-ai/DeepSeek-R1-Distill-Qwen-7B,math500,46,414,True,True,512,False,512,34,546,8,True,640,False,640,43,683,10,True,128,False,False,False,True,False,True,False,False,False,False,False,True,False,False,1911
deepseek-ai/DeepSeek-R1-Distill-Qwen-7B,math500,46,421,True,True,1344,True,1344,131,1475,21,True,1344,True,1344,143,1487,21,True,0,False,False,False,False,False,False,False,False,False,False,False,False,False,True,4538
deepseek-ai/DeepSeek-R1-Distill-Qwen-7B,math500,46,425,True,True,2240,True,2240,903,3143,35,True,1024,False,1024,264,1288,16,True,-1216,False,False,False,False,False,True,False,False,True,False,True,False,True,False,8637
deepseek-ai/DeepSeek-R1-Distill-Qwen-7B,math500,46,426,True,True,192,False,192,24,216,3,True,576,True,576,65,641,9,True,384,False,False,False,True,False,False,False,True,False,True,False,True,False,False,1055
deepseek-ai/DeepSeek-R1-Distill-Qwen-7B,math500,46,429,True,True,1472,True,1472,140,1612,23,True,192,False,192,18,210,3,True,-1280,False,False,False,False,False,True,False,False,True,False,True,False,True,False,2130
deepseek-ai/DeepSeek-R1-Distill-Qwen-7B,math500,46,432,True,True,512,False,512,38,550,8,True,192,False,192,12,204,3,True,-320,False,False,False,True,False,True,False,False,False,False,False,False,True,False,5895
deepseek-ai/DeepSeek-R1-Distill-Qwen-7B,math500,46,434,True,True,384,True,384,30,414,6,True,320,False,320,25,345,5,True,-64,False,False,False,False,False,True,False,False,True,False,True,False,True,False,2088
deepseek-ai/DeepSeek-R1-Distill-Qwen-7B,math500,46,439,True,True,512,True,512,150,662,8,True,448,False,448,59,507,7,True,-64,False,False,False,False,False,True,False,False,True,False,True,False,True,False,3737
deepseek-ai/DeepSeek-R1-Distill-Qwen-7B,math500,46,440,True,True,640,True,640,103,743,10,True,640,True,640,117,757,10,True,0,False,False,False,False,False,False,False,False,False,False,False,False,False,True,1883
deepseek-ai/DeepSeek-R1-Distill-Qwen-7B,math500,46,442,True,True,704,True,704,60,764,11,True,320,False,320,23,343,5,True,-384,False,False,False,False,False,True,False,False,True,False,True,False,True,False,1582
deepseek-ai/DeepSeek-R1-Distill-Qwen-7B,math500,46,448,True,True,896,True,896,69,965,14,True,896,True,896,69,965,14,True,0,False,False,False,False,False,False,False,False,False,False,False,False,False,True,4179
deepseek-ai/DeepSeek-R1-Distill-Qwen-7B,math500,46,462,True,True,960,False,960,101,1061,15,True,1536,True,1536,152,1688,24,True,576,False,False,False,True,False,False,False,True,False,True,False,True,False,False,3957
deepseek-ai/DeepSeek-R1-Distill-Qwen-7B,math500,46,465,True,True,320,False,320,25,345,5,True,192,False,192,15,207,3,True,-128,False,False,False,True,False,True,False,False,False,False,False,False,True,False,2022
deepseek-ai/DeepSeek-R1-Distill-Qwen-7B,math500,46,468,True,True,512,True,512,34,546,8,True,512,True,512,35,547,8,True,0,False,False,False,False,False,False,False,False,False,False,False,False,False,True,2777
deepseek-ai/DeepSeek-R1-Distill-Qwen-7B,math500,46,469,True,True,192,True,192,15,207,3,True,192,True,192,15,207,3,True,0,False,False,False,False,False,False,False,False,False,False,False,False,False,True,2094
deepseek-ai/DeepSeek-R1-Distill-Qwen-7B,math500,46,474,True,True,192,False,192,12,204,3,True,256,True,256,16,272,4,True,64,False,False,False,True,False,False,False,True,False,True,False,True,False,False,10619
deepseek-ai/DeepSeek-R1-Distill-Qwen-7B,math500,46,475,True,True,2304,True,2304,175,2479,36,True,2304,True,2304,169,2473,36,True,0,False,False,False,False,False,False,False,False,False,False,False,False,False,True,2970
deepseek-ai/DeepSeek-R1-Distill-Qwen-7B,math500,46,479,True,True,384,True,384,27,411,6,True,384,True,384,27,411,6,True,0,False,False,False,False,False,False,False,False,False,False,False,False,False,True,1675
deepseek-ai/DeepSeek-R1-Distill-Qwen-7B,math500,46,487,True,True,384,True,384,25,409,6,True,384,True,384,24,408,6,True,0,False,False,False,False,False,False,False,False,False,False,False,False,False,True,488
deepseek-ai/DeepSeek-R1-Distill-Qwen-7B,math500,46,496,True,True,1344,False,1344,108,1452,21,True,640,False,640,40,680,10,True,-704,False,False,False,True,False,True,False,False,False,False,False,False,True,False,2585
deepseek-ai/DeepSeek-R1-Distill-Qwen-7B,math500,46,54,True,True,192,True,192,21,213,3,True,192,True,192,21,213,3,True,0,False,False,False,False,False,False,False,False,False,False,False,False,False,True,333
deepseek-ai/DeepSeek-R1-Distill-Qwen-7B,math500,46,6,True,True,384,True,384,30,414,6,True,256,True,256,20,276,4,True,-128,False,False,False,False,False,False,False,False,False,False,False,False,True,False,2037
deepseek-ai/DeepSeek-R1-Distill-Qwen-7B,math500,46,65,True,True,192,True,192,12,204,3,True,192,True,192,12,204,3,True,0,False,False,False,False,False,False,False,False,False,False,False,False,False,True,913
deepseek-ai/DeepSeek-R1-Distill-Qwen-7B,math500,46,67,True,True,704,True,704,75,779,11,True,704,True,704,77,781,11,True,0,False,False,False,False,False,False,False,False,False,False,False,False,False,True,1486
deepseek-ai/DeepSeek-R1-Distill-Qwen-7B,math500,46,77,True,True,192,True,192,12,204,3,True,192,True,192,12,204,3,True,0,False,False,False,False,False,False,False,False,False,False,False,False,False,True,423
deepseek-ai/DeepSeek-R1-Distill-Qwen-7B,math500,46,81,True,True,768,True,768,58,826,12,True,320,False,320,21,341,5,True,-448,False,False,False,False,False,True,False,False,True,False,True,False,True,False,1838
Qwen/Qwen3-8B,math500,44,0,True,True,256,False,256,23,279,4,True,320,False,320,38,358,5,True,64,False,False,False,True,False,True,False,False,False,False,False,True,False,False,1609
Qwen/Qwen3-8B,math500,44,1,True,True,896,True,896,137,1033,14,True,192,False,192,33,225,3,True,-704,False,False,False,False,False,True,False,False,True,False,True,False,True,False,8079
Qwen/Qwen3-8B,math500,44,10,True,True,192,True,192,21,213,3,True,192,True,192,21,213,3,True,0,False,False,False,False,False,False,False,False,False,False,False,False,False,True,4837
Qwen/Qwen3-8B,math500,44,100,True,True,192,False,192,15,207,3,True,192,False,192,15,207,3,True,0,False,False,False,True,False,True,False,False,False,False,False,False,False,True,11048
Qwen/Qwen3-8B,math500,44,105,True,True,448,False,448,36,484,7,True,192,False,192,15,207,3,True,-256,False,False,False,True,False,True,False,False,False,False,False,False,True,False,2607
Qwen/Qwen3-8B,math500,44,107,True,True,192,False,192,15,207,3,True,192,False,192,15,207,3,True,0,False,False,False,True,False,True,False,False,False,False,False,False,False,True,2925
Qwen/Qwen3-8B,math500,44,108,True,True,192,True,192,12,204,3,True,192,True,192,12,204,3,True,0,False,False,False,False,False,False,False,False,False,False,False,False,False,True,12205
Qwen/Qwen3-8B,math500,44,109,True,True,192,False,192,15,207,3,True,512,False,512,40,552,8,True,320,False,False,False,True,False,True,False,False,False,False,False,True,False,False,4312
Qwen/Qwen3-8B,math500,44,11,False,True,256,False,256,16,272,4,True,192,False,192,12,204,3,True,-64,False,False,False,False,False,False,False,False,False,False,False,False,True,False,8578
Qwen/Qwen3-8B,math500,44,110,False,True,1920,False,1920,172,2092,30,True,320,False,320,30,350,5,True,-1600,False,False,False,False,False,False,False,False,False,False,False,False,True,False,16384
Qwen/Qwen3-8B,math500,44,111,True,True,192,True,192,18,210,3,True,192,True,192,18,210,3,True,0,False,False,False,False,False,False,False,False,False,False,False,False,False,True,1857
Qwen/Qwen3-8B,math500,44,112,True,True,1024,False,1024,127,1151,16,True,256,False,256,16,272,4,True,-768,False,False,False,True,False,True,False,False,False,False,False,False,True,False,6246
Qwen/Qwen3-8B,math500,44,113,True,True,512,True,512,54,566,8,True,512,True,512,54,566,8,True,0,False,False,False,False,False,False,False,False,False,False,False,False,False,True,2163
Qwen/Qwen3-8B,math500,44,116,True,True,192,True,192,12,204,3,True,192,True,192,12,204,3,True,0,False,False,False,False,False,False,False,False,False,False,False,False,False,True,1637
Qwen/Qwen3-8B,math500,44,117,True,True,192,True,192,12,204,3,True,192,True,192,12,204,3,True,0,False,False,False,False,False,False,False,False,False,False,False,False,False,True,1261
Qwen/Qwen3-8B,math500,44,118,True,True,192,True,192,15,207,3,True,192,True,192,15,207,3,True,0,False,False,False,False,False,False,False,False,False,False,False,False,False,True,10929
Qwen/Qwen3-8B,math500,44,12,True,True,192,True,192,18,210,3,True,192,True,192,18,210,3,True,0,False,False,False,False,False,False,False,False,False,False,False,False,False,True,3780
Qwen/Qwen3-8B,math500,44,120,True,True,192,False,192,12,204,3,True,192,False,192,12,204,3,True,0,False,False,False,True,False,True,False,False,False,False,False,False,False,True,7407
Qwen/Qwen3-8B,math500,44,122,True,True,192,True,192,12,204,3,True,192,True,192,12,204,3,True,0,False,False,False,False,False,False,False,False,False,False,False,False,False,True,1574
Qwen/Qwen3-8B,math500,44,124,True,True,1088,True,1088,88,1176,17,True,192,False,192,12,204,3,True,-896,False,False,False,False,False,True,False,False,True,False,True,False,True,False,3454
Qwen/Qwen3-8B,math500,44,126,False,True,448,False,448,30,478,7,True,512,False,512,38,550,8,True,64,False,False,False,False,False,False,False,False,False,False,False,True,False,False,16384
Qwen/Qwen3-8B,math500,44,127,True,True,192,False,192,27,219,3,True,192,False,192,27,219,3,True,0,False,False,False,True,False,True,False,False,False,False,False,False,False,True,2761
Qwen/Qwen3-8B,math500,44,128,True,True,320,False,320,25,345,5,True,320,False,320,25,345,5,True,0,False,False,False,True,False,True,False,False,False,False,False,False,False,True,9726
Qwen/Qwen3-8B,math500,44,129,True,True,256,False,256,20,276,4,True,192,False,192,15,207,3,True,-64,False,False,False,True,False,True,False,False,False,False,False,False,True,False,9915
Qwen/Qwen3-8B,math500,44,130,True,True,192,False,192,12,204,3,True,192,False,192,12,204,3,True,0,False,False,False,True,False,True,False,False,False,False,False,False,False,True,5936
Qwen/Qwen3-8B,math500,44,132,True,True,192,True,192,12,204,3,True,192,True,192,12,204,3,True,0,False,False,False,False,False,False,False,False,False,False,False,False,False,True,2480
Qwen/Qwen3-8B,math500,44,133,True,True,192,True,192,18,210,3,True,192,True,192,18,210,3,True,0,False,False,False,False,False,False,False,False,False,False,False,False,False,True,2273
Qwen/Qwen3-8B,math500,44,135,True,True,192,True,192,12,204,3,True,192,True,192,12,204,3,True,0,False,False,False,False,False,False,False,False,False,False,False,False,False,True,2841
Qwen/Qwen3-8B,math500,44,136,False,True,768,True,768,62,830,12,True,768,True,768,63,831,12,True,0,False,False,False,False,True,False,True,False,False,False,False,False,False,True,16384
Qwen/Qwen3-8B,math500,44,138,True,True,448,False,448,38,486,7,True,320,False,320,24,344,5,True,-128,False,False,False,True,False,True,False,False,False,False,False,False,True,False,8778
Qwen/Qwen3-8B,math500,44,139,True,True,192,True,192,12,204,3,True,192,True,192,12,204,3,True,0,False,False,False,False,False,False,False,False,False,False,False,False,False,True,9905
Qwen/Qwen3-8B,math500,44,14,True,True,512,False,512,34,546,8,True,384,False,384,29,413,6,True,-128,False,False,False,True,False,True,False,False,False,False,False,False,True,False,4021
Qwen/Qwen3-8B,math500,44,140,True,True,192,False,192,12,204,3,True,192,False,192,12,204,3,True,0,False,False,False,True,False,True,False,False,False,False,False,False,False,True,2654
Qwen/Qwen3-8B,math500,44,141,True,True,192,True,192,12,204,3,True,192,True,192,12,204,3,True,0,False,False,False,False,False,False,False,False,False,False,False,False,False,True,3629
Qwen/Qwen3-8B,math500,44,142,True,True,192,False,192,21,213,3,True,448,True,448,108,556,7,True,256,False,False,False,True,False,False,False,True,False,True,False,True,False,False,8465
Qwen/Qwen3-8B,math500,44,144,True,True,320,False,320,33,353,5,True,320,False,320,33,353,5,True,0,False,False,False,True,False,True,False,False,False,False,False,False,False,True,1363
Qwen/Qwen3-8B,math500,44,145,True,True,192,False,192,12,204,3,True,192,False,192,12,204,3,True,0,False,False,False,True,False,True,False,False,False,False,False,False,False,True,6970
Qwen/Qwen3-8B,math500,44,149,True,True,384,False,384,30,414,6,True,512,False,512,40,552,8,True,128,False,False,False,True,False,True,False,False,False,False,False,True,False,False,3642
Qwen/Qwen3-8B,math500,44,15,True,True,1344,True,1344,406,1750,21,True,1024,False,1024,308,1332,16,True,-320,False,False,False,False,False,True,False,False,True,False,True,False,True,False,4890
Qwen/Qwen3-8B,math500,44,150,True,True,320,False,320,20,340,5,True,320,False,320,20,340,5,True,0,False,False,False,True,False,True,False,False,False,False,False,False,False,True,9091
Qwen/Qwen3-8B,math500,44,151,True,True,576,True,576,50,626,9,True,576,True,576,49,625,9,True,0,False,False,False,False,False,False,False,False,False,False,False,False,False,True,4127
Qwen/Qwen3-8B,math500,44,152,True,True,192,False,192,15,207,3,True,192,False,192,15,207,3,True,0,False,False,False,True,False,True,False,False,False,False,False,False,False,True,10740
Qwen/Qwen3-8B,math500,44,153,True,True,640,False,640,49,689,10,True,192,False,192,12,204,3,True,-448,False,False,False,True,False,True,False,False,False,False,False,False,True,False,10838
Qwen/Qwen3-8B,math500,44,154,False,True,704,False,704,71,775,11,True,576,False,576,53,629,9,True,-128,False,False,False,False,False,False,False,False,False,False,False,False,True,False,16384
Qwen/Qwen3-8B,math500,44,155,True,True,192,False,192,12,204,3,True,384,True,384,33,417,6,True,192,False,False,False,True,False,False,False,True,False,True,False,True,False,False,4947
Qwen/Qwen3-8B,math500,44,156,True,True,192,False,192,15,207,3,True,192,False,192,19,211,3,True,0,False,False,False,True,False,True,False,False,False,False,False,False,False,True,9196
Qwen/Qwen3-8B,math500,44,158,True,True,1408,True,1408,204,1612,22,True,1280,True,1280,159,1439,20,True,-128,False,False,False,False,False,False,False,False,False,False,False,False,True,False,3465
Qwen/Qwen3-8B,math500,44,159,True,True,256,False,256,22,278,4,True,640,True,640,83,723,10,True,384,False,False,False,True,False,False,False,True,False,True,False,True,False,False,3940
Qwen/Qwen3-8B,math500,44,16,True,True,768,False,768,64,832,12,True,576,True,576,50,626,9,True,-192,False,False,False,True,False,False,False,True,False,True,False,False,True,False,4105
Qwen/Qwen3-8B,math500,44,161,True,True,192,True,192,12,204,3,True,192,True,192,12,204,3,True,0,False,False,False,False,False,False,False,False,False,False,False,False,False,True,2844
Qwen/Qwen3-8B,math500,44,163,True,True,192,False,192,12,204,3,True,832,True,832,138,970,13,True,640,False,False,False,True,False,False,False,True,False,True,False,True,False,False,8647
Qwen/Qwen3-8B,math500,44,164,True,True,1280,True,1280,182,1462,20,True,1280,True,1280,169,1449,20,True,0,False,False,False,False,False,False,False,False,False,False,False,False,False,True,7277
Qwen/Qwen3-8B,math500,44,165,True,True,512,True,512,54,566,8,True,704,True,704,67,771,11,True,192,False,False,False,False,False,False,False,False,False,False,False,True,False,False,2660
Qwen/Qwen3-8B,math500,44,166,False,True,512,False,512,81,593,8,True,192,False,192,25,217,3,True,-320,False,False,False,False,False,False,False,False,False,False,False,False,True,False,16384
Qwen/Qwen3-8B,math500,44,167,True,True,192,True,192,15,207,3,True,192,True,192,15,207,3,True,0,False,False,False,False,False,False,False,False,False,False,False,False,False,True,1203
Qwen/Qwen3-8B,math500,44,168,True,True,832,False,832,55,887,13,True,256,False,256,16,272,4,True,-576,False,False,False,True,False,True,False,False,False,False,False,False,True,False,5276
Qwen/Qwen3-8B,math500,44,169,True,True,192,True,192,15,207,3,True,192,True,192,15,207,3,True,0,False,False,False,False,False,False,False,False,False,False,False,False,False,True,2669
Qwen/Qwen3-8B,math500,44,170,True,True,768,False,768,55,823,12,True,448,False,448,30,478,7,True,-320,False,False,False,True,False,True,False,False,False,False,False,False,True,False,5969
Qwen/Qwen3-8B,math500,44,171,True,True,192,False,192,12,204,3,True,256,False,256,17,273,4,True,64,False,False,False,True,False,True,False,False,False,False,False,True,False,False,1528
Qwen/Qwen3-8B,math500,44,172,True,True,192,True,192,18,210,3,True,192,True,192,18,210,3,True,0,False,False,False,False,False,False,False,False,False,False,False,False,False,True,2541
Qwen/Qwen3-8B,math500,44,173,True,True,512,True,512,32,544,8,True,192,False,192,12,204,3,True,-320,False,False,False,False,False,True,False,False,True,False,True,False,True,False,8638
Qwen/Qwen3-8B,math500,44,174,True,True,256,True,256,16,272,4,True,256,True,256,16,272,4,True,0,False,False,False,False,False,False,False,False,False,False,False,False,False,True,3039
Qwen/Qwen3-8B,math500,44,175,True,True,192,False,192,12,204,3,True,192,False,192,12,204,3,True,0,False,False,False,True,False,True,False,False,False,False,False,False,False,True,5445
Qwen/Qwen3-8B,math500,44,176,True,True,832,True,832,172,1004,13,True,704,True,704,145,849,11,True,-128,False,False,False,False,False,False,False,False,False,False,False,False,True,False,6367
Qwen/Qwen3-8B,math500,44,177,True,True,192,False,192,17,209,3,True,384,False,384,34,418,6,True,192,False,False,False,True,False,True,False,False,False,False,False,True,False,False,6587
Qwen/Qwen3-8B,math500,44,178,True,True,320,True,320,25,345,5,True,320,True,320,25,345,5,True,0,False,False,False,False,False,False,False,False,False,False,False,False,False,True,3337
Qwen/Qwen3-8B,math500,44,179,True,True,1792,False,1792,590,2382,28,True,1792,False,1792,601,2393,28,True,0,False,False,False,True,False,True,False,False,False,False,False,False,False,True,7896
Qwen/Qwen3-8B,math500,44,18,False,True,192,False,192,15,207,3,True,192,False,192,15,207,3,True,0,False,False,False,False,False,False,False,False,False,False,False,False,False,True,15038
Qwen/Qwen3-8B,math500,44,180,True,True,192,True,192,12,204,3,True,576,False,576,36,612,9,True,384,False,False,False,False,False,True,False,False,True,False,True,True,False,False,3636
Qwen/Qwen3-8B,math500,44,181,True,True,192,False,192,12,204,3,True,192,False,192,12,204,3,True,0,False,False,False,True,False,True,False,False,False,False,False,False,False,True,4407
Qwen/Qwen3-8B,math500,44,183,True,True,896,True,896,95,991,14,True,192,False,192,15,207,3,True,-704,False,False,False,False,False,True,False,False,True,False,True,False,True,False,4484
Qwen/Qwen3-8B,math500,44,184,True,True,384,False,384,29,413,6,True,192,False,192,12,204,3,True,-192,False,False,False,True,False,True,False,False,False,False,False,False,True,False,8716
Qwen/Qwen3-8B,math500,44,185,True,True,192,True,192,12,204,3,True,192,True,192,12,204,3,True,0,False,False,False,False,False,False,False,False,False,False,False,False,False,True,1876
Qwen/Qwen3-8B,math500,44,186,True,True,384,False,384,24,408,6,True,192,False,192,12,204,3,True,-192,False,False,False,True,False,True,False,False,False,False,False,False,True,False,4758
Qwen/Qwen3-8B,math500,44,189,True,True,1792,False,1792,167,1959,28,True,192,False,192,15,207,3,True,-1600,False,False,False,True,False,True,False,False,False,False,False,False,True,False,9749
Qwen/Qwen3-8B,math500,44,190,True,True,192,False,192,18,210,3,True,192,False,192,18,210,3,True,0,False,False,False,True,False,True,False,False,False,False,False,False,False,True,3786
Qwen/Qwen3-8B,math500,44,192,True,True,192,False,192,15,207,3,True,320,False,320,25,345,5,True,128,False,False,False,True,False,True,False,False,False,False,False,True,False,False,2658
Qwen/Qwen3-8B,math500,44,193,True,True,192,True,192,12,204,3,True,192,True,192,12,204,3,True,0,False,False,False,False,False,False,False,False,False,False,False,False,False,True,6378
Qwen/Qwen3-8B,math500,44,194,True,True,192,False,192,12,204,3,True,320,False,320,20,340,5,True,128,False,False,False,True,False,True,False,False,False,False,False,True,False,False,13393
Qwen/Qwen3-8B,math500,44,195,True,True,256,False,256,24,280,4,True,576,True,576,52,628,9,True,320,False,False,False,True,False,False,False,True,False,True,False,True,False,False,3485
Qwen/Qwen3-8B,math500,44,196,True,True,832,True,832,96,928,13,True,192,True,192,21,213,3,True,-640,False,False,False,False,False,False,False,False,False,False,False,False,True,False,2060
Qwen/Qwen3-8B,math500,44,197,True,True,1088,True,1088,119,1207,17,True,1088,True,1088,97,1185,17,True,0,False,False,False,False,False,False,False,False,False,False,False,False,False,True,6587
Qwen/Qwen3-8B,math500,44,2,True,True,1024,False,1024,98,1122,16,True,192,False,192,12,204,3,True,-832,False,False,False,True,False,True,False,False,False,False,False,False,True,False,2984
Qwen/Qwen3-8B,math500,44,20,True,True,384,True,384,54,438,6,True,192,True,192,34,226,3,True,-192,False,False,False,False,False,False,False,False,False,False,False,False,True,False,3201
Qwen/Qwen3-8B,math500,44,201,True,True,1280,True,1280,108,1388,20,True,960,True,960,90,1050,15,True,-320,False,False,False,False,False,False,False,False,False,False,False,False,True,False,3753
Qwen/Qwen3-8B,math500,44,203,True,True,960,True,960,123,1083,15,True,448,False,448,30,478,7,True,-512,False,False,False,False,False,True,False,False,True,False,True,False,True,False,5218
Qwen/Qwen3-8B,math500,44,205,True,True,1216,True,1216,347,1563,19,True,1024,False,1024,240,1264,16,True,-192,False,False,False,False,False,True,False,False,True,False,True,False,True,False,3715
Qwen/Qwen3-8B,math500,44,206,True,True,192,True,192,39,231,3,True,192,True,192,39,231,3,True,0,False,False,False,False,False,False,False,False,False,False,False,False,False,True,2050
Qwen/Qwen3-8B,math500,44,207,True,True,192,True,192,15,207,3,True,192,True,192,15,207,3,True,0,False,False,False,False,False,False,False,False,False,False,False,False,False,True,1307
Qwen/Qwen3-8B,math500,44,208,True,True,512,True,512,32,544,8,True,256,False,256,16,272,4,True,-256,False,False,False,False,False,True,False,False,True,False,True,False,True,False,4894
Qwen/Qwen3-8B,math500,44,209,True,True,512,False,512,40,552,8,True,192,False,192,15,207,3,True,-320,False,False,False,True,False,True,False,False,False,False,False,False,True,False,4743
Qwen/Qwen3-8B,math500,44,21,True,True,2368,True,2368,235,2603,37,True,2368,True,2368,235,2603,37,True,0,False,False,False,False,False,False,False,False,False,False,False,False,False,True,8095
Qwen/Qwen3-8B,math500,44,210,True,True,896,True,896,59,955,14,True,448,False,448,28,476,7,True,-448,False,False,False,False,False,True,False,False,True,False,True,False,True,False,7849
Qwen/Qwen3-8B,math500,44,211,True,True,256,False,256,20,276,4,True,896,True,896,68,964,14,True,640,False,False,False,True,False,False,False,True,False,True,False,True,False,False,2847
Qwen/Qwen3-8B,math500,44,212,True,True,320,False,320,25,345,5,True,192,False,192,15,207,3,True,-128,False,False,False,True,False,True,False,False,False,False,False,False,True,False,2371
Qwen/Qwen3-8B,math500,44,213,True,True,192,False,192,12,204,3,True,192,False,192,12,204,3,True,0,False,False,False,True,False,True,False,False,False,False,False,False,False,True,4986
Qwen/Qwen3-8B,math500,44,214,False,True,768,False,768,69,837,12,True,2432,False,2432,206,2638,38,True,1664,False,False,False,False,False,False,False,False,False,False,False,True,False,False,7151
Qwen/Qwen3-8B,math500,44,215,True,True,192,False,192,12,204,3,True,192,False,192,12,204,3,True,0,False,False,False,True,False,True,False,False,False,False,False,False,False,True,3146
Qwen/Qwen3-8B,math500,44,216,True,True,192,False,192,20,212,3,True,192,False,192,12,204,3,True,0,False,False,False,True,False,True,False,False,False,False,False,False,False,True,2700
Qwen/Qwen3-8B,math500,44,218,True,True,192,True,192,24,216,3,True,192,True,192,24,216,3,True,0,False,False,False,False,False,False,False,False,False,False,False,False,False,True,1532
Qwen/Qwen3-8B,math500,44,219,True,True,832,False,832,84,916,13,True,192,False,192,18,210,3,True,-640,False,False,False,True,False,True,False,False,False,False,False,False,True,False,8425
Qwen/Qwen3-8B,math500,44,22,True,True,576,False,576,36,612,9,True,576,False,576,36,612,9,True,0,False,False,False,True,False,True,False,False,False,False,False,False,False,True,2387
Qwen/Qwen3-8B,math500,44,222,True,True,2688,False,2688,204,2892,42,True,1088,False,1088,81,1169,17,True,-1600,False,False,False,True,False,True,False,False,False,False,False,False,True,False,11816
Qwen/Qwen3-8B,math500,44,225,True,True,1152,True,1152,110,1262,18,True,1152,True,1152,102,1254,18,True,0,False,False,False,False,False,False,False,False,False,False,False,False,False,True,2189
Qwen/Qwen3-8B,math500,44,226,True,True,192,True,192,12,204,3,True,192,True,192,12,204,3,True,0,False,False,False,False,False,False,False,False,False,False,False,False,False,True,3620
Qwen/Qwen3-8B,math500,44,228,True,True,2048,True,2048,298,2346,32,True,768,False,768,88,856,12,True,-1280,False,False,False,False,False,True,False,False,True,False,True,False,True,False,5894
Qwen/Qwen3-8B,math500,44,229,True,True,192,True,192,15,207,3,True,192,True,192,15,207,3,True,0,False,False,False,False,False,False,False,False,False,False,False,False,False,True,1901
Qwen/Qwen3-8B,math500,44,23,True,True,192,False,192,12,204,3,True,192,False,192,12,204,3,True,0,False,False,False,True,False,True,False,False,False,False,False,False,False,True,3683
Qwen/Qwen3-8B,math500,44,231,True,True,384,False,384,27,411,6,True,320,False,320,22,342,5,True,-64,False,False,False,True,False,True,False,False,False,False,False,False,True,False,2741
Qwen/Qwen3-8B,math500,44,233,True,True,384,True,384,32,416,6,True,384,True,384,31,415,6,True,0,False,False,False,False,False,False,False,False,False,False,False,False,False,True,2737
Qwen/Qwen3-8B,math500,44,234,True,True,192,False,192,15,207,3,True,192,False,192,15,207,3,True,0,False,False,False,True,False,True,False,False,False,False,False,False,False,True,2777
Qwen/Qwen3-8B,math500,44,235,True,True,192,False,192,12,204,3,True,192,False,192,12,204,3,True,0,False,False,False,True,False,True,False,False,False,False,False,False,False,True,2523
Qwen/Qwen3-8B,math500,44,236,False,True,512,True,512,40,552,8,True,256,False,256,20,276,4,True,-256,False,False,False,False,True,False,False,False,True,False,False,False,True,False,16384
Qwen/Qwen3-8B,math500,44,237,True,True,320,False,320,25,345,5,True,320,False,320,25,345,5,True,0,False,False,False,True,False,True,False,False,False,False,False,False,False,True,2173
Qwen/Qwen3-8B,math500,44,238,True,True,640,False,640,80,720,10,True,640,False,640,94,734,10,True,0,False,False,False,True,False,True,False,False,False,False,False,False,False,True,4461
Qwen/Qwen3-8B,math500,44,24,True,True,192,True,192,15,207,3,True,192,True,192,15,207,3,True,0,False,False,False,False,False,False,False,False,False,False,False,False,False,True,4783
Qwen/Qwen3-8B,math500,44,240,False,True,192,False,192,15,207,3,True,192,False,192,15,207,3,True,0,False,False,False,False,False,False,False,False,False,False,False,False,False,True,5794
Qwen/Qwen3-8B,math500,44,241,True,True,704,False,704,55,759,11,True,320,False,320,28,348,5,True,-384,False,False,False,True,False,True,False,False,False,False,False,False,True,False,4091
Qwen/Qwen3-8B,math500,44,242,True,True,3840,False,3840,524,4364,60,True,3776,False,3776,554,4330,59,True,-64,False,False,False,True,False,True,False,False,False,False,False,False,True,False,15861
Qwen/Qwen3-8B,math500,44,243,True,True,192,True,192,12,204,3,True,320,False,320,20,340,5,True,128,False,False,False,False,False,True,False,False,True,False,True,True,False,False,2551
Qwen/Qwen3-8B,math500,44,244,True,True,192,False,192,12,204,3,True,192,False,192,12,204,3,True,0,False,False,False,True,False,True,False,False,False,False,False,False,False,True,3350
Qwen/Qwen3-8B,math500,44,245,True,True,192,False,192,16,208,3,True,192,False,192,12,204,3,True,0,False,False,False,True,False,True,False,False,False,False,False,False,False,True,5836
Qwen/Qwen3-8B,math500,44,247,True,True,256,False,256,16,272,4,True,448,False,448,28,476,7,True,192,False,False,False,True,False,True,False,False,False,False,False,True,False,False,2670
Qwen/Qwen3-8B,math500,44,248,True,True,2048,True,2048,627,2675,32,True,704,False,704,200,904,11,True,-1344,False,False,False,False,False,True,False,False,True,False,True,False,True,False,4420
Qwen/Qwen3-8B,math500,44,249,True,True,192,False,192,15,207,3,True,704,False,704,54,758,11,True,512,False,False,False,True,False,True,False,False,False,False,False,True,False,False,5694
Qwen/Qwen3-8B,math500,44,25,False,True,192,False,192,27,219,3,True,576,False,576,61,637,9,True,384,False,False,False,False,False,False,False,False,False,False,False,True,False,False,5033
Qwen/Qwen3-8B,math500,44,250,True,True,448,False,448,34,482,7,True,256,False,256,20,276,4,True,-192,False,False,False,True,False,True,False,False,False,False,False,False,True,False,2775
Qwen/Qwen3-8B,math500,44,251,True,True,320,True,320,30,350,5,True,320,True,320,53,373,5,True,0,False,False,False,False,False,False,False,False,False,False,False,False,False,True,5032
Qwen/Qwen3-8B,math500,44,252,True,True,320,False,320,55,375,5,True,704,True,704,53,757,11,True,384,False,False,False,True,False,False,False,True,False,True,False,True,False,False,2754
Qwen/Qwen3-8B,math500,44,253,True,True,384,False,384,28,412,6,True,192,True,192,18,210,3,True,-192,False,False,False,True,False,False,False,True,False,True,False,False,True,False,1639
Qwen/Qwen3-8B,math500,44,254,True,True,192,True,192,15,207,3,True,192,True,192,15,207,3,True,0,False,False,False,False,False,False,False,False,False,False,False,False,False,True,2580
Qwen/Qwen3-8B,math500,44,257,False,True,320,False,320,28,348,5,True,320,False,320,28,348,5,True,0,False,False,False,False,False,False,False,False,False,False,False,False,False,True,1736
Qwen/Qwen3-8B,math500,44,258,True,True,320,True,320,25,345,5,True,256,True,256,20,276,4,True,-64,False,False,False,False,False,False,False,False,False,False,False,False,True,False,2253
Qwen/Qwen3-8B,math500,44,259,True,True,192,True,192,15,207,3,True,192,True,192,15,207,3,True,0,False,False,False,False,False,False,False,False,False,False,False,False,False,True,1207
Qwen/Qwen3-8B,math500,44,26,True,True,512,False,512,48,560,8,True,192,False,192,18,210,3,True,-320,False,False,False,True,False,True,False,False,False,False,False,False,True,False,10022
Qwen/Qwen3-8B,math500,44,260,True,True,320,False,320,27,347,5,True,960,True,960,79,1039,15,True,640,False,False,False,True,False,False,False,True,False,True,False,True,False,False,3418
Qwen/Qwen3-8B,math500,44,261,True,True,320,True,320,25,345,5,True,192,False,192,15,207,3,True,-128,False,False,False,False,False,True,False,False,True,False,True,False,True,False,5317
Qwen/Qwen3-8B,math500,44,262,True,True,192,True,192,12,204,3,True,192,True,192,12,204,3,True,0,False,False,False,False,False,False,False,False,False,False,False,False,False,True,1199
Qwen/Qwen3-8B,math500,44,263,True,True,192,False,192,15,207,3,True,192,False,192,15,207,3,True,0,False,False,False,True,False,True,False,False,False,False,False,False,False,True,2144
Qwen/Qwen3-8B,math500,44,264,False,True,192,False,192,30,222,3,True,1600,False,1600,244,1844,25,True,1408,False,False,False,False,False,False,False,False,False,False,False,True,False,False,16384
Qwen/Qwen3-8B,math500,44,265,True,True,192,True,192,21,213,3,True,192,True,192,21,213,3,True,0,False,False,False,False,False,False,False,False,False,False,False,False,False,True,2913
Qwen/Qwen3-8B,math500,44,266,True,True,384,False,384,43,427,6,True,192,False,192,24,216,3,True,-192,False,False,False,True,False,True,False,False,False,False,False,False,True,False,3414
Qwen/Qwen3-8B,math500,44,267,True,True,256,False,256,21,277,4,True,256,False,256,21,277,4,True,0,False,False,False,True,False,True,False,False,False,False,False,False,False,True,4780
Qwen/Qwen3-8B,math500,44,268,True,True,192,True,192,12,204,3,True,192,True,192,12,204,3,True,0,False,False,False,False,False,False,False,False,False,False,False,False,False,True,3103
Qwen/Qwen3-8B,math500,44,269,True,True,192,True,192,12,204,3,True,192,True,192,12,204,3,True,0,False,False,False,False,False,False,False,False,False,False,False,False,False,True,1737
Qwen/Qwen3-8B,math500,44,27,True,True,640,True,640,50,690,10,True,576,True,576,45,621,9,True,-64,False,False,False,False,False,False,False,False,False,False,False,False,True,False,2094
Qwen/Qwen3-8B,math500,44,270,True,True,320,True,320,25,345,5,True,192,True,192,15,207,3,True,-128,False,False,False,False,False,False,False,False,False,False,False,False,True,False,2913
Qwen/Qwen3-8B,math500,44,271,True,True,448,False,448,42,490,7,True,320,False,320,30,350,5,True,-128,False,False,False,True,False,True,False,False,False,False,False,False,True,False,4902
Qwen/Qwen3-8B,math500,44,273,True,True,192,True,192,21,213,3,True,192,True,192,21,213,3,True,0,False,False,False,False,False,False,False,False,False,False,False,False,False,True,2408
Qwen/Qwen3-8B,math500,44,274,True,True,192,False,192,15,207,3,True,256,False,256,20,276,4,True,64,False,False,False,True,False,True,False,False,False,False,False,True,False,False,8553
Qwen/Qwen3-8B,math500,44,275,True,True,448,True,448,31,479,7,True,384,True,384,26,410,6,True,-64,False,False,False,False,False,False,False,False,False,False,False,False,True,False,2474
Qwen/Qwen3-8B,math500,44,277,True,True,192,False,192,15,207,3,True,320,False,320,29,349,5,True,128,False,False,False,True,False,True,False,False,False,False,False,True,False,False,1896
Qwen/Qwen3-8B,math500,44,278,True,True,192,True,192,18,210,3,True,192,True,192,18,210,3,True,0,False,False,False,False,False,False,False,False,False,False,False,False,False,True,2674
Qwen/Qwen3-8B,math500,44,279,True,True,192,False,192,21,213,3,True,448,False,448,46,494,7,True,256,False,False,False,True,False,True,False,False,False,False,False,True,False,False,2774
Qwen/Qwen3-8B,math500,44,28,True,True,192,False,192,24,216,3,True,192,False,192,24,216,3,True,0,False,False,False,True,False,True,False,False,False,False,False,False,False,True,2413
Qwen/Qwen3-8B,math500,44,280,True,True,192,False,192,12,204,3,True,192,False,192,12,204,3,True,0,False,False,False,True,False,True,False,False,False,False,False,False,False,True,2663
Qwen/Qwen3-8B,math500,44,281,True,True,192,True,192,17,209,3,True,192,True,192,17,209,3,True,0,False,False,False,False,False,False,False,False,False,False,False,False,False,True,7727
Qwen/Qwen3-8B,math500,44,282,True,True,384,True,384,34,418,6,True,384,True,384,35,419,6,True,0,False,False,False,False,False,False,False,False,False,False,False,False,False,True,4756
Qwen/Qwen3-8B,math500,44,283,True,True,320,True,320,37,357,5,True,320,True,320,20,340,5,True,0,False,False,False,False,False,False,False,False,False,False,False,False,False,True,1672
Qwen/Qwen3-8B,math500,44,284,False,True,320,False,320,34,354,5,True,1280,False,1280,140,1420,20,True,960,False,False,False,False,False,False,False,False,False,False,False,True,False,False,16384
Qwen/Qwen3-8B,math500,44,285,True,True,704,False,704,58,762,11,True,2496,False,2496,228,2724,39,True,1792,False,False,False,True,False,True,False,False,False,False,False,True,False,False,9009
Qwen/Qwen3-8B,math500,44,286,False,True,256,False,256,24,280,4,True,2432,False,2432,267,2699,38,True,2176,False,False,False,False,False,False,False,False,False,False,False,True,False,False,16384
Qwen/Qwen3-8B,math500,44,287,True,True,1280,True,1280,105,1385,20,True,512,False,512,43,555,8,True,-768,False,False,False,False,False,True,False,False,True,False,True,False,True,False,5647
Qwen/Qwen3-8B,math500,44,288,True,True,3648,True,3648,718,4366,57,True,2240,False,2240,620,2860,35,True,-1408,False,False,False,False,False,True,False,False,True,False,True,False,True,False,6507
Qwen/Qwen3-8B,math500,44,289,True,True,192,True,192,15,207,3,True,192,True,192,15,207,3,True,0,False,False,False,False,False,False,False,False,False,False,False,False,False,True,4738
Qwen/Qwen3-8B,math500,44,29,True,True,640,False,640,89,729,10,True,640,False,640,88,728,10,True,0,False,False,False,True,False,True,False,False,False,False,False,False,False,True,2170
Qwen/Qwen3-8B,math500,44,290,True,True,960,True,960,67,1027,15,True,192,True,192,12,204,3,True,-768,False,False,False,False,False,False,False,False,False,False,False,False,True,False,3288
Qwen/Qwen3-8B,math500,44,291,True,True,704,True,704,57,761,11,True,704,True,704,58,762,11,True,0,False,False,False,False,False,False,False,False,False,False,False,False,False,True,4785
Qwen/Qwen3-8B,math500,44,293,True,True,576,True,576,123,699,9,True,320,False,320,71,391,5,True,-256,False,False,False,False,False,True,False,False,True,False,True,False,True,False,2450
Qwen/Qwen3-8B,math500,44,294,True,True,1344,False,1344,126,1470,21,True,832,False,832,78,910,13,True,-512,False,False,False,True,False,True,False,False,False,False,False,False,True,False,6829
Qwen/Qwen3-8B,math500,44,295,False,True,2752,False,2752,369,3121,43,True,512,False,512,40,552,8,True,-2240,False,False,False,False,False,False,False,False,False,False,False,False,True,False,16384
Qwen/Qwen3-8B,math500,44,296,True,True,192,False,192,12,204,3,True,192,False,192,12,204,3,True,0,False,False,False,True,False,True,False,False,False,False,False,False,False,True,9903
Qwen/Qwen3-8B,math500,44,297,True,True,256,False,256,24,280,4,True,192,False,192,18,210,3,True,-64,False,False,False,True,False,True,False,False,False,False,False,False,True,False,3495
Qwen/Qwen3-8B,math500,44,298,True,True,1408,True,1408,549,1957,22,True,1088,False,1088,387,1475,17,True,-320,False,False,False,False,False,True,False,False,True,False,True,False,True,False,4278
Qwen/Qwen3-8B,math500,44,299,True,True,896,True,896,76,972,14,True,768,True,768,77,845,12,True,-128,False,False,False,False,False,False,False,False,False,False,False,False,True,False,5175
Qwen/Qwen3-8B,math500,44,3,True,True,192,True,192,12,204,3,True,192,True,192,12,204,3,True,0,False,False,False,False,False,False,False,False,False,False,False,False,False,True,3483
Qwen/Qwen3-8B,math500,44,30,False,True,192,False,192,21,213,3,True,192,False,192,21,213,3,True,0,False,False,False,False,False,False,False,False,False,False,False,False,False,True,5792
Qwen/Qwen3-8B,math500,44,300,True,True,384,True,384,28,412,6,True,320,True,320,23,343,5,True,-64,False,False,False,False,False,False,False,False,False,False,False,False,True,False,4589
Qwen/Qwen3-8B,math500,44,304,True,True,320,False,320,20,340,5,True,384,False,384,24,408,6,True,64,False,False,False,True,False,True,False,False,False,False,False,True,False,False,4000
Qwen/Qwen3-8B,math500,44,306,True,True,192,False,192,12,204,3,True,192,False,192,12,204,3,True,0,False,False,False,True,False,True,False,False,False,False,False,False,False,True,10087
Qwen/Qwen3-8B,math500,44,308,False,True,896,False,896,123,1019,14,True,1344,False,1344,178,1522,21,True,448,False,False,False,False,False,False,False,False,False,False,False,True,False,False,16384
Qwen/Qwen3-8B,math500,44,309,True,True,832,True,832,78,910,13,True,832,True,832,65,897,13,True,0,False,False,False,False,False,False,False,False,False,False,False,False,False,True,7241
Qwen/Qwen3-8B,math500,44,31,True,True,192,True,192,27,219,3,True,192,True,192,27,219,3,True,0,False,False,False,False,False,False,False,False,False,False,False,False,False,True,2703
Qwen/Qwen3-8B,math500,44,310,True,True,448,True,448,32,480,7,True,448,True,448,43,491,7,True,0,False,False,False,False,False,False,False,False,False,False,False,False,False,True,3817
Qwen/Qwen3-8B,math500,44,311,True,True,192,False,192,12,204,3,True,192,False,192,12,204,3,True,0,False,False,False,True,False,True,False,False,False,False,False,False,False,True,6041
Qwen/Qwen3-8B,math500,44,312,True,True,192,False,192,30,222,3,True,192,False,192,30,222,3,True,0,False,False,False,True,False,True,False,False,False,False,False,False,False,True,1902
Qwen/Qwen3-8B,math500,44,314,True,True,448,False,448,42,490,7,True,256,False,256,31,287,4,True,-192,False,False,False,True,False,True,False,False,False,False,False,False,True,False,3778
Qwen/Qwen3-8B,math500,44,315,True,True,192,False,192,15,207,3,True,320,False,320,26,346,5,True,128,False,False,False,True,False,True,False,False,False,False,False,True,False,False,4460
Qwen/Qwen3-8B,math500,44,316,True,True,896,True,896,68,964,14,True,896,False,896,69,965,14,True,0,False,False,False,False,False,True,False,False,True,False,True,False,False,True,3589
Qwen/Qwen3-8B,math500,44,318,False,True,768,True,768,217,985,12,True,768,True,768,225,993,12,True,0,False,False,False,False,True,False,True,False,False,False,False,False,False,True,2121
Qwen/Qwen3-8B,math500,44,319,True,True,832,True,832,77,909,13,True,768,True,768,76,844,12,True,-64,False,False,False,False,False,False,False,False,False,False,False,False,True,False,1819
Qwen/Qwen3-8B,math500,44,32,False,True,256,False,256,27,283,4,True,448,True,448,64,512,7,True,192,False,False,False,False,False,False,True,True,False,False,False,True,False,False,16384
Qwen/Qwen3-8B,math500,44,320,True,True,192,False,192,24,216,3,True,576,False,576,60,636,9,True,384,False,False,False,True,False,True,False,False,False,False,False,True,False,False,6036
Qwen/Qwen3-8B,math500,44,321,True,True,256,False,256,24,280,4,True,192,False,192,18,210,3,True,-64,False,False,False,True,False,True,False,False,False,False,False,False,True,False,2822
Qwen/Qwen3-8B,math500,44,322,True,True,192,False,192,12,204,3,True,512,True,512,42,554,8,True,320,False,False,False,True,False,False,False,True,False,True,False,True,False,False,1495
Qwen/Qwen3-8B,math500,44,323,True,True,192,True,192,18,210,3,True,192,True,192,18,210,3,True,0,False,False,False,False,False,False,False,False,False,False,False,False,False,True,8490
Qwen/Qwen3-8B,math500,44,324,False,True,192,False,192,18,210,3,True,192,False,192,18,210,3,True,0,False,False,False,False,False,False,False,False,False,False,False,False,False,True,16384
Qwen/Qwen3-8B,math500,44,325,True,True,512,True,512,40,552,8,True,512,True,512,37,549,8,True,0,False,False,False,False,False,False,False,False,False,False,False,False,False,True,3005
Qwen/Qwen3-8B,math500,44,326,True,True,960,True,960,105,1065,15,True,448,False,448,48,496,7,True,-512,False,False,False,False,False,True,False,False,True,False,True,False,True,False,4622
Qwen/Qwen3-8B,math500,44,327,True,True,1600,False,1600,154,1754,25,True,1088,False,1088,100,1188,17,True,-512,False,False,False,True,False,True,False,False,False,False,False,False,True,False,6763
Qwen/Qwen3-8B,math500,44,328,True,True,320,False,320,20,340,5,True,192,False,192,12,204,3,True,-128,False,False,False,True,False,True,False,False,False,False,False,False,True,False,12092
Qwen/Qwen3-8B,math500,44,33,True,True,192,False,192,12,204,3,True,320,False,320,20,340,5,True,128,False,False,False,True,False,True,False,False,False,False,False,True,False,False,3372
Qwen/Qwen3-8B,math500,44,331,True,True,192,False,192,12,204,3,True,192,False,192,12,204,3,True,0,False,False,False,True,False,True,False,False,False,False,False,False,False,True,4438
Qwen/Qwen3-8B,math500,44,332,True,True,320,True,320,20,340,5,True,192,True,192,12,204,3,True,-128,False,False,False,False,False,False,False,False,False,False,False,False,True,False,8380
Qwen/Qwen3-8B,math500,44,333,True,True,320,True,320,20,340,5,True,192,True,192,12,204,3,True,-128,False,False,False,False,False,False,False,False,False,False,False,False,True,False,8916
Qwen/Qwen3-8B,math500,44,334,True,True,704,False,704,61,765,11,True,576,False,576,40,616,9,True,-128,False,False,False,True,False,True,False,False,False,False,False,False,True,False,2358
Qwen/Qwen3-8B,math500,44,335,True,True,192,False,192,12,204,3,True,192,False,192,12,204,3,True,0,False,False,False,True,False,True,False,False,False,False,False,False,False,True,5228
Qwen/Qwen3-8B,math500,44,336,True,True,768,True,768,100,868,12,True,768,True,768,90,858,12,True,0,False,False,False,False,False,False,False,False,False,False,False,False,False,True,3700
Qwen/Qwen3-8B,math500,44,338,False,True,832,True,832,113,945,13,True,192,False,192,27,219,3,True,-640,False,False,False,False,True,False,False,False,True,False,False,False,True,False,3476
Qwen/Qwen3-8B,math500,44,339,True,True,192,True,192,15,207,3,True,192,True,192,15,207,3,True,0,False,False,False,False,False,False,False,False,False,False,False,False,False,True,3295
Qwen/Qwen3-8B,math500,44,340,False,True,1536,False,1536,168,1704,24,True,192,False,192,17,209,3,True,-1344,False,False,False,False,False,False,False,False,False,False,False,False,True,False,16384
Qwen/Qwen3-8B,math500,44,341,True,True,576,False,576,57,633,9,True,576,False,576,57,633,9,True,0,False,False,False,True,False,True,False,False,False,False,False,False,False,True,2291
Qwen/Qwen3-8B,math500,44,342,True,True,192,True,192,12,204,3,True,192,True,192,12,204,3,True,0,False,False,False,False,False,False,False,False,False,False,False,False,False,True,3066
Qwen/Qwen3-8B,math500,44,343,True,True,256,False,256,32,288,4,True,192,False,192,24,216,3,True,-64,False,False,False,True,False,True,False,False,False,False,False,False,True,False,2817
Qwen/Qwen3-8B,math500,44,344,True,True,192,False,192,12,204,3,True,192,False,192,12,204,3,True,0,False,False,False,True,False,True,False,False,False,False,False,False,False,True,2196
Qwen/Qwen3-8B,math500,44,345,True,True,192,True,192,12,204,3,True,192,True,192,12,204,3,True,0,False,False,False,False,False,False,False,False,False,False,False,False,False,True,2917
Qwen/Qwen3-8B,math500,44,346,True,True,512,True,512,41,553,8,True,576,True,576,47,623,9,True,64,False,False,False,False,False,False,False,False,False,False,False,True,False,False,3408
Qwen/Qwen3-8B,math500,44,347,True,True,640,True,640,160,800,10,True,576,True,576,149,725,9,True,-64,False,False,False,False,False,False,False,False,False,False,False,False,True,False,3086
Qwen/Qwen3-8B,math500,44,348,True,True,192,True,192,21,213,3,True,192,True,192,21,213,3,True,0,False,False,False,False,False,False,False,False,False,False,False,False,False,True,3647
Qwen/Qwen3-8B,math500,44,35,True,True,192,False,192,12,204,3,True,192,False,192,12,204,3,True,0,False,False,False,True,False,True,False,False,False,False,False,False,False,True,4667
Qwen/Qwen3-8B,math500,44,350,True,True,192,True,192,12,204,3,True,192,True,192,12,204,3,True,0,False,False,False,False,False,False,False,False,False,False,False,False,False,True,4064
Qwen/Qwen3-8B,math500,44,351,True,True,192,False,192,12,204,3,True,192,False,192,12,204,3,True,0,False,False,False,True,False,True,False,False,False,False,False,False,False,True,6986
Qwen/Qwen3-8B,math500,44,352,True,True,576,False,576,54,630,9,True,256,False,256,24,280,4,True,-320,False,False,False,True,False,True,False,False,False,False,False,False,True,False,12539
Qwen/Qwen3-8B,math500,44,353,True,True,192,False,192,15,207,3,True,512,True,512,57,569,8,True,320,False,False,False,True,False,False,False,True,False,True,False,True,False,False,4515
Qwen/Qwen3-8B,math500,44,354,True,True,192,True,192,15,207,3,True,192,True,192,15,207,3,True,0,False,False,False,False,False,False,False,False,False,False,False,False,False,True,1928
Qwen/Qwen3-8B,math500,44,355,True,True,512,False,512,41,553,8,True,192,False,192,15,207,3,True,-320,False,False,False,True,False,True,False,False,False,False,False,False,True,False,16384
Qwen/Qwen3-8B,math500,44,357,True,True,256,True,256,16,272,4,True,384,False,384,24,408,6,True,128,False,False,False,False,False,True,False,False,True,False,True,True,False,False,3877
Qwen/Qwen3-8B,math500,44,358,True,True,192,False,192,12,204,3,True,192,False,192,12,204,3,True,0,False,False,False,True,False,True,False,False,False,False,False,False,False,True,4696
Qwen/Qwen3-8B,math500,44,359,True,True,384,False,384,24,408,6,True,192,False,192,12,204,3,True,-192,False,False,False,True,False,True,False,False,False,False,False,False,True,False,5882
Qwen/Qwen3-8B,math500,44,36,False,True,192,False,192,12,204,3,True,192,False,192,12,204,3,True,0,False,False,False,False,False,False,False,False,False,False,False,False,False,True,3975
Qwen/Qwen3-8B,math500,44,361,True,True,192,False,192,24,216,3,True,192,False,192,24,216,3,True,0,False,False,False,True,False,True,False,False,False,False,False,False,False,True,8907
Qwen/Qwen3-8B,math500,44,362,True,True,192,True,192,20,212,3,True,192,True,192,19,211,3,True,0,False,False,False,False,False,False,False,False,False,False,False,False,False,True,2719
Qwen/Qwen3-8B,math500,44,364,True,True,1216,False,1216,257,1473,19,True,768,False,768,131,899,12,True,-448,False,False,False,True,False,True,False,False,False,False,False,False,True,False,4062
Qwen/Qwen3-8B,math500,44,365,True,True,320,False,320,25,345,5,True,192,False,192,15,207,3,True,-128,False,False,False,True,False,True,False,False,False,False,False,False,True,False,12562
Qwen/Qwen3-8B,math500,44,366,True,True,320,False,320,20,340,5,True,192,False,192,12,204,3,True,-128,False,False,False,True,False,True,False,False,False,False,False,False,True,False,4537
Qwen/Qwen3-8B,math500,44,367,True,True,320,True,320,20,340,5,True,320,True,320,20,340,5,True,0,False,False,False,False,False,False,False,False,False,False,False,False,False,True,2683
Qwen/Qwen3-8B,math500,44,368,True,True,192,False,192,15,207,3,True,192,False,192,15,207,3,True,0,False,False,False,True,False,True,False,False,False,False,False,False,False,True,3699
Qwen/Qwen3-8B,math500,44,369,True,True,192,False,192,18,210,3,True,192,False,192,18,210,3,True,0,False,False,False,True,False,True,False,False,False,False,False,False,False,True,4908
Qwen/Qwen3-8B,math500,44,37,True,True,192,True,192,15,207,3,True,192,True,192,15,207,3,True,0,False,False,False,False,False,False,False,False,False,False,False,False,False,True,2500
Qwen/Qwen3-8B,math500,44,370,True,True,512,True,512,92,604,8,True,192,True,192,60,252,3,True,-320,False,False,False,False,False,False,False,False,False,False,False,False,True,False,1978
Qwen/Qwen3-8B,math500,44,371,True,True,192,False,192,12,204,3,True,192,False,192,12,204,3,True,0,False,False,False,True,False,True,False,False,False,False,False,False,False,True,15212
Qwen/Qwen3-8B,math500,44,372,True,True,192,False,192,19,211,3,True,192,False,192,19,211,3,True,0,False,False,False,True,False,True,False,False,False,False,False,False,False,True,6885
Qwen/Qwen3-8B,math500,44,373,True,True,1216,True,1216,260,1476,19,True,512,False,512,163,675,8,True,-704,False,False,False,False,False,True,False,False,True,False,True,False,True,False,3694
Qwen/Qwen3-8B,math500,44,374,True,True,448,True,448,30,478,7,True,192,False,192,12,204,3,True,-256,False,False,False,False,False,True,False,False,True,False,True,False,True,False,1656
Qwen/Qwen3-8B,math500,44,376,True,True,192,False,192,24,216,3,True,192,False,192,24,216,3,True,0,False,False,False,True,False,True,False,False,False,False,False,False,False,True,3649
Qwen/Qwen3-8B,math500,44,378,True,True,256,False,256,16,272,4,True,256,False,256,16,272,4,True,0,False,False,False,True,False,True,False,False,False,False,False,False,False,True,4005
Qwen/Qwen3-8B,math500,44,379,True,True,192,False,192,30,222,3,True,192,False,192,30,222,3,True,0,False,False,False,True,False,True,False,False,False,False,False,False,False,True,8826
Qwen/Qwen3-8B,math500,44,38,True,True,192,True,192,21,213,3,True,192,True,192,21,213,3,True,0,False,False,False,False,False,False,False,False,False,False,False,False,False,True,1404
Qwen/Qwen3-8B,math500,44,380,True,True,320,False,320,85,405,5,True,960,False,960,272,1232,15,True,640,False,False,False,True,False,True,False,False,False,False,False,True,False,False,6003
Qwen/Qwen3-8B,math500,44,381,True,True,576,False,576,80,656,9,True,320,False,320,25,345,5,True,-256,False,False,False,True,False,True,False,False,False,False,False,False,True,False,8780
Qwen/Qwen3-8B,math500,44,382,True,True,192,False,192,21,213,3,True,192,False,192,21,213,3,True,0,False,False,False,True,False,True,False,False,False,False,False,False,False,True,4611
Qwen/Qwen3-8B,math500,44,383,True,True,576,True,576,94,670,9,True,640,True,640,102,742,10,True,64,False,False,False,False,False,False,False,False,False,False,False,True,False,False,1991
Qwen/Qwen3-8B,math500,44,384,True,True,192,True,192,30,222,3,True,192,True,192,30,222,3,True,0,False,False,False,False,False,False,False,False,False,False,False,False,False,True,1521
Qwen/Qwen3-8B,math500,44,385,True,True,1472,True,1472,124,1596,23,True,1536,True,1536,123,1659,24,True,64,False,False,False,False,False,False,False,False,False,False,False,True,False,False,4855
Qwen/Qwen3-8B,math500,44,387,True,True,192,True,192,15,207,3,True,192,True,192,15,207,3,True,0,False,False,False,False,False,False,False,False,False,False,False,False,False,True,3209
Qwen/Qwen3-8B,math500,44,389,True,True,256,False,256,16,272,4,True,960,True,960,181,1141,15,True,704,False,False,False,True,False,False,False,True,False,True,False,True,False,False,2909
Qwen/Qwen3-8B,math500,44,39,True,True,1024,True,1024,81,1105,16,True,320,False,320,26,346,5,True,-704,False,False,False,False,False,True,False,False,True,False,True,False,True,False,3082
Qwen/Qwen3-8B,math500,44,391,True,True,256,False,256,16,272,4,True,192,False,192,12,204,3,True,-64,False,False,False,True,False,True,False,False,False,False,False,False,True,False,4565
Qwen/Qwen3-8B,math500,44,392,False,True,192,False,192,15,207,3,True,192,False,192,15,207,3,True,0,False,False,False,False,False,False,False,False,False,False,False,False,False,True,16384
Qwen/Qwen3-8B,math500,44,394,True,True,192,False,192,12,204,3,True,512,False,512,32,544,8,True,320,False,False,False,True,False,True,False,False,False,False,False,True,False,False,5673
Qwen/Qwen3-8B,math500,44,395,True,True,192,False,192,12,204,3,True,192,False,192,12,204,3,True,0,False,False,False,True,False,True,False,False,False,False,False,False,False,True,3746
Qwen/Qwen3-8B,math500,44,396,True,True,192,True,192,12,204,3,True,192,True,192,12,204,3,True,0,False,False,False,False,False,False,False,False,False,False,False,False,False,True,12599
Qwen/Qwen3-8B,math500,44,397,True,True,192,True,192,15,207,3,True,192,True,192,15,207,3,True,0,False,False,False,False,False,False,False,False,False,False,False,False,False,True,2923
Qwen/Qwen3-8B,math500,44,398,True,True,448,True,448,34,482,7,True,832,False,832,62,894,13,True,384,False,False,False,False,False,True,False,False,True,False,True,True,False,False,6758
Qwen/Qwen3-8B,math500,44,399,True,True,192,True,192,24,216,3,True,192,True,192,24,216,3,True,0,False,False,False,False,False,False,False,False,False,False,False,False,False,True,2225
Qwen/Qwen3-8B,math500,44,4,True,True,192,False,192,15,207,3,True,192,False,192,15,207,3,True,0,False,False,False,True,False,True,False,False,False,False,False,False,False,True,4615
Qwen/Qwen3-8B,math500,44,40,True,True,192,True,192,15,207,3,True,256,True,256,19,275,4,True,64,False,False,False,False,False,False,False,False,False,False,False,True,False,False,3825
Qwen/Qwen3-8B,math500,44,400,False,True,384,False,384,27,411,6,True,192,False,192,15,207,3,True,-192,False,False,False,False,False,False,False,False,False,False,False,False,True,False,16384
Qwen/Qwen3-8B,math500,44,401,True,True,192,False,192,12,204,3,True,192,False,192,12,204,3,True,0,False,False,False,True,False,True,False,False,False,False,False,False,False,True,11412
Qwen/Qwen3-8B,math500,44,402,True,True,960,True,960,117,1077,15,True,960,True,960,114,1074,15,True,0,False,False,False,False,False,False,False,False,False,False,False,False,False,True,4089
Qwen/Qwen3-8B,math500,44,404,True,True,192,False,192,12,204,3,True,192,False,192,12,204,3,True,0,False,False,False,True,False,True,False,False,False,False,False,False,False,True,2199
Qwen/Qwen3-8B,math500,44,405,True,True,192,True,192,15,207,3,True,192,True,192,15,207,3,True,0,False,False,False,False,False,False,False,False,False,False,False,False,False,True,2896
Qwen/Qwen3-8B,math500,44,406,True,True,192,True,192,12,204,3,True,192,True,192,12,204,3,True,0,False,False,False,False,False,False,False,False,False,False,False,False,False,True,2568
Qwen/Qwen3-8B,math500,44,407,True,True,192,True,192,12,204,3,True,192,True,192,12,204,3,True,0,False,False,False,False,False,False,False,False,False,False,False,False,False,True,2689
Qwen/Qwen3-8B,math500,44,408,True,True,384,False,384,121,505,6,True,384,False,384,120,504,6,True,0,False,False,False,True,False,True,False,False,False,False,False,False,False,True,5301
Qwen/Qwen3-8B,math500,44,410,True,True,704,True,704,44,748,11,True,384,True,384,24,408,6,True,-320,False,False,False,False,False,False,False,False,False,False,False,False,True,False,3503
Qwen/Qwen3-8B,math500,44,412,True,True,2560,True,2560,351,2911,40,True,1664,False,1664,159,1823,26,True,-896,False,False,False,False,False,True,False,False,True,False,True,False,True,False,5525
Qwen/Qwen3-8B,math500,44,415,True,True,512,False,512,37,549,8,True,576,False,576,36,612,9,True,64,False,False,False,True,False,True,False,False,False,False,False,True,False,False,5803
Qwen/Qwen3-8B,math500,44,416,True,True,1280,False,1280,169,1449,20,True,512,False,512,63,575,8,True,-768,False,False,False,True,False,True,False,False,False,False,False,False,True,False,9750
Qwen/Qwen3-8B,math500,44,417,True,True,384,False,384,32,416,6,True,384,False,384,34,418,6,True,0,False,False,False,True,False,True,False,False,False,False,False,False,False,True,2748
Qwen/Qwen3-8B,math500,44,418,True,True,192,True,192,32,224,3,True,192,True,192,24,216,3,True,0,False,False,False,False,False,False,False,False,False,False,False,False,False,True,2799
Qwen/Qwen3-8B,math500,44,419,True,True,2368,False,2368,592,2960,37,True,1280,False,1280,306,1586,20,True,-1088,False,False,False,True,False,True,False,False,False,False,False,False,True,False,6632
Qwen/Qwen3-8B,math500,44,42,True,True,448,True,448,28,476,7,True,448,True,448,28,476,7,True,0,False,False,False,False,False,False,False,False,False,False,False,False,False,True,2052
Qwen/Qwen3-8B,math500,44,420,True,False,,True,4211,2052,6263,65,False,,True,4211,2003,6214,65,False,,False,False,True,False,False,False,False,False,False,False,False,False,False,False,4211
Qwen/Qwen3-8B,math500,44,422,False,True,320,False,320,88,408,5,True,384,False,384,85,469,6,True,64,False,False,False,False,False,False,False,False,False,False,False,True,False,False,12057
Qwen/Qwen3-8B,math500,44,423,True,True,192,False,192,21,213,3,True,192,False,192,21,213,3,True,0,False,False,False,True,False,True,False,False,False,False,False,False,False,True,8407
Qwen/Qwen3-8B,math500,44,424,True,True,768,True,768,68,836,12,True,768,True,768,67,835,12,True,0,False,False,False,False,False,False,False,False,False,False,False,False,False,True,2874
Qwen/Qwen3-8B,math500,44,427,True,True,640,True,640,50,690,10,True,640,True,640,50,690,10,True,0,False,False,False,False,False,False,False,False,False,False,False,False,False,True,1577
Qwen/Qwen3-8B,math500,44,428,True,True,1088,True,1088,95,1183,17,True,256,False,256,20,276,4,True,-832,False,False,False,False,False,True,False,False,True,False,True,False,True,False,7928
Qwen/Qwen3-8B,math500,44,43,True,True,320,False,320,30,350,5,True,384,False,384,36,420,6,True,64,False,False,False,True,False,True,False,False,False,False,False,True,False,False,15813
Qwen/Qwen3-8B,math500,44,430,True,True,192,True,192,18,210,3,True,192,True,192,18,210,3,True,0,False,False,False,False,False,False,False,False,False,False,False,False,False,True,1574
Qwen/Qwen3-8B,math500,44,431,True,True,192,False,192,48,240,3,True,192,False,192,54,246,3,True,0,False,False,False,True,False,True,False,False,False,False,False,False,False,True,5109
Qwen/Qwen3-8B,math500,44,433,True,True,192,True,192,30,222,3,True,192,True,192,30,222,3,True,0,False,False,False,False,False,False,False,False,False,False,False,False,False,True,3112
Qwen/Qwen3-8B,math500,44,435,True,True,192,True,192,57,249,3,True,192,True,192,57,249,3,True,0,False,False,False,False,False,False,False,False,False,False,False,False,False,True,2405
Qwen/Qwen3-8B,math500,44,436,True,True,192,False,192,12,204,3,True,192,False,192,12,204,3,True,0,False,False,False,True,False,True,False,False,False,False,False,False,False,True,3240
Qwen/Qwen3-8B,math500,44,437,True,True,192,False,192,12,204,3,True,192,False,192,12,204,3,True,0,False,False,False,True,False,True,False,False,False,False,False,False,False,True,3779
Qwen/Qwen3-8B,math500,44,438,True,True,320,False,320,20,340,5,True,192,False,192,12,204,3,True,-128,False,False,False,True,False,True,False,False,False,False,False,False,True,False,4130
Qwen/Qwen3-8B,math500,44,44,True,True,192,False,192,21,213,3,True,192,False,192,21,213,3,True,0,False,False,False,True,False,True,False,False,False,False,False,False,False,True,2333
Qwen/Qwen3-8B,math500,44,441,True,True,640,True,640,67,707,10,True,640,True,640,65,705,10,True,0,False,False,False,False,False,False,False,False,False,False,False,False,False,True,2119
Qwen/Qwen3-8B,math500,44,443,True,True,448,True,448,35,483,7,True,448,True,448,35,483,7,True,0,False,False,False,False,False,False,False,False,False,False,False,False,False,True,1571
Qwen/Qwen3-8B,math500,44,444,False,True,1024,False,1024,170,1194,16,True,192,False,192,12,204,3,True,-832,False,False,False,False,False,False,False,False,False,False,False,False,True,False,16384
Qwen/Qwen3-8B,math500,44,445,True,True,192,False,192,12,204,3,True,256,False,256,16,272,4,True,64,False,False,False,True,False,True,False,False,False,False,False,True,False,False,10599
Qwen/Qwen3-8B,math500,44,446,True,True,192,True,192,12,204,3,True,192,True,192,12,204,3,True,0,False,False,False,False,False,False,False,False,False,False,False,False,False,True,3233
Qwen/Qwen3-8B,math500,44,447,True,True,512,True,512,50,562,8,True,512,True,512,37,549,8,True,0,False,False,False,False,False,False,False,False,False,False,False,False,False,True,2048
Qwen/Qwen3-8B,math500,44,449,True,True,448,True,448,35,483,7,True,448,True,448,35,483,7,True,0,False,False,False,False,False,False,False,False,False,False,False,False,False,True,2496
Qwen/Qwen3-8B,math500,44,45,True,True,192,True,192,12,204,3,True,192,True,192,12,204,3,True,0,False,False,False,False,False,False,False,False,False,False,False,False,False,True,2765
Qwen/Qwen3-8B,math500,44,450,True,True,960,False,960,78,1038,15,True,704,False,704,54,758,11,True,-256,False,False,False,True,False,True,False,False,False,False,False,False,True,False,4588
Qwen/Qwen3-8B,math500,44,451,True,True,192,True,192,27,219,3,True,192,True,192,27,219,3,True,0,False,False,False,False,False,False,False,False,False,False,False,False,False,True,4422
Qwen/Qwen3-8B,math500,44,452,True,True,192,False,192,15,207,3,True,192,False,192,15,207,3,True,0,False,False,False,True,False,True,False,False,False,False,False,False,False,True,3624
Qwen/Qwen3-8B,math500,44,453,True,True,384,True,384,32,416,6,True,192,True,192,15,207,3,True,-192,False,False,False,False,False,False,False,False,False,False,False,False,True,False,2121
Qwen/Qwen3-8B,math500,44,454,True,True,896,False,896,174,1070,14,True,1536,False,1536,288,1824,24,True,640,False,False,False,True,False,True,False,False,False,False,False,True,False,False,5159
Qwen/Qwen3-8B,math500,44,455,True,True,192,True,192,12,204,3,True,192,True,192,12,204,3,True,0,False,False,False,False,False,False,False,False,False,False,False,False,False,True,1844
Qwen/Qwen3-8B,math500,44,456,False,True,192,False,192,48,240,3,True,192,False,192,48,240,3,True,0,False,False,False,False,False,False,False,False,False,False,False,False,False,True,4656
Qwen/Qwen3-8B,math500,44,457,True,True,192,True,192,12,204,3,True,192,True,192,12,204,3,True,0,False,False,False,False,False,False,False,False,False,False,False,False,False,True,2877
Qwen/Qwen3-8B,math500,44,458,True,True,448,False,448,35,483,7,True,320,False,320,25,345,5,True,-128,False,False,False,True,False,True,False,False,False,False,False,False,True,False,3598
Qwen/Qwen3-8B,math500,44,459,True,True,1984,True,1984,252,2236,31,True,2048,True,2048,264,2312,32,True,64,False,False,False,False,False,False,False,False,False,False,False,True,False,False,5954
Qwen/Qwen3-8B,math500,44,46,True,True,192,False,192,15,207,3,True,192,False,192,15,207,3,True,0,False,False,False,True,False,True,False,False,False,False,False,False,False,True,8117
Qwen/Qwen3-8B,math500,44,460,True,True,192,False,192,15,207,3,True,192,False,192,15,207,3,True,0,False,False,False,True,False,True,False,False,False,False,False,False,False,True,6703
Qwen/Qwen3-8B,math500,44,461,True,True,832,True,832,88,920,13,True,768,True,768,89,857,12,True,-64,False,False,False,False,False,False,False,False,False,False,False,False,True,False,2573
Qwen/Qwen3-8B,math500,44,463,True,True,192,True,192,12,204,3,True,192,True,192,12,204,3,True,0,False,False,False,False,False,False,False,False,False,False,False,False,False,True,1438
Qwen/Qwen3-8B,math500,44,464,True,True,192,False,192,12,204,3,True,192,False,192,12,204,3,True,0,False,False,False,True,False,True,False,False,False,False,False,False,False,True,2929
Qwen/Qwen3-8B,math500,44,466,True,True,256,False,256,22,278,4,True,192,False,192,18,210,3,True,-64,False,False,False,True,False,True,False,False,False,False,False,False,True,False,6800
Qwen/Qwen3-8B,math500,44,467,False,True,192,False,192,15,207,3,True,192,False,192,15,207,3,True,0,False,False,False,False,False,False,False,False,False,False,False,False,False,True,6144
Qwen/Qwen3-8B,math500,44,47,True,True,448,True,448,28,476,7,True,640,True,640,42,682,10,True,192,False,False,False,False,False,False,False,False,False,False,False,True,False,False,2430
Qwen/Qwen3-8B,math500,44,470,True,True,704,False,704,105,809,11,True,192,False,192,28,220,3,True,-512,False,False,False,True,False,True,False,False,False,False,False,False,True,False,8958
Qwen/Qwen3-8B,math500,44,471,True,True,704,True,704,62,766,11,True,384,True,384,30,414,6,True,-320,False,False,False,False,False,False,False,False,False,False,False,False,True,False,1828
Qwen/Qwen3-8B,math500,44,472,True,True,512,True,512,96,608,8,True,384,True,384,66,450,6,True,-128,False,False,False,False,False,False,False,False,False,False,False,False,True,False,1517
Qwen/Qwen3-8B,math500,44,473,False,True,192,False,192,12,204,3,True,192,False,192,12,204,3,True,0,False,False,False,False,False,False,False,False,False,False,False,False,False,True,16384
Qwen/Qwen3-8B,math500,44,476,True,True,192,False,192,18,210,3,True,192,False,192,18,210,3,True,0,False,False,False,True,False,True,False,False,False,False,False,False,False,True,3162
Qwen/Qwen3-8B,math500,44,477,True,True,256,True,256,16,272,4,True,384,True,384,24,408,6,True,128,False,False,False,False,False,False,False,False,False,False,False,True,False,False,4175
Qwen/Qwen3-8B,math500,44,478,True,True,192,False,192,12,204,3,True,192,False,192,12,204,3,True,0,False,False,False,True,False,True,False,False,False,False,False,False,False,True,12276
Qwen/Qwen3-8B,math500,44,48,True,True,192,True,192,30,222,3,True,192,True,192,30,222,3,True,0,False,False,False,False,False,False,False,False,False,False,False,False,False,True,1638
Qwen/Qwen3-8B,math500,44,480,True,True,192,True,192,21,213,3,True,192,True,192,12,204,3,True,0,False,False,False,False,False,False,False,False,False,False,False,False,False,True,4194
Qwen/Qwen3-8B,math500,44,481,True,True,2944,False,2944,1097,4041,46,True,1024,False,1024,380,1404,16,True,-1920,False,False,False,True,False,True,False,False,False,False,False,False,True,False,11295
Qwen/Qwen3-8B,math500,44,482,True,True,320,False,320,27,347,5,True,448,False,448,35,483,7,True,128,False,False,False,True,False,True,False,False,False,False,False,True,False,False,4711
Qwen/Qwen3-8B,math500,44,483,True,True,384,False,384,24,408,6,True,384,False,384,42,426,6,True,0,False,False,False,True,False,True,False,False,False,False,False,False,False,True,3573
Qwen/Qwen3-8B,math500,44,484,True,True,384,False,384,24,408,6,True,192,False,192,12,204,3,True,-192,False,False,False,True,False,True,False,False,False,False,False,False,True,False,6437
Qwen/Qwen3-8B,math500,44,485,True,True,576,False,576,45,621,9,True,1088,False,1088,85,1173,17,True,512,False,False,False,True,False,True,False,False,False,False,False,True,False,False,7187
Qwen/Qwen3-8B,math500,44,486,False,True,192,True,192,18,210,3,True,192,True,192,18,210,3,True,0,False,False,False,False,True,False,True,False,False,False,False,False,False,True,16384
Qwen/Qwen3-8B,math500,44,488,True,True,192,True,192,15,207,3,True,192,True,192,15,207,3,True,0,False,False,False,False,False,False,False,False,False,False,False,False,False,True,1412
Qwen/Qwen3-8B,math500,44,489,True,True,256,False,256,26,282,4,True,512,False,512,60,572,8,True,256,False,False,False,True,False,True,False,False,False,False,False,True,False,False,5688
Qwen/Qwen3-8B,math500,44,49,True,True,768,True,768,60,828,12,True,768,True,768,52,820,12,True,0,False,False,False,False,False,False,False,False,False,False,False,False,False,True,2582
Qwen/Qwen3-8B,math500,44,490,True,True,1536,False,1536,124,1660,24,True,1216,False,1216,85,1301,19,True,-320,False,False,False,True,False,True,False,False,False,False,False,False,True,False,12629
Qwen/Qwen3-8B,math500,44,491,True,True,256,False,256,23,279,4,True,1088,True,1088,162,1250,17,True,832,False,False,False,True,False,False,False,True,False,True,False,True,False,False,4171
Qwen/Qwen3-8B,math500,44,492,True,True,192,False,192,42,234,3,True,192,False,192,42,234,3,True,0,False,False,False,True,False,True,False,False,False,False,False,False,False,True,2286
Qwen/Qwen3-8B,math500,44,493,True,True,192,False,192,15,207,3,True,192,False,192,15,207,3,True,0,False,False,False,True,False,True,False,False,False,False,False,False,False,True,8716
Qwen/Qwen3-8B,math500,44,494,True,True,256,False,256,16,272,4,True,192,False,192,12,204,3,True,-64,False,False,False,True,False,True,False,False,False,False,False,False,True,False,11336
Qwen/Qwen3-8B,math500,44,495,True,True,1088,False,1088,346,1434,17,True,896,False,896,277,1173,14,True,-192,False,False,False,True,False,True,False,False,False,False,False,False,True,False,3481
Qwen/Qwen3-8B,math500,44,497,True,True,320,False,320,25,345,5,True,192,False,192,12,204,3,True,-128,False,False,False,True,False,True,False,False,False,False,False,False,True,False,11668
Qwen/Qwen3-8B,math500,44,498,True,True,192,False,192,12,204,3,True,192,False,192,12,204,3,True,0,False,False,False,True,False,True,False,False,False,False,False,False,False,True,6112
Qwen/Qwen3-8B,math500,44,499,True,True,256,False,256,32,288,4,True,768,False,768,117,885,12,True,512,False,False,False,True,False,True,False,False,False,False,False,True,False,False,5829
Qwen/Qwen3-8B,math500,44,5,True,True,192,True,192,15,207,3,True,192,True,192,15,207,3,True,0,False,False,False,False,False,False,False,False,False,False,False,False,False,True,2952
Qwen/Qwen3-8B,math500,44,50,True,True,192,False,192,18,210,3,True,512,False,512,45,557,8,True,320,False,False,False,True,False,True,False,False,False,False,False,True,False,False,3660
Qwen/Qwen3-8B,math500,44,51,True,True,1088,False,1088,119,1207,17,True,1280,True,1280,214,1494,20,True,192,False,False,False,True,False,False,False,True,False,True,False,True,False,False,4213
Qwen/Qwen3-8B,math500,44,52,True,True,768,True,768,68,836,12,True,704,True,704,63,767,11,True,-64,False,False,False,False,False,False,False,False,False,False,False,False,True,False,2681
Qwen/Qwen3-8B,math500,44,53,True,True,192,True,192,33,225,3,True,192,True,192,33,225,3,True,0,False,False,False,False,False,False,False,False,False,False,False,False,False,True,1938
Qwen/Qwen3-8B,math500,44,55,True,True,448,True,448,28,476,7,True,192,True,192,12,204,3,True,-256,False,False,False,False,False,False,False,False,False,False,False,False,True,False,3472
Qwen/Qwen3-8B,math500,44,56,True,True,192,True,192,15,207,3,True,192,True,192,15,207,3,True,0,False,False,False,False,False,False,False,False,False,False,False,False,False,True,1366
Qwen/Qwen3-8B,math500,44,57,True,True,192,True,192,15,207,3,True,192,True,192,20,212,3,True,0,False,False,False,False,False,False,False,False,False,False,False,False,False,True,1496
Qwen/Qwen3-8B,math500,44,58,True,True,576,True,576,63,639,9,True,192,True,192,21,213,3,True,-384,False,False,False,False,False,False,False,False,False,False,False,False,True,False,2925
Qwen/Qwen3-8B,math500,44,59,True,True,320,False,320,21,341,5,True,576,True,576,39,615,9,True,256,False,False,False,True,False,False,False,True,False,True,False,True,False,False,2160
Qwen/Qwen3-8B,math500,44,60,False,True,256,False,256,48,304,4,True,1792,False,1792,349,2141,28,True,1536,False,False,False,False,False,False,False,False,False,False,False,True,False,False,16384
Qwen/Qwen3-8B,math500,44,61,True,True,448,False,448,31,479,7,True,448,False,448,30,478,7,True,0,False,False,False,True,False,True,False,False,False,False,False,False,False,True,4914
Qwen/Qwen3-8B,math500,44,62,True,True,192,False,192,27,219,3,True,192,False,192,27,219,3,True,0,False,False,False,True,False,True,False,False,False,False,False,False,False,True,5075
Qwen/Qwen3-8B,math500,44,63,True,True,320,False,320,25,345,5,True,640,False,640,50,690,10,True,320,False,False,False,True,False,True,False,False,False,False,False,True,False,False,5591
Qwen/Qwen3-8B,math500,44,64,True,True,192,False,192,12,204,3,True,192,False,192,12,204,3,True,0,False,False,False,True,False,True,False,False,False,False,False,False,False,True,10044
Qwen/Qwen3-8B,math500,44,66,True,False,,True,2553,410,2963,39,True,192,False,192,54,246,3,False,,False,True,False,False,False,True,False,False,True,False,True,False,False,False,2553
Qwen/Qwen3-8B,math500,44,68,True,True,384,False,384,30,414,6,True,1024,False,1024,85,1109,16,True,640,False,False,False,True,False,True,False,False,False,False,False,True,False,False,3949
Qwen/Qwen3-8B,math500,44,69,True,True,256,False,256,16,272,4,True,192,False,192,12,204,3,True,-64,False,False,False,True,False,True,False,False,False,False,False,False,True,False,2912
Qwen/Qwen3-8B,math500,44,7,True,True,192,False,192,17,209,3,True,192,False,192,19,211,3,True,0,False,False,False,True,False,True,False,False,False,False,False,False,False,True,4747
Qwen/Qwen3-8B,math500,44,70,True,True,192,True,192,21,213,3,True,192,True,192,21,213,3,True,0,False,False,False,False,False,False,False,False,False,False,False,False,False,True,2735
Qwen/Qwen3-8B,math500,44,71,False,True,256,False,256,30,286,4,True,256,False,256,30,286,4,True,0,False,False,False,False,False,False,False,False,False,False,False,False,False,True,6599
Qwen/Qwen3-8B,math500,44,72,True,True,192,True,192,12,204,3,True,192,True,192,12,204,3,True,0,False,False,False,False,False,False,False,False,False,False,False,False,False,True,2021
Qwen/Qwen3-8B,math500,44,73,True,True,512,True,512,96,608,8,True,384,True,384,83,467,6,True,-128,False,False,False,False,False,False,False,False,False,False,False,False,True,False,1568
Qwen/Qwen3-8B,math500,44,74,True,True,640,False,640,74,714,10,True,320,False,320,20,340,5,True,-320,False,False,False,True,False,True,False,False,False,False,False,False,True,False,2351
Qwen/Qwen3-8B,math500,44,75,True,True,768,False,768,126,894,12,True,768,False,768,103,871,12,True,0,False,False,False,True,False,True,False,False,False,False,False,False,False,True,3660
Qwen/Qwen3-8B,math500,44,76,True,True,192,True,192,12,204,3,True,192,True,192,12,204,3,True,0,False,False,False,False,False,False,False,False,False,False,False,False,False,True,4368
Qwen/Qwen3-8B,math500,44,78,True,True,512,False,512,64,576,8,True,192,False,192,24,216,3,True,-320,False,False,False,True,False,True,False,False,False,False,False,False,True,False,5604
Qwen/Qwen3-8B,math500,44,79,True,True,192,True,192,12,204,3,True,192,True,192,12,204,3,True,0,False,False,False,False,False,False,False,False,False,False,False,False,False,True,2019
Qwen/Qwen3-8B,math500,44,8,True,True,192,False,192,24,216,3,True,704,True,704,132,836,11,True,512,False,False,False,True,False,False,False,True,False,True,False,True,False,False,1610
Qwen/Qwen3-8B,math500,44,80,True,True,1920,False,1920,176,2096,30,True,640,False,640,58,698,10,True,-1280,False,False,False,True,False,True,False,False,False,False,False,False,True,False,11388
Qwen/Qwen3-8B,math500,44,82,True,True,1024,False,1024,64,1088,16,True,448,False,448,28,476,7,True,-576,False,False,False,True,False,True,False,False,False,False,False,False,True,False,10522
Qwen/Qwen3-8B,math500,44,83,True,True,192,True,192,12,204,3,True,192,True,192,12,204,3,True,0,False,False,False,False,False,False,False,False,False,False,False,False,False,True,5826
Qwen/Qwen3-8B,math500,44,84,True,True,768,False,768,95,863,12,True,192,False,192,12,204,3,True,-576,False,False,False,True,False,True,False,False,False,False,False,False,True,False,3381
Qwen/Qwen3-8B,math500,44,85,True,True,192,False,192,12,204,3,True,192,False,192,12,204,3,True,0,False,False,False,True,False,True,False,False,False,False,False,False,False,True,2118
Qwen/Qwen3-8B,math500,44,86,True,True,192,True,192,18,210,3,True,192,True,192,18,210,3,True,0,False,False,False,False,False,False,False,False,False,False,False,False,False,True,1641
Qwen/Qwen3-8B,math500,44,87,True,True,192,False,192,12,204,3,True,192,False,192,12,204,3,True,0,False,False,False,True,False,True,False,False,False,False,False,False,False,True,2479
Qwen/Qwen3-8B,math500,44,88,True,True,192,True,192,12,204,3,True,192,False,192,12,204,3,True,0,False,False,False,False,False,True,False,False,True,False,True,False,False,True,7506
Qwen/Qwen3-8B,math500,44,89,True,True,192,True,192,15,207,3,True,192,True,192,15,207,3,True,0,False,False,False,False,False,False,False,False,False,False,False,False,False,True,4476
Qwen/Qwen3-8B,math500,44,9,True,True,192,True,192,12,204,3,True,256,True,256,18,274,4,True,64,False,False,False,False,False,False,False,False,False,False,False,True,False,False,14495
Qwen/Qwen3-8B,math500,44,90,True,True,896,True,896,129,1025,14,True,960,False,960,100,1060,15,True,64,False,False,False,False,False,True,False,False,True,False,True,True,False,False,1762
Qwen/Qwen3-8B,math500,44,91,True,True,192,False,192,12,204,3,True,320,True,320,20,340,5,True,128,False,False,False,True,False,False,False,True,False,True,False,True,False,False,5130
Qwen/Qwen3-8B,math500,44,92,True,True,768,True,768,160,928,12,True,768,True,768,165,933,12,True,0,False,False,False,False,False,False,False,False,False,False,False,False,False,True,5143
Qwen/Qwen3-8B,math500,44,93,True,True,192,False,192,15,207,3,True,768,True,768,69,837,12,True,576,False,False,False,True,False,False,False,True,False,True,False,True,False,False,1987
Qwen/Qwen3-8B,math500,44,94,True,True,192,True,192,17,209,3,True,192,True,192,15,207,3,True,0,False,False,False,False,False,False,False,False,False,False,False,False,False,True,14044
Qwen/Qwen3-8B,math500,44,95,True,True,1088,True,1088,101,1189,17,True,640,True,640,86,726,10,True,-448,False,False,False,False,False,False,False,False,False,False,False,False,True,False,2449
Qwen/Qwen3-8B,math500,44,96,False,True,192,False,192,12,204,3,True,256,False,256,22,278,4,True,64,False,False,False,False,False,False,False,False,False,False,False,True,False,False,7328
Qwen/Qwen3-8B,math500,44,97,True,True,384,True,384,27,411,6,True,192,False,192,12,204,3,True,-192,False,False,False,False,False,True,False,False,True,False,True,False,True,False,3028
Qwen/Qwen3-8B,math500,44,98,True,True,192,True,192,24,216,3,True,192,True,192,24,216,3,True,0,False,False,False,False,False,False,False,False,False,False,False,False,False,True,1684
Qwen/Qwen3-8B,math500,44,99,True,True,1024,False,1024,371,1395,16,True,960,False,960,334,1294,15,True,-64,False,False,False,True,False,True,False,False,False,False,False,False,True,False,6278
Qwen/Qwen3-8B,amc23,45,0,True,True,320,True,320,25,345,5,True,320,True,320,25,345,5,True,0,False,False,False,False,False,False,False,False,False,False,False,False,False,True,1836
Qwen/Qwen3-8B,amc23,45,17,True,True,768,True,768,74,842,12,True,768,True,768,58,826,12,True,0,False,False,False,False,False,False,False,False,False,False,False,False,False,True,4548
Qwen/Qwen3-8B,amc23,45,19,True,True,896,True,896,82,978,14,True,256,False,256,21,277,4,True,-640,False,False,False,False,False,True,False,False,True,False,True,False,True,False,2723
Qwen/Qwen3-8B,amc23,45,2,True,True,448,False,448,75,523,7,True,768,True,768,196,964,12,True,320,False,False,False,True,False,False,False,True,False,True,False,True,False,False,2667
Qwen/Qwen3-8B,amc23,45,30,True,True,640,True,640,55,695,10,True,384,False,384,30,414,6,True,-256,False,False,False,False,False,True,False,False,True,False,True,False,True,False,3531
Qwen/Qwen3-8B,amc23,45,31,False,True,576,False,576,39,615,9,True,192,False,192,12,204,3,True,-384,False,False,False,False,False,False,False,False,False,False,False,False,True,False,16384
Qwen/Qwen3-8B,amc23,45,36,True,True,192,True,192,12,204,3,True,192,True,192,12,204,3,True,0,False,False,False,False,False,False,False,False,False,False,False,False,False,True,7386
Qwen/Qwen3-8B,amc23,45,38,True,True,512,False,512,44,556,8,True,640,False,640,51,691,10,True,128,False,False,False,True,False,True,False,False,False,False,False,True,False,False,12721
deepseek-ai/DeepSeek-R1-Distill-Qwen-7B,math500,43,0,True,True,512,True,512,125,637,8,True,192,True,192,39,231,3,True,-320,False,False,False,False,False,False,False,False,False,False,False,False,True,False,1242
deepseek-ai/DeepSeek-R1-Distill-Qwen-7B,math500,43,1,True,True,896,True,896,137,1033,14,True,576,False,576,104,680,9,True,-320,False,False,False,False,False,True,False,False,True,False,True,False,True,False,2088
deepseek-ai/DeepSeek-R1-Distill-Qwen-7B,math500,43,10,True,True,192,True,192,21,213,3,True,512,True,512,61,573,8,True,320,False,False,False,False,False,False,False,False,False,False,False,True,False,False,6122
deepseek-ai/DeepSeek-R1-Distill-Qwen-7B,math500,43,100,False,True,1408,False,1408,119,1527,22,True,1024,False,1024,92,1116,16,True,-384,False,False,False,False,False,False,False,False,False,False,False,False,True,False,15421
deepseek-ai/DeepSeek-R1-Distill-Qwen-7B,math500,43,105,True,True,320,True,320,26,346,5,True,320,True,320,25,345,5,True,0,False,False,False,False,False,False,False,False,False,False,False,False,False,True,1084
deepseek-ai/DeepSeek-R1-Distill-Qwen-7B,math500,43,107,True,True,256,False,256,19,275,4,True,832,True,832,57,889,13,True,576,False,False,False,True,False,False,False,True,False,True,False,True,False,False,1514
deepseek-ai/DeepSeek-R1-Distill-Qwen-7B,math500,43,108,True,True,192,True,192,12,204,3,True,192,True,192,12,204,3,True,0,False,False,False,False,False,False,False,False,False,False,False,False,False,True,3830
deepseek-ai/DeepSeek-R1-Distill-Qwen-7B,math500,43,109,True,True,640,False,640,52,692,10,True,1536,True,1536,130,1666,24,True,896,False,False,False,True,False,False,False,True,False,True,False,True,False,False,3339
deepseek-ai/DeepSeek-R1-Distill-Qwen-7B,math500,43,11,True,True,320,False,320,25,345,5,True,192,False,192,15,207,3,True,-128,False,False,False,True,False,True,False,False,False,False,False,False,True,False,6276
deepseek-ai/DeepSeek-R1-Distill-Qwen-7B,math500,43,110,False,True,4672,False,4672,371,5043,73,True,1472,False,1472,112,1584,23,True,-3200,False,False,False,False,False,False,False,False,False,False,False,False,True,False,16384
deepseek-ai/DeepSeek-R1-Distill-Qwen-7B,math500,43,111,True,True,960,True,960,97,1057,15,True,896,True,896,83,979,14,True,-64,False,False,False,False,False,False,False,False,False,False,False,False,True,False,1542
deepseek-ai/DeepSeek-R1-Distill-Qwen-7B,math500,43,112,True,True,896,True,896,86,982,14,True,896,True,896,65,961,14,True,0,False,False,False,False,False,False,False,False,False,False,False,False,False,True,1369
deepseek-ai/DeepSeek-R1-Distill-Qwen-7B,math500,43,113,True,True,960,True,960,117,1077,15,True,960,True,960,111,1071,15,True,0,False,False,False,False,False,False,False,False,False,False,False,False,False,True,1981
deepseek-ai/DeepSeek-R1-Distill-Qwen-7B,math500,43,116,True,True,192,False,192,12,204,3,True,384,True,384,24,408,6,True,192,False,False,False,True,False,False,False,True,False,True,False,True,False,False,1680
deepseek-ai/DeepSeek-R1-Distill-Qwen-7B,math500,43,117,True,True,192,True,192,12,204,3,True,192,True,192,12,204,3,True,0,False,False,False,False,False,False,False,False,False,False,False,False,False,True,368
deepseek-ai/DeepSeek-R1-Distill-Qwen-7B,math500,43,118,True,True,192,True,192,15,207,3,True,192,True,192,15,207,3,True,0,False,False,False,False,False,False,False,False,False,False,False,False,False,True,2859
deepseek-ai/DeepSeek-R1-Distill-Qwen-7B,math500,43,12,True,True,576,False,576,53,629,9,True,320,True,320,28,348,5,True,-256,False,False,False,True,False,False,False,True,False,True,False,False,True,False,2822
deepseek-ai/DeepSeek-R1-Distill-Qwen-7B,math500,43,120,True,True,448,True,448,28,476,7,True,896,True,896,56,952,14,True,448,False,False,False,False,False,False,False,False,False,False,False,True,False,False,7155
deepseek-ai/DeepSeek-R1-Distill-Qwen-7B,math500,43,122,True,True,192,True,192,12,204,3,True,192,True,192,12,204,3,True,0,False,False,False,False,False,False,False,False,False,False,False,False,False,True,1258
deepseek-ai/DeepSeek-R1-Distill-Qwen-7B,math500,43,124,True,True,192,False,192,12,204,3,True,512,False,512,32,544,8,True,320,False,False,False,True,False,True,False,False,False,False,False,True,False,False,2207
deepseek-ai/DeepSeek-R1-Distill-Qwen-7B,math500,43,126,True,True,192,False,192,12,204,3,True,192,False,192,12,204,3,True,0,False,False,False,True,False,True,False,False,False,False,False,False,False,True,13448
deepseek-ai/DeepSeek-R1-Distill-Qwen-7B,math500,43,127,True,True,512,True,512,71,583,8,True,512,True,512,71,583,8,True,0,False,False,False,False,False,False,False,False,False,False,False,False,False,True,3176
deepseek-ai/DeepSeek-R1-Distill-Qwen-7B,math500,43,128,False,True,512,False,512,42,554,8,True,512,False,512,40,552,8,True,0,False,False,False,False,False,False,False,False,False,False,False,False,False,True,6898
deepseek-ai/DeepSeek-R1-Distill-Qwen-7B,math500,43,129,True,True,384,False,384,28,412,6,True,704,False,704,55,759,11,True,320,False,False,False,True,False,True,False,False,False,False,False,True,False,False,4956
deepseek-ai/DeepSeek-R1-Distill-Qwen-7B,math500,43,130,True,True,192,True,192,15,207,3,True,1088,False,1088,84,1172,17,True,896,False,False,False,False,False,True,False,False,True,False,True,True,False,False,3461
deepseek-ai/DeepSeek-R1-Distill-Qwen-7B,math500,43,132,True,True,320,True,320,20,340,5,True,448,True,448,28,476,7,True,128,False,False,False,False,False,False,False,False,False,False,False,True,False,False,1745
deepseek-ai/DeepSeek-R1-Distill-Qwen-7B,math500,43,133,True,True,192,True,192,18,210,3,True,192,True,192,18,210,3,True,0,False,False,False,False,False,False,False,False,False,False,False,False,False,True,1164
deepseek-ai/DeepSeek-R1-Distill-Qwen-7B,math500,43,135,True,True,256,False,256,16,272,4,True,192,False,192,12,204,3,True,-64,False,False,False,True,False,True,False,False,False,False,False,False,True,False,1762
deepseek-ai/DeepSeek-R1-Distill-Qwen-7B,math500,43,136,True,True,704,True,704,53,757,11,True,704,True,704,51,755,11,True,0,False,False,False,False,False,False,False,False,False,False,False,False,False,True,9126
deepseek-ai/DeepSeek-R1-Distill-Qwen-7B,math500,43,138,False,True,192,False,192,12,204,3,True,320,False,320,20,340,5,True,128,False,False,False,False,False,False,False,False,False,False,False,True,False,False,3020
deepseek-ai/DeepSeek-R1-Distill-Qwen-7B,math500,43,139,True,True,192,True,192,12,204,3,True,256,True,256,26,282,4,True,64,False,False,False,False,False,False,False,False,False,False,False,True,False,False,6216
deepseek-ai/DeepSeek-R1-Distill-Qwen-7B,math500,43,14,True,True,320,False,320,28,348,5,True,192,False,192,12,204,3,True,-128,False,False,False,True,False,True,False,False,False,False,False,False,True,False,1804
deepseek-ai/DeepSeek-R1-Distill-Qwen-7B,math500,43,140,True,True,192,False,192,15,207,3,True,384,False,384,29,413,6,True,192,False,False,False,True,False,True,False,False,False,False,False,True,False,False,2310
deepseek-ai/DeepSeek-R1-Distill-Qwen-7B,math500,43,141,True,True,192,True,192,12,204,3,True,192,True,192,12,204,3,True,0,False,False,False,False,False,False,False,False,False,False,False,False,False,True,1211
deepseek-ai/DeepSeek-R1-Distill-Qwen-7B,math500,43,142,True,True,512,True,512,87,599,8,True,448,True,448,75,523,7,True,-64,False,False,False,False,False,False,False,False,False,False,False,False,True,False,2629
deepseek-ai/DeepSeek-R1-Distill-Qwen-7B,math500,43,144,True,True,704,False,704,105,809,11,True,960,False,960,120,1080,15,True,256,False,False,False,True,False,True,False,False,False,False,False,True,False,False,1443
deepseek-ai/DeepSeek-R1-Distill-Qwen-7B,math500,43,145,True,True,192,False,192,12,204,3,True,192,False,192,12,204,3,True,0,False,False,False,True,False,True,False,False,False,False,False,False,False,True,3752
deepseek-ai/DeepSeek-R1-Distill-Qwen-7B,math500,43,149,True,True,256,False,256,20,276,4,True,640,True,640,50,690,10,True,384,False,False,False,True,False,False,False,True,False,True,False,True,False,False,2127
deepseek-ai/DeepSeek-R1-Distill-Qwen-7B,math500,43,15,True,True,1536,True,1536,304,1840,24,True,1536,True,1536,225,1761,24,True,0,False,False,False,False,False,False,False,False,False,False,False,False,False,True,3737
deepseek-ai/DeepSeek-R1-Distill-Qwen-7B,math500,43,150,True,True,192,False,192,12,204,3,True,1856,True,1856,116,1972,29,True,1664,False,False,False,True,False,False,False,True,False,True,False,True,False,False,4313
deepseek-ai/DeepSeek-R1-Distill-Qwen-7B,math500,43,151,True,True,768,False,768,73,841,12,True,704,False,704,66,770,11,True,-64,False,False,False,True,False,True,False,False,False,False,False,False,True,False,3765
deepseek-ai/DeepSeek-R1-Distill-Qwen-7B,math500,43,152,True,True,768,False,768,60,828,12,True,320,False,320,24,344,5,True,-448,False,False,False,True,False,True,False,False,False,False,False,False,True,False,3823
deepseek-ai/DeepSeek-R1-Distill-Qwen-7B,math500,43,153,True,True,1152,False,1152,121,1273,18,True,960,False,960,131,1091,15,True,-192,False,False,False,True,False,True,False,False,False,False,False,False,True,False,1851
deepseek-ai/DeepSeek-R1-Distill-Qwen-7B,math500,43,154,False,True,3840,False,3840,566,4406,60,True,2112,False,2112,313,2425,33,True,-1728,False,False,False,False,False,False,False,False,False,False,False,False,True,False,16384
deepseek-ai/DeepSeek-R1-Distill-Qwen-7B,math500,43,155,True,True,384,False,384,24,408,6,True,768,False,768,48,816,12,True,384,False,False,False,True,False,True,False,False,False,False,False,True,False,False,1928
deepseek-ai/DeepSeek-R1-Distill-Qwen-7B,math500,43,156,True,True,1344,False,1344,111,1455,21,True,256,False,256,20,276,4,True,-1088,False,False,False,True,False,True,False,False,False,False,False,False,True,False,8277
deepseek-ai/DeepSeek-R1-Distill-Qwen-7B,math500,43,158,True,True,832,True,832,91,923,13,True,832,True,832,90,922,13,True,0,False,False,False,False,False,False,False,False,False,False,False,False,False,True,14119
deepseek-ai/DeepSeek-R1-Distill-Qwen-7B,math500,43,159,True,True,1088,True,1088,111,1199,17,True,896,False,896,88,984,14,True,-192,False,False,False,False,False,True,False,False,True,False,True,False,True,False,2112
deepseek-ai/DeepSeek-R1-Distill-Qwen-7B,math500,43,16,True,True,640,True,640,51,691,10,True,192,True,192,18,210,3,True,-448,False,False,False,False,False,False,False,False,False,False,False,False,True,False,2255
deepseek-ai/DeepSeek-R1-Distill-Qwen-7B,math500,43,161,True,True,192,True,192,12,204,3,True,192,True,192,12,204,3,True,0,False,False,False,False,False,False,False,False,False,False,False,False,False,True,2574
deepseek-ai/DeepSeek-R1-Distill-Qwen-7B,math500,43,163,True,True,1344,True,1344,154,1498,21,True,1024,True,1024,139,1163,16,True,-320,False,False,False,False,False,False,False,False,False,False,False,False,True,False,5093
deepseek-ai/DeepSeek-R1-Distill-Qwen-7B,math500,43,164,True,True,192,False,192,24,216,3,True,832,False,832,100,932,13,True,640,False,False,False,True,False,True,False,False,False,False,False,True,False,False,8657
deepseek-ai/DeepSeek-R1-Distill-Qwen-7B,math500,43,165,True,True,256,False,256,16,272,4,True,384,False,384,24,408,6,True,128,False,False,False,True,False,True,False,False,False,False,False,True,False,False,1716
deepseek-ai/DeepSeek-R1-Distill-Qwen-7B,math500,43,166,True,True,640,False,640,61,701,10,True,512,False,512,43,555,8,True,-128,False,False,False,True,False,True,False,False,False,False,False,False,True,False,8645
deepseek-ai/DeepSeek-R1-Distill-Qwen-7B,math500,43,167,True,True,192,True,192,15,207,3,True,192,True,192,15,207,3,True,0,False,False,False,False,False,False,False,False,False,False,False,False,False,True,989
deepseek-ai/DeepSeek-R1-Distill-Qwen-7B,math500,43,168,True,True,192,False,192,12,204,3,True,1088,False,1088,68,1156,17,True,896,False,False,False,True,False,True,False,False,False,False,False,True,False,False,5540
deepseek-ai/DeepSeek-R1-Distill-Qwen-7B,math500,43,169,True,True,192,True,192,15,207,3,True,192,True,192,15,207,3,True,0,False,False,False,False,False,False,False,False,False,False,False,False,False,True,1597
deepseek-ai/DeepSeek-R1-Distill-Qwen-7B,math500,43,170,True,True,512,False,512,42,554,8,True,512,False,512,43,555,8,True,0,False,False,False,True,False,True,False,False,False,False,False,False,False,True,5615
deepseek-ai/DeepSeek-R1-Distill-Qwen-7B,math500,43,171,True,True,576,False,576,43,619,9,True,960,False,960,60,1020,15,True,384,False,False,False,True,False,True,False,False,False,False,False,True,False,False,1411
deepseek-ai/DeepSeek-R1-Distill-Qwen-7B,math500,43,172,True,True,192,True,192,18,210,3,True,192,True,192,18,210,3,True,0,False,False,False,False,False,False,False,False,False,False,False,False,False,True,2389
deepseek-ai/DeepSeek-R1-Distill-Qwen-7B,math500,43,173,True,True,576,False,576,39,615,9,True,256,False,256,16,272,4,True,-320,False,False,False,True,False,True,False,False,False,False,False,False,True,False,4372
deepseek-ai/DeepSeek-R1-Distill-Qwen-7B,math500,43,174,True,True,192,True,192,12,204,3,True,192,True,192,12,204,3,True,0,False,False,False,False,False,False,False,False,False,False,False,False,False,True,2999
deepseek-ai/DeepSeek-R1-Distill-Qwen-7B,math500,43,175,True,True,704,True,704,44,748,11,True,704,True,704,44,748,11,True,0,False,False,False,False,False,False,False,False,False,False,False,False,False,True,3276
deepseek-ai/DeepSeek-R1-Distill-Qwen-7B,math500,43,176,True,True,896,True,896,155,1051,14,True,896,True,896,156,1052,14,True,0,False,False,False,False,False,False,False,False,False,False,False,False,False,True,5443
deepseek-ai/DeepSeek-R1-Distill-Qwen-7B,math500,43,177,True,True,384,False,384,30,414,6,True,192,False,192,15,207,3,True,-192,False,False,False,True,False,True,False,False,False,False,False,False,True,False,3456
deepseek-ai/DeepSeek-R1-Distill-Qwen-7B,math500,43,178,True,True,320,True,320,25,345,5,True,192,True,192,15,207,3,True,-128,False,False,False,False,False,False,False,False,False,False,False,False,True,False,2112
deepseek-ai/DeepSeek-R1-Distill-Qwen-7B,math500,43,179,True,True,1472,True,1472,474,1946,23,True,1472,True,1472,468,1940,23,True,0,False,False,False,False,False,False,False,False,False,False,False,False,False,True,5044
deepseek-ai/DeepSeek-R1-Distill-Qwen-7B,math500,43,18,False,True,2560,False,2560,203,2763,40,True,2112,False,2112,170,2282,33,True,-448,False,False,False,False,False,False,False,False,False,False,False,False,True,False,15265
deepseek-ai/DeepSeek-R1-Distill-Qwen-7B,math500,43,180,True,True,768,True,768,64,832,12,True,768,True,768,49,817,12,True,0,False,False,False,False,False,False,False,False,False,False,False,False,False,True,3845
deepseek-ai/DeepSeek-R1-Distill-Qwen-7B,math500,43,181,True,True,896,False,896,95,991,14,True,192,False,192,12,204,3,True,-704,False,False,False,True,False,True,False,False,False,False,False,False,True,False,1299
deepseek-ai/DeepSeek-R1-Distill-Qwen-7B,math500,43,183,True,True,1216,True,1216,92,1308,19,True,256,False,256,19,275,4,True,-960,False,False,False,False,False,True,False,False,True,False,True,False,True,False,2202
deepseek-ai/DeepSeek-R1-Distill-Qwen-7B,math500,43,184,True,True,576,False,576,60,636,9,True,512,False,512,37,549,8,True,-64,False,False,False,True,False,True,False,False,False,False,False,False,True,False,8071
deepseek-ai/DeepSeek-R1-Distill-Qwen-7B,math500,43,185,True,True,192,True,192,12,204,3,True,192,True,192,12,204,3,True,0,False,False,False,False,False,False,False,False,False,False,False,False,False,True,776
deepseek-ai/DeepSeek-R1-Distill-Qwen-7B,math500,43,186,True,True,576,True,576,39,615,9,True,576,True,576,40,616,9,True,0,False,False,False,False,False,False,False,False,False,False,False,False,False,True,3038
deepseek-ai/DeepSeek-R1-Distill-Qwen-7B,math500,43,189,True,True,960,False,960,81,1041,15,True,1152,False,1152,91,1243,18,True,192,False,False,False,True,False,True,False,False,False,False,False,True,False,False,3783
deepseek-ai/DeepSeek-R1-Distill-Qwen-7B,math500,43,190,True,True,1216,False,1216,84,1300,19,True,576,False,576,42,618,9,True,-640,False,False,False,True,False,True,False,False,False,False,False,False,True,False,2492
deepseek-ai/DeepSeek-R1-Distill-Qwen-7B,math500,43,192,True,True,448,False,448,35,483,7,True,192,True,192,15,207,3,True,-256,False,False,False,True,False,False,False,True,False,True,False,False,True,False,2081
deepseek-ai/DeepSeek-R1-Distill-Qwen-7B,math500,43,193,True,True,448,True,448,28,476,7,True,448,True,448,28,476,7,True,0,False,False,False,False,False,False,False,False,False,False,False,False,False,True,2114
deepseek-ai/DeepSeek-R1-Distill-Qwen-7B,math500,43,194,True,True,320,False,320,20,340,5,True,192,False,192,12,204,3,True,-128,False,False,False,True,False,True,False,False,False,False,False,False,True,False,13572
deepseek-ai/DeepSeek-R1-Distill-Qwen-7B,math500,43,195,True,True,192,False,192,15,207,3,True,640,True,640,51,691,10,True,448,False,False,False,True,False,False,False,True,False,True,False,True,False,False,3059
deepseek-ai/DeepSeek-R1-Distill-Qwen-7B,math500,43,196,True,True,704,True,704,77,781,11,True,704,True,704,77,781,11,True,0,False,False,False,False,False,False,False,False,False,False,False,False,False,True,2675
deepseek-ai/DeepSeek-R1-Distill-Qwen-7B,math500,43,197,True,True,1216,False,1216,95,1311,19,True,320,False,320,25,345,5,True,-896,False,False,False,True,False,True,False,False,False,False,False,False,True,False,3500
deepseek-ai/DeepSeek-R1-Distill-Qwen-7B,math500,43,2,True,True,960,False,960,78,1038,15,True,448,False,448,28,476,7,True,-512,False,False,False,True,False,True,False,False,False,False,False,False,True,False,2753
deepseek-ai/DeepSeek-R1-Distill-Qwen-7B,math500,43,20,False,True,1856,False,1856,380,2236,29,True,1856,False,1856,318,2174,29,True,0,False,False,False,False,False,False,False,False,False,False,False,False,False,True,7121
deepseek-ai/DeepSeek-R1-Distill-Qwen-7B,math500,43,201,True,True,960,True,960,80,1040,15,True,960,True,960,77,1037,15,True,0,False,False,False,False,False,False,False,False,False,False,False,False,False,True,2218
deepseek-ai/DeepSeek-R1-Distill-Qwen-7B,math500,43,203,True,True,768,False,768,70,838,12,True,768,False,768,73,841,12,True,0,False,False,False,True,False,True,False,False,False,False,False,False,False,True,2744
deepseek-ai/DeepSeek-R1-Distill-Qwen-7B,math500,43,205,True,True,1664,True,1664,642,2306,26,True,1664,True,1664,640,2304,26,True,0,False,False,False,False,False,False,False,False,False,False,False,False,False,True,2731
deepseek-ai/DeepSeek-R1-Distill-Qwen-7B,math500,43,206,True,True,768,True,768,157,925,12,True,768,True,768,137,905,12,True,0,False,False,False,False,False,False,False,False,False,False,False,False,False,True,1472
deepseek-ai/DeepSeek-R1-Distill-Qwen-7B,math500,43,207,True,True,192,True,192,15,207,3,True,192,True,192,15,207,3,True,0,False,False,False,False,False,False,False,False,False,False,False,False,False,True,534
deepseek-ai/DeepSeek-R1-Distill-Qwen-7B,math500,43,208,True,True,192,False,192,12,204,3,True,256,False,256,16,272,4,True,64,False,False,False,True,False,True,False,False,False,False,False,True,False,False,2679
deepseek-ai/DeepSeek-R1-Distill-Qwen-7B,math500,43,209,True,True,384,False,384,29,413,6,True,704,False,704,51,755,11,True,320,False,False,False,True,False,True,False,False,False,False,False,True,False,False,6418
deepseek-ai/DeepSeek-R1-Distill-Qwen-7B,math500,43,21,True,True,1472,False,1472,226,1698,23,True,2240,True,2240,382,2622,35,True,768,False,False,False,True,False,False,False,True,False,True,False,True,False,False,7832
deepseek-ai/DeepSeek-R1-Distill-Qwen-7B,math500,43,210,True,True,192,False,192,12,204,3,True,256,False,256,16,272,4,True,64,False,False,False,True,False,True,False,False,False,False,False,True,False,False,2914
deepseek-ai/DeepSeek-R1-Distill-Qwen-7B,math500,43,211,True,True,512,True,512,38,550,8,True,512,True,512,38,550,8,True,0,False,False,False,False,False,False,False,False,False,False,False,False,False,True,2040
deepseek-ai/DeepSeek-R1-Distill-Qwen-7B,math500,43,212,True,True,384,False,384,30,414,6,True,192,False,192,15,207,3,True,-192,False,False,False,True,False,True,False,False,False,False,False,False,True,False,1154
deepseek-ai/DeepSeek-R1-Distill-Qwen-7B,math500,43,213,True,True,192,False,192,12,204,3,True,192,False,192,12,204,3,True,0,False,False,False,True,False,True,False,False,False,False,False,False,False,True,8995
deepseek-ai/DeepSeek-R1-Distill-Qwen-7B,math500,43,214,False,True,192,False,192,18,210,3,True,192,False,192,18,210,3,True,0,False,False,False,False,False,False,False,False,False,False,False,False,False,True,2954
deepseek-ai/DeepSeek-R1-Distill-Qwen-7B,math500,43,215,True,True,192,False,192,12,204,3,True,192,False,192,12,204,3,True,0,False,False,False,True,False,True,False,False,False,False,False,False,False,True,2279
deepseek-ai/DeepSeek-R1-Distill-Qwen-7B,math500,43,216,True,False,,True,501,39,540,7,True,384,False,384,26,410,6,False,,False,True,False,False,False,True,False,False,True,False,True,False,False,False,501
deepseek-ai/DeepSeek-R1-Distill-Qwen-7B,math500,43,218,True,True,192,True,192,22,214,3,True,192,True,192,22,214,3,True,0,False,False,False,False,False,False,False,False,False,False,False,False,False,True,1401
deepseek-ai/DeepSeek-R1-Distill-Qwen-7B,math500,43,219,False,True,320,True,320,31,351,5,True,448,True,448,42,490,7,True,128,False,False,False,False,True,False,True,False,False,False,False,True,False,False,11198
deepseek-ai/DeepSeek-R1-Distill-Qwen-7B,math500,43,22,True,True,192,False,192,12,204,3,True,192,False,192,12,204,3,True,0,False,False,False,True,False,True,False,False,False,False,False,False,False,True,1636
deepseek-ai/DeepSeek-R1-Distill-Qwen-7B,math500,43,222,True,True,192,False,192,12,204,3,True,192,False,192,15,207,3,True,0,False,False,False,True,False,True,False,False,False,False,False,False,False,True,6632
deepseek-ai/DeepSeek-R1-Distill-Qwen-7B,math500,43,225,True,True,896,True,896,94,990,14,True,896,True,896,70,966,14,True,0,False,False,False,False,False,False,False,False,False,False,False,False,False,True,2234
deepseek-ai/DeepSeek-R1-Distill-Qwen-7B,math500,43,226,True,True,192,True,192,12,204,3,True,192,True,192,12,204,3,True,0,False,False,False,False,False,False,False,False,False,False,False,False,False,True,2628
deepseek-ai/DeepSeek-R1-Distill-Qwen-7B,math500,43,228,True,True,2048,True,2048,255,2303,32,True,192,False,192,21,213,3,True,-1856,False,False,False,False,False,True,False,False,True,False,True,False,True,False,3633
deepseek-ai/DeepSeek-R1-Distill-Qwen-7B,math500,43,229,True,True,192,True,192,15,207,3,True,192,True,192,15,207,3,True,0,False,False,False,False,False,False,False,False,False,False,False,False,False,True,2008
deepseek-ai/DeepSeek-R1-Distill-Qwen-7B,math500,43,23,True,True,384,False,384,24,408,6,True,192,False,192,12,204,3,True,-192,False,False,False,True,False,True,False,False,False,False,False,False,True,False,2404
deepseek-ai/DeepSeek-R1-Distill-Qwen-7B,math500,43,231,True,True,256,True,256,19,275,4,True,448,True,448,33,481,7,True,192,False,False,False,False,False,False,False,False,False,False,False,True,False,False,2371
deepseek-ai/DeepSeek-R1-Distill-Qwen-7B,math500,43,233,True,True,192,False,192,15,207,3,True,320,False,320,25,345,5,True,128,False,False,False,True,False,True,False,False,False,False,False,True,False,False,1482
deepseek-ai/DeepSeek-R1-Distill-Qwen-7B,math500,43,234,True,True,1024,False,1024,93,1117,16,True,1024,False,1024,95,1119,16,True,0,False,False,False,True,False,True,False,False,False,False,False,False,False,True,2881
deepseek-ai/DeepSeek-R1-Distill-Qwen-7B,math500,43,235,True,True,192,False,192,12,204,3,True,256,False,256,16,272,4,True,64,False,False,False,True,False,True,False,False,False,False,False,True,False,False,2199
deepseek-ai/DeepSeek-R1-Distill-Qwen-7B,math500,43,236,False,True,320,False,320,24,344,5,True,768,False,768,52,820,12,True,448,False,False,False,False,False,False,False,False,False,False,False,True,False,False,16384
deepseek-ai/DeepSeek-R1-Distill-Qwen-7B,math500,43,237,True,True,640,True,640,50,690,10,True,192,False,192,15,207,3,True,-448,False,False,False,False,False,True,False,False,True,False,True,False,True,False,2113
deepseek-ai/DeepSeek-R1-Distill-Qwen-7B,math500,43,238,True,True,256,False,256,16,272,4,True,256,False,256,16,272,4,True,0,False,False,False,True,False,True,False,False,False,False,False,False,False,True,1839
deepseek-ai/DeepSeek-R1-Distill-Qwen-7B,math500,43,24,True,True,640,True,640,47,687,10,True,320,False,320,21,341,5,True,-320,False,False,False,False,False,True,False,False,True,False,True,False,True,False,2398
deepseek-ai/DeepSeek-R1-Distill-Qwen-7B,math500,43,240,False,True,1792,False,1792,141,1933,28,True,896,False,896,72,968,14,True,-896,False,False,False,False,False,False,False,False,False,False,False,False,True,False,6139
deepseek-ai/DeepSeek-R1-Distill-Qwen-7B,math500,43,241,True,True,1600,True,1600,130,1730,25,True,768,False,768,60,828,12,True,-832,False,False,False,False,False,True,False,False,True,False,True,False,True,False,2908
deepseek-ai/DeepSeek-R1-Distill-Qwen-7B,math500,43,242,True,True,1536,True,1536,195,1731,24,True,1280,True,1280,160,1440,20,True,-256,False,False,False,False,False,False,False,False,False,False,False,False,True,False,7262
deepseek-ai/DeepSeek-R1-Distill-Qwen-7B,math500,43,243,True,True,192,True,192,12,204,3,True,192,True,192,12,204,3,True,0,False,False,False,False,False,False,False,False,False,False,False,False,False,True,1171
deepseek-ai/DeepSeek-R1-Distill-Qwen-7B,math500,43,244,True,True,384,False,384,24,408,6,True,192,True,192,12,204,3,True,-192,False,False,False,True,False,False,False,True,False,True,False,False,True,False,2941
deepseek-ai/DeepSeek-R1-Distill-Qwen-7B,math500,43,245,True,True,2048,True,2048,232,2280,32,True,1920,True,1920,226,2146,30,True,-128,False,False,False,False,False,False,False,False,False,False,False,False,True,False,3929
deepseek-ai/DeepSeek-R1-Distill-Qwen-7B,math500,43,247,True,True,1600,False,1600,100,1700,25,True,768,False,768,48,816,12,True,-832,False,False,False,True,False,True,False,False,False,False,False,False,True,False,2297
deepseek-ai/DeepSeek-R1-Distill-Qwen-7B,math500,43,248,True,True,384,False,384,112,496,6,True,704,False,704,154,858,11,True,320,False,False,False,True,False,True,False,False,False,False,False,True,False,False,4515
deepseek-ai/DeepSeek-R1-Distill-Qwen-7B,math500,43,249,True,True,320,False,320,24,344,5,True,320,False,320,21,341,5,True,0,False,False,False,True,False,True,False,False,False,False,False,False,False,True,4319
deepseek-ai/DeepSeek-R1-Distill-Qwen-7B,math500,43,25,False,True,448,False,448,119,567,7,True,640,False,640,133,773,10,True,192,False,False,False,False,False,False,False,False,False,False,False,True,False,False,4866
deepseek-ai/DeepSeek-R1-Distill-Qwen-7B,math500,43,250,True,True,512,False,512,39,551,8,True,448,False,448,35,483,7,True,-64,False,False,False,True,False,True,False,False,False,False,False,False,True,False,2037
deepseek-ai/DeepSeek-R1-Distill-Qwen-7B,math500,43,251,True,True,320,True,320,34,354,5,True,256,True,256,25,281,4,True,-64,False,False,False,False,False,False,False,False,False,False,False,False,True,False,3916
deepseek-ai/DeepSeek-R1-Distill-Qwen-7B,math500,43,252,True,True,1088,True,1088,99,1187,17,True,768,False,768,60,828,12,True,-320,False,False,False,False,False,True,False,False,True,False,True,False,True,False,2859
deepseek-ai/DeepSeek-R1-Distill-Qwen-7B,math500,43,253,True,True,704,False,704,49,753,11,True,448,False,448,28,476,7,True,-256,False,False,False,True,False,True,False,False,False,False,False,False,True,False,1147
deepseek-ai/DeepSeek-R1-Distill-Qwen-7B,math500,43,254,True,True,192,True,192,15,207,3,True,192,True,192,15,207,3,True,0,False,False,False,False,False,False,False,False,False,False,False,False,False,True,2813
deepseek-ai/DeepSeek-R1-Distill-Qwen-7B,math500,43,257,False,True,384,False,384,37,421,6,True,192,False,192,18,210,3,True,-192,False,False,False,False,False,False,False,False,False,False,False,False,True,False,1443
deepseek-ai/DeepSeek-R1-Distill-Qwen-7B,math500,43,258,True,True,256,False,256,20,276,4,True,640,True,640,50,690,10,True,384,False,False,False,True,False,False,False,True,False,True,False,True,False,False,1266
deepseek-ai/DeepSeek-R1-Distill-Qwen-7B,math500,43,259,True,True,192,True,192,15,207,3,True,192,True,192,15,207,3,True,0,False,False,False,False,False,False,False,False,False,False,False,False,False,True,808
deepseek-ai/DeepSeek-R1-Distill-Qwen-7B,math500,43,26,True,True,1088,True,1088,100,1188,17,True,640,False,640,60,700,10,True,-448,False,False,False,False,False,True,False,False,True,False,True,False,True,False,6596
deepseek-ai/DeepSeek-R1-Distill-Qwen-7B,math500,43,260,True,True,960,True,960,94,1054,15,True,192,False,192,15,207,3,True,-768,False,False,False,False,False,True,False,False,True,False,True,False,True,False,1722
deepseek-ai/DeepSeek-R1-Distill-Qwen-7B,math500,43,261,True,True,192,True,192,15,207,3,True,192,True,192,15,207,3,True,0,False,False,False,False,False,False,False,False,False,False,False,False,False,True,3534
deepseek-ai/DeepSeek-R1-Distill-Qwen-7B,math500,43,262,True,True,192,True,192,12,204,3,True,192,True,192,12,204,3,True,0,False,False,False,False,False,False,False,False,False,False,False,False,False,True,477
deepseek-ai/DeepSeek-R1-Distill-Qwen-7B,math500,43,263,True,True,512,True,512,39,551,8,True,192,False,192,12,204,3,True,-320,False,False,False,False,False,True,False,False,True,False,True,False,True,False,908
deepseek-ai/DeepSeek-R1-Distill-Qwen-7B,math500,43,264,False,True,832,False,832,138,970,13,True,2112,False,2112,298,2410,33,True,1280,False,False,False,False,False,False,False,False,False,False,False,True,False,False,16384
deepseek-ai/DeepSeek-R1-Distill-Qwen-7B,math500,43,265,True,True,192,True,192,21,213,3,True,192,True,192,21,213,3,True,0,False,False,False,False,False,False,False,False,False,False,False,False,False,True,2892
deepseek-ai/DeepSeek-R1-Distill-Qwen-7B,math500,43,266,True,True,320,False,320,26,346,5,True,384,False,384,27,411,6,True,64,False,False,False,True,False,True,False,False,False,False,False,True,False,False,2258
deepseek-ai/DeepSeek-R1-Distill-Qwen-7B,math500,43,267,True,True,704,True,704,65,769,11,True,384,True,384,34,418,6,True,-320,False,False,False,False,False,False,False,False,False,False,False,False,True,False,4149
deepseek-ai/DeepSeek-R1-Distill-Qwen-7B,math500,43,268,True,True,192,True,192,12,204,3,True,192,True,192,12,204,3,True,0,False,False,False,False,False,False,False,False,False,False,False,False,False,True,2381
deepseek-ai/DeepSeek-R1-Distill-Qwen-7B,math500,43,269,True,True,192,True,192,12,204,3,True,192,True,192,12,204,3,True,0,False,False,False,False,False,False,False,False,False,False,False,False,False,True,1085
deepseek-ai/DeepSeek-R1-Distill-Qwen-7B,math500,43,27,True,True,960,True,960,78,1038,15,True,896,True,896,75,971,14,True,-64,False,False,False,False,False,False,False,False,False,False,False,False,True,False,1560
deepseek-ai/DeepSeek-R1-Distill-Qwen-7B,math500,43,270,True,True,448,True,448,34,482,7,True,448,True,448,33,481,7,True,0,False,False,False,False,False,False,False,False,False,False,False,False,False,True,2264
deepseek-ai/DeepSeek-R1-Distill-Qwen-7B,math500,43,271,True,True,384,False,384,26,410,6,True,384,False,384,24,408,6,True,0,False,False,False,True,False,True,False,False,False,False,False,False,False,True,2113
deepseek-ai/DeepSeek-R1-Distill-Qwen-7B,math500,43,273,True,True,640,True,640,63,703,10,True,640,True,640,64,704,10,True,0,False,False,False,False,False,False,False,False,False,False,False,False,False,True,2175
deepseek-ai/DeepSeek-R1-Distill-Qwen-7B,math500,43,274,True,True,512,False,512,44,556,8,True,192,False,192,15,207,3,True,-320,False,False,False,True,False,True,False,False,False,False,False,False,True,False,3797
deepseek-ai/DeepSeek-R1-Distill-Qwen-7B,math500,43,275,True,True,512,True,512,40,552,8,True,512,True,512,32,544,8,True,0,False,False,False,False,False,False,False,False,False,False,False,False,False,True,1957
deepseek-ai/DeepSeek-R1-Distill-Qwen-7B,math500,43,277,True,True,512,False,512,51,563,8,True,512,False,512,49,561,8,True,0,False,False,False,True,False,True,False,False,False,False,False,False,False,True,1766
deepseek-ai/DeepSeek-R1-Distill-Qwen-7B,math500,43,278,True,True,192,True,192,18,210,3,True,192,True,192,18,210,3,True,0,False,False,False,False,False,False,False,False,False,False,False,False,False,True,1894
deepseek-ai/DeepSeek-R1-Distill-Qwen-7B,math500,43,279,True,True,768,False,768,84,852,12,True,576,False,576,63,639,9,True,-192,False,False,False,True,False,True,False,False,False,False,False,False,True,False,2563
deepseek-ai/DeepSeek-R1-Distill-Qwen-7B,math500,43,28,True,True,576,True,576,75,651,9,True,576,True,576,75,651,9,True,0,False,False,False,False,False,False,False,False,False,False,False,False,False,True,2307
deepseek-ai/DeepSeek-R1-Distill-Qwen-7B,math500,43,280,True,True,192,False,192,12,204,3,True,192,False,192,12,204,3,True,0,False,False,False,True,False,True,False,False,False,False,False,False,False,True,2000
deepseek-ai/DeepSeek-R1-Distill-Qwen-7B,math500,43,281,True,True,256,True,256,29,285,4,True,192,True,192,21,213,3,True,-64,False,False,False,False,False,False,False,False,False,False,False,False,True,False,3968
deepseek-ai/DeepSeek-R1-Distill-Qwen-7B,math500,43,282,True,True,896,True,896,75,971,14,True,256,False,256,20,276,4,True,-640,False,False,False,False,False,True,False,False,True,False,True,False,True,False,1738
deepseek-ai/DeepSeek-R1-Distill-Qwen-7B,math500,43,283,True,True,640,True,640,43,683,10,True,640,True,640,43,683,10,True,0,False,False,False,False,False,False,False,False,False,False,False,False,False,True,2207
deepseek-ai/DeepSeek-R1-Distill-Qwen-7B,math500,43,284,False,True,256,False,256,26,282,4,True,256,False,256,16,272,4,True,0,False,False,False,False,False,False,False,False,False,False,False,False,False,True,2801
deepseek-ai/DeepSeek-R1-Distill-Qwen-7B,math500,43,285,True,True,2880,False,2880,246,3126,45,True,3264,True,3264,282,3546,51,True,384,False,False,False,True,False,False,False,True,False,True,False,True,False,False,5474
deepseek-ai/DeepSeek-R1-Distill-Qwen-7B,math500,43,286,True,True,4160,False,4160,295,4455,65,True,384,False,384,28,412,6,True,-3776,False,False,False,True,False,True,False,False,False,False,False,False,True,False,5541
deepseek-ai/DeepSeek-R1-Distill-Qwen-7B,math500,43,287,True,True,1088,True,1088,90,1178,17,True,1024,True,1024,85,1109,16,True,-64,False,False,False,False,False,False,False,False,False,False,False,False,True,False,4385
deepseek-ai/DeepSeek-R1-Distill-Qwen-7B,math500,43,288,True,True,2176,True,2176,157,2333,34,True,256,False,256,17,273,4,True,-1920,False,False,False,False,False,True,False,False,True,False,True,False,True,False,5459
deepseek-ai/DeepSeek-R1-Distill-Qwen-7B,math500,43,289,True,True,192,True,192,15,207,3,True,192,True,192,15,207,3,True,0,False,False,False,False,False,False,False,False,False,False,False,False,False,True,4313
deepseek-ai/DeepSeek-R1-Distill-Qwen-7B,math500,43,29,True,True,768,True,768,69,837,12,True,768,True,768,69,837,12,True,0,False,False,False,False,False,False,False,False,False,False,False,False,False,True,1473
deepseek-ai/DeepSeek-R1-Distill-Qwen-7B,math500,43,290,True,True,576,True,576,48,624,9,True,640,True,640,40,680,10,True,64,False,False,False,False,False,False,False,False,False,False,False,True,False,False,1960
deepseek-ai/DeepSeek-R1-Distill-Qwen-7B,math500,43,291,True,True,320,False,320,25,345,5,True,192,False,192,15,207,3,True,-128,False,False,False,True,False,True,False,False,False,False,False,False,True,False,2190
deepseek-ai/DeepSeek-R1-Distill-Qwen-7B,math500,43,293,True,True,640,False,640,163,803,10,True,256,False,256,60,316,4,True,-384,False,False,False,True,False,True,False,False,False,False,False,False,True,False,1829
deepseek-ai/DeepSeek-R1-Distill-Qwen-7B,math500,43,294,True,True,768,False,768,64,832,12,True,320,False,320,26,346,5,True,-448,False,False,False,True,False,True,False,False,False,False,False,False,True,False,4560
deepseek-ai/DeepSeek-R1-Distill-Qwen-7B,math500,43,295,True,True,4160,False,4160,373,4533,65,True,1152,False,1152,89,1241,18,True,-3008,False,False,False,True,False,True,False,False,False,False,False,False,True,False,6272
deepseek-ai/DeepSeek-R1-Distill-Qwen-7B,math500,43,296,True,True,512,True,512,32,544,8,True,512,True,512,32,544,8,True,0,False,False,False,False,False,False,False,False,False,False,False,False,False,True,9104
deepseek-ai/DeepSeek-R1-Distill-Qwen-7B,math500,43,297,True,True,320,False,320,30,350,5,True,320,False,320,30,350,5,True,0,False,False,False,True,False,True,False,False,False,False,False,False,False,True,1416
deepseek-ai/DeepSeek-R1-Distill-Qwen-7B,math500,43,298,True,True,960,True,960,400,1360,15,True,960,True,960,411,1371,15,True,0,False,False,False,False,False,False,False,False,False,False,False,False,False,True,2363
deepseek-ai/DeepSeek-R1-Distill-Qwen-7B,math500,43,299,True,True,768,True,768,61,829,12,True,192,False,192,15,207,3,True,-576,False,False,False,False,False,True,False,False,True,False,True,False,True,False,1882
deepseek-ai/DeepSeek-R1-Distill-Qwen-7B,math500,43,3,True,True,192,True,192,12,204,3,True,192,True,192,12,204,3,True,0,False,False,False,False,False,False,False,False,False,False,False,False,False,True,1770
deepseek-ai/DeepSeek-R1-Distill-Qwen-7B,math500,43,30,True,True,192,False,192,21,213,3,True,192,False,192,21,213,3,True,0,False,False,False,True,False,True,False,False,False,False,False,False,False,True,2078
deepseek-ai/DeepSeek-R1-Distill-Qwen-7B,math500,43,300,True,True,384,True,384,30,414,6,True,384,True,384,30,414,6,True,0,False,False,False,False,False,False,False,False,False,False,False,False,False,True,1508
deepseek-ai/DeepSeek-R1-Distill-Qwen-7B,math500,43,304,True,True,704,True,704,47,751,11,True,896,True,896,58,954,14,True,192,False,False,False,False,False,False,False,False,False,False,False,True,False,False,2581
deepseek-ai/DeepSeek-R1-Distill-Qwen-7B,math500,43,306,False,True,640,True,640,41,681,10,True,192,True,192,12,204,3,True,-448,False,False,False,False,True,False,True,False,False,False,False,False,True,False,6751
deepseek-ai/DeepSeek-R1-Distill-Qwen-7B,math500,43,308,True,True,192,False,192,33,225,3,True,896,False,896,132,1028,14,True,704,False,False,False,True,False,True,False,False,False,False,False,True,False,False,16384
deepseek-ai/DeepSeek-R1-Distill-Qwen-7B,math500,43,309,True,True,512,False,512,40,552,8,True,832,False,832,65,897,13,True,320,False,False,False,True,False,True,False,False,False,False,False,True,False,False,4962
deepseek-ai/DeepSeek-R1-Distill-Qwen-7B,math500,43,31,True,True,192,True,192,27,219,3,True,192,True,192,27,219,3,True,0,False,False,False,False,False,False,False,False,False,False,False,False,False,True,779
deepseek-ai/DeepSeek-R1-Distill-Qwen-7B,math500,43,310,True,True,576,True,576,41,617,9,True,576,True,576,42,618,9,True,0,False,False,False,False,False,False,False,False,False,False,False,False,False,True,2324
deepseek-ai/DeepSeek-R1-Distill-Qwen-7B,math500,43,311,True,True,192,False,192,12,204,3,True,256,False,256,16,272,4,True,64,False,False,False,True,False,True,False,False,False,False,False,True,False,False,2681
deepseek-ai/DeepSeek-R1-Distill-Qwen-7B,math500,43,312,True,True,192,True,192,30,222,3,True,256,True,256,40,296,4,True,64,False,False,False,False,False,False,False,False,False,False,False,True,False,False,1036
deepseek-ai/DeepSeek-R1-Distill-Qwen-7B,math500,43,314,False,False,,False,431,47,478,6,False,,False,431,47,478,6,False,,False,False,True,False,False,False,False,False,False,False,False,False,False,False,431
deepseek-ai/DeepSeek-R1-Distill-Qwen-7B,math500,43,315,True,True,576,False,576,45,621,9,True,256,False,256,20,276,4,True,-320,False,False,False,True,False,True,False,False,False,False,False,False,True,False,1876
deepseek-ai/DeepSeek-R1-Distill-Qwen-7B,math500,43,316,True,True,1344,True,1344,94,1438,21,True,832,False,832,56,888,13,True,-512,False,False,False,False,False,True,False,False,True,False,True,False,True,False,1816
deepseek-ai/DeepSeek-R1-Distill-Qwen-7B,math500,43,318,False,True,640,True,640,167,807,10,True,640,True,640,170,810,10,True,0,False,False,False,False,True,False,True,False,False,False,False,False,False,True,1504
deepseek-ai/DeepSeek-R1-Distill-Qwen-7B,math500,43,319,True,True,704,True,704,77,781,11,True,192,False,192,15,207,3,True,-512,False,False,False,False,False,True,False,False,True,False,True,False,True,False,1914
deepseek-ai/DeepSeek-R1-Distill-Qwen-7B,math500,43,32,True,True,576,True,576,55,631,9,True,640,True,640,62,702,10,True,64,False,False,False,False,False,False,False,False,False,False,False,True,False,False,8666
deepseek-ai/DeepSeek-R1-Distill-Qwen-7B,math500,43,320,True,True,192,False,192,12,204,3,True,192,False,192,12,204,3,True,0,False,False,False,True,False,True,False,False,False,False,False,False,False,True,1968
deepseek-ai/DeepSeek-R1-Distill-Qwen-7B,math500,43,321,True,True,512,False,512,45,557,8,True,768,True,768,66,834,12,True,256,False,False,False,True,False,False,False,True,False,True,False,True,False,False,1773
deepseek-ai/DeepSeek-R1-Distill-Qwen-7B,math500,43,322,True,True,448,False,448,28,476,7,True,384,False,384,24,408,6,True,-64,False,False,False,True,False,True,False,False,False,False,False,False,True,False,997
deepseek-ai/DeepSeek-R1-Distill-Qwen-7B,math500,43,323,True,True,512,False,512,45,557,8,True,384,False,384,41,425,6,True,-128,False,False,False,True,False,True,False,False,False,False,False,False,True,False,6324
deepseek-ai/DeepSeek-R1-Distill-Qwen-7B,math500,43,324,False,True,192,False,192,15,207,3,True,192,False,192,15,207,3,True,0,False,False,False,False,False,False,False,False,False,False,False,False,False,True,16384
deepseek-ai/DeepSeek-R1-Distill-Qwen-7B,math500,43,325,True,True,320,False,320,24,344,5,True,448,False,448,31,479,7,True,128,False,False,False,True,False,True,False,False,False,False,False,True,False,False,1387
deepseek-ai/DeepSeek-R1-Distill-Qwen-7B,math500,43,326,False,True,384,False,384,39,423,6,True,512,False,512,51,563,8,True,128,False,False,False,False,False,False,False,False,False,False,False,True,False,False,3212
deepseek-ai/DeepSeek-R1-Distill-Qwen-7B,math500,43,327,True,True,4800,True,4800,437,5237,75,True,4800,True,4800,375,5175,75,True,0,False,False,False,False,False,False,False,False,False,False,False,False,False,True,6742
deepseek-ai/DeepSeek-R1-Distill-Qwen-7B,math500,43,328,True,True,384,False,384,25,409,6,True,832,False,832,53,885,13,True,448,False,False,False,True,False,True,False,False,False,False,False,True,False,False,7756
deepseek-ai/DeepSeek-R1-Distill-Qwen-7B,math500,43,33,True,True,1088,False,1088,118,1206,17,True,1536,False,1536,220,1756,24,True,448,False,False,False,True,False,True,False,False,False,False,False,True,False,False,2972
deepseek-ai/DeepSeek-R1-Distill-Qwen-7B,math500,43,331,True,True,192,False,192,12,204,3,True,192,False,192,12,204,3,True,0,False,False,False,True,False,True,False,False,False,False,False,False,False,True,2702
deepseek-ai/DeepSeek-R1-Distill-Qwen-7B,math500,43,332,True,True,384,False,384,24,408,6,True,192,True,192,12,204,3,True,-192,False,False,False,True,False,False,False,True,False,True,False,False,True,False,5691
deepseek-ai/DeepSeek-R1-Distill-Qwen-7B,math500,43,333,True,True,576,False,576,36,612,9,True,320,False,320,20,340,5,True,-256,False,False,False,True,False,True,False,False,False,False,False,False,True,False,6353
deepseek-ai/DeepSeek-R1-Distill-Qwen-7B,math500,43,334,True,False,,True,723,89,812,11,True,512,False,512,56,568,8,False,,False,True,False,False,False,True,False,False,True,False,True,False,False,False,723
deepseek-ai/DeepSeek-R1-Distill-Qwen-7B,math500,43,335,True,True,1472,True,1472,92,1564,23,True,896,False,896,56,952,14,True,-576,False,False,False,False,False,True,False,False,True,False,True,False,True,False,3499
deepseek-ai/DeepSeek-R1-Distill-Qwen-7B,math500,43,336,True,True,512,True,512,64,576,8,True,448,True,448,56,504,7,True,-64,False,False,False,False,False,False,False,False,False,False,False,False,True,False,2132
deepseek-ai/DeepSeek-R1-Distill-Qwen-7B,math500,43,338,True,True,1216,True,1216,166,1382,19,True,640,False,640,90,730,10,True,-576,False,False,False,False,False,True,False,False,True,False,True,False,True,False,3252
deepseek-ai/DeepSeek-R1-Distill-Qwen-7B,math500,43,339,True,True,576,True,576,45,621,9,True,256,False,256,20,276,4,True,-320,False,False,False,False,False,True,False,False,True,False,True,False,True,False,1425
deepseek-ai/DeepSeek-R1-Distill-Qwen-7B,math500,43,340,False,True,1920,False,1920,213,2133,30,True,384,False,384,43,427,6,True,-1536,False,False,False,False,False,False,False,False,False,False,False,False,True,False,16384
deepseek-ai/DeepSeek-R1-Distill-Qwen-7B,math500,43,341,True,True,320,False,320,20,340,5,True,320,False,320,20,340,5,True,0,False,False,False,True,False,True,False,False,False,False,False,False,False,True,2384
deepseek-ai/DeepSeek-R1-Distill-Qwen-7B,math500,43,342,True,True,384,True,384,24,408,6,True,192,True,192,12,204,3,True,-192,False,False,False,False,False,False,False,False,False,False,False,False,True,False,1922
deepseek-ai/DeepSeek-R1-Distill-Qwen-7B,math500,43,343,True,True,192,False,192,24,216,3,True,640,True,640,85,725,10,True,448,False,False,False,True,False,False,False,True,False,True,False,True,False,False,1508
deepseek-ai/DeepSeek-R1-Distill-Qwen-7B,math500,43,344,True,True,576,False,576,36,612,9,True,192,False,192,12,204,3,True,-384,False,False,False,True,False,True,False,False,False,False,False,False,True,False,1806
deepseek-ai/DeepSeek-R1-Distill-Qwen-7B,math500,43,345,True,True,448,True,448,28,476,7,True,192,False,192,12,204,3,True,-256,False,False,False,False,False,True,False,False,True,False,True,False,True,False,1120
deepseek-ai/DeepSeek-R1-Distill-Qwen-7B,math500,43,346,True,True,576,False,576,48,624,9,True,576,False,576,49,625,9,True,0,False,False,False,True,False,True,False,False,False,False,False,False,False,True,2044
deepseek-ai/DeepSeek-R1-Distill-Qwen-7B,math500,43,347,True,True,768,True,768,211,979,12,True,768,True,768,208,976,12,True,0,False,False,False,False,False,False,False,False,False,False,False,False,False,True,3413
deepseek-ai/DeepSeek-R1-Distill-Qwen-7B,math500,43,348,True,True,192,True,192,21,213,3,True,192,True,192,21,213,3,True,0,False,False,False,False,False,False,False,False,False,False,False,False,False,True,2331
deepseek-ai/DeepSeek-R1-Distill-Qwen-7B,math500,43,35,True,True,640,True,640,41,681,10,True,192,False,192,12,204,3,True,-448,False,False,False,False,False,True,False,False,True,False,True,False,True,False,3186
deepseek-ai/DeepSeek-R1-Distill-Qwen-7B,math500,43,350,True,True,192,True,192,12,204,3,True,192,True,192,12,204,3,True,0,False,False,False,False,False,False,False,False,False,False,False,False,False,True,1566
deepseek-ai/DeepSeek-R1-Distill-Qwen-7B,math500,43,351,True,True,1536,True,1536,305,1841,24,True,256,True,256,37,293,4,True,-1280,False,False,False,False,False,False,False,False,False,False,False,False,True,False,6958
deepseek-ai/DeepSeek-R1-Distill-Qwen-7B,math500,43,352,True,True,1280,False,1280,132,1412,20,True,192,False,192,15,207,3,True,-1088,False,False,False,True,False,True,False,False,False,False,False,False,True,False,9217
deepseek-ai/DeepSeek-R1-Distill-Qwen-7B,math500,43,353,True,True,448,False,448,42,490,7,True,640,True,640,65,705,10,True,192,False,False,False,True,False,False,False,True,False,True,False,True,False,False,1983
deepseek-ai/DeepSeek-R1-Distill-Qwen-7B,math500,43,354,True,True,384,True,384,33,417,6,True,384,True,384,31,415,6,True,0,False,False,False,False,False,False,False,False,False,False,False,False,False,True,1327
deepseek-ai/DeepSeek-R1-Distill-Qwen-7B,math500,43,355,True,True,2368,False,2368,266,2634,37,True,640,False,640,60,700,10,True,-1728,False,False,False,True,False,True,False,False,False,False,False,False,True,False,10755
deepseek-ai/DeepSeek-R1-Distill-Qwen-7B,math500,43,357,True,True,960,True,960,60,1020,15,True,960,True,960,60,1020,15,True,0,False,False,False,False,False,False,False,False,False,False,False,False,False,True,2764
deepseek-ai/DeepSeek-R1-Distill-Qwen-7B,math500,43,358,True,True,704,True,704,47,751,11,True,192,False,192,15,207,3,True,-512,False,False,False,False,False,True,False,False,True,False,True,False,True,False,1374
deepseek-ai/DeepSeek-R1-Distill-Qwen-7B,math500,43,359,True,True,192,True,192,12,204,3,True,192,True,192,12,204,3,True,0,False,False,False,False,False,False,False,False,False,False,False,False,False,True,2229
deepseek-ai/DeepSeek-R1-Distill-Qwen-7B,math500,43,36,False,True,192,False,192,12,204,3,True,192,False,192,12,204,3,True,0,False,False,False,False,False,False,False,False,False,False,False,False,False,True,4246
deepseek-ai/DeepSeek-R1-Distill-Qwen-7B,math500,43,361,True,True,192,False,192,24,216,3,True,640,False,640,81,721,10,True,448,False,False,False,True,False,True,False,False,False,False,False,True,False,False,3186
deepseek-ai/DeepSeek-R1-Distill-Qwen-7B,math500,43,362,True,True,512,False,512,32,544,8,True,256,False,256,16,272,4,True,-256,False,False,False,True,False,True,False,False,False,False,False,False,True,False,1128
deepseek-ai/DeepSeek-R1-Distill-Qwen-7B,math500,43,364,True,True,1664,False,1664,387,2051,26,False,,True,2460,498,2958,38,False,,True,False,False,True,False,False,False,True,False,True,False,False,False,False,2460
deepseek-ai/DeepSeek-R1-Distill-Qwen-7B,math500,43,365,True,True,768,False,768,73,841,12,True,320,False,320,30,350,5,True,-448,False,False,False,True,False,True,False,False,False,False,False,False,True,False,8036
deepseek-ai/DeepSeek-R1-Distill-Qwen-7B,math500,43,366,True,True,640,False,640,44,684,10,True,640,False,640,44,684,10,True,0,False,False,False,True,False,True,False,False,False,False,False,False,False,True,2634
deepseek-ai/DeepSeek-R1-Distill-Qwen-7B,math500,43,367,True,True,256,True,256,16,272,4,True,384,True,384,24,408,6,True,128,False,False,False,False,False,False,False,False,False,False,False,True,False,False,1485
deepseek-ai/DeepSeek-R1-Distill-Qwen-7B,math500,43,368,True,True,192,False,192,15,207,3,True,576,False,576,45,621,9,True,384,False,False,False,True,False,True,False,False,False,False,False,True,False,False,1862
deepseek-ai/DeepSeek-R1-Distill-Qwen-7B,math500,43,369,False,True,576,False,576,65,641,9,True,1216,False,1216,118,1334,19,True,640,False,False,False,False,False,False,False,False,False,False,False,True,False,False,4515
deepseek-ai/DeepSeek-R1-Distill-Qwen-7B,math500,43,37,True,True,192,True,192,15,207,3,True,192,True,192,15,207,3,True,0,False,False,False,False,False,False,False,False,False,False,False,False,False,True,1685
deepseek-ai/DeepSeek-R1-Distill-Qwen-7B,math500,43,370,True,True,192,False,192,12,204,3,True,640,False,640,66,706,10,True,448,False,False,False,True,False,True,False,False,False,False,False,True,False,False,2338
deepseek-ai/DeepSeek-R1-Distill-Qwen-7B,math500,43,371,True,True,1664,True,1664,111,1775,26,True,192,False,192,12,204,3,True,-1472,False,False,False,False,False,True,False,False,True,False,True,False,True,False,6192
deepseek-ai/DeepSeek-R1-Distill-Qwen-7B,math500,43,372,True,True,384,False,384,42,426,6,True,320,False,320,35,355,5,True,-64,False,False,False,True,False,True,False,False,False,False,False,False,True,False,8149
deepseek-ai/DeepSeek-R1-Distill-Qwen-7B,math500,43,373,True,True,896,True,896,132,1028,14,True,320,False,320,92,412,5,True,-576,False,False,False,False,False,True,False,False,True,False,True,False,True,False,6089
deepseek-ai/DeepSeek-R1-Distill-Qwen-7B,math500,43,374,True,True,192,True,192,12,204,3,True,192,True,192,12,204,3,True,0,False,False,False,False,False,False,False,False,False,False,False,False,False,True,2761
deepseek-ai/DeepSeek-R1-Distill-Qwen-7B,math500,43,376,True,True,576,False,576,72,648,9,True,448,False,448,56,504,7,True,-128,False,False,False,True,False,True,False,False,False,False,False,False,True,False,2549
deepseek-ai/DeepSeek-R1-Distill-Qwen-7B,math500,43,378,True,True,256,False,256,16,272,4,True,1280,False,1280,83,1363,20,True,1024,False,False,False,True,False,True,False,False,False,False,False,True,False,False,4888
deepseek-ai/DeepSeek-R1-Distill-Qwen-7B,math500,43,379,True,True,192,False,192,15,207,3,True,320,False,320,25,345,5,True,128,False,False,False,True,False,True,False,False,False,False,False,True,False,False,4423
deepseek-ai/DeepSeek-R1-Distill-Qwen-7B,math500,43,38,True,True,192,True,192,21,213,3,True,192,True,192,21,213,3,True,0,False,False,False,False,False,False,False,False,False,False,False,False,False,True,395
deepseek-ai/DeepSeek-R1-Distill-Qwen-7B,math500,43,380,True,True,448,False,448,119,567,7,True,1088,False,1088,323,1411,17,True,640,False,False,False,True,False,True,False,False,False,False,False,True,False,False,5824
deepseek-ai/DeepSeek-R1-Distill-Qwen-7B,math500,43,381,True,True,448,False,448,35,483,7,True,640,False,640,42,682,10,True,192,False,False,False,True,False,True,False,False,False,False,False,True,False,False,13413
deepseek-ai/DeepSeek-R1-Distill-Qwen-7B,math500,43,382,True,True,960,False,960,131,1091,15,True,192,False,192,24,216,3,True,-768,False,False,False,True,False,True,False,False,False,False,False,False,True,False,1894
deepseek-ai/DeepSeek-R1-Distill-Qwen-7B,math500,43,383,True,True,256,True,256,32,288,4,True,320,True,320,40,360,5,True,64,False,False,False,False,False,False,False,False,False,False,False,True,False,False,1147
deepseek-ai/DeepSeek-R1-Distill-Qwen-7B,math500,43,384,True,True,192,True,192,30,222,3,True,192,True,192,30,222,3,True,0,False,False,False,False,False,False,False,False,False,False,False,False,False,True,1425
deepseek-ai/DeepSeek-R1-Distill-Qwen-7B,math500,43,385,True,True,320,True,320,25,345,5,True,320,True,320,25,345,5,True,0,False,False,False,False,False,False,False,False,False,False,False,False,False,True,659
deepseek-ai/DeepSeek-R1-Distill-Qwen-7B,math500,43,387,True,True,512,True,512,40,552,8,True,640,True,640,50,690,10,True,128,False,False,False,False,False,False,False,False,False,False,False,True,False,False,2118
deepseek-ai/DeepSeek-R1-Distill-Qwen-7B,math500,43,389,True,True,384,False,384,38,422,6,True,384,False,384,36,420,6,True,0,False,False,False,True,False,True,False,False,False,False,False,False,False,True,1824
deepseek-ai/DeepSeek-R1-Distill-Qwen-7B,math500,43,39,True,True,512,True,512,44,556,8,True,512,True,512,43,555,8,True,0,False,False,False,False,False,False,False,False,False,False,False,False,False,True,705
deepseek-ai/DeepSeek-R1-Distill-Qwen-7B,math500,43,391,True,True,768,False,768,48,816,12,True,384,False,384,24,408,6,True,-384,False,False,False,True,False,True,False,False,False,False,False,False,True,False,3885
deepseek-ai/DeepSeek-R1-Distill-Qwen-7B,math500,43,392,True,True,512,False,512,38,550,8,True,960,False,960,72,1032,15,True,448,False,False,False,True,False,True,False,False,False,False,False,True,False,False,11977
deepseek-ai/DeepSeek-R1-Distill-Qwen-7B,math500,43,394,True,True,192,False,192,12,204,3,True,192,False,192,12,204,3,True,0,False,False,False,True,False,True,False,False,False,False,False,False,False,True,3220
deepseek-ai/DeepSeek-R1-Distill-Qwen-7B,math500,43,395,True,True,384,True,384,24,408,6,True,192,False,192,12,204,3,True,-192,False,False,False,False,False,True,False,False,True,False,True,False,True,False,6318
deepseek-ai/DeepSeek-R1-Distill-Qwen-7B,math500,43,396,True,True,192,True,192,12,204,3,True,384,True,384,24,408,6,True,192,False,False,False,False,False,False,False,False,False,False,False,True,False,False,8742
deepseek-ai/DeepSeek-R1-Distill-Qwen-7B,math500,43,397,True,True,256,True,256,20,276,4,True,192,True,192,15,207,3,True,-64,False,False,False,False,False,False,False,False,False,False,False,False,True,False,416
deepseek-ai/DeepSeek-R1-Distill-Qwen-7B,math500,43,398,True,True,896,False,896,76,972,14,True,320,False,320,25,345,5,True,-576,False,False,False,True,False,True,False,False,False,False,False,False,True,False,2683
deepseek-ai/DeepSeek-R1-Distill-Qwen-7B,math500,43,399,True,True,256,True,256,33,289,4,True,256,True,256,33,289,4,True,0,False,False,False,False,False,False,False,False,False,False,False,False,False,True,288
deepseek-ai/DeepSeek-R1-Distill-Qwen-7B,math500,43,4,False,True,320,False,320,26,346,5,True,320,False,320,26,346,5,True,0,False,False,False,False,False,False,False,False,False,False,False,False,False,True,3359
deepseek-ai/DeepSeek-R1-Distill-Qwen-7B,math500,43,40,True,True,320,True,320,25,345,5,True,320,True,320,25,345,5,True,0,False,False,False,False,False,False,False,False,False,False,False,False,False,True,930
deepseek-ai/DeepSeek-R1-Distill-Qwen-7B,math500,43,400,False,True,576,False,576,40,616,9,True,192,False,192,12,204,3,True,-384,False,False,False,False,False,False,False,False,False,False,False,False,True,False,16384
deepseek-ai/DeepSeek-R1-Distill-Qwen-7B,math500,43,401,False,True,320,False,320,28,348,5,True,192,False,192,12,204,3,True,-128,False,False,False,False,False,False,False,False,False,False,False,False,True,False,16384
deepseek-ai/DeepSeek-R1-Distill-Qwen-7B,math500,43,402,True,True,768,False,768,90,858,12,True,768,False,768,94,862,12,True,0,False,False,False,True,False,True,False,False,False,False,False,False,False,True,3695
deepseek-ai/DeepSeek-R1-Distill-Qwen-7B,math500,43,404,True,True,320,True,320,20,340,5,True,384,True,384,24,408,6,True,64,False,False,False,False,False,False,False,False,False,False,False,True,False,False,709
deepseek-ai/DeepSeek-R1-Distill-Qwen-7B,math500,43,405,True,True,192,True,192,15,207,3,True,192,True,192,15,207,3,True,0,False,False,False,False,False,False,False,False,False,False,False,False,False,True,2239
deepseek-ai/DeepSeek-R1-Distill-Qwen-7B,math500,43,406,True,True,192,True,192,12,204,3,True,192,True,192,12,204,3,True,0,False,False,False,False,False,False,False,False,False,False,False,False,False,True,286
deepseek-ai/DeepSeek-R1-Distill-Qwen-7B,math500,43,407,True,True,192,True,192,12,204,3,True,192,True,192,12,204,3,True,0,False,False,False,False,False,False,False,False,False,False,False,False,False,True,2095
deepseek-ai/DeepSeek-R1-Distill-Qwen-7B,math500,43,408,True,True,1920,True,1920,679,2599,30,True,1408,False,1408,440,1848,22,True,-512,False,False,False,False,False,True,False,False,True,False,True,False,True,False,4564
deepseek-ai/DeepSeek-R1-Distill-Qwen-7B,math500,43,410,True,True,448,True,448,28,476,7,True,256,True,256,16,272,4,True,-192,False,False,False,False,False,False,False,False,False,False,False,False,True,False,1339
deepseek-ai/DeepSeek-R1-Distill-Qwen-7B,math500,43,412,True,True,5504,False,5504,520,6024,86,True,6720,True,6720,627,7347,105,True,1216,False,False,False,True,False,False,False,True,False,True,False,True,False,False,7874
deepseek-ai/DeepSeek-R1-Distill-Qwen-7B,math500,43,415,True,True,896,False,896,61,957,14,True,960,False,960,64,1024,15,True,64,False,False,False,True,False,True,False,False,False,False,False,True,False,False,4728
deepseek-ai/DeepSeek-R1-Distill-Qwen-7B,math500,43,416,True,True,320,False,320,48,368,5,True,320,False,320,20,340,5,True,0,False,False,False,True,False,True,False,False,False,False,False,False,False,True,4895
deepseek-ai/DeepSeek-R1-Distill-Qwen-7B,math500,43,417,True,True,1600,False,1600,218,1818,25,True,1600,False,1600,107,1707,25,True,0,False,False,False,True,False,True,False,False,False,False,False,False,False,True,3218
deepseek-ai/DeepSeek-R1-Distill-Qwen-7B,math500,43,418,True,True,192,True,192,24,216,3,True,192,True,192,24,216,3,True,0,False,False,False,False,False,False,False,False,False,False,False,False,False,True,1928
deepseek-ai/DeepSeek-R1-Distill-Qwen-7B,math500,43,419,True,True,1536,True,1536,558,2094,24,True,1600,True,1600,602,2202,25,True,64,False,False,False,False,False,False,False,False,False,False,False,True,False,False,2460
deepseek-ai/DeepSeek-R1-Distill-Qwen-7B,math500,43,42,True,True,448,True,448,28,476,7,True,448,True,448,28,476,7,True,0,False,False,False,False,False,False,False,False,False,False,False,False,False,True,755
deepseek-ai/DeepSeek-R1-Distill-Qwen-7B,math500,43,420,True,False,,True,3338,1412,4750,52,True,384,False,384,24,408,6,False,,False,True,False,False,False,True,False,False,True,False,True,False,False,False,3338
deepseek-ai/DeepSeek-R1-Distill-Qwen-7B,math500,43,422,False,True,2624,False,2624,560,3184,41,True,6208,False,6208,1276,7484,97,True,3584,False,False,False,False,False,False,False,False,False,False,False,True,False,False,13238
deepseek-ai/DeepSeek-R1-Distill-Qwen-7B,math500,43,423,True,True,1984,False,1984,217,2201,31,True,1024,False,1024,112,1136,16,True,-960,False,False,False,True,False,True,False,False,False,False,False,False,True,False,5136
deepseek-ai/DeepSeek-R1-Distill-Qwen-7B,math500,43,424,True,True,704,True,704,68,772,11,True,704,True,704,62,766,11,True,0,False,False,False,False,False,False,False,False,False,False,False,False,False,True,1840
deepseek-ai/DeepSeek-R1-Distill-Qwen-7B,math500,43,427,True,True,704,True,704,55,759,11,True,384,False,384,30,414,6,True,-320,False,False,False,False,False,True,False,False,True,False,True,False,True,False,1627
deepseek-ai/DeepSeek-R1-Distill-Qwen-7B,math500,43,428,True,True,1152,True,1152,92,1244,18,True,320,True,320,25,345,5,True,-832,False,False,False,False,False,False,False,False,False,False,False,False,True,False,5442
deepseek-ai/DeepSeek-R1-Distill-Qwen-7B,math500,43,43,True,True,832,False,832,74,906,13,True,1280,False,1280,112,1392,20,True,448,False,False,False,True,False,True,False,False,False,False,False,True,False,False,9492
deepseek-ai/DeepSeek-R1-Distill-Qwen-7B,math500,43,430,True,False,,True,171,12,183,2,False,,True,171,12,183,2,False,,False,False,True,False,False,False,False,False,False,False,False,False,False,False,171
deepseek-ai/DeepSeek-R1-Distill-Qwen-7B,math500,43,431,True,True,448,False,448,132,580,7,True,704,False,704,250,954,11,True,256,False,False,False,True,False,True,False,False,False,False,False,True,False,False,3699
deepseek-ai/DeepSeek-R1-Distill-Qwen-7B,math500,43,433,True,True,192,True,192,30,222,3,True,192,True,192,30,222,3,True,0,False,False,False,False,False,False,False,False,False,False,False,False,False,True,2597
deepseek-ai/DeepSeek-R1-Distill-Qwen-7B,math500,43,435,True,True,192,True,192,57,249,3,True,192,True,192,57,249,3,True,0,False,False,False,False,False,False,False,False,False,False,False,False,False,True,1383
deepseek-ai/DeepSeek-R1-Distill-Qwen-7B,math500,43,436,True,True,192,False,192,12,204,3,True,512,True,512,32,544,8,True,320,False,False,False,True,False,False,False,True,False,True,False,True,False,False,2492
deepseek-ai/DeepSeek-R1-Distill-Qwen-7B,math500,43,437,True,True,768,True,768,48,816,12,True,768,True,768,48,816,12,True,0,False,False,False,False,False,False,False,False,False,False,False,False,False,True,1502
deepseek-ai/DeepSeek-R1-Distill-Qwen-7B,math500,43,438,False,True,1024,False,1024,64,1088,16,True,256,True,256,16,272,4,True,-768,False,False,False,False,False,False,True,True,False,False,False,False,True,False,2714
deepseek-ai/DeepSeek-R1-Distill-Qwen-7B,math500,43,44,True,True,512,False,512,56,568,8,True,576,True,576,63,639,9,True,64,False,False,False,True,False,False,False,True,False,True,False,True,False,False,1641
deepseek-ai/DeepSeek-R1-Distill-Qwen-7B,math500,43,441,True,True,320,True,320,30,350,5,True,320,True,320,35,355,5,True,0,False,False,False,False,False,False,False,False,False,False,False,False,False,True,509
deepseek-ai/DeepSeek-R1-Distill-Qwen-7B,math500,43,443,True,True,448,True,448,35,483,7,True,384,True,384,30,414,6,True,-64,False,False,False,False,False,False,False,False,False,False,False,False,True,False,1751
deepseek-ai/DeepSeek-R1-Distill-Qwen-7B,math500,43,444,False,True,960,False,960,213,1173,15,True,2432,False,2432,551,2983,38,True,1472,False,False,False,False,False,False,False,False,False,False,False,True,False,False,16384
deepseek-ai/DeepSeek-R1-Distill-Qwen-7B,math500,43,445,True,True,704,False,704,49,753,11,True,320,False,320,20,340,5,True,-384,False,False,False,True,False,True,False,False,False,False,False,False,True,False,7510
deepseek-ai/DeepSeek-R1-Distill-Qwen-7B,math500,43,446,True,True,576,False,576,36,612,9,True,320,False,320,20,340,5,True,-256,False,False,False,True,False,True,False,False,False,False,False,False,True,False,1662
deepseek-ai/DeepSeek-R1-Distill-Qwen-7B,math500,43,447,True,True,320,True,320,22,342,5,True,320,True,320,22,342,5,True,0,False,False,False,False,False,False,False,False,False,False,False,False,False,True,441
deepseek-ai/DeepSeek-R1-Distill-Qwen-7B,math500,43,449,True,True,512,True,512,40,552,8,True,512,True,512,40,552,8,True,0,False,False,False,False,False,False,False,False,False,False,False,False,False,True,1916
deepseek-ai/DeepSeek-R1-Distill-Qwen-7B,math500,43,45,True,True,192,True,192,12,204,3,True,192,True,192,12,204,3,True,0,False,False,False,False,False,False,False,False,False,False,False,False,False,True,1230
deepseek-ai/DeepSeek-R1-Distill-Qwen-7B,math500,43,450,True,True,1472,True,1472,114,1586,23,True,1472,True,1472,113,1585,23,True,0,False,False,False,False,False,False,False,False,False,False,False,False,False,True,2240
deepseek-ai/DeepSeek-R1-Distill-Qwen-7B,math500,43,451,True,True,320,False,320,73,393,5,True,320,False,320,70,390,5,True,0,False,False,False,True,False,True,False,False,False,False,False,False,False,True,789
deepseek-ai/DeepSeek-R1-Distill-Qwen-7B,math500,43,452,True,True,896,True,896,84,980,14,True,896,True,896,84,980,14,True,0,False,False,False,False,False,False,False,False,False,False,False,False,False,True,1406
deepseek-ai/DeepSeek-R1-Distill-Qwen-7B,math500,43,453,True,True,448,True,448,33,481,7,True,320,True,320,25,345,5,True,-128,False,False,False,False,False,False,False,False,False,False,False,False,True,False,706
deepseek-ai/DeepSeek-R1-Distill-Qwen-7B,math500,43,454,True,True,1344,True,1344,251,1595,21,True,1344,True,1344,229,1573,21,True,0,False,False,False,False,False,False,False,False,False,False,False,False,False,True,2961
deepseek-ai/DeepSeek-R1-Distill-Qwen-7B,math500,43,455,True,True,192,True,192,12,204,3,True,192,True,192,12,204,3,True,0,False,False,False,False,False,False,False,False,False,False,False,False,False,True,332
deepseek-ai/DeepSeek-R1-Distill-Qwen-7B,math500,43,456,False,True,192,False,192,60,252,3,True,256,False,256,41,297,4,True,64,False,False,False,False,False,False,False,False,False,False,False,True,False,False,3020
deepseek-ai/DeepSeek-R1-Distill-Qwen-7B,math500,43,457,True,True,192,True,192,12,204,3,True,192,True,192,12,204,3,True,0,False,False,False,False,False,False,False,False,False,False,False,False,False,True,203
deepseek-ai/DeepSeek-R1-Distill-Qwen-7B,math500,43,458,True,True,704,True,704,55,759,11,True,704,True,704,55,759,11,True,0,False,False,False,False,False,False,False,False,False,False,False,False,False,True,1698
deepseek-ai/DeepSeek-R1-Distill-Qwen-7B,math500,43,459,True,True,1536,True,1536,189,1725,24,True,1344,True,1344,168,1512,21,True,-192,False,False,False,False,False,False,False,False,False,False,False,False,True,False,2031
deepseek-ai/DeepSeek-R1-Distill-Qwen-7B,math500,43,46,True,True,640,True,640,44,684,10,True,448,True,448,31,479,7,True,-192,False,False,False,False,False,False,False,False,False,False,False,False,True,False,8630
deepseek-ai/DeepSeek-R1-Distill-Qwen-7B,math500,43,460,False,True,192,True,192,15,207,3,True,192,True,192,15,207,3,True,0,False,False,False,False,True,False,True,False,False,False,False,False,False,True,12952
deepseek-ai/DeepSeek-R1-Distill-Qwen-7B,math500,43,461,True,True,1408,True,1408,121,1529,22,True,640,False,640,45,685,10,True,-768,False,False,False,False,False,True,False,False,True,False,True,False,True,False,1853
deepseek-ai/DeepSeek-R1-Distill-Qwen-7B,math500,43,463,True,True,192,True,192,12,204,3,True,192,True,192,12,204,3,True,0,False,False,False,False,False,False,False,False,False,False,False,False,False,True,735
deepseek-ai/DeepSeek-R1-Distill-Qwen-7B,math500,43,464,True,True,640,False,640,40,680,10,True,448,False,448,28,476,7,True,-192,False,False,False,True,False,True,False,False,False,False,False,False,True,False,2438
deepseek-ai/DeepSeek-R1-Distill-Qwen-7B,math500,43,466,True,True,384,False,384,37,421,6,True,384,False,384,38,422,6,True,0,False,False,False,True,False,True,False,False,False,False,False,False,False,True,6554
deepseek-ai/DeepSeek-R1-Distill-Qwen-7B,math500,43,467,False,True,192,False,192,15,207,3,True,256,False,256,20,276,4,True,64,False,False,False,False,False,False,False,False,False,False,False,True,False,False,4034
deepseek-ai/DeepSeek-R1-Distill-Qwen-7B,math500,43,47,True,True,384,True,384,24,408,6,True,576,True,576,36,612,9,True,192,False,False,False,False,False,False,False,False,False,False,False,True,False,False,1047
deepseek-ai/DeepSeek-R1-Distill-Qwen-7B,math500,43,470,True,True,1280,True,1280,198,1478,20,True,1088,True,1088,176,1264,17,True,-192,False,False,False,False,False,False,False,False,False,False,False,False,True,False,3350
deepseek-ai/DeepSeek-R1-Distill-Qwen-7B,math500,43,471,True,True,320,True,320,25,345,5,True,320,True,320,25,345,5,True,0,False,False,False,False,False,False,False,False,False,False,False,False,False,True,1891
deepseek-ai/DeepSeek-R1-Distill-Qwen-7B,math500,43,472,True,True,192,False,192,37,229,3,True,192,False,192,37,229,3,True,0,False,False,False,True,False,True,False,False,False,False,False,False,False,True,1940
deepseek-ai/DeepSeek-R1-Distill-Qwen-7B,math500,43,473,True,True,832,True,832,54,886,13,True,832,True,832,52,884,13,True,0,False,False,False,False,False,False,False,False,False,False,False,False,False,True,2177
deepseek-ai/DeepSeek-R1-Distill-Qwen-7B,math500,43,476,True,True,256,False,256,21,277,4,True,768,True,768,70,838,12,True,512,False,False,False,True,False,False,False,True,False,True,False,True,False,False,1521
deepseek-ai/DeepSeek-R1-Distill-Qwen-7B,math500,43,477,True,True,384,True,384,24,408,6,True,256,True,256,16,272,4,True,-128,False,False,False,False,False,False,False,False,False,False,False,False,True,False,2636
deepseek-ai/DeepSeek-R1-Distill-Qwen-7B,math500,43,478,True,True,704,False,704,59,763,11,True,256,False,256,25,281,4,True,-448,False,False,False,True,False,True,False,False,False,False,False,False,True,False,10839
deepseek-ai/DeepSeek-R1-Distill-Qwen-7B,math500,43,48,True,True,192,True,192,32,224,3,True,1472,False,1472,127,1599,23,True,1280,False,False,False,False,False,True,False,False,True,False,True,True,False,False,1831
deepseek-ai/DeepSeek-R1-Distill-Qwen-7B,math500,43,480,True,True,320,True,320,25,345,5,True,192,True,192,12,204,3,True,-128,False,False,False,False,False,False,False,False,False,False,False,False,True,False,3241
deepseek-ai/DeepSeek-R1-Distill-Qwen-7B,math500,43,481,True,True,832,False,832,207,1039,13,True,1152,False,1152,272,1424,18,True,320,False,False,False,True,False,True,False,False,False,False,False,True,False,False,7001
deepseek-ai/DeepSeek-R1-Distill-Qwen-7B,math500,43,482,True,True,256,False,256,20,276,4,True,192,False,192,15,207,3,True,-64,False,False,False,True,False,True,False,False,False,False,False,False,True,False,2536
deepseek-ai/DeepSeek-R1-Distill-Qwen-7B,math500,43,483,True,True,320,False,320,20,340,5,True,192,False,192,12,204,3,True,-128,False,False,False,True,False,True,False,False,False,False,False,False,True,False,3424
deepseek-ai/DeepSeek-R1-Distill-Qwen-7B,math500,43,484,True,True,896,False,896,57,953,14,True,1088,False,1088,70,1158,17,True,192,False,False,False,True,False,True,False,False,False,False,False,True,False,False,12356
deepseek-ai/DeepSeek-R1-Distill-Qwen-7B,math500,43,485,True,True,1088,True,1088,84,1172,17,True,576,False,576,45,621,9,True,-512,False,False,False,False,False,True,False,False,True,False,True,False,True,False,6892
deepseek-ai/DeepSeek-R1-Distill-Qwen-7B,math500,43,486,False,True,320,True,320,29,349,5,True,320,True,320,29,349,5,True,0,False,False,False,False,True,False,True,False,False,False,False,False,False,True,8405
deepseek-ai/DeepSeek-R1-Distill-Qwen-7B,math500,43,488,True,True,256,True,256,20,276,4,True,256,True,256,20,276,4,True,0,False,False,False,False,False,False,False,False,False,False,False,False,False,True,1652
deepseek-ai/DeepSeek-R1-Distill-Qwen-7B,math500,43,489,True,True,192,True,192,15,207,3,True,384,True,384,30,414,6,True,192,False,False,False,False,False,False,False,False,False,False,False,True,False,False,4839
deepseek-ai/DeepSeek-R1-Distill-Qwen-7B,math500,43,49,True,True,512,True,512,40,552,8,True,448,True,448,35,483,7,True,-64,False,False,False,False,False,False,False,False,False,False,False,False,True,False,1562
deepseek-ai/DeepSeek-R1-Distill-Qwen-7B,math500,43,490,True,True,1728,False,1728,135,1863,27,True,4352,True,4352,340,4692,68,True,2624,False,False,False,True,False,False,False,True,False,True,False,True,False,False,10670
deepseek-ai/DeepSeek-R1-Distill-Qwen-7B,math500,43,491,False,True,192,False,192,18,210,3,True,832,False,832,73,905,13,True,640,False,False,False,False,False,False,False,False,False,False,False,True,False,False,6167
deepseek-ai/DeepSeek-R1-Distill-Qwen-7B,math500,43,492,True,True,192,False,192,48,240,3,True,192,False,192,42,234,3,True,0,False,False,False,True,False,True,False,False,False,False,False,False,False,True,1365
deepseek-ai/DeepSeek-R1-Distill-Qwen-7B,math500,43,493,True,True,1088,True,1088,85,1173,17,True,1088,True,1088,85,1173,17,True,0,False,False,False,False,False,False,False,False,False,False,False,False,False,True,4439
deepseek-ai/DeepSeek-R1-Distill-Qwen-7B,math500,43,494,True,True,384,False,384,24,408,6,True,192,False,192,12,204,3,True,-192,False,False,False,True,False,True,False,False,False,False,False,False,True,False,7106
deepseek-ai/DeepSeek-R1-Distill-Qwen-7B,math500,43,495,True,True,832,True,832,162,994,13,True,832,True,832,152,984,13,True,0,False,False,False,False,False,False,False,False,False,False,False,False,False,True,2686
deepseek-ai/DeepSeek-R1-Distill-Qwen-7B,math500,43,497,True,True,192,False,192,12,204,3,True,192,False,192,12,204,3,True,0,False,False,False,True,False,True,False,False,False,False,False,False,False,True,13535
deepseek-ai/DeepSeek-R1-Distill-Qwen-7B,math500,43,498,True,True,320,False,320,22,342,5,True,384,False,384,26,410,6,True,64,False,False,False,True,False,True,False,False,False,False,False,True,False,False,3818
deepseek-ai/DeepSeek-R1-Distill-Qwen-7B,math500,43,499,True,True,384,False,384,42,426,6,True,384,False,384,37,421,6,True,0,False,False,False,True,False,True,False,False,False,False,False,False,False,True,5641
deepseek-ai/DeepSeek-R1-Distill-Qwen-7B,math500,43,5,True,True,384,True,384,30,414,6,True,192,True,192,15,207,3,True,-192,False,False,False,False,False,False,False,False,False,False,False,False,True,False,884
deepseek-ai/DeepSeek-R1-Distill-Qwen-7B,math500,43,50,True,True,1280,True,1280,119,1399,20,True,1280,True,1280,119,1399,20,True,0,False,False,False,False,False,False,False,False,False,False,False,False,False,True,3093
deepseek-ai/DeepSeek-R1-Distill-Qwen-7B,math500,43,51,True,True,576,False,576,162,738,9,True,832,False,832,119,951,13,True,256,False,False,False,True,False,True,False,False,False,False,False,True,False,False,2475
deepseek-ai/DeepSeek-R1-Distill-Qwen-7B,math500,43,52,True,True,704,True,704,51,755,11,True,640,True,640,49,689,10,True,-64,False,False,False,False,False,False,False,False,False,False,False,False,True,False,1432
deepseek-ai/DeepSeek-R1-Distill-Qwen-7B,math500,43,53,True,True,192,True,192,35,227,3,True,192,True,192,36,228,3,True,0,False,False,False,False,False,False,False,False,False,False,False,False,False,True,1434
deepseek-ai/DeepSeek-R1-Distill-Qwen-7B,math500,43,55,True,True,192,True,192,12,204,3,True,192,True,192,12,204,3,True,0,False,False,False,False,False,False,False,False,False,False,False,False,False,True,2185
deepseek-ai/DeepSeek-R1-Distill-Qwen-7B,math500,43,56,True,True,192,True,192,15,207,3,True,192,True,192,15,207,3,True,0,False,False,False,False,False,False,False,False,False,False,False,False,False,True,2694
deepseek-ai/DeepSeek-R1-Distill-Qwen-7B,math500,43,57,True,True,192,False,192,18,210,3,True,192,False,192,18,210,3,True,0,False,False,False,True,False,True,False,False,False,False,False,False,False,True,2485
deepseek-ai/DeepSeek-R1-Distill-Qwen-7B,math500,43,58,True,True,320,False,320,35,355,5,True,192,True,192,21,213,3,True,-128,False,False,False,True,False,False,False,True,False,True,False,False,True,False,2207
deepseek-ai/DeepSeek-R1-Distill-Qwen-7B,math500,43,59,True,True,384,False,384,30,414,6,True,192,False,192,15,207,3,True,-192,False,False,False,True,False,True,False,False,False,False,False,False,True,False,1485
deepseek-ai/DeepSeek-R1-Distill-Qwen-7B,math500,43,60,True,True,3712,False,3712,708,4420,58,True,4224,False,4224,750,4974,66,True,512,False,False,False,True,False,True,False,False,False,False,False,True,False,False,4477
deepseek-ai/DeepSeek-R1-Distill-Qwen-7B,math500,43,61,True,True,320,False,320,22,342,5,True,448,False,448,28,476,7,True,128,False,False,False,True,False,True,False,False,False,False,False,True,False,False,2863
deepseek-ai/DeepSeek-R1-Distill-Qwen-7B,math500,43,62,True,True,192,False,192,24,216,3,True,256,False,256,28,284,4,True,64,False,False,False,True,False,True,False,False,False,False,False,True,False,False,2575
deepseek-ai/DeepSeek-R1-Distill-Qwen-7B,math500,43,63,True,True,768,True,768,57,825,12,True,768,True,768,51,819,12,True,0,False,False,False,False,False,False,False,False,False,False,False,False,False,True,3172
deepseek-ai/DeepSeek-R1-Distill-Qwen-7B,math500,43,64,True,True,1216,False,1216,126,1342,19,True,512,False,512,32,544,8,True,-704,False,False,False,True,False,True,False,False,False,False,False,False,True,False,11930
deepseek-ai/DeepSeek-R1-Distill-Qwen-7B,math500,43,66,True,True,1216,True,1216,276,1492,19,True,896,True,896,251,1147,14,True,-320,False,False,False,False,False,False,False,False,False,False,False,False,True,False,7977
deepseek-ai/DeepSeek-R1-Distill-Qwen-7B,math500,43,68,True,True,448,False,448,35,483,7,True,512,False,512,40,552,8,True,64,False,False,False,True,False,True,False,False,False,False,False,True,False,False,2949
deepseek-ai/DeepSeek-R1-Distill-Qwen-7B,math500,43,69,True,True,576,True,576,40,616,9,True,512,True,512,35,547,8,True,-64,False,False,False,False,False,False,False,False,False,False,False,False,True,False,2349
deepseek-ai/DeepSeek-R1-Distill-Qwen-7B,math500,43,7,True,True,896,True,896,74,970,14,True,448,False,448,37,485,7,True,-448,False,False,False,False,False,True,False,False,True,False,True,False,True,False,1661
deepseek-ai/DeepSeek-R1-Distill-Qwen-7B,math500,43,70,True,True,192,True,192,21,213,3,True,192,True,192,21,213,3,True,0,False,False,False,False,False,False,False,False,False,False,False,False,False,True,1167
deepseek-ai/DeepSeek-R1-Distill-Qwen-7B,math500,43,71,False,True,1088,True,1088,155,1243,17,True,960,False,960,113,1073,15,True,-128,False,False,False,False,True,False,False,False,True,False,False,False,True,False,4726
deepseek-ai/DeepSeek-R1-Distill-Qwen-7B,math500,43,72,True,True,192,True,192,12,204,3,True,192,True,192,12,204,3,True,0,False,False,False,False,False,False,False,False,False,False,False,False,False,True,1258
deepseek-ai/DeepSeek-R1-Distill-Qwen-7B,math500,43,73,True,True,512,False,512,44,556,8,True,512,False,512,44,556,8,True,0,False,False,False,True,False,True,False,False,False,False,False,False,False,True,1390
deepseek-ai/DeepSeek-R1-Distill-Qwen-7B,math500,43,74,True,True,192,False,192,12,204,3,True,192,False,192,12,204,3,True,0,False,False,False,True,False,True,False,False,False,False,False,False,False,True,2117
deepseek-ai/DeepSeek-R1-Distill-Qwen-7B,math500,43,75,True,True,448,False,448,28,476,7,True,192,False,192,12,204,3,True,-256,False,False,False,True,False,True,False,False,False,False,False,False,True,False,2542
deepseek-ai/DeepSeek-R1-Distill-Qwen-7B,math500,43,76,True,True,320,True,320,20,340,5,True,384,True,384,24,408,6,True,64,False,False,False,False,False,False,False,False,False,False,False,True,False,False,1149
deepseek-ai/DeepSeek-R1-Distill-Qwen-7B,math500,43,78,True,True,960,False,960,120,1080,15,True,1344,True,1344,168,1512,21,True,384,False,False,False,True,False,False,False,True,False,True,False,True,False,False,2337
deepseek-ai/DeepSeek-R1-Distill-Qwen-7B,math500,43,79,True,True,256,True,256,16,272,4,True,192,True,192,12,204,3,True,-64,False,False,False,False,False,False,False,False,False,False,False,False,True,False,1395
deepseek-ai/DeepSeek-R1-Distill-Qwen-7B,math500,43,8,True,True,192,False,192,24,216,3,True,192,False,192,24,216,3,True,0,False,False,False,True,False,True,False,False,False,False,False,False,False,True,1399
deepseek-ai/DeepSeek-R1-Distill-Qwen-7B,math500,43,80,True,True,960,False,960,80,1040,15,True,896,False,896,76,972,14,True,-64,False,False,False,True,False,True,False,False,False,False,False,False,True,False,6882
deepseek-ai/DeepSeek-R1-Distill-Qwen-7B,math500,43,82,True,True,192,False,192,12,204,3,True,384,False,384,24,408,6,True,192,False,False,False,True,False,True,False,False,False,False,False,True,False,False,5826
deepseek-ai/DeepSeek-R1-Distill-Qwen-7B,math500,43,83,True,True,192,True,192,12,204,3,True,192,True,192,12,204,3,True,0,False,False,False,False,False,False,False,False,False,False,False,False,False,True,7082
deepseek-ai/DeepSeek-R1-Distill-Qwen-7B,math500,43,84,True,True,192,False,192,12,204,3,True,1152,False,1152,73,1225,18,True,960,False,False,False,True,False,True,False,False,False,False,False,True,False,False,2653
deepseek-ai/DeepSeek-R1-Distill-Qwen-7B,math500,43,85,True,False,,True,947,93,1040,14,False,,True,947,80,1027,14,False,,False,False,True,False,False,False,False,False,False,False,False,False,False,False,947
deepseek-ai/DeepSeek-R1-Distill-Qwen-7B,math500,43,86,True,True,192,True,192,18,210,3,True,192,True,192,18,210,3,True,0,False,False,False,False,False,False,False,False,False,False,False,False,False,True,1656
deepseek-ai/DeepSeek-R1-Distill-Qwen-7B,math500,43,87,True,True,384,True,384,24,408,6,True,256,False,256,16,272,4,True,-128,False,False,False,False,False,True,False,False,True,False,True,False,True,False,1769
deepseek-ai/DeepSeek-R1-Distill-Qwen-7B,math500,43,88,True,True,256,True,256,16,272,4,True,384,True,384,24,408,6,True,128,False,False,False,False,False,False,False,False,False,False,False,True,False,False,5476
deepseek-ai/DeepSeek-R1-Distill-Qwen-7B,math500,43,89,True,True,896,True,896,69,965,14,True,192,False,192,12,204,3,True,-704,False,False,False,False,False,True,False,False,True,False,True,False,True,False,2804
deepseek-ai/DeepSeek-R1-Distill-Qwen-7B,math500,43,9,False,True,256,False,256,17,273,4,True,320,False,320,20,340,5,True,64,False,False,False,False,False,False,False,False,False,False,False,True,False,False,16384
deepseek-ai/DeepSeek-R1-Distill-Qwen-7B,math500,43,90,True,True,192,False,192,15,207,3,True,192,False,192,15,207,3,True,0,False,False,False,True,False,True,False,False,False,False,False,False,False,True,1463
deepseek-ai/DeepSeek-R1-Distill-Qwen-7B,math500,43,91,True,True,192,False,192,12,204,3,True,192,False,192,12,204,3,True,0,False,False,False,True,False,True,False,False,False,False,False,False,False,True,3233
deepseek-ai/DeepSeek-R1-Distill-Qwen-7B,math500,43,92,True,True,832,False,832,118,950,13,True,192,False,192,12,204,3,True,-640,False,False,False,True,False,True,False,False,False,False,False,False,True,False,3724
deepseek-ai/DeepSeek-R1-Distill-Qwen-7B,math500,43,93,True,True,704,True,704,55,759,11,True,704,True,704,55,759,11,True,0,False,False,False,False,False,False,False,False,False,False,False,False,False,True,1479
deepseek-ai/DeepSeek-R1-Distill-Qwen-7B,math500,43,94,False,True,384,True,384,33,417,6,True,512,True,512,43,555,8,True,128,False,False,False,False,True,False,True,False,False,False,False,True,False,False,7361
deepseek-ai/DeepSeek-R1-Distill-Qwen-7B,math500,43,95,True,True,192,False,192,12,204,3,True,832,False,832,52,884,13,True,640,False,False,False,True,False,True,False,False,False,False,False,True,False,False,2216
deepseek-ai/DeepSeek-R1-Distill-Qwen-7B,math500,43,96,False,True,256,False,256,50,306,4,True,704,False,704,129,833,11,True,448,False,False,False,False,False,False,False,False,False,False,False,True,False,False,16384
deepseek-ai/DeepSeek-R1-Distill-Qwen-7B,math500,43,97,True,True,640,True,640,54,694,10,True,192,False,192,12,204,3,True,-448,False,False,False,False,False,True,False,False,True,False,True,False,True,False,2661
deepseek-ai/DeepSeek-R1-Distill-Qwen-7B,math500,43,98,True,True,192,True,192,24,216,3,True,192,True,192,24,216,3,True,0,False,False,False,False,False,False,False,False,False,False,False,False,False,True,261
deepseek-ai/DeepSeek-R1-Distill-Qwen-7B,math500,43,99,True,True,832,False,832,299,1131,13,True,768,False,768,276,1044,12,True,-64,False,False,False,True,False,True,False,False,False,False,False,False,True,False,2512
deepseek-ai/DeepSeek-R1-Distill-Qwen-7B,math500,47,101,False,True,1984,False,1984,145,2129,31,True,384,False,384,32,416,6,True,-1600,False,False,False,False,False,False,False,False,False,False,False,False,True,False,11418
deepseek-ai/DeepSeek-R1-Distill-Qwen-7B,math500,47,102,True,True,384,False,384,90,474,6,True,320,False,320,77,397,5,True,-64,False,False,False,True,False,True,False,False,False,False,False,False,True,False,2296
deepseek-ai/DeepSeek-R1-Distill-Qwen-7B,math500,47,103,True,True,192,False,192,12,204,3,True,192,False,192,12,204,3,True,0,False,False,False,True,False,True,False,False,False,False,False,False,False,True,13706
deepseek-ai/DeepSeek-R1-Distill-Qwen-7B,math500,47,104,True,True,704,False,704,55,759,11,True,192,True,192,15,207,3,True,-512,False,False,False,True,False,False,False,True,False,True,False,False,True,False,7763
deepseek-ai/DeepSeek-R1-Distill-Qwen-7B,math500,47,106,True,True,192,True,192,35,227,3,True,192,True,192,34,226,3,True,0,False,False,False,False,False,False,False,False,False,False,False,False,False,True,1615
deepseek-ai/DeepSeek-R1-Distill-Qwen-7B,math500,47,114,True,True,576,False,576,46,622,9,True,1728,False,1728,125,1853,27,True,1152,False,False,False,True,False,True,False,False,False,False,False,True,False,False,1931
deepseek-ai/DeepSeek-R1-Distill-Qwen-7B,math500,47,115,True,True,256,True,256,28,284,4,True,384,True,384,41,425,6,True,128,False,False,False,False,False,False,False,False,False,False,False,True,False,False,1945
deepseek-ai/DeepSeek-R1-Distill-Qwen-7B,math500,47,119,False,True,192,False,192,12,204,3,True,704,False,704,44,748,11,True,512,False,False,False,False,False,False,False,False,False,False,False,True,False,False,16384
deepseek-ai/DeepSeek-R1-Distill-Qwen-7B,math500,47,121,True,True,192,True,192,12,204,3,True,192,True,192,12,204,3,True,0,False,False,False,False,False,False,False,False,False,False,False,False,False,True,1955
deepseek-ai/DeepSeek-R1-Distill-Qwen-7B,math500,47,123,True,True,192,False,192,15,207,3,True,320,False,320,22,342,5,True,128,False,False,False,True,False,True,False,False,False,False,False,True,False,False,6432
deepseek-ai/DeepSeek-R1-Distill-Qwen-7B,math500,47,125,True,True,320,False,320,20,340,5,True,704,False,704,50,754,11,True,384,False,False,False,True,False,True,False,False,False,False,False,True,False,False,2515
deepseek-ai/DeepSeek-R1-Distill-Qwen-7B,math500,47,13,True,True,192,True,192,17,209,3,True,192,True,192,12,204,3,True,0,False,False,False,False,False,False,False,False,False,False,False,False,False,True,357
deepseek-ai/DeepSeek-R1-Distill-Qwen-7B,math500,47,131,True,True,192,False,192,15,207,3,True,192,False,192,15,207,3,True,0,False,False,False,True,False,True,False,False,False,False,False,False,False,True,1390
deepseek-ai/DeepSeek-R1-Distill-Qwen-7B,math500,47,134,True,True,1536,True,1536,123,1659,24,True,1344,False,1344,102,1446,21,True,-192,False,False,False,False,False,True,False,False,True,False,True,False,True,False,2649
deepseek-ai/DeepSeek-R1-Distill-Qwen-7B,math500,47,137,True,True,704,True,704,86,790,11,True,704,True,704,85,789,11,True,0,False,False,False,False,False,False,False,False,False,False,False,False,False,True,2496
deepseek-ai/DeepSeek-R1-Distill-Qwen-7B,math500,47,143,True,True,1152,True,1152,118,1270,18,True,1152,True,1152,119,1271,18,True,0,False,False,False,False,False,False,False,False,False,False,False,False,False,True,2791
deepseek-ai/DeepSeek-R1-Distill-Qwen-7B,math500,47,146,True,True,192,False,192,24,216,3,True,192,False,192,24,216,3,True,0,False,False,False,True,False,True,False,False,False,False,False,False,False,True,1655
deepseek-ai/DeepSeek-R1-Distill-Qwen-7B,math500,47,147,True,True,192,True,192,15,207,3,True,576,True,576,45,621,9,True,384,False,False,False,False,False,False,False,False,False,False,False,True,False,False,5412
deepseek-ai/DeepSeek-R1-Distill-Qwen-7B,math500,47,148,True,True,192,True,192,15,207,3,True,320,True,320,27,347,5,True,128,False,False,False,False,False,False,False,False,False,False,False,True,False,False,1589
deepseek-ai/DeepSeek-R1-Distill-Qwen-7B,math500,47,157,True,True,1792,False,1792,167,1959,28,True,320,False,320,20,340,5,True,-1472,False,False,False,True,False,True,False,False,False,False,False,False,True,False,2246
deepseek-ai/DeepSeek-R1-Distill-Qwen-7B,math500,47,160,True,True,192,True,192,15,207,3,True,192,True,192,15,207,3,True,0,False,False,False,False,False,False,False,False,False,False,False,False,False,True,2482
deepseek-ai/DeepSeek-R1-Distill-Qwen-7B,math500,47,162,True,True,192,False,192,12,204,3,True,640,False,640,40,680,10,True,448,False,False,False,True,False,True,False,False,False,False,False,True,False,False,2451
deepseek-ai/DeepSeek-R1-Distill-Qwen-7B,math500,47,17,True,True,192,False,192,12,204,3,True,192,False,192,12,204,3,True,0,False,False,False,True,False,True,False,False,False,False,False,False,False,True,11901
deepseek-ai/DeepSeek-R1-Distill-Qwen-7B,math500,47,182,True,True,320,False,320,35,355,5,True,384,False,384,42,426,6,True,64,False,False,False,True,False,True,False,False,False,False,False,True,False,False,1620
deepseek-ai/DeepSeek-R1-Distill-Qwen-7B,math500,47,187,True,True,512,True,512,32,544,8,True,192,False,192,12,204,3,True,-320,False,False,False,False,False,True,False,False,True,False,True,False,True,False,2234
deepseek-ai/DeepSeek-R1-Distill-Qwen-7B,math500,47,188,True,True,1216,True,1216,116,1332,19,True,512,False,512,32,544,8,True,-704,False,False,False,False,False,True,False,False,True,False,True,False,True,False,3296
deepseek-ai/DeepSeek-R1-Distill-Qwen-7B,math500,47,19,True,True,192,False,192,12,204,3,True,192,False,192,12,204,3,True,0,False,False,False,True,False,True,False,False,False,False,False,False,False,True,3867
deepseek-ai/DeepSeek-R1-Distill-Qwen-7B,math500,47,191,True,True,192,True,192,12,204,3,True,192,True,192,12,204,3,True,0,False,False,False,False,False,False,False,False,False,False,False,False,False,True,1723
deepseek-ai/DeepSeek-R1-Distill-Qwen-7B,math500,47,198,True,True,640,True,640,78,718,10,True,512,True,512,65,577,8,True,-128,False,False,False,False,False,False,False,False,False,False,False,False,True,False,1942
deepseek-ai/DeepSeek-R1-Distill-Qwen-7B,math500,47,199,True,True,256,True,256,20,276,4,True,256,True,256,20,276,4,True,0,False,False,False,False,False,False,False,False,False,False,False,False,False,True,434
deepseek-ai/DeepSeek-R1-Distill-Qwen-7B,math500,47,200,True,True,704,True,704,55,759,11,True,320,False,320,26,346,5,True,-384,False,False,False,False,False,True,False,False,True,False,True,False,True,False,2743
deepseek-ai/DeepSeek-R1-Distill-Qwen-7B,math500,47,202,True,True,576,False,576,51,627,9,True,1216,False,1216,98,1314,19,True,640,False,False,False,True,False,True,False,False,False,False,False,True,False,False,3397
deepseek-ai/DeepSeek-R1-Distill-Qwen-7B,math500,47,204,False,True,960,False,960,82,1042,15,True,192,False,192,15,207,3,True,-768,False,False,False,False,False,False,False,False,False,False,False,False,True,False,16384
deepseek-ai/DeepSeek-R1-Distill-Qwen-7B,math500,47,217,False,True,1280,True,1280,441,1721,20,True,1216,True,1216,391,1607,19,True,-64,False,False,False,False,True,False,True,False,False,False,False,False,True,False,16384
deepseek-ai/DeepSeek-R1-Distill-Qwen-7B,math500,47,220,True,True,192,False,192,12,204,3,True,192,False,192,12,204,3,True,0,False,False,False,True,False,True,False,False,False,False,False,False,False,True,1293
deepseek-ai/DeepSeek-R1-Distill-Qwen-7B,math500,47,221,True,True,448,False,448,34,482,7,True,512,False,512,38,550,8,True,64,False,False,False,True,False,True,False,False,False,False,False,True,False,False,4117
deepseek-ai/DeepSeek-R1-Distill-Qwen-7B,math500,47,223,True,True,256,False,256,20,276,4,True,512,False,512,40,552,8,True,256,False,False,False,True,False,True,False,False,False,False,False,True,False,False,7159
deepseek-ai/DeepSeek-R1-Distill-Qwen-7B,math500,47,224,True,True,384,False,384,27,411,6,True,768,False,768,152,920,12,True,384,False,False,False,True,False,True,False,False,False,False,False,True,False,False,3902
deepseek-ai/DeepSeek-R1-Distill-Qwen-7B,math500,47,227,True,True,192,False,192,12,204,3,True,192,False,192,12,204,3,True,0,False,False,False,True,False,True,False,False,False,False,False,False,False,True,1131
deepseek-ai/DeepSeek-R1-Distill-Qwen-7B,math500,47,230,True,True,192,False,192,12,204,3,True,384,False,384,24,408,6,True,192,False,False,False,True,False,True,False,False,False,False,False,True,False,False,5294
deepseek-ai/DeepSeek-R1-Distill-Qwen-7B,math500,47,232,True,True,704,False,704,70,774,11,True,512,False,512,53,565,8,True,-192,False,False,False,True,False,True,False,False,False,False,False,False,True,False,7532
deepseek-ai/DeepSeek-R1-Distill-Qwen-7B,math500,47,239,True,True,1024,False,1024,80,1104,16,True,1920,False,1920,150,2070,30,True,896,False,False,False,True,False,True,False,False,False,False,False,True,False,False,6511
deepseek-ai/DeepSeek-R1-Distill-Qwen-7B,math500,47,246,False,True,192,True,192,12,204,3,True,192,True,192,12,204,3,True,0,False,False,False,False,True,False,True,False,False,False,False,False,False,True,3974
deepseek-ai/DeepSeek-R1-Distill-Qwen-7B,math500,47,255,True,True,192,True,192,12,204,3,True,192,True,192,12,204,3,True,0,False,False,False,False,False,False,False,False,False,False,False,False,False,True,1364
deepseek-ai/DeepSeek-R1-Distill-Qwen-7B,math500,47,256,True,True,768,True,768,124,892,12,True,1024,False,1024,84,1108,16,True,256,False,False,False,False,False,True,False,False,True,False,True,True,False,False,2952
deepseek-ai/DeepSeek-R1-Distill-Qwen-7B,math500,47,272,True,True,960,False,960,96,1056,15,True,320,False,320,33,353,5,True,-640,False,False,False,True,False,True,False,False,False,False,False,False,True,False,2874
deepseek-ai/DeepSeek-R1-Distill-Qwen-7B,math500,47,276,True,True,832,True,832,73,905,13,True,640,True,640,56,696,10,True,-192,False,False,False,False,False,False,False,False,False,False,False,False,True,False,2760
deepseek-ai/DeepSeek-R1-Distill-Qwen-7B,math500,47,292,True,True,2368,True,2368,222,2590,37,True,1600,False,1600,142,1742,25,True,-768,False,False,False,False,False,True,False,False,True,False,True,False,True,False,4578
deepseek-ai/DeepSeek-R1-Distill-Qwen-7B,math500,47,301,False,True,1792,False,1792,169,1961,28,True,1792,False,1792,169,1961,28,True,0,False,False,False,False,False,False,False,False,False,False,False,False,False,True,8239
deepseek-ai/DeepSeek-R1-Distill-Qwen-7B,math500,47,302,False,True,192,True,192,12,204,3,True,192,True,192,12,204,3,True,0,False,False,False,False,True,False,True,False,False,False,False,False,False,True,13815
deepseek-ai/DeepSeek-R1-Distill-Qwen-7B,math500,47,303,True,True,192,False,192,15,207,3,True,192,False,192,15,207,3,True,0,False,False,False,True,False,True,False,False,False,False,False,False,False,True,14401
deepseek-ai/DeepSeek-R1-Distill-Qwen-7B,math500,47,305,True,True,256,False,256,16,272,4,True,320,False,320,20,340,5,True,64,False,False,False,True,False,True,False,False,False,False,False,True,False,False,1413
deepseek-ai/DeepSeek-R1-Distill-Qwen-7B,math500,47,307,True,True,192,False,192,24,216,3,True,704,True,704,100,804,11,True,512,False,False,False,True,False,False,False,True,False,True,False,True,False,False,4179
deepseek-ai/DeepSeek-R1-Distill-Qwen-7B,math500,47,313,True,True,512,True,512,57,569,8,True,512,True,512,54,566,8,True,0,False,False,False,False,False,False,False,False,False,False,False,False,False,True,933
deepseek-ai/DeepSeek-R1-Distill-Qwen-7B,math500,47,317,True,True,512,True,512,32,544,8,True,256,False,256,16,272,4,True,-256,False,False,False,False,False,True,False,False,True,False,True,False,True,False,6611
deepseek-ai/DeepSeek-R1-Distill-Qwen-7B,math500,47,329,True,True,384,True,384,36,420,6,True,320,True,320,22,342,5,True,-64,False,False,False,False,False,False,False,False,False,False,False,False,True,False,1881
deepseek-ai/DeepSeek-R1-Distill-Qwen-7B,math500,47,330,True,True,960,True,960,106,1066,15,True,960,True,960,105,1065,15,True,0,False,False,False,False,False,False,False,False,False,False,False,False,False,True,1856
deepseek-ai/DeepSeek-R1-Distill-Qwen-7B,math500,47,337,True,True,192,False,192,12,204,3,True,192,False,192,12,204,3,True,0,False,False,False,True,False,True,False,False,False,False,False,False,False,True,2302
deepseek-ai/DeepSeek-R1-Distill-Qwen-7B,math500,47,34,True,True,320,False,320,27,347,5,True,896,True,896,125,1021,14,True,576,False,False,False,True,False,False,False,True,False,True,False,True,False,False,1560
deepseek-ai/DeepSeek-R1-Distill-Qwen-7B,math500,47,349,True,True,320,False,320,30,350,5,True,1088,False,1088,106,1194,17,True,768,False,False,False,True,False,True,False,False,False,False,False,True,False,False,9253
deepseek-ai/DeepSeek-R1-Distill-Qwen-7B,math500,47,356,True,True,768,False,768,118,886,12,True,960,True,960,154,1114,15,True,192,False,False,False,True,False,False,False,True,False,True,False,True,False,False,2759
deepseek-ai/DeepSeek-R1-Distill-Qwen-7B,math500,47,360,True,True,256,False,256,16,272,4,True,704,False,704,60,764,11,True,448,False,False,False,True,False,True,False,False,False,False,False,True,False,False,2659
deepseek-ai/DeepSeek-R1-Distill-Qwen-7B,math500,47,363,True,True,384,True,384,24,408,6,True,192,True,192,12,204,3,True,-192,False,False,False,False,False,False,False,False,False,False,False,False,True,False,1432
deepseek-ai/DeepSeek-R1-Distill-Qwen-7B,math500,47,375,True,True,1216,True,1216,93,1309,19,True,1216,True,1216,92,1308,19,True,0,False,False,False,False,False,False,False,False,False,False,False,False,False,True,2092
deepseek-ai/DeepSeek-R1-Distill-Qwen-7B,math500,47,377,True,True,192,True,192,12,204,3,True,192,True,192,12,204,3,True,0,False,False,False,False,False,False,False,False,False,False,False,False,False,True,5563
deepseek-ai/DeepSeek-R1-Distill-Qwen-7B,math500,47,386,True,True,640,True,640,49,689,10,True,192,False,192,15,207,3,True,-448,False,False,False,False,False,True,False,False,True,False,True,False,True,False,1639
deepseek-ai/DeepSeek-R1-Distill-Qwen-7B,math500,47,388,True,True,192,False,192,12,204,3,True,192,False,192,12,204,3,True,0,False,False,False,True,False,True,False,False,False,False,False,False,False,True,2492
deepseek-ai/DeepSeek-R1-Distill-Qwen-7B,math500,47,390,True,True,1088,False,1088,84,1172,17,True,704,False,704,45,749,11,True,-384,False,False,False,True,False,True,False,False,False,False,False,False,True,False,3124
deepseek-ai/DeepSeek-R1-Distill-Qwen-7B,math500,47,393,True,True,832,False,832,92,924,13,True,192,False,192,33,225,3,True,-640,False,False,False,True,False,True,False,False,False,False,False,False,True,False,1079
deepseek-ai/DeepSeek-R1-Distill-Qwen-7B,math500,47,403,True,True,832,False,832,67,899,13,True,384,False,384,24,408,6,True,-448,False,False,False,True,False,True,False,False,False,False,False,False,True,False,4181
deepseek-ai/DeepSeek-R1-Distill-Qwen-7B,math500,47,409,True,True,1088,False,1088,117,1205,17,True,640,False,640,78,718,10,True,-448,False,False,False,True,False,True,False,False,False,False,False,False,True,False,4005
deepseek-ai/DeepSeek-R1-Distill-Qwen-7B,math500,47,41,True,True,1728,True,1728,129,1857,27,True,1728,True,1728,133,1861,27,True,0,False,False,False,False,False,False,False,False,False,False,False,False,False,True,14681
deepseek-ai/DeepSeek-R1-Distill-Qwen-7B,math500,47,411,True,True,192,True,192,15,207,3,True,192,True,192,15,207,3,True,0,False,False,False,False,False,False,False,False,False,False,False,False,False,True,1192
deepseek-ai/DeepSeek-R1-Distill-Qwen-7B,math500,47,413,True,True,192,True,192,21,213,3,True,192,True,192,21,213,3,True,0,False,False,False,False,False,False,False,False,False,False,False,False,False,True,703
deepseek-ai/DeepSeek-R1-Distill-Qwen-7B,math500,47,414,True,True,384,False,384,25,409,6,True,768,True,768,53,821,12,True,384,False,False,False,True,False,False,False,True,False,True,False,True,False,False,1347
deepseek-ai/DeepSeek-R1-Distill-Qwen-7B,math500,47,421,True,True,3520,True,3520,528,4048,55,True,1088,False,1088,79,1167,17,True,-2432,False,False,False,False,False,True,False,False,True,False,True,False,True,False,7111
deepseek-ai/DeepSeek-R1-Distill-Qwen-7B,math500,47,425,True,True,448,False,448,141,589,7,True,3968,True,3968,1513,5481,62,True,3520,False,False,False,True,False,False,False,True,False,True,False,True,False,False,11926
deepseek-ai/DeepSeek-R1-Distill-Qwen-7B,math500,47,426,True,True,192,False,192,24,216,3,True,192,False,192,24,216,3,True,0,False,False,False,True,False,True,False,False,False,False,False,False,False,True,1216
deepseek-ai/DeepSeek-R1-Distill-Qwen-7B,math500,47,429,True,True,1216,True,1216,104,1320,19,True,384,False,384,37,421,6,True,-832,False,False,False,False,False,True,False,False,True,False,True,False,True,False,2402
deepseek-ai/DeepSeek-R1-Distill-Qwen-7B,math500,47,432,True,True,832,False,832,69,901,13,True,320,False,320,23,343,5,True,-512,False,False,False,True,False,True,False,False,False,False,False,False,True,False,5432
deepseek-ai/DeepSeek-R1-Distill-Qwen-7B,math500,47,434,True,True,256,False,256,20,276,4,True,512,False,512,40,552,8,True,256,False,False,False,True,False,True,False,False,False,False,False,True,False,False,2556
deepseek-ai/DeepSeek-R1-Distill-Qwen-7B,math500,47,439,True,True,2496,True,2496,678,3174,39,True,320,False,320,49,369,5,True,-2176,False,False,False,False,False,True,False,False,True,False,True,False,True,False,4564
deepseek-ai/DeepSeek-R1-Distill-Qwen-7B,math500,47,440,True,True,896,True,896,163,1059,14,True,768,True,768,128,896,12,True,-128,False,False,False,False,False,False,False,False,False,False,False,False,True,False,1853
deepseek-ai/DeepSeek-R1-Distill-Qwen-7B,math500,47,442,True,True,704,True,704,59,763,11,True,704,True,704,58,762,11,True,0,False,False,False,False,False,False,False,False,False,False,False,False,False,True,2043
deepseek-ai/DeepSeek-R1-Distill-Qwen-7B,math500,47,448,True,True,1280,True,1280,93,1373,20,True,1280,True,1280,94,1374,20,True,0,False,False,False,False,False,False,False,False,False,False,False,False,False,True,2975
deepseek-ai/DeepSeek-R1-Distill-Qwen-7B,math500,47,462,True,True,704,True,704,75,779,11,True,640,True,640,50,690,10,True,-64,False,False,False,False,False,False,False,False,False,False,False,False,True,False,3772
deepseek-ai/DeepSeek-R1-Distill-Qwen-7B,math500,47,465,True,True,640,True,640,53,693,10,True,320,False,320,25,345,5,True,-320,False,False,False,False,False,True,False,False,True,False,True,False,True,False,1545
deepseek-ai/DeepSeek-R1-Distill-Qwen-7B,math500,47,468,True,True,512,True,512,35,547,8,True,576,True,576,39,615,9,True,64,False,False,False,False,False,False,False,False,False,False,False,True,False,False,1087
deepseek-ai/DeepSeek-R1-Distill-Qwen-7B,math500,47,469,True,True,192,True,192,15,207,3,True,192,True,192,15,207,3,True,0,False,False,False,False,False,False,False,False,False,False,False,False,False,True,2241
deepseek-ai/DeepSeek-R1-Distill-Qwen-7B,math500,47,474,True,True,576,True,576,37,613,9,True,192,True,192,12,204,3,True,-384,False,False,False,False,False,False,False,False,False,False,False,False,True,False,3296
deepseek-ai/DeepSeek-R1-Distill-Qwen-7B,math500,47,475,True,True,2560,True,2560,248,2808,40,True,1472,False,1472,110,1582,23,True,-1088,False,False,False,False,False,True,False,False,True,False,True,False,True,False,3598
deepseek-ai/DeepSeek-R1-Distill-Qwen-7B,math500,47,479,True,True,512,True,512,37,549,8,True,512,True,512,35,547,8,True,0,False,False,False,False,False,False,False,False,False,False,False,False,False,True,1827
deepseek-ai/DeepSeek-R1-Distill-Qwen-7B,math500,47,487,True,True,192,True,192,12,204,3,True,192,True,192,12,204,3,True,0,False,False,False,False,False,False,False,False,False,False,False,False,False,True,441
deepseek-ai/DeepSeek-R1-Distill-Qwen-7B,math500,47,496,True,True,1280,False,1280,109,1389,20,True,192,False,192,12,204,3,True,-1088,False,False,False,True,False,True,False,False,False,False,False,False,True,False,2073
deepseek-ai/DeepSeek-R1-Distill-Qwen-7B,math500,47,54,True,True,192,True,192,21,213,3,True,192,True,192,21,213,3,True,0,False,False,False,False,False,False,False,False,False,False,False,False,False,True,1118
deepseek-ai/DeepSeek-R1-Distill-Qwen-7B,math500,47,6,True,True,256,True,256,20,276,4,True,256,True,256,20,276,4,True,0,False,False,False,False,False,False,False,False,False,False,False,False,False,True,2619
deepseek-ai/DeepSeek-R1-Distill-Qwen-7B,math500,47,65,True,True,192,True,192,12,204,3,True,192,True,192,12,204,3,True,0,False,False,False,False,False,False,False,False,False,False,False,False,False,True,2321
deepseek-ai/DeepSeek-R1-Distill-Qwen-7B,math500,47,67,True,True,704,True,704,77,781,11,True,640,True,640,72,712,10,True,-64,False,False,False,False,False,False,False,False,False,False,False,False,True,False,1286
deepseek-ai/DeepSeek-R1-Distill-Qwen-7B,math500,47,77,True,True,192,True,192,12,204,3,True,192,True,192,12,204,3,True,0,False,False,False,False,False,False,False,False,False,False,False,False,False,True,434
deepseek-ai/DeepSeek-R1-Distill-Qwen-7B,math500,47,81,True,True,768,True,768,48,816,12,True,768,True,768,48,816,12,True,0,False,False,False,False,False,False,False,False,False,False,False,False,False,True,1581
Qwen/Qwen3-8B,amc23,42,1,True,True,896,True,896,60,956,14,True,896,True,896,60,956,14,True,0,False,False,False,False,False,False,False,False,False,False,False,False,False,True,2901
Qwen/Qwen3-8B,amc23,42,10,True,True,256,True,256,16,272,4,True,192,False,192,12,204,3,True,-64,False,False,False,False,False,True,False,False,True,False,True,False,True,False,9119
Qwen/Qwen3-8B,amc23,42,11,False,True,1920,False,1920,151,2071,30,True,3264,False,3264,254,3518,51,True,1344,False,False,False,False,False,False,False,False,False,False,False,True,False,False,16384
Qwen/Qwen3-8B,amc23,42,12,True,True,192,False,192,12,204,3,True,384,False,384,24,408,6,True,192,False,False,False,True,False,True,False,False,False,False,False,True,False,False,5237
Qwen/Qwen3-8B,amc23,42,13,False,True,192,True,192,12,204,3,True,192,True,192,12,204,3,True,0,False,False,False,False,True,False,True,False,False,False,False,False,False,True,16384
Qwen/Qwen3-8B,amc23,42,14,True,True,192,False,192,12,204,3,True,192,False,192,12,204,3,True,0,False,False,False,True,False,True,False,False,False,False,False,False,False,True,8141
Qwen/Qwen3-8B,amc23,42,15,True,True,192,False,192,12,204,3,True,640,False,640,58,698,10,True,448,False,False,False,True,False,True,False,False,False,False,False,True,False,False,5883
Qwen/Qwen3-8B,amc23,42,16,True,True,192,False,192,15,207,3,True,192,False,192,15,207,3,True,0,False,False,False,True,False,True,False,False,False,False,False,False,False,True,5487
Qwen/Qwen3-8B,amc23,42,18,False,True,2880,False,2880,230,3110,45,True,448,False,448,31,479,7,True,-2432,False,False,False,False,False,False,False,False,False,False,False,False,True,False,16384
Qwen/Qwen3-8B,amc23,42,20,False,True,192,False,192,12,204,3,True,192,False,192,12,204,3,True,0,False,False,False,False,False,False,False,False,False,False,False,False,False,True,16384
Qwen/Qwen3-8B,amc23,42,21,True,True,1152,True,1152,95,1247,18,True,192,True,192,12,204,3,True,-960,False,False,False,False,False,False,False,False,False,False,False,False,True,False,2982
Qwen/Qwen3-8B,amc23,42,22,True,True,1024,False,1024,73,1097,16,True,320,False,320,20,340,5,True,-704,False,False,False,True,False,True,False,False,False,False,False,False,True,False,3784
Qwen/Qwen3-8B,amc23,42,23,True,True,640,False,640,44,684,10,True,1472,True,1472,95,1567,23,True,832,False,False,False,True,False,False,False,True,False,True,False,True,False,False,5968
Qwen/Qwen3-8B,amc23,42,24,True,True,256,True,256,19,275,4,True,832,True,832,69,901,13,True,576,False,False,False,False,False,False,False,False,False,False,False,True,False,False,5568
Qwen/Qwen3-8B,amc23,42,25,True,True,192,False,192,15,207,3,True,192,False,192,15,207,3,True,0,False,False,False,True,False,True,False,False,False,False,False,False,False,True,4053
Qwen/Qwen3-8B,amc23,42,26,True,True,192,True,192,15,207,3,True,576,False,576,107,683,9,True,384,False,False,False,False,False,True,False,False,True,False,True,True,False,False,3643
Qwen/Qwen3-8B,amc23,42,27,True,True,192,False,192,12,204,3,True,192,False,192,12,204,3,True,0,False,False,False,True,False,True,False,False,False,False,False,False,False,True,12709
Qwen/Qwen3-8B,amc23,42,28,True,True,192,False,192,15,207,3,True,192,False,192,15,207,3,True,0,False,False,False,True,False,True,False,False,False,False,False,False,False,True,6923
Qwen/Qwen3-8B,amc23,42,29,True,True,192,False,192,27,219,3,True,192,False,192,27,219,3,True,0,False,False,False,True,False,True,False,False,False,False,False,False,False,True,6441
Qwen/Qwen3-8B,amc23,42,3,True,True,1280,True,1280,135,1415,20,True,1216,True,1216,141,1357,19,True,-64,False,False,False,False,False,False,False,False,False,False,False,False,True,False,5302
Qwen/Qwen3-8B,amc23,42,32,True,True,384,False,384,108,492,6,True,256,False,256,72,328,4,True,-128,False,False,False,True,False,True,False,False,False,False,False,False,True,False,8855
Qwen/Qwen3-8B,amc23,42,33,True,True,192,False,192,15,207,3,True,192,False,192,15,207,3,True,0,False,False,False,True,False,True,False,False,False,False,False,False,False,True,2505
Qwen/Qwen3-8B,amc23,42,34,True,True,256,False,256,31,287,4,True,384,False,384,47,431,6,True,128,False,False,False,True,False,True,False,False,False,False,False,True,False,False,1887
Qwen/Qwen3-8B,amc23,42,35,True,True,320,False,320,20,340,5,True,256,True,256,16,272,4,True,-64,False,False,False,True,False,False,False,True,False,True,False,False,True,False,10422
Qwen/Qwen3-8B,amc23,42,37,True,True,2496,False,2496,202,2698,39,True,1344,False,1344,98,1442,21,True,-1152,False,False,False,True,False,True,False,False,False,False,False,False,True,False,11494
Qwen/Qwen3-8B,amc23,42,39,True,True,192,True,192,12,204,3,True,192,True,192,12,204,3,True,0,False,False,False,False,False,False,False,False,False,False,False,False,False,True,12659
Qwen/Qwen3-8B,amc23,42,4,True,True,3456,False,3456,313,3769,54,True,1344,False,1344,113,1457,21,True,-2112,False,False,False,True,False,True,False,False,False,False,False,False,True,False,7245
Qwen/Qwen3-8B,amc23,42,5,True,True,192,False,192,12,204,3,True,192,False,192,12,204,3,True,0,False,False,False,True,False,True,False,False,False,False,False,False,False,True,9547
Qwen/Qwen3-8B,amc23,42,6,True,True,704,False,704,58,762,11,True,256,False,256,20,276,4,True,-448,False,False,False,True,False,True,False,False,False,False,False,False,True,False,16384
Qwen/Qwen3-8B,amc23,42,7,False,True,1984,False,1984,205,2189,31,True,256,False,256,19,275,4,True,-1728,False,False,False,False,False,False,False,False,False,False,False,False,True,False,16384
Qwen/Qwen3-8B,amc23,42,8,True,True,192,True,192,12,204,3,True,192,True,192,12,204,3,True,0,False,False,False,False,False,False,False,False,False,False,False,False,False,True,11785
Qwen/Qwen3-8B,amc23,42,9,True,True,320,False,320,22,342,5,True,640,False,640,50,690,10,True,320,False,False,False,True,False,True,False,False,False,False,False,True,False,False,3857
Qwen/Qwen3-8B,amc23,46,0,True,True,320,True,320,25,345,5,True,320,True,320,25,345,5,True,0,False,False,False,False,False,False,False,False,False,False,False,False,False,True,2898
Qwen/Qwen3-8B,amc23,46,17,True,True,640,False,640,49,689,10,True,192,False,192,15,207,3,True,-448,False,False,False,True,False,True,False,False,False,False,False,False,True,False,6487
Qwen/Qwen3-8B,amc23,46,19,True,True,256,False,256,21,277,4,True,192,False,192,15,207,3,True,-64,False,False,False,True,False,True,False,False,False,False,False,False,True,False,3302
Qwen/Qwen3-8B,amc23,46,2,True,True,640,True,640,157,797,10,True,640,True,640,165,805,10,True,0,False,False,False,False,False,False,False,False,False,False,False,False,False,True,3323
Qwen/Qwen3-8B,amc23,46,30,True,True,192,False,192,15,207,3,True,192,False,192,15,207,3,True,0,False,False,False,True,False,True,False,False,False,False,False,False,False,True,3059
Qwen/Qwen3-8B,amc23,46,31,False,True,384,False,384,25,409,6,True,576,False,576,38,614,9,True,192,False,False,False,False,False,False,False,False,False,False,False,True,False,False,16384
Qwen/Qwen3-8B,amc23,46,36,True,True,192,True,192,12,204,3,True,192,True,192,12,204,3,True,0,False,False,False,False,False,False,False,False,False,False,False,False,False,True,9659
Qwen/Qwen3-8B,amc23,46,38,True,True,2240,True,2240,213,2453,35,True,704,False,704,58,762,11,True,-1536,False,False,False,False,False,True,False,False,True,False,True,False,True,False,8366
deepseek-ai/DeepSeek-R1-Distill-Qwen-7B,math500,44,0,True,True,768,True,768,168,936,12,True,384,True,384,75,459,6,True,-384,False,False,False,False,False,False,False,False,False,False,False,False,True,False,1547
deepseek-ai/DeepSeek-R1-Distill-Qwen-7B,math500,44,1,True,True,1216,True,1216,190,1406,19,True,448,False,448,70,518,7,True,-768,False,False,False,False,False,True,False,False,True,False,True,False,True,False,4181
deepseek-ai/DeepSeek-R1-Distill-Qwen-7B,math500,44,10,True,True,256,True,256,30,286,4,True,256,True,256,31,287,4,True,0,False,False,False,False,False,False,False,False,False,False,False,False,False,True,4800
deepseek-ai/DeepSeek-R1-Distill-Qwen-7B,math500,44,100,False,True,640,False,640,57,697,10,True,704,False,704,61,765,11,True,64,False,False,False,False,False,False,False,False,False,False,False,True,False,False,16384
deepseek-ai/DeepSeek-R1-Distill-Qwen-7B,math500,44,105,True,True,704,True,704,56,760,11,True,512,True,512,41,553,8,True,-192,False,False,False,False,False,False,False,False,False,False,False,False,True,False,980
deepseek-ai/DeepSeek-R1-Distill-Qwen-7B,math500,44,107,True,True,640,False,640,43,683,10,True,256,False,256,16,272,4,True,-384,False,False,False,True,False,True,False,False,False,False,False,False,True,False,2883
deepseek-ai/DeepSeek-R1-Distill-Qwen-7B,math500,44,108,True,True,192,True,192,12,204,3,True,192,True,192,12,204,3,True,0,False,False,False,False,False,False,False,False,False,False,False,False,False,True,4716
deepseek-ai/DeepSeek-R1-Distill-Qwen-7B,math500,44,109,True,True,960,False,960,83,1043,15,True,640,False,640,52,692,10,True,-320,False,False,False,True,False,True,False,False,False,False,False,False,True,False,3424
deepseek-ai/DeepSeek-R1-Distill-Qwen-7B,math500,44,11,True,True,192,False,192,12,204,3,True,192,False,192,12,204,3,True,0,False,False,False,True,False,True,False,False,False,False,False,False,False,True,7403
deepseek-ai/DeepSeek-R1-Distill-Qwen-7B,math500,44,110,False,True,1728,False,1728,140,1868,27,True,1536,False,1536,121,1657,24,True,-192,False,False,False,False,False,False,False,False,False,False,False,False,True,False,16384
deepseek-ai/DeepSeek-R1-Distill-Qwen-7B,math500,44,111,True,True,832,True,832,78,910,13,True,832,True,832,78,910,13,True,0,False,False,False,False,False,False,False,False,False,False,False,False,False,True,1898
deepseek-ai/DeepSeek-R1-Distill-Qwen-7B,math500,44,112,True,True,448,False,448,34,482,7,True,1024,False,1024,81,1105,16,True,576,False,False,False,True,False,True,False,False,False,False,False,True,False,False,2788
deepseek-ai/DeepSeek-R1-Distill-Qwen-7B,math500,44,113,True,True,832,True,832,84,916,13,True,768,True,768,88,856,12,True,-64,False,False,False,False,False,False,False,False,False,False,False,False,True,False,2061
deepseek-ai/DeepSeek-R1-Distill-Qwen-7B,math500,44,116,True,True,192,False,192,12,204,3,True,384,True,384,24,408,6,True,192,False,False,False,True,False,False,False,True,False,True,False,True,False,False,2680
deepseek-ai/DeepSeek-R1-Distill-Qwen-7B,math500,44,117,True,True,192,True,192,12,204,3,True,192,True,192,12,204,3,True,0,False,False,False,False,False,False,False,False,False,False,False,False,False,True,1555
deepseek-ai/DeepSeek-R1-Distill-Qwen-7B,math500,44,118,True,True,192,True,192,15,207,3,True,192,True,192,15,207,3,True,0,False,False,False,False,False,False,False,False,False,False,False,False,False,True,3534
deepseek-ai/DeepSeek-R1-Distill-Qwen-7B,math500,44,12,True,True,1536,True,1536,137,1673,24,True,256,True,256,24,280,4,True,-1280,False,False,False,False,False,False,False,False,False,False,False,False,True,False,2609
deepseek-ai/DeepSeek-R1-Distill-Qwen-7B,math500,44,120,True,True,704,True,704,44,748,11,True,576,True,576,36,612,9,True,-128,False,False,False,False,False,False,False,False,False,False,False,False,True,False,8936
deepseek-ai/DeepSeek-R1-Distill-Qwen-7B,math500,44,122,True,True,192,True,192,12,204,3,True,192,True,192,12,204,3,True,0,False,False,False,False,False,False,False,False,False,False,False,False,False,True,1172
deepseek-ai/DeepSeek-R1-Distill-Qwen-7B,math500,44,124,True,True,1984,False,1984,197,2181,31,False,,True,2697,203,2900,42,False,,True,False,False,True,False,False,False,True,False,True,False,False,False,False,2697
deepseek-ai/DeepSeek-R1-Distill-Qwen-7B,math500,44,126,False,True,192,False,192,12,204,3,True,192,False,192,12,204,3,True,0,False,False,False,False,False,False,False,False,False,False,False,False,False,True,16384
deepseek-ai/DeepSeek-R1-Distill-Qwen-7B,math500,44,127,True,True,704,True,704,98,802,11,True,768,True,768,108,876,12,True,64,False,False,False,False,False,False,False,False,False,False,False,True,False,False,2145
deepseek-ai/DeepSeek-R1-Distill-Qwen-7B,math500,44,128,True,True,640,True,640,50,690,10,True,704,True,704,55,759,11,True,64,False,False,False,False,False,False,False,False,False,False,False,True,False,False,2063
deepseek-ai/DeepSeek-R1-Distill-Qwen-7B,math500,44,129,True,True,384,False,384,30,414,6,True,1664,False,1664,129,1793,26,True,1280,False,False,False,True,False,True,False,False,False,False,False,True,False,False,7810
deepseek-ai/DeepSeek-R1-Distill-Qwen-7B,math500,44,130,True,True,1472,True,1472,110,1582,23,True,1280,True,1280,94,1374,20,True,-192,False,False,False,False,False,False,False,False,False,False,False,False,True,False,3651
deepseek-ai/DeepSeek-R1-Distill-Qwen-7B,math500,44,132,True,True,192,False,192,12,204,3,True,512,True,512,32,544,8,True,320,False,False,False,True,False,False,False,True,False,True,False,True,False,False,2189
deepseek-ai/DeepSeek-R1-Distill-Qwen-7B,math500,44,133,True,True,192,True,192,18,210,3,True,192,True,192,18,210,3,True,0,False,False,False,False,False,False,False,False,False,False,False,False,False,True,1439
deepseek-ai/DeepSeek-R1-Distill-Qwen-7B,math500,44,135,True,True,256,False,256,16,272,4,True,192,False,192,12,204,3,True,-64,False,False,False,True,False,True,False,False,False,False,False,False,True,False,1978
deepseek-ai/DeepSeek-R1-Distill-Qwen-7B,math500,44,136,True,True,256,False,256,19,275,4,True,384,False,384,29,413,6,True,128,False,False,False,True,False,True,False,False,False,False,False,True,False,False,8702
deepseek-ai/DeepSeek-R1-Distill-Qwen-7B,math500,44,138,False,True,1216,False,1216,97,1313,19,True,512,False,512,34,546,8,True,-704,False,False,False,False,False,False,False,False,False,False,False,False,True,False,11729
deepseek-ai/DeepSeek-R1-Distill-Qwen-7B,math500,44,139,True,True,192,True,192,12,204,3,True,256,True,256,26,282,4,True,64,False,False,False,False,False,False,False,False,False,False,False,True,False,False,10371
deepseek-ai/DeepSeek-R1-Distill-Qwen-7B,math500,44,14,True,True,448,False,448,49,497,7,True,192,False,192,12,204,3,True,-256,False,False,False,True,False,True,False,False,False,False,False,False,True,False,1934
deepseek-ai/DeepSeek-R1-Distill-Qwen-7B,math500,44,140,True,True,192,False,192,15,207,3,True,192,False,192,15,207,3,True,0,False,False,False,True,False,True,False,False,False,False,False,False,False,True,1396
deepseek-ai/DeepSeek-R1-Distill-Qwen-7B,math500,44,141,True,True,192,True,192,12,204,3,True,192,True,192,12,204,3,True,0,False,False,False,False,False,False,False,False,False,False,False,False,False,True,1612
deepseek-ai/DeepSeek-R1-Distill-Qwen-7B,math500,44,142,True,True,576,True,576,72,648,9,True,576,True,576,65,641,9,True,0,False,False,False,False,False,False,False,False,False,False,False,False,False,True,4698
deepseek-ai/DeepSeek-R1-Distill-Qwen-7B,math500,44,144,True,True,960,False,960,103,1063,15,True,320,False,320,35,355,5,True,-640,False,False,False,True,False,True,False,False,False,False,False,False,True,False,1420
deepseek-ai/DeepSeek-R1-Distill-Qwen-7B,math500,44,145,True,True,192,False,192,12,204,3,True,192,False,192,12,204,3,True,0,False,False,False,True,False,True,False,False,False,False,False,False,False,True,6174
deepseek-ai/DeepSeek-R1-Distill-Qwen-7B,math500,44,149,True,True,1024,True,1024,78,1102,16,True,1024,True,1024,80,1104,16,True,0,False,False,False,False,False,False,False,False,False,False,False,False,False,True,2846
deepseek-ai/DeepSeek-R1-Distill-Qwen-7B,math500,44,15,True,True,1472,False,1472,378,1850,23,True,576,False,576,100,676,9,True,-896,False,False,False,True,False,True,False,False,False,False,False,False,True,False,3961
deepseek-ai/DeepSeek-R1-Distill-Qwen-7B,math500,44,150,True,True,576,True,576,36,612,9,True,1088,True,1088,68,1156,17,True,512,False,False,False,False,False,False,False,False,False,False,False,True,False,False,5200
deepseek-ai/DeepSeek-R1-Distill-Qwen-7B,math500,44,151,True,True,256,False,256,24,280,4,True,1088,False,1088,110,1198,17,True,832,False,False,False,True,False,True,False,False,False,False,False,True,False,False,6659
deepseek-ai/DeepSeek-R1-Distill-Qwen-7B,math500,44,152,True,True,1088,False,1088,84,1172,17,True,1024,False,1024,79,1103,16,True,-64,False,False,False,True,False,True,False,False,False,False,False,False,True,False,4292
deepseek-ai/DeepSeek-R1-Distill-Qwen-7B,math500,44,153,True,True,896,False,896,91,987,14,True,384,False,384,28,412,6,True,-512,False,False,False,True,False,True,False,False,False,False,False,False,True,False,1462
deepseek-ai/DeepSeek-R1-Distill-Qwen-7B,math500,44,154,False,True,2048,False,2048,303,2351,32,True,2176,False,2176,307,2483,34,True,128,False,False,False,False,False,False,False,False,False,False,False,True,False,False,16384
deepseek-ai/DeepSeek-R1-Distill-Qwen-7B,math500,44,155,True,True,448,False,448,28,476,7,True,704,False,704,44,748,11,True,256,False,False,False,True,False,True,False,False,False,False,False,True,False,False,2352
deepseek-ai/DeepSeek-R1-Distill-Qwen-7B,math500,44,156,True,True,256,False,256,22,278,4,True,256,False,256,20,276,4,True,0,False,False,False,True,False,True,False,False,False,False,False,False,False,True,5481
deepseek-ai/DeepSeek-R1-Distill-Qwen-7B,math500,44,158,True,True,896,True,896,97,993,14,True,896,True,896,97,993,14,True,0,False,False,False,False,False,False,False,False,False,False,False,False,False,True,2786
deepseek-ai/DeepSeek-R1-Distill-Qwen-7B,math500,44,159,True,True,1792,True,1792,178,1970,28,True,768,False,768,72,840,12,True,-1024,False,False,False,False,False,True,False,False,True,False,True,False,True,False,3475
deepseek-ai/DeepSeek-R1-Distill-Qwen-7B,math500,44,16,True,True,1024,True,1024,89,1113,16,True,192,False,192,15,207,3,True,-832,False,False,False,False,False,True,False,False,True,False,True,False,True,False,1989
deepseek-ai/DeepSeek-R1-Distill-Qwen-7B,math500,44,161,True,True,192,True,192,12,204,3,True,192,True,192,12,204,3,True,0,False,False,False,False,False,False,False,False,False,False,False,False,False,True,2291
deepseek-ai/DeepSeek-R1-Distill-Qwen-7B,math500,44,163,True,True,576,False,576,52,628,9,True,832,True,832,109,941,13,True,256,False,False,False,True,False,False,False,True,False,True,False,True,False,False,5134
deepseek-ai/DeepSeek-R1-Distill-Qwen-7B,math500,44,164,True,True,384,False,384,61,445,6,True,640,False,640,68,708,10,True,256,False,False,False,True,False,True,False,False,False,False,False,True,False,False,6327
deepseek-ai/DeepSeek-R1-Distill-Qwen-7B,math500,44,165,True,True,384,False,384,24,408,6,True,256,False,256,16,272,4,True,-128,False,False,False,True,False,True,False,False,False,False,False,False,True,False,3476
deepseek-ai/DeepSeek-R1-Distill-Qwen-7B,math500,44,166,True,True,768,False,768,74,842,12,True,768,False,768,68,836,12,True,0,False,False,False,True,False,True,False,False,False,False,False,False,False,True,16199
deepseek-ai/DeepSeek-R1-Distill-Qwen-7B,math500,44,167,True,True,192,True,192,15,207,3,True,192,True,192,15,207,3,True,0,False,False,False,False,False,False,False,False,False,False,False,False,False,True,987
deepseek-ai/DeepSeek-R1-Distill-Qwen-7B,math500,44,168,False,True,832,False,832,66,898,13,True,1856,False,1856,132,1988,29,True,1024,False,False,False,False,False,False,False,False,False,False,False,True,False,False,16384
deepseek-ai/DeepSeek-R1-Distill-Qwen-7B,math500,44,169,True,True,192,True,192,15,207,3,True,192,True,192,15,207,3,True,0,False,False,False,False,False,False,False,False,False,False,False,False,False,True,2827
deepseek-ai/DeepSeek-R1-Distill-Qwen-7B,math500,44,170,True,True,896,False,896,78,974,14,True,832,False,832,72,904,13,True,-64,False,False,False,True,False,True,False,False,False,False,False,False,True,False,4514
deepseek-ai/DeepSeek-R1-Distill-Qwen-7B,math500,44,171,True,True,1216,False,1216,76,1292,19,True,192,False,192,12,204,3,True,-1024,False,False,False,True,False,True,False,False,False,False,False,False,True,False,1744
deepseek-ai/DeepSeek-R1-Distill-Qwen-7B,math500,44,172,True,True,192,True,192,18,210,3,True,192,True,192,18,210,3,True,0,False,False,False,False,False,False,False,False,False,False,False,False,False,True,1594
deepseek-ai/DeepSeek-R1-Distill-Qwen-7B,math500,44,173,True,True,192,False,192,12,204,3,True,320,False,320,21,341,5,True,128,False,False,False,True,False,True,False,False,False,False,False,True,False,False,4065
deepseek-ai/DeepSeek-R1-Distill-Qwen-7B,math500,44,174,True,True,320,True,320,20,340,5,True,192,True,192,12,204,3,True,-128,False,False,False,False,False,False,False,False,False,False,False,False,True,False,2822
deepseek-ai/DeepSeek-R1-Distill-Qwen-7B,math500,44,175,True,True,192,False,192,12,204,3,True,896,True,896,56,952,14,True,704,False,False,False,True,False,False,False,True,False,True,False,True,False,False,2924
deepseek-ai/DeepSeek-R1-Distill-Qwen-7B,math500,44,176,True,True,576,True,576,122,698,9,True,576,True,576,104,680,9,True,0,False,False,False,False,False,False,False,False,False,False,False,False,False,True,2981
deepseek-ai/DeepSeek-R1-Distill-Qwen-7B,math500,44,177,True,True,384,False,384,32,416,6,True,192,False,192,17,209,3,True,-192,False,False,False,True,False,True,False,False,False,False,False,False,True,False,4527
deepseek-ai/DeepSeek-R1-Distill-Qwen-7B,math500,44,178,True,True,192,True,192,15,207,3,True,192,True,192,15,207,3,True,0,False,False,False,False,False,False,False,False,False,False,False,False,False,True,3073
deepseek-ai/DeepSeek-R1-Distill-Qwen-7B,math500,44,179,True,True,1216,True,1216,397,1613,19,True,1408,True,1408,451,1859,22,True,192,False,False,False,False,False,False,False,False,False,False,False,True,False,False,2940
deepseek-ai/DeepSeek-R1-Distill-Qwen-7B,math500,44,18,True,True,1600,False,1600,127,1727,25,True,1536,False,1536,127,1663,24,True,-64,False,False,False,True,False,True,False,False,False,False,False,False,True,False,14150
deepseek-ai/DeepSeek-R1-Distill-Qwen-7B,math500,44,180,True,True,768,False,768,50,818,12,True,192,False,192,12,204,3,True,-576,False,False,False,True,False,True,False,False,False,False,False,False,True,False,2828
deepseek-ai/DeepSeek-R1-Distill-Qwen-7B,math500,44,181,True,True,1152,True,1152,139,1291,18,False,,True,1253,140,1393,19,False,,True,False,False,False,False,False,False,False,False,False,False,False,False,False,1253
deepseek-ai/DeepSeek-R1-Distill-Qwen-7B,math500,44,183,True,True,896,False,896,68,964,14,True,1088,True,1088,78,1166,17,True,192,False,False,False,True,False,False,False,True,False,True,False,True,False,False,2819
deepseek-ai/DeepSeek-R1-Distill-Qwen-7B,math500,44,184,True,True,1472,True,1472,177,1649,23,True,512,False,512,42,554,8,True,-960,False,False,False,False,False,True,False,False,True,False,True,False,True,False,12210
deepseek-ai/DeepSeek-R1-Distill-Qwen-7B,math500,44,185,True,True,192,True,192,12,204,3,True,192,True,192,12,204,3,True,0,False,False,False,False,False,False,False,False,False,False,False,False,False,True,1630
deepseek-ai/DeepSeek-R1-Distill-Qwen-7B,math500,44,186,True,True,320,False,320,24,344,5,True,192,False,192,15,207,3,True,-128,False,False,False,True,False,True,False,False,False,False,False,False,True,False,1961
deepseek-ai/DeepSeek-R1-Distill-Qwen-7B,math500,44,189,True,True,576,False,576,55,631,9,True,3712,True,3712,350,4062,58,True,3136,False,False,False,True,False,False,False,True,False,True,False,True,False,False,4879
deepseek-ai/DeepSeek-R1-Distill-Qwen-7B,math500,44,190,True,True,1216,False,1216,102,1318,19,True,448,False,448,30,478,7,True,-768,False,False,False,True,False,True,False,False,False,False,False,False,True,False,1993
deepseek-ai/DeepSeek-R1-Distill-Qwen-7B,math500,44,192,True,True,192,False,192,15,207,3,True,640,True,640,50,690,10,True,448,False,False,False,True,False,False,False,True,False,True,False,True,False,False,2026
deepseek-ai/DeepSeek-R1-Distill-Qwen-7B,math500,44,193,True,True,512,True,512,32,544,8,True,192,True,192,12,204,3,True,-320,False,False,False,False,False,False,False,False,False,False,False,False,True,False,2911
deepseek-ai/DeepSeek-R1-Distill-Qwen-7B,math500,44,194,True,True,192,False,192,12,204,3,True,256,False,256,16,272,4,True,64,False,False,False,True,False,True,False,False,False,False,False,True,False,False,5746
deepseek-ai/DeepSeek-R1-Distill-Qwen-7B,math500,44,195,True,True,832,True,832,67,899,13,True,704,True,704,56,760,11,True,-128,False,False,False,False,False,False,False,False,False,False,False,False,True,False,1732
deepseek-ai/DeepSeek-R1-Distill-Qwen-7B,math500,44,196,True,True,512,True,512,56,568,8,True,448,True,448,50,498,7,True,-64,False,False,False,False,False,False,False,False,False,False,False,False,True,False,1275
deepseek-ai/DeepSeek-R1-Distill-Qwen-7B,math500,44,197,True,True,1408,False,1408,110,1518,22,True,448,False,448,35,483,7,True,-960,False,False,False,True,False,True,False,False,False,False,False,False,True,False,5532
deepseek-ai/DeepSeek-R1-Distill-Qwen-7B,math500,44,2,True,True,1152,False,1152,87,1239,18,True,896,False,896,56,952,14,True,-256,False,False,False,True,False,True,False,False,False,False,False,False,True,False,2358
deepseek-ai/DeepSeek-R1-Distill-Qwen-7B,math500,44,20,False,True,2112,False,2112,563,2675,33,True,1984,False,1984,512,2496,31,True,-128,False,False,False,False,False,False,False,False,False,False,False,False,True,False,6682
deepseek-ai/DeepSeek-R1-Distill-Qwen-7B,math500,44,201,True,True,1600,True,1600,135,1735,25,True,768,False,768,60,828,12,True,-832,False,False,False,False,False,True,False,False,True,False,True,False,True,False,3390
deepseek-ai/DeepSeek-R1-Distill-Qwen-7B,math500,44,203,True,True,960,True,960,85,1045,15,True,960,True,960,87,1047,15,True,0,False,False,False,False,False,False,False,False,False,False,False,False,False,True,1480
deepseek-ai/DeepSeek-R1-Distill-Qwen-7B,math500,44,205,True,True,2112,True,2112,807,2919,33,True,2176,True,2176,839,3015,34,True,64,False,False,False,False,False,False,False,False,False,False,False,True,False,False,3086
deepseek-ai/DeepSeek-R1-Distill-Qwen-7B,math500,44,206,True,True,768,True,768,163,931,12,True,768,True,768,120,888,12,True,0,False,False,False,False,False,False,False,False,False,False,False,False,False,True,1618
deepseek-ai/DeepSeek-R1-Distill-Qwen-7B,math500,44,207,True,True,192,True,192,15,207,3,True,192,True,192,15,207,3,True,0,False,False,False,False,False,False,False,False,False,False,False,False,False,True,434
deepseek-ai/DeepSeek-R1-Distill-Qwen-7B,math500,44,208,True,True,576,True,576,36,612,9,True,192,False,192,12,204,3,True,-384,False,False,False,False,False,True,False,False,True,False,True,False,True,False,1669
deepseek-ai/DeepSeek-R1-Distill-Qwen-7B,math500,44,209,True,True,448,False,448,35,483,7,True,1792,True,1792,130,1922,28,True,1344,False,False,False,True,False,False,False,True,False,True,False,True,False,False,3200
deepseek-ai/DeepSeek-R1-Distill-Qwen-7B,math500,44,21,False,True,1088,False,1088,111,1199,17,True,2240,True,2240,233,2473,35,True,1152,False,False,False,False,False,False,True,True,False,False,False,True,False,False,16384
deepseek-ai/DeepSeek-R1-Distill-Qwen-7B,math500,44,210,True,True,1088,True,1088,71,1159,17,True,576,False,576,36,612,9,True,-512,False,False,False,False,False,True,False,False,True,False,True,False,True,False,4058
deepseek-ai/DeepSeek-R1-Distill-Qwen-7B,math500,44,211,True,True,576,True,576,42,618,9,True,640,True,640,45,685,10,True,64,False,False,False,False,False,False,False,False,False,False,False,True,False,False,1953
deepseek-ai/DeepSeek-R1-Distill-Qwen-7B,math500,44,212,True,True,704,True,704,55,759,11,True,192,False,192,15,207,3,True,-512,False,False,False,False,False,True,False,False,True,False,True,False,True,False,1221
deepseek-ai/DeepSeek-R1-Distill-Qwen-7B,math500,44,213,True,True,192,False,192,12,204,3,True,192,False,192,12,204,3,True,0,False,False,False,True,False,True,False,False,False,False,False,False,False,True,4876
deepseek-ai/DeepSeek-R1-Distill-Qwen-7B,math500,44,214,False,True,832,False,832,76,908,13,True,256,False,256,24,280,4,True,-576,False,False,False,False,False,False,False,False,False,False,False,False,True,False,2241
deepseek-ai/DeepSeek-R1-Distill-Qwen-7B,math500,44,215,True,True,320,False,320,20,340,5,True,192,False,192,12,204,3,True,-128,False,False,False,True,False,True,False,False,False,False,False,False,True,False,2921
deepseek-ai/DeepSeek-R1-Distill-Qwen-7B,math500,44,216,True,True,320,False,320,21,341,5,True,576,True,576,40,616,9,True,256,False,False,False,True,False,False,False,True,False,True,False,True,False,False,1414
deepseek-ai/DeepSeek-R1-Distill-Qwen-7B,math500,44,218,True,True,192,True,192,24,216,3,True,192,True,192,24,216,3,True,0,False,False,False,False,False,False,False,False,False,False,False,False,False,True,1105
deepseek-ai/DeepSeek-R1-Distill-Qwen-7B,math500,44,219,True,True,384,False,384,37,421,6,True,512,True,512,48,560,8,True,128,False,False,False,True,False,False,False,True,False,True,False,True,False,False,12270
deepseek-ai/DeepSeek-R1-Distill-Qwen-7B,math500,44,22,True,True,192,False,192,12,204,3,True,704,False,704,44,748,11,True,512,False,False,False,True,False,True,False,False,False,False,False,True,False,False,2390
deepseek-ai/DeepSeek-R1-Distill-Qwen-7B,math500,44,222,True,True,320,False,320,20,340,5,True,192,False,192,12,204,3,True,-128,False,False,False,True,False,True,False,False,False,False,False,False,True,False,8380
deepseek-ai/DeepSeek-R1-Distill-Qwen-7B,math500,44,225,True,True,1152,True,1152,143,1295,18,True,1152,True,1152,124,1276,18,True,0,False,False,False,False,False,False,False,False,False,False,False,False,False,True,1962
deepseek-ai/DeepSeek-R1-Distill-Qwen-7B,math500,44,226,True,True,256,True,256,16,272,4,True,256,True,256,16,272,4,True,0,False,False,False,False,False,False,False,False,False,False,False,False,False,True,3187
deepseek-ai/DeepSeek-R1-Distill-Qwen-7B,math500,44,228,True,True,192,False,192,21,213,3,True,320,False,320,35,355,5,True,128,False,False,False,True,False,True,False,False,False,False,False,True,False,False,3291
deepseek-ai/DeepSeek-R1-Distill-Qwen-7B,math500,44,229,True,True,192,True,192,15,207,3,True,192,True,192,15,207,3,True,0,False,False,False,False,False,False,False,False,False,False,False,False,False,True,1436
deepseek-ai/DeepSeek-R1-Distill-Qwen-7B,math500,44,23,True,True,576,True,576,36,612,9,True,192,False,192,12,204,3,True,-384,False,False,False,False,False,True,False,False,True,False,True,False,True,False,2315
deepseek-ai/DeepSeek-R1-Distill-Qwen-7B,math500,44,231,True,True,256,False,256,17,273,4,True,704,True,704,51,755,11,True,448,False,False,False,True,False,False,False,True,False,True,False,True,False,False,2484
deepseek-ai/DeepSeek-R1-Distill-Qwen-7B,math500,44,233,True,True,448,True,448,35,483,7,True,192,False,192,15,207,3,True,-256,False,False,False,False,False,True,False,False,True,False,True,False,True,False,1209
deepseek-ai/DeepSeek-R1-Distill-Qwen-7B,math500,44,234,True,True,1152,True,1152,99,1251,18,True,1152,True,1152,104,1256,18,True,0,False,False,False,False,False,False,False,False,False,False,False,False,False,True,4955
deepseek-ai/DeepSeek-R1-Distill-Qwen-7B,math500,44,235,True,True,192,False,192,12,204,3,True,192,False,192,12,204,3,True,0,False,False,False,True,False,True,False,False,False,False,False,False,False,True,1945
deepseek-ai/DeepSeek-R1-Distill-Qwen-7B,math500,44,236,False,True,1536,False,1536,109,1645,24,True,1344,False,1344,95,1439,21,True,-192,False,False,False,False,False,False,False,False,False,False,False,False,True,False,16384
deepseek-ai/DeepSeek-R1-Distill-Qwen-7B,math500,44,237,True,True,704,True,704,55,759,11,True,192,False,192,15,207,3,True,-512,False,False,False,False,False,True,False,False,True,False,True,False,True,False,2625
deepseek-ai/DeepSeek-R1-Distill-Qwen-7B,math500,44,238,True,True,768,True,768,66,834,12,True,512,False,512,32,544,8,True,-256,False,False,False,False,False,True,False,False,True,False,True,False,True,False,1565
deepseek-ai/DeepSeek-R1-Distill-Qwen-7B,math500,44,24,True,True,256,False,256,20,276,4,True,832,True,832,58,890,13,True,576,False,False,False,True,False,False,False,True,False,True,False,True,False,False,3043
deepseek-ai/DeepSeek-R1-Distill-Qwen-7B,math500,44,240,False,True,192,False,192,15,207,3,True,1152,False,1152,97,1249,18,True,960,False,False,False,False,False,False,False,False,False,False,False,True,False,False,7515
deepseek-ai/DeepSeek-R1-Distill-Qwen-7B,math500,44,241,True,True,1408,True,1408,110,1518,22,True,704,False,704,56,760,11,True,-704,False,False,False,False,False,True,False,False,True,False,True,False,True,False,2659
deepseek-ai/DeepSeek-R1-Distill-Qwen-7B,math500,44,242,True,True,2112,True,2112,289,2401,33,True,2048,True,2048,257,2305,32,True,-64,False,False,False,False,False,False,False,False,False,False,False,False,True,False,12293
deepseek-ai/DeepSeek-R1-Distill-Qwen-7B,math500,44,243,True,True,192,True,192,12,204,3,True,192,True,192,12,204,3,True,0,False,False,False,False,False,False,False,False,False,False,False,False,False,True,1211
deepseek-ai/DeepSeek-R1-Distill-Qwen-7B,math500,44,244,True,True,192,True,192,12,204,3,True,256,True,256,16,272,4,True,64,False,False,False,False,False,False,False,False,False,False,False,True,False,False,2099
deepseek-ai/DeepSeek-R1-Distill-Qwen-7B,math500,44,245,True,True,2432,True,2432,287,2719,38,True,192,False,192,12,204,3,True,-2240,False,False,False,False,False,True,False,False,True,False,True,False,True,False,5308
deepseek-ai/DeepSeek-R1-Distill-Qwen-7B,math500,44,247,True,True,1024,False,1024,66,1090,16,True,960,False,960,70,1030,15,True,-64,False,False,False,True,False,True,False,False,False,False,False,False,True,False,1944
deepseek-ai/DeepSeek-R1-Distill-Qwen-7B,math500,44,248,True,True,512,False,512,172,684,8,True,320,False,320,64,384,5,True,-192,False,False,False,True,False,True,False,False,False,False,False,False,True,False,3334
deepseek-ai/DeepSeek-R1-Distill-Qwen-7B,math500,44,249,True,True,1024,False,1024,77,1101,16,True,192,False,192,15,207,3,True,-832,False,False,False,True,False,True,False,False,False,False,False,False,True,False,2346
deepseek-ai/DeepSeek-R1-Distill-Qwen-7B,math500,44,25,False,True,320,False,320,40,360,5,True,384,False,384,24,408,6,True,64,False,False,False,False,False,False,False,False,False,False,False,True,False,False,5131
deepseek-ai/DeepSeek-R1-Distill-Qwen-7B,math500,44,250,True,True,832,True,832,60,892,13,True,832,True,832,63,895,13,True,0,False,False,False,False,False,False,False,False,False,False,False,False,False,True,2099
deepseek-ai/DeepSeek-R1-Distill-Qwen-7B,math500,44,251,True,True,256,True,256,27,283,4,True,192,True,192,18,210,3,True,-64,False,False,False,False,False,False,False,False,False,False,False,False,True,False,4453
deepseek-ai/DeepSeek-R1-Distill-Qwen-7B,math500,44,252,True,True,832,True,832,65,897,13,True,768,True,768,59,827,12,True,-64,False,False,False,False,False,False,False,False,False,False,False,False,True,False,2405
deepseek-ai/DeepSeek-R1-Distill-Qwen-7B,math500,44,253,True,True,640,False,640,52,692,10,True,768,False,768,55,823,12,True,128,False,False,False,True,False,True,False,False,False,False,False,True,False,False,1691
deepseek-ai/DeepSeek-R1-Distill-Qwen-7B,math500,44,254,True,True,192,True,192,15,207,3,True,192,True,192,15,207,3,True,0,False,False,False,False,False,False,False,False,False,False,False,False,False,True,1494
deepseek-ai/DeepSeek-R1-Distill-Qwen-7B,math500,44,257,False,True,384,False,384,38,422,6,True,384,False,384,34,418,6,True,0,False,False,False,False,False,False,False,False,False,False,False,False,False,True,671
deepseek-ai/DeepSeek-R1-Distill-Qwen-7B,math500,44,258,True,True,640,True,640,49,689,10,True,192,False,192,15,207,3,True,-448,False,False,False,False,False,True,False,False,True,False,True,False,True,False,1010
deepseek-ai/DeepSeek-R1-Distill-Qwen-7B,math500,44,259,True,True,192,True,192,15,207,3,True,192,True,192,15,207,3,True,0,False,False,False,False,False,False,False,False,False,False,False,False,False,True,2293
deepseek-ai/DeepSeek-R1-Distill-Qwen-7B,math500,44,26,True,True,2432,False,2432,232,2664,38,True,3328,True,3328,345,3673,52,True,896,False,False,False,True,False,False,False,True,False,True,False,True,False,False,8164
deepseek-ai/DeepSeek-R1-Distill-Qwen-7B,math500,44,260,True,True,896,False,896,87,983,14,True,192,False,192,17,209,3,True,-704,False,False,False,True,False,True,False,False,False,False,False,False,True,False,1998
deepseek-ai/DeepSeek-R1-Distill-Qwen-7B,math500,44,261,True,True,192,True,192,15,207,3,True,192,True,192,15,207,3,True,0,False,False,False,False,False,False,False,False,False,False,False,False,False,True,1495
deepseek-ai/DeepSeek-R1-Distill-Qwen-7B,math500,44,262,True,True,192,True,192,12,204,3,True,192,True,192,12,204,3,True,0,False,False,False,False,False,False,False,False,False,False,False,False,False,True,323
deepseek-ai/DeepSeek-R1-Distill-Qwen-7B,math500,44,263,True,True,320,False,320,25,345,5,True,576,True,576,44,620,9,True,256,False,False,False,True,False,False,False,True,False,True,False,True,False,False,1498
deepseek-ai/DeepSeek-R1-Distill-Qwen-7B,math500,44,264,False,True,1152,False,1152,190,1342,18,True,2560,False,2560,334,2894,40,True,1408,False,False,False,False,False,False,False,False,False,False,False,True,False,False,16384
deepseek-ai/DeepSeek-R1-Distill-Qwen-7B,math500,44,265,True,True,384,True,384,42,426,6,True,384,True,384,42,426,6,True,0,False,False,False,False,False,False,False,False,False,False,False,False,False,True,1184
deepseek-ai/DeepSeek-R1-Distill-Qwen-7B,math500,44,266,True,True,448,False,448,33,481,7,True,192,False,192,12,204,3,True,-256,False,False,False,True,False,True,False,False,False,False,False,False,True,False,1124
deepseek-ai/DeepSeek-R1-Distill-Qwen-7B,math500,44,267,True,True,320,True,320,28,348,5,True,192,False,192,15,207,3,True,-128,False,False,False,False,False,True,False,False,True,False,True,False,True,False,2160
deepseek-ai/DeepSeek-R1-Distill-Qwen-7B,math500,44,268,True,True,192,True,192,12,204,3,True,192,True,192,12,204,3,True,0,False,False,False,False,False,False,False,False,False,False,False,False,False,True,1367
deepseek-ai/DeepSeek-R1-Distill-Qwen-7B,math500,44,269,True,True,192,True,192,12,204,3,True,192,True,192,12,204,3,True,0,False,False,False,False,False,False,False,False,False,False,False,False,False,True,1165
deepseek-ai/DeepSeek-R1-Distill-Qwen-7B,math500,44,27,True,True,768,True,768,64,832,12,True,768,True,768,65,833,12,True,0,False,False,False,False,False,False,False,False,False,False,False,False,False,True,1288
deepseek-ai/DeepSeek-R1-Distill-Qwen-7B,math500,44,270,True,True,256,False,256,19,275,4,True,256,True,256,19,275,4,True,0,False,False,False,True,False,False,False,True,False,True,False,False,False,True,1717
deepseek-ai/DeepSeek-R1-Distill-Qwen-7B,math500,44,271,True,True,320,False,320,23,343,5,True,192,False,192,12,204,3,True,-128,False,False,False,True,False,True,False,False,False,False,False,False,True,False,7457
deepseek-ai/DeepSeek-R1-Distill-Qwen-7B,math500,44,273,True,True,384,False,384,38,422,6,True,1024,True,1024,112,1136,16,True,640,False,False,False,True,False,False,False,True,False,True,False,True,False,False,2078
deepseek-ai/DeepSeek-R1-Distill-Qwen-7B,math500,44,274,True,True,1088,False,1088,134,1222,17,True,960,False,960,122,1082,15,True,-128,False,False,False,True,False,True,False,False,False,False,False,False,True,False,2556
deepseek-ai/DeepSeek-R1-Distill-Qwen-7B,math500,44,275,True,True,384,True,384,25,409,6,True,448,True,448,28,476,7,True,64,False,False,False,False,False,False,False,False,False,False,False,True,False,False,1306
deepseek-ai/DeepSeek-R1-Distill-Qwen-7B,math500,44,277,True,True,448,False,448,43,491,7,True,704,False,704,55,759,11,True,256,False,False,False,True,False,True,False,False,False,False,False,True,False,False,1135
deepseek-ai/DeepSeek-R1-Distill-Qwen-7B,math500,44,278,True,True,192,True,192,18,210,3,True,192,True,192,18,210,3,True,0,False,False,False,False,False,False,False,False,False,False,False,False,False,True,1505
deepseek-ai/DeepSeek-R1-Distill-Qwen-7B,math500,44,279,True,True,384,False,384,42,426,6,True,960,True,960,101,1061,15,True,576,False,False,False,True,False,False,False,True,False,True,False,True,False,False,1581
deepseek-ai/DeepSeek-R1-Distill-Qwen-7B,math500,44,28,True,True,576,True,576,72,648,9,True,384,True,384,51,435,6,True,-192,False,False,False,False,False,False,False,False,False,False,False,False,True,False,1265
deepseek-ai/DeepSeek-R1-Distill-Qwen-7B,math500,44,280,True,True,192,False,192,12,204,3,True,192,False,192,12,204,3,True,0,False,False,False,True,False,True,False,False,False,False,False,False,False,True,1996
deepseek-ai/DeepSeek-R1-Distill-Qwen-7B,math500,44,281,True,True,192,True,192,21,213,3,True,192,True,192,19,211,3,True,0,False,False,False,False,False,False,False,False,False,False,False,False,False,True,12019
deepseek-ai/DeepSeek-R1-Distill-Qwen-7B,math500,44,282,True,True,256,False,256,21,277,4,True,320,False,320,26,346,5,True,64,False,False,False,True,False,True,False,False,False,False,False,True,False,False,2198
deepseek-ai/DeepSeek-R1-Distill-Qwen-7B,math500,44,283,True,True,320,True,320,23,343,5,True,576,True,576,41,617,9,True,256,False,False,False,False,False,False,False,False,False,False,False,True,False,False,1338
deepseek-ai/DeepSeek-R1-Distill-Qwen-7B,math500,44,284,False,True,704,False,704,44,748,11,True,256,False,256,16,272,4,True,-448,False,False,False,False,False,False,False,False,False,False,False,False,True,False,6062
deepseek-ai/DeepSeek-R1-Distill-Qwen-7B,math500,44,285,True,True,7296,False,7296,629,7925,114,True,10624,False,10624,882,11506,166,True,3328,False,False,False,True,False,True,False,False,False,False,False,True,False,False,14848
deepseek-ai/DeepSeek-R1-Distill-Qwen-7B,math500,44,286,False,True,4544,False,4544,311,4855,71,True,2176,False,2176,159,2335,34,True,-2368,False,False,False,False,False,False,False,False,False,False,False,False,True,False,16384
deepseek-ai/DeepSeek-R1-Distill-Qwen-7B,math500,44,287,True,True,704,False,704,60,764,11,True,960,False,960,80,1040,15,True,256,False,False,False,True,False,True,False,False,False,False,False,True,False,False,2892
deepseek-ai/DeepSeek-R1-Distill-Qwen-7B,math500,44,288,True,True,640,False,640,61,701,10,True,2304,True,2304,172,2476,36,True,1664,False,False,False,True,False,False,False,True,False,True,False,True,False,False,5157
deepseek-ai/DeepSeek-R1-Distill-Qwen-7B,math500,44,289,True,True,192,True,192,15,207,3,True,192,True,192,15,207,3,True,0,False,False,False,False,False,False,False,False,False,False,False,False,False,True,4748
deepseek-ai/DeepSeek-R1-Distill-Qwen-7B,math500,44,29,True,True,896,True,896,79,975,14,True,896,True,896,79,975,14,True,0,False,False,False,False,False,False,False,False,False,False,False,False,False,True,1483
deepseek-ai/DeepSeek-R1-Distill-Qwen-7B,math500,44,290,True,True,832,True,832,52,884,13,True,1088,False,1088,68,1156,17,True,256,False,False,False,False,False,True,False,False,True,False,True,True,False,False,2335
deepseek-ai/DeepSeek-R1-Distill-Qwen-7B,math500,44,291,True,True,768,True,768,60,828,12,True,448,False,448,35,483,7,True,-320,False,False,False,False,False,True,False,False,True,False,True,False,True,False,2965
deepseek-ai/DeepSeek-R1-Distill-Qwen-7B,math500,44,293,True,True,320,False,320,77,397,5,True,512,False,512,116,628,8,True,192,False,False,False,True,False,True,False,False,False,False,False,True,False,False,1873
deepseek-ai/DeepSeek-R1-Distill-Qwen-7B,math500,44,294,True,True,1600,True,1600,134,1734,25,True,384,False,384,32,416,6,True,-1216,False,False,False,False,False,True,False,False,True,False,True,False,True,False,4604
deepseek-ai/DeepSeek-R1-Distill-Qwen-7B,math500,44,295,True,True,1600,False,1600,129,1729,25,True,1088,False,1088,89,1177,17,True,-512,False,False,False,True,False,True,False,False,False,False,False,False,True,False,5151
deepseek-ai/DeepSeek-R1-Distill-Qwen-7B,math500,44,296,True,True,384,False,384,24,408,6,True,448,False,448,28,476,7,True,64,False,False,False,True,False,True,False,False,False,False,False,True,False,False,7102
deepseek-ai/DeepSeek-R1-Distill-Qwen-7B,math500,44,297,True,True,448,False,448,42,490,7,True,768,True,768,72,840,12,True,320,False,False,False,True,False,False,False,True,False,True,False,True,False,False,1667
deepseek-ai/DeepSeek-R1-Distill-Qwen-7B,math500,44,298,True,True,1024,True,1024,432,1456,16,True,1024,True,1024,427,1451,16,True,0,False,False,False,False,False,False,False,False,False,False,False,False,False,True,3042
deepseek-ai/DeepSeek-R1-Distill-Qwen-7B,math500,44,299,True,True,896,True,896,71,967,14,True,512,False,512,41,553,8,True,-384,False,False,False,False,False,True,False,False,True,False,True,False,True,False,2729
deepseek-ai/DeepSeek-R1-Distill-Qwen-7B,math500,44,3,True,True,512,True,512,35,547,8,True,192,False,192,15,207,3,True,-320,False,False,False,False,False,True,False,False,True,False,True,False,True,False,1530
deepseek-ai/DeepSeek-R1-Distill-Qwen-7B,math500,44,30,True,True,512,True,512,56,568,8,True,512,True,512,56,568,8,True,0,False,False,False,False,False,False,False,False,False,False,False,False,False,True,5970
deepseek-ai/DeepSeek-R1-Distill-Qwen-7B,math500,44,300,True,True,192,True,192,15,207,3,True,320,True,320,25,345,5,True,128,False,False,False,False,False,False,False,False,False,False,False,True,False,False,1582
deepseek-ai/DeepSeek-R1-Distill-Qwen-7B,math500,44,304,True,True,896,True,896,69,965,14,True,256,False,256,19,275,4,True,-640,False,False,False,False,False,True,False,False,True,False,True,False,True,False,2743
deepseek-ai/DeepSeek-R1-Distill-Qwen-7B,math500,44,306,False,True,576,True,576,39,615,9,True,384,True,384,25,409,6,True,-192,False,False,False,False,True,False,True,False,False,False,False,False,True,False,6007
deepseek-ai/DeepSeek-R1-Distill-Qwen-7B,math500,44,308,False,True,192,False,192,33,225,3,True,256,False,256,37,293,4,True,64,False,False,False,False,False,False,False,False,False,False,False,True,False,False,16384
deepseek-ai/DeepSeek-R1-Distill-Qwen-7B,math500,44,309,True,True,832,False,832,65,897,13,True,832,False,832,65,897,13,True,0,False,False,False,True,False,True,False,False,False,False,False,False,False,True,6940
deepseek-ai/DeepSeek-R1-Distill-Qwen-7B,math500,44,31,True,True,192,True,192,27,219,3,True,192,True,192,27,219,3,True,0,False,False,False,False,False,False,False,False,False,False,False,False,False,True,1953
deepseek-ai/DeepSeek-R1-Distill-Qwen-7B,math500,44,310,True,True,832,True,832,62,894,13,True,768,True,768,58,826,12,True,-64,False,False,False,False,False,False,False,False,False,False,False,False,True,False,2132
deepseek-ai/DeepSeek-R1-Distill-Qwen-7B,math500,44,311,False,True,384,False,384,24,408,6,True,384,False,384,24,408,6,True,0,False,False,False,False,False,False,False,False,False,False,False,False,False,True,16384
deepseek-ai/DeepSeek-R1-Distill-Qwen-7B,math500,44,312,True,True,192,True,192,30,222,3,True,192,True,192,30,222,3,True,0,False,False,False,False,False,False,False,False,False,False,False,False,False,True,1116
deepseek-ai/DeepSeek-R1-Distill-Qwen-7B,math500,44,314,False,False,,False,436,49,485,6,False,,False,436,53,489,6,False,,False,False,True,False,False,False,False,False,False,False,False,False,False,False,436
deepseek-ai/DeepSeek-R1-Distill-Qwen-7B,math500,44,315,True,True,960,True,960,75,1035,15,True,320,False,320,25,345,5,True,-640,False,False,False,False,False,True,False,False,True,False,True,False,True,False,2872
deepseek-ai/DeepSeek-R1-Distill-Qwen-7B,math500,44,316,True,True,768,False,768,58,826,12,True,1344,True,1344,88,1432,21,True,576,False,False,False,True,False,False,False,True,False,True,False,True,False,False,2268
deepseek-ai/DeepSeek-R1-Distill-Qwen-7B,math500,44,318,False,True,960,True,960,216,1176,15,True,576,True,576,136,712,9,True,-384,False,False,False,False,True,False,True,False,False,False,False,False,True,False,1886
deepseek-ai/DeepSeek-R1-Distill-Qwen-7B,math500,44,319,True,True,768,False,768,71,839,12,True,640,True,640,57,697,10,True,-128,False,False,False,True,False,False,False,True,False,True,False,False,True,False,1235
deepseek-ai/DeepSeek-R1-Distill-Qwen-7B,math500,44,32,True,True,512,True,512,51,563,8,True,512,True,512,51,563,8,True,0,False,False,False,False,False,False,False,False,False,False,False,False,False,True,5507
deepseek-ai/DeepSeek-R1-Distill-Qwen-7B,math500,44,320,True,True,192,False,192,12,204,3,True,192,False,192,12,204,3,True,0,False,False,False,True,False,True,False,False,False,False,False,False,False,True,11795
deepseek-ai/DeepSeek-R1-Distill-Qwen-7B,math500,44,321,True,True,384,False,384,33,417,6,True,384,False,384,35,419,6,True,0,False,False,False,True,False,True,False,False,False,False,False,False,False,True,1685
deepseek-ai/DeepSeek-R1-Distill-Qwen-7B,math500,44,322,True,False,,True,928,58,986,14,True,192,False,192,12,204,3,False,,False,True,False,False,False,True,False,False,True,False,True,False,False,False,928
deepseek-ai/DeepSeek-R1-Distill-Qwen-7B,math500,44,323,True,True,320,False,320,26,346,5,True,256,False,256,22,278,4,True,-64,False,False,False,True,False,True,False,False,False,False,False,False,True,False,4760
deepseek-ai/DeepSeek-R1-Distill-Qwen-7B,math500,44,324,True,True,512,False,512,43,555,8,True,320,False,320,27,347,5,True,-192,False,False,False,True,False,True,False,False,False,False,False,False,True,False,1771
deepseek-ai/DeepSeek-R1-Distill-Qwen-7B,math500,44,325,True,True,448,True,448,29,477,7,True,320,False,320,25,345,5,True,-128,False,False,False,False,False,True,False,False,True,False,True,False,True,False,3234
deepseek-ai/DeepSeek-R1-Distill-Qwen-7B,math500,44,326,True,True,256,False,256,28,284,4,True,320,False,320,31,351,5,True,64,False,False,False,True,False,True,False,False,False,False,False,True,False,False,4226
deepseek-ai/DeepSeek-R1-Distill-Qwen-7B,math500,44,327,True,True,3520,True,3520,294,3814,55,True,3584,True,3584,281,3865,56,True,64,False,False,False,False,False,False,False,False,False,False,False,True,False,False,4329
deepseek-ai/DeepSeek-R1-Distill-Qwen-7B,math500,44,328,True,True,256,False,256,16,272,4,True,512,True,512,32,544,8,True,256,False,False,False,True,False,False,False,True,False,True,False,True,False,False,4192
deepseek-ai/DeepSeek-R1-Distill-Qwen-7B,math500,44,33,True,True,1024,False,1024,136,1160,16,True,832,False,832,125,957,13,True,-192,False,False,False,True,False,True,False,False,False,False,False,False,True,False,3346
deepseek-ai/DeepSeek-R1-Distill-Qwen-7B,math500,44,331,True,True,1280,True,1280,140,1420,20,True,192,False,192,12,204,3,True,-1088,False,False,False,False,False,True,False,False,True,False,True,False,True,False,2491
deepseek-ai/DeepSeek-R1-Distill-Qwen-7B,math500,44,332,True,True,256,True,256,16,272,4,True,704,False,704,44,748,11,True,448,False,False,False,False,False,True,False,False,True,False,True,True,False,False,5497
deepseek-ai/DeepSeek-R1-Distill-Qwen-7B,math500,44,333,True,True,512,False,512,32,544,8,True,192,False,192,12,204,3,True,-320,False,False,False,True,False,True,False,False,False,False,False,False,True,False,14775
deepseek-ai/DeepSeek-R1-Distill-Qwen-7B,math500,44,334,True,True,384,False,384,30,414,6,False,,True,1275,107,1382,19,False,,True,False,False,True,False,False,False,True,False,True,False,False,False,False,1275
deepseek-ai/DeepSeek-R1-Distill-Qwen-7B,math500,44,335,True,True,576,False,576,36,612,9,True,576,False,576,36,612,9,True,0,False,False,False,True,False,True,False,False,False,False,False,False,False,True,2417
deepseek-ai/DeepSeek-R1-Distill-Qwen-7B,math500,44,336,True,True,512,True,512,63,575,8,True,448,True,448,60,508,7,True,-64,False,False,False,False,False,False,False,False,False,False,False,False,True,False,2281
deepseek-ai/DeepSeek-R1-Distill-Qwen-7B,math500,44,338,True,True,640,False,640,84,724,10,True,832,True,832,115,947,13,True,192,False,False,False,True,False,False,False,True,False,True,False,True,False,False,10861
deepseek-ai/DeepSeek-R1-Distill-Qwen-7B,math500,44,339,True,True,192,False,192,15,207,3,True,192,False,192,15,207,3,True,0,False,False,False,True,False,True,False,False,False,False,False,False,False,True,2661
deepseek-ai/DeepSeek-R1-Distill-Qwen-7B,math500,44,340,False,True,3264,False,3264,364,3628,51,True,1216,False,1216,134,1350,19,True,-2048,False,False,False,False,False,False,False,False,False,False,False,False,True,False,11124
deepseek-ai/DeepSeek-R1-Distill-Qwen-7B,math500,44,341,True,True,192,False,192,12,204,3,False,,True,1274,80,1354,19,False,,True,False,False,True,False,False,False,True,False,True,False,False,False,False,1274
deepseek-ai/DeepSeek-R1-Distill-Qwen-7B,math500,44,342,True,True,192,True,192,12,204,3,True,192,True,192,12,204,3,True,0,False,False,False,False,False,False,False,False,False,False,False,False,False,True,2275
deepseek-ai/DeepSeek-R1-Distill-Qwen-7B,math500,44,343,True,True,384,False,384,51,435,6,True,192,False,192,24,216,3,True,-192,False,False,False,True,False,True,False,False,False,False,False,False,True,False,1216
deepseek-ai/DeepSeek-R1-Distill-Qwen-7B,math500,44,344,True,True,192,False,192,12,204,3,True,192,False,192,12,204,3,True,0,False,False,False,True,False,True,False,False,False,False,False,False,False,True,1177
deepseek-ai/DeepSeek-R1-Distill-Qwen-7B,math500,44,345,True,True,256,False,256,16,272,4,True,448,True,448,28,476,7,True,192,False,False,False,True,False,False,False,True,False,True,False,True,False,False,1244
deepseek-ai/DeepSeek-R1-Distill-Qwen-7B,math500,44,346,True,True,576,False,576,47,623,9,True,576,False,576,47,623,9,True,0,False,False,False,True,False,True,False,False,False,False,False,False,False,True,1951
deepseek-ai/DeepSeek-R1-Distill-Qwen-7B,math500,44,347,True,True,832,True,832,221,1053,13,True,832,True,832,232,1064,13,True,0,False,False,False,False,False,False,False,False,False,False,False,False,False,True,2622
deepseek-ai/DeepSeek-R1-Distill-Qwen-7B,math500,44,348,True,True,192,True,192,21,213,3,True,192,True,192,21,213,3,True,0,False,False,False,False,False,False,False,False,False,False,False,False,False,True,2724
deepseek-ai/DeepSeek-R1-Distill-Qwen-7B,math500,44,35,True,True,704,True,704,44,748,11,True,704,True,704,44,748,11,True,0,False,False,False,False,False,False,False,False,False,False,False,False,False,True,1606
deepseek-ai/DeepSeek-R1-Distill-Qwen-7B,math500,44,350,True,True,192,True,192,12,204,3,True,192,True,192,12,204,3,True,0,False,False,False,False,False,False,False,False,False,False,False,False,False,True,1943
deepseek-ai/DeepSeek-R1-Distill-Qwen-7B,math500,44,351,False,True,256,False,256,25,281,4,True,256,True,256,50,306,4,True,0,False,False,False,False,False,False,True,True,False,False,False,False,False,True,16384
deepseek-ai/DeepSeek-R1-Distill-Qwen-7B,math500,44,352,True,True,320,False,320,29,349,5,True,448,False,448,39,487,7,True,128,False,False,False,True,False,True,False,False,False,False,False,True,False,False,9817
deepseek-ai/DeepSeek-R1-Distill-Qwen-7B,math500,44,353,True,True,320,False,320,30,350,5,True,320,False,320,30,350,5,True,0,False,False,False,True,False,True,False,False,False,False,False,False,False,True,1934
deepseek-ai/DeepSeek-R1-Distill-Qwen-7B,math500,44,354,True,True,384,True,384,31,415,6,True,384,True,384,30,414,6,True,0,False,False,False,False,False,False,False,False,False,False,False,False,False,True,1695
deepseek-ai/DeepSeek-R1-Distill-Qwen-7B,math500,44,355,True,True,1152,False,1152,105,1257,18,True,1984,False,1984,181,2165,31,True,832,False,False,False,True,False,True,False,False,False,False,False,True,False,False,4317
deepseek-ai/DeepSeek-R1-Distill-Qwen-7B,math500,44,357,True,True,960,True,960,60,1020,15,True,256,False,256,16,272,4,True,-704,False,False,False,False,False,True,False,False,True,False,True,False,True,False,2487
deepseek-ai/DeepSeek-R1-Distill-Qwen-7B,math500,44,358,True,True,768,True,768,51,819,12,True,832,True,832,56,888,13,True,64,False,False,False,False,False,False,False,False,False,False,False,True,False,False,1848
deepseek-ai/DeepSeek-R1-Distill-Qwen-7B,math500,44,359,True,True,192,True,192,12,204,3,True,192,True,192,12,204,3,True,0,False,False,False,False,False,False,False,False,False,False,False,False,False,True,2866
deepseek-ai/DeepSeek-R1-Distill-Qwen-7B,math500,44,36,False,True,256,False,256,16,272,4,True,320,False,320,20,340,5,True,64,False,False,False,False,False,False,False,False,False,False,False,True,False,False,2128
deepseek-ai/DeepSeek-R1-Distill-Qwen-7B,math500,44,361,True,True,256,False,256,33,289,4,True,256,False,256,33,289,4,True,0,False,False,False,True,False,True,False,False,False,False,False,False,False,True,4224
deepseek-ai/DeepSeek-R1-Distill-Qwen-7B,math500,44,362,True,True,256,False,256,16,272,4,True,320,False,320,20,340,5,True,64,False,False,False,True,False,True,False,False,False,False,False,True,False,False,1787
deepseek-ai/DeepSeek-R1-Distill-Qwen-7B,math500,44,364,True,True,896,False,896,229,1125,14,True,1472,False,1472,322,1794,23,True,576,False,False,False,True,False,True,False,False,False,False,False,True,False,False,2149
deepseek-ai/DeepSeek-R1-Distill-Qwen-7B,math500,44,365,True,True,704,False,704,65,769,11,True,768,False,768,71,839,12,True,64,False,False,False,True,False,True,False,False,False,False,False,True,False,False,5214
deepseek-ai/DeepSeek-R1-Distill-Qwen-7B,math500,44,366,True,True,192,True,192,12,204,3,True,256,True,256,16,272,4,True,64,False,False,False,False,False,False,False,False,False,False,False,True,False,False,4216
deepseek-ai/DeepSeek-R1-Distill-Qwen-7B,math500,44,367,True,True,576,True,576,36,612,9,True,448,True,448,28,476,7,True,-128,False,False,False,False,False,False,False,False,False,False,False,False,True,False,2372
deepseek-ai/DeepSeek-R1-Distill-Qwen-7B,math500,44,368,True,True,448,False,448,35,483,7,True,256,False,256,20,276,4,True,-192,False,False,False,True,False,True,False,False,False,False,False,False,True,False,1304
deepseek-ai/DeepSeek-R1-Distill-Qwen-7B,math500,44,369,False,True,384,False,384,36,420,6,True,384,False,384,36,420,6,True,0,False,False,False,False,False,False,False,False,False,False,False,False,False,True,2415
deepseek-ai/DeepSeek-R1-Distill-Qwen-7B,math500,44,37,True,True,192,True,192,15,207,3,True,192,True,192,15,207,3,True,0,False,False,False,False,False,False,False,False,False,False,False,False,False,True,1372
deepseek-ai/DeepSeek-R1-Distill-Qwen-7B,math500,44,370,True,True,576,True,576,44,620,9,True,256,False,256,16,272,4,True,-320,False,False,False,False,False,True,False,False,True,False,True,False,True,False,1124
deepseek-ai/DeepSeek-R1-Distill-Qwen-7B,math500,44,371,True,True,512,False,512,33,545,8,True,384,False,384,24,408,6,True,-128,False,False,False,True,False,True,False,False,False,False,False,False,True,False,7769
deepseek-ai/DeepSeek-R1-Distill-Qwen-7B,math500,44,372,True,True,384,False,384,38,422,6,True,384,False,384,34,418,6,True,0,False,False,False,True,False,True,False,False,False,False,False,False,False,True,5849
deepseek-ai/DeepSeek-R1-Distill-Qwen-7B,math500,44,373,True,True,832,True,832,209,1041,13,True,640,False,640,215,855,10,True,-192,False,False,False,False,False,True,False,False,True,False,True,False,True,False,2986
deepseek-ai/DeepSeek-R1-Distill-Qwen-7B,math500,44,374,True,True,256,True,256,16,272,4,True,256,True,256,16,272,4,True,0,False,False,False,False,False,False,False,False,False,False,False,False,False,True,342
deepseek-ai/DeepSeek-R1-Distill-Qwen-7B,math500,44,376,True,True,1344,False,1344,141,1485,21,True,256,False,256,33,289,4,True,-1088,False,False,False,True,False,True,False,False,False,False,False,False,True,False,1463
deepseek-ai/DeepSeek-R1-Distill-Qwen-7B,math500,44,378,True,True,512,False,512,33,545,8,True,512,False,512,33,545,8,True,0,False,False,False,True,False,True,False,False,False,False,False,False,False,True,3556
deepseek-ai/DeepSeek-R1-Distill-Qwen-7B,math500,44,379,True,True,192,True,192,15,207,3,True,640,False,640,60,700,10,True,448,False,False,False,False,False,True,False,False,True,False,True,True,False,False,4741
deepseek-ai/DeepSeek-R1-Distill-Qwen-7B,math500,44,38,True,True,192,True,192,25,217,3,True,192,True,192,21,213,3,True,0,False,False,False,False,False,False,False,False,False,False,False,False,False,True,336
deepseek-ai/DeepSeek-R1-Distill-Qwen-7B,math500,44,380,True,True,1408,False,1408,444,1852,22,True,576,False,576,159,735,9,True,-832,False,False,False,True,False,True,False,False,False,False,False,False,True,False,3309
deepseek-ai/DeepSeek-R1-Distill-Qwen-7B,math500,44,381,False,True,320,False,320,22,342,5,True,768,False,768,50,818,12,True,448,False,False,False,False,False,False,False,False,False,False,False,True,False,False,6227
deepseek-ai/DeepSeek-R1-Distill-Qwen-7B,math500,44,382,True,True,640,False,640,82,722,10,True,960,False,960,124,1084,15,True,320,False,False,False,True,False,True,False,False,False,False,False,True,False,False,2839
deepseek-ai/DeepSeek-R1-Distill-Qwen-7B,math500,44,383,True,True,256,True,256,32,288,4,True,256,True,256,32,288,4,True,0,False,False,False,False,False,False,False,False,False,False,False,False,False,True,1633
deepseek-ai/DeepSeek-R1-Distill-Qwen-7B,math500,44,384,True,True,192,True,192,30,222,3,True,192,True,192,30,222,3,True,0,False,False,False,False,False,False,False,False,False,False,False,False,False,True,1455
deepseek-ai/DeepSeek-R1-Distill-Qwen-7B,math500,44,385,True,True,320,True,320,25,345,5,True,256,True,256,20,276,4,True,-64,False,False,False,False,False,False,False,False,False,False,False,False,True,False,633
deepseek-ai/DeepSeek-R1-Distill-Qwen-7B,math500,44,387,True,True,512,True,512,40,552,8,True,512,True,512,39,551,8,True,0,False,False,False,False,False,False,False,False,False,False,False,False,False,True,2271
deepseek-ai/DeepSeek-R1-Distill-Qwen-7B,math500,44,389,True,True,960,False,960,60,1020,15,True,1216,False,1216,76,1292,19,True,256,False,False,False,True,False,True,False,False,False,False,False,True,False,False,2628
deepseek-ai/DeepSeek-R1-Distill-Qwen-7B,math500,44,39,True,True,384,True,384,31,415,6,True,384,True,384,31,415,6,True,0,False,False,False,False,False,False,False,False,False,False,False,False,False,True,627
deepseek-ai/DeepSeek-R1-Distill-Qwen-7B,math500,44,391,True,True,576,False,576,36,612,9,True,192,False,192,12,204,3,True,-384,False,False,False,True,False,True,False,False,False,False,False,False,True,False,3389
deepseek-ai/DeepSeek-R1-Distill-Qwen-7B,math500,44,392,True,True,2432,False,2432,191,2623,38,True,1088,False,1088,82,1170,17,True,-1344,False,False,False,True,False,True,False,False,False,False,False,False,True,False,16134
deepseek-ai/DeepSeek-R1-Distill-Qwen-7B,math500,44,394,True,True,192,False,192,12,204,3,True,320,False,320,20,340,5,True,128,False,False,False,True,False,True,False,False,False,False,False,True,False,False,2829
deepseek-ai/DeepSeek-R1-Distill-Qwen-7B,math500,44,395,True,True,256,False,256,16,272,4,True,192,False,192,12,204,3,True,-64,False,False,False,True,False,True,False,False,False,False,False,False,True,False,2578
deepseek-ai/DeepSeek-R1-Distill-Qwen-7B,math500,44,396,True,True,192,True,192,12,204,3,True,192,True,192,12,204,3,True,0,False,False,False,False,False,False,False,False,False,False,False,False,False,True,3520
deepseek-ai/DeepSeek-R1-Distill-Qwen-7B,math500,44,397,True,True,320,True,320,25,345,5,True,320,True,320,25,345,5,True,0,False,False,False,False,False,False,False,False,False,False,False,False,False,True,512
deepseek-ai/DeepSeek-R1-Distill-Qwen-7B,math500,44,398,True,True,576,True,576,48,624,9,True,192,False,192,15,207,3,True,-384,False,False,False,False,False,True,False,False,True,False,True,False,True,False,2363
deepseek-ai/DeepSeek-R1-Distill-Qwen-7B,math500,44,399,True,True,192,True,192,24,216,3,True,192,True,192,24,216,3,True,0,False,False,False,False,False,False,False,False,False,False,False,False,False,True,410
deepseek-ai/DeepSeek-R1-Distill-Qwen-7B,math500,44,4,False,True,192,False,192,15,207,3,True,192,False,192,15,207,3,True,0,False,False,False,False,False,False,False,False,False,False,False,False,False,True,4359
deepseek-ai/DeepSeek-R1-Distill-Qwen-7B,math500,44,40,True,True,320,True,320,32,352,5,True,384,True,384,30,414,6,True,64,False,False,False,False,False,False,False,False,False,False,False,True,False,False,983
deepseek-ai/DeepSeek-R1-Distill-Qwen-7B,math500,44,400,False,True,320,False,320,20,340,5,True,256,False,256,24,280,4,True,-64,False,False,False,False,False,False,False,False,False,False,False,False,True,False,16384
deepseek-ai/DeepSeek-R1-Distill-Qwen-7B,math500,44,401,True,True,192,False,192,12,204,3,True,192,False,192,12,204,3,True,0,False,False,False,True,False,True,False,False,False,False,False,False,False,True,8761
deepseek-ai/DeepSeek-R1-Distill-Qwen-7B,math500,44,402,True,True,704,True,704,104,808,11,True,704,True,704,89,793,11,True,0,False,False,False,False,False,False,False,False,False,False,False,False,False,True,3503
deepseek-ai/DeepSeek-R1-Distill-Qwen-7B,math500,44,404,True,True,576,True,576,36,612,9,True,576,True,576,36,612,9,True,0,False,False,False,False,False,False,False,False,False,False,False,False,False,True,1155
deepseek-ai/DeepSeek-R1-Distill-Qwen-7B,math500,44,405,True,True,192,True,192,15,207,3,True,192,True,192,15,207,3,True,0,False,False,False,False,False,False,False,False,False,False,False,False,False,True,1786
deepseek-ai/DeepSeek-R1-Distill-Qwen-7B,math500,44,406,True,True,192,True,192,12,204,3,True,192,True,192,12,204,3,True,0,False,False,False,False,False,False,False,False,False,False,False,False,False,True,401
deepseek-ai/DeepSeek-R1-Distill-Qwen-7B,math500,44,407,True,True,192,True,192,12,204,3,True,192,True,192,12,204,3,True,0,False,False,False,False,False,False,False,False,False,False,False,False,False,True,3497
deepseek-ai/DeepSeek-R1-Distill-Qwen-7B,math500,44,408,True,True,1600,False,1600,515,2115,25,True,896,False,896,280,1176,14,True,-704,False,False,False,True,False,True,False,False,False,False,False,False,True,False,4497
deepseek-ai/DeepSeek-R1-Distill-Qwen-7B,math500,44,410,True,True,256,True,256,16,272,4,True,704,True,704,44,748,11,True,448,False,False,False,False,False,False,False,False,False,False,False,True,False,False,1351
deepseek-ai/DeepSeek-R1-Distill-Qwen-7B,math500,44,412,True,True,7168,True,7168,682,7850,112,True,4928,False,4928,459,5387,77,True,-2240,False,False,False,False,False,True,False,False,True,False,True,False,True,False,7857
deepseek-ai/DeepSeek-R1-Distill-Qwen-7B,math500,44,415,True,True,1024,True,1024,66,1090,16,True,448,False,448,28,476,7,True,-576,False,False,False,False,False,True,False,False,True,False,True,False,True,False,2334
deepseek-ai/DeepSeek-R1-Distill-Qwen-7B,math500,44,416,True,True,256,False,256,16,272,4,True,256,False,256,16,272,4,True,0,False,False,False,True,False,True,False,False,False,False,False,False,False,True,2253
deepseek-ai/DeepSeek-R1-Distill-Qwen-7B,math500,44,417,True,True,192,False,192,12,204,3,False,,True,1559,104,1663,24,False,,True,False,False,True,False,False,False,True,False,True,False,False,False,False,1559
deepseek-ai/DeepSeek-R1-Distill-Qwen-7B,math500,44,418,True,True,192,True,192,24,216,3,True,192,True,192,24,216,3,True,0,False,False,False,False,False,False,False,False,False,False,False,False,False,True,2083
deepseek-ai/DeepSeek-R1-Distill-Qwen-7B,math500,44,419,True,True,2112,True,2112,787,2899,33,True,2112,True,2112,791,2903,33,True,0,False,False,False,False,False,False,False,False,False,False,False,False,False,True,2845
deepseek-ai/DeepSeek-R1-Distill-Qwen-7B,math500,44,42,True,True,192,False,192,12,204,3,True,256,True,256,16,272,4,True,64,False,False,False,True,False,False,False,True,False,True,False,True,False,False,1363
deepseek-ai/DeepSeek-R1-Distill-Qwen-7B,math500,44,420,True,False,,True,1640,688,2328,25,False,,True,1640,688,2328,25,False,,False,False,True,False,False,False,False,False,False,False,False,False,False,False,1640
deepseek-ai/DeepSeek-R1-Distill-Qwen-7B,math500,44,422,False,True,1216,False,1216,282,1498,19,True,1920,False,1920,485,2405,30,True,704,False,False,False,False,False,False,False,False,False,False,False,True,False,False,15637
deepseek-ai/DeepSeek-R1-Distill-Qwen-7B,math500,44,423,True,True,1600,True,1600,172,1772,25,True,1600,True,1600,175,1775,25,True,0,False,False,False,False,False,False,False,False,False,False,False,False,False,True,3090
deepseek-ai/DeepSeek-R1-Distill-Qwen-7B,math500,44,424,True,True,640,True,640,55,695,10,True,640,True,640,56,696,10,True,0,False,False,False,False,False,False,False,False,False,False,False,False,False,True,1305
deepseek-ai/DeepSeek-R1-Distill-Qwen-7B,math500,44,427,True,True,512,True,512,40,552,8,True,512,True,512,40,552,8,True,0,False,False,False,False,False,False,False,False,False,False,False,False,False,True,1832
deepseek-ai/DeepSeek-R1-Distill-Qwen-7B,math500,44,428,True,True,576,False,576,45,621,9,True,192,True,192,15,207,3,True,-384,False,False,False,True,False,False,False,True,False,True,False,False,True,False,3451
deepseek-ai/DeepSeek-R1-Distill-Qwen-7B,math500,44,43,True,True,192,False,192,18,210,3,True,768,False,768,71,839,12,True,576,False,False,False,True,False,True,False,False,False,False,False,True,False,False,16384
deepseek-ai/DeepSeek-R1-Distill-Qwen-7B,math500,44,430,True,False,,True,181,12,193,2,False,,True,181,12,193,2,False,,False,False,True,False,False,False,False,False,False,False,False,False,False,False,181
deepseek-ai/DeepSeek-R1-Distill-Qwen-7B,math500,44,431,True,True,1088,False,1088,376,1464,17,True,192,False,192,46,238,3,True,-896,False,False,False,True,False,True,False,False,False,False,False,False,True,False,6789
deepseek-ai/DeepSeek-R1-Distill-Qwen-7B,math500,44,433,True,True,192,True,192,30,222,3,True,192,True,192,30,222,3,True,0,False,False,False,False,False,False,False,False,False,False,False,False,False,True,2236
deepseek-ai/DeepSeek-R1-Distill-Qwen-7B,math500,44,435,True,True,192,True,192,57,249,3,True,192,True,192,57,249,3,True,0,False,False,False,False,False,False,False,False,False,False,False,False,False,True,1782
deepseek-ai/DeepSeek-R1-Distill-Qwen-7B,math500,44,436,True,True,192,False,192,12,204,3,True,576,True,576,36,612,9,True,384,False,False,False,True,False,False,False,True,False,True,False,True,False,False,2780
deepseek-ai/DeepSeek-R1-Distill-Qwen-7B,math500,44,437,True,True,192,False,192,12,204,3,True,832,True,832,52,884,13,True,640,False,False,False,True,False,False,False,True,False,True,False,True,False,False,1340
deepseek-ai/DeepSeek-R1-Distill-Qwen-7B,math500,44,438,True,True,704,True,704,44,748,11,True,512,True,512,32,544,8,True,-192,False,False,False,False,False,False,False,False,False,False,False,False,True,False,2787
deepseek-ai/DeepSeek-R1-Distill-Qwen-7B,math500,44,44,True,True,320,False,320,35,355,5,True,320,False,320,35,355,5,True,0,False,False,False,True,False,True,False,False,False,False,False,False,False,True,1807
deepseek-ai/DeepSeek-R1-Distill-Qwen-7B,math500,44,441,True,True,256,True,256,29,285,4,True,256,True,256,24,280,4,True,0,False,False,False,False,False,False,False,False,False,False,False,False,False,True,437
deepseek-ai/DeepSeek-R1-Distill-Qwen-7B,math500,44,443,True,True,448,True,448,35,483,7,True,384,True,384,30,414,6,True,-64,False,False,False,False,False,False,False,False,False,False,False,False,True,False,1183
deepseek-ai/DeepSeek-R1-Distill-Qwen-7B,math500,44,444,False,True,6144,False,6144,1730,7874,96,True,4352,False,4352,1216,5568,68,True,-1792,False,False,False,False,False,False,False,False,False,False,False,False,True,False,16384
deepseek-ai/DeepSeek-R1-Distill-Qwen-7B,math500,44,445,True,True,320,False,320,28,348,5,True,320,False,320,20,340,5,True,0,False,False,False,True,False,True,False,False,False,False,False,False,False,True,9715
deepseek-ai/DeepSeek-R1-Distill-Qwen-7B,math500,44,446,True,True,512,False,512,32,544,8,True,192,True,192,12,204,3,True,-320,False,False,False,True,False,False,False,True,False,True,False,False,True,False,1483
deepseek-ai/DeepSeek-R1-Distill-Qwen-7B,math500,44,447,True,True,320,True,320,22,342,5,True,320,True,320,22,342,5,True,0,False,False,False,False,False,False,False,False,False,False,False,False,False,True,554
deepseek-ai/DeepSeek-R1-Distill-Qwen-7B,math500,44,449,True,True,448,True,448,35,483,7,True,448,True,448,35,483,7,True,0,False,False,False,False,False,False,False,False,False,False,False,False,False,True,3030
deepseek-ai/DeepSeek-R1-Distill-Qwen-7B,math500,44,45,True,True,192,True,192,12,204,3,True,192,True,192,12,204,3,True,0,False,False,False,False,False,False,False,False,False,False,False,False,False,True,1187
deepseek-ai/DeepSeek-R1-Distill-Qwen-7B,math500,44,450,True,True,1472,True,1472,114,1586,23,True,1472,True,1472,115,1587,23,True,0,False,False,False,False,False,False,False,False,False,False,False,False,False,True,2084
deepseek-ai/DeepSeek-R1-Distill-Qwen-7B,math500,44,451,True,True,704,False,704,119,823,11,True,384,True,384,56,440,6,True,-320,False,False,False,True,False,False,False,True,False,True,False,False,True,False,1842
deepseek-ai/DeepSeek-R1-Distill-Qwen-7B,math500,44,452,True,True,704,True,704,64,768,11,True,640,True,640,57,697,10,True,-64,False,False,False,False,False,False,False,False,False,False,False,False,True,False,1956
deepseek-ai/DeepSeek-R1-Distill-Qwen-7B,math500,44,453,False,True,320,True,320,26,346,5,True,320,True,320,25,345,5,True,0,False,False,False,False,True,False,True,False,False,False,False,False,False,True,614
deepseek-ai/DeepSeek-R1-Distill-Qwen-7B,math500,44,454,True,True,1408,False,1408,242,1650,22,True,1728,True,1728,297,2025,27,True,320,False,False,False,True,False,False,False,True,False,True,False,True,False,False,3236
deepseek-ai/DeepSeek-R1-Distill-Qwen-7B,math500,44,455,True,True,192,True,192,12,204,3,True,192,True,192,12,204,3,True,0,False,False,False,False,False,False,False,False,False,False,False,False,False,True,512
deepseek-ai/DeepSeek-R1-Distill-Qwen-7B,math500,44,456,False,True,192,False,192,65,257,3,True,384,False,384,65,449,6,True,192,False,False,False,False,False,False,False,False,False,False,False,True,False,False,2656
deepseek-ai/DeepSeek-R1-Distill-Qwen-7B,math500,44,457,True,False,,True,186,8,194,2,False,,True,186,8,194,2,False,,False,False,True,False,False,False,False,False,False,False,False,False,False,False,186
deepseek-ai/DeepSeek-R1-Distill-Qwen-7B,math500,44,458,True,True,448,False,448,35,483,7,True,960,True,960,75,1035,15,True,512,False,False,False,True,False,False,False,True,False,True,False,True,False,False,2695
deepseek-ai/DeepSeek-R1-Distill-Qwen-7B,math500,44,459,True,True,1280,True,1280,160,1440,20,True,1280,True,1280,160,1440,20,True,0,False,False,False,False,False,False,False,False,False,False,False,False,False,True,3340
deepseek-ai/DeepSeek-R1-Distill-Qwen-7B,math500,44,46,True,True,192,False,192,15,207,3,True,448,True,448,31,479,7,True,256,False,False,False,True,False,False,False,True,False,True,False,True,False,False,3373
deepseek-ai/DeepSeek-R1-Distill-Qwen-7B,math500,44,460,False,True,192,True,192,15,207,3,True,192,True,192,15,207,3,True,0,False,False,False,False,True,False,True,False,False,False,False,False,False,True,12652
deepseek-ai/DeepSeek-R1-Distill-Qwen-7B,math500,44,461,True,True,192,False,192,15,207,3,True,960,True,960,73,1033,15,True,768,False,False,False,True,False,False,False,True,False,True,False,True,False,False,1887
deepseek-ai/DeepSeek-R1-Distill-Qwen-7B,math500,44,463,True,True,192,True,192,12,204,3,True,192,True,192,12,204,3,True,0,False,False,False,False,False,False,False,False,False,False,False,False,False,True,1397
deepseek-ai/DeepSeek-R1-Distill-Qwen-7B,math500,44,464,True,True,768,True,768,50,818,12,True,832,True,832,53,885,13,True,64,False,False,False,False,False,False,False,False,False,False,False,True,False,False,2869
deepseek-ai/DeepSeek-R1-Distill-Qwen-7B,math500,44,466,True,True,1856,False,1856,177,2033,29,True,320,False,320,31,351,5,True,-1536,False,False,False,True,False,True,False,False,False,False,False,False,True,False,6386
deepseek-ai/DeepSeek-R1-Distill-Qwen-7B,math500,44,467,False,True,320,False,320,25,345,5,True,384,False,384,29,413,6,True,64,False,False,False,False,False,False,False,False,False,False,False,True,False,False,3383
deepseek-ai/DeepSeek-R1-Distill-Qwen-7B,math500,44,47,True,True,320,True,320,21,341,5,True,384,True,384,24,408,6,True,64,False,False,False,False,False,False,False,False,False,False,False,True,False,False,1218
deepseek-ai/DeepSeek-R1-Distill-Qwen-7B,math500,44,470,True,True,2752,True,2752,395,3147,43,True,1984,False,1984,268,2252,31,True,-768,False,False,False,False,False,True,False,False,True,False,True,False,True,False,5164
deepseek-ai/DeepSeek-R1-Distill-Qwen-7B,math500,44,471,True,True,768,True,768,73,841,12,True,256,False,256,20,276,4,True,-512,False,False,False,False,False,True,False,False,True,False,True,False,True,False,2040
deepseek-ai/DeepSeek-R1-Distill-Qwen-7B,math500,44,472,True,True,320,True,320,60,380,5,True,384,True,384,75,459,6,True,64,False,False,False,False,False,False,False,False,False,False,False,True,False,False,1519
deepseek-ai/DeepSeek-R1-Distill-Qwen-7B,math500,44,473,True,True,640,False,640,40,680,10,True,192,False,192,12,204,3,True,-448,False,False,False,True,False,True,False,False,False,False,False,False,True,False,11240
deepseek-ai/DeepSeek-R1-Distill-Qwen-7B,math500,44,476,True,True,320,False,320,29,349,5,True,192,False,192,18,210,3,True,-128,False,False,False,True,False,True,False,False,False,False,False,False,True,False,1761
deepseek-ai/DeepSeek-R1-Distill-Qwen-7B,math500,44,477,True,True,768,True,768,48,816,12,True,192,True,192,12,204,3,True,-576,False,False,False,False,False,False,False,False,False,False,False,False,True,False,3887
deepseek-ai/DeepSeek-R1-Distill-Qwen-7B,math500,44,478,True,True,256,False,256,25,281,4,True,512,False,512,47,559,8,True,256,False,False,False,True,False,True,False,False,False,False,False,True,False,False,9910
deepseek-ai/DeepSeek-R1-Distill-Qwen-7B,math500,44,48,True,True,1472,False,1472,135,1607,23,True,192,True,192,33,225,3,True,-1280,False,False,False,True,False,False,False,True,False,True,False,False,True,False,1494
deepseek-ai/DeepSeek-R1-Distill-Qwen-7B,math500,44,480,True,True,192,True,192,12,204,3,True,192,True,192,12,204,3,True,0,False,False,False,False,False,False,False,False,False,False,False,False,False,True,2468
deepseek-ai/DeepSeek-R1-Distill-Qwen-7B,math500,44,481,True,True,1536,False,1536,298,1834,24,True,192,False,192,21,213,3,True,-1344,False,False,False,True,False,True,False,False,False,False,False,False,True,False,6411
deepseek-ai/DeepSeek-R1-Distill-Qwen-7B,math500,44,482,True,True,896,False,896,87,983,14,True,576,False,576,54,630,9,True,-320,False,False,False,True,False,True,False,False,False,False,False,False,True,False,2138
deepseek-ai/DeepSeek-R1-Distill-Qwen-7B,math500,44,483,True,True,192,False,192,12,204,3,True,192,False,192,12,204,3,True,0,False,False,False,True,False,True,False,False,False,False,False,False,False,True,2832
deepseek-ai/DeepSeek-R1-Distill-Qwen-7B,math500,44,484,True,True,1024,True,1024,73,1097,16,True,1024,True,1024,71,1095,16,True,0,False,False,False,False,False,False,False,False,False,False,False,False,False,True,4057
deepseek-ai/DeepSeek-R1-Distill-Qwen-7B,math500,44,485,True,True,192,False,192,15,207,3,True,704,False,704,55,759,11,True,512,False,False,False,True,False,True,False,False,False,False,False,True,False,False,5414
deepseek-ai/DeepSeek-R1-Distill-Qwen-7B,math500,44,486,True,True,192,True,192,18,210,3,True,192,True,192,18,210,3,True,0,False,False,False,False,False,False,False,False,False,False,False,False,False,True,3332
deepseek-ai/DeepSeek-R1-Distill-Qwen-7B,math500,44,488,True,True,256,True,256,20,276,4,True,256,True,256,20,276,4,True,0,False,False,False,False,False,False,False,False,False,False,False,False,False,True,1322
deepseek-ai/DeepSeek-R1-Distill-Qwen-7B,math500,44,489,True,True,384,True,384,30,414,6,True,192,True,192,15,207,3,True,-192,False,False,False,False,False,False,False,False,False,False,False,False,True,False,4565
deepseek-ai/DeepSeek-R1-Distill-Qwen-7B,math500,44,49,True,True,512,True,512,40,552,8,True,576,True,576,45,621,9,True,64,False,False,False,False,False,False,False,False,False,False,False,True,False,False,1735
deepseek-ai/DeepSeek-R1-Distill-Qwen-7B,math500,44,490,True,True,1472,True,1472,115,1587,23,True,1472,True,1472,114,1586,23,True,0,False,False,False,False,False,False,False,False,False,False,False,False,False,True,6754
deepseek-ai/DeepSeek-R1-Distill-Qwen-7B,math500,44,491,False,True,2752,False,2752,330,3082,43,True,1024,False,1024,87,1111,16,True,-1728,False,False,False,False,False,False,False,False,False,False,False,False,True,False,4311
deepseek-ai/DeepSeek-R1-Distill-Qwen-7B,math500,44,492,True,True,384,False,384,72,456,6,True,192,False,192,48,240,3,True,-192,False,False,False,True,False,True,False,False,False,False,False,False,True,False,2180
deepseek-ai/DeepSeek-R1-Distill-Qwen-7B,math500,44,493,True,True,1280,True,1280,123,1403,20,True,2240,True,2240,204,2444,35,True,960,False,False,False,False,False,False,False,False,False,False,False,True,False,False,4745
deepseek-ai/DeepSeek-R1-Distill-Qwen-7B,math500,44,494,True,True,448,False,448,33,481,7,True,192,False,192,12,204,3,True,-256,False,False,False,True,False,True,False,False,False,False,False,False,True,False,6220
deepseek-ai/DeepSeek-R1-Distill-Qwen-7B,math500,44,495,True,True,1024,True,1024,243,1267,16,True,576,False,576,93,669,9,True,-448,False,False,False,False,False,True,False,False,True,False,True,False,True,False,2857
deepseek-ai/DeepSeek-R1-Distill-Qwen-7B,math500,44,497,True,True,320,False,320,25,345,5,True,192,False,192,12,204,3,True,-128,False,False,False,True,False,True,False,False,False,False,False,False,True,False,15564
deepseek-ai/DeepSeek-R1-Distill-Qwen-7B,math500,44,498,False,True,256,False,256,18,274,4,True,192,False,192,12,204,3,True,-64,False,False,False,False,False,False,False,False,False,False,False,False,True,False,3830
deepseek-ai/DeepSeek-R1-Distill-Qwen-7B,math500,44,499,True,True,192,False,192,20,212,3,True,256,False,256,28,284,4,True,64,False,False,False,True,False,True,False,False,False,False,False,True,False,False,4992
deepseek-ai/DeepSeek-R1-Distill-Qwen-7B,math500,44,5,True,True,192,True,192,15,207,3,True,192,True,192,15,207,3,True,0,False,False,False,False,False,False,False,False,False,False,False,False,False,True,1041
deepseek-ai/DeepSeek-R1-Distill-Qwen-7B,math500,44,50,True,True,1280,True,1280,120,1400,20,True,1280,True,1280,120,1400,20,True,0,False,False,False,False,False,False,False,False,False,False,False,False,False,True,3160
deepseek-ai/DeepSeek-R1-Distill-Qwen-7B,math500,44,51,True,True,512,False,512,60,572,8,True,832,False,832,108,940,13,True,320,False,False,False,True,False,True,False,False,False,False,False,True,False,False,2936
deepseek-ai/DeepSeek-R1-Distill-Qwen-7B,math500,44,52,True,True,640,True,640,50,690,10,True,576,True,576,45,621,9,True,-64,False,False,False,False,False,False,False,False,False,False,False,False,True,False,1950
deepseek-ai/DeepSeek-R1-Distill-Qwen-7B,math500,44,53,True,True,192,True,192,34,226,3,True,192,True,192,36,228,3,True,0,False,False,False,False,False,False,False,False,False,False,False,False,False,True,893
deepseek-ai/DeepSeek-R1-Distill-Qwen-7B,math500,44,55,True,True,192,True,192,12,204,3,True,192,True,192,12,204,3,True,0,False,False,False,False,False,False,False,False,False,False,False,False,False,True,1563
deepseek-ai/DeepSeek-R1-Distill-Qwen-7B,math500,44,56,True,True,192,True,192,15,207,3,True,192,True,192,15,207,3,True,0,False,False,False,False,False,False,False,False,False,False,False,False,False,True,1584
deepseek-ai/DeepSeek-R1-Distill-Qwen-7B,math500,44,57,True,True,384,True,384,31,415,6,True,448,True,448,35,483,7,True,64,False,False,False,False,False,False,False,False,False,False,False,True,False,False,1906
deepseek-ai/DeepSeek-R1-Distill-Qwen-7B,math500,44,58,True,True,192,False,192,21,213,3,True,192,True,192,21,213,3,True,0,False,False,False,True,False,False,False,True,False,True,False,False,False,True,2812
deepseek-ai/DeepSeek-R1-Distill-Qwen-7B,math500,44,59,True,True,640,True,640,47,687,10,True,384,False,384,30,414,6,True,-256,False,False,False,False,False,True,False,False,True,False,True,False,True,False,1157
deepseek-ai/DeepSeek-R1-Distill-Qwen-7B,math500,44,60,True,True,3840,False,3840,639,4479,60,True,2368,False,2368,439,2807,37,True,-1472,False,False,False,True,False,True,False,False,False,False,False,False,True,False,4280
deepseek-ai/DeepSeek-R1-Distill-Qwen-7B,math500,44,61,True,True,704,True,704,59,763,11,True,192,False,192,12,204,3,True,-512,False,False,False,False,False,True,False,False,True,False,True,False,True,False,3070
deepseek-ai/DeepSeek-R1-Distill-Qwen-7B,math500,44,62,True,True,192,False,192,24,216,3,True,448,False,448,48,496,7,True,256,False,False,False,True,False,True,False,False,False,False,False,True,False,False,3533
deepseek-ai/DeepSeek-R1-Distill-Qwen-7B,math500,44,63,True,True,1152,True,1152,84,1236,18,True,768,True,768,51,819,12,True,-384,False,False,False,False,False,False,False,False,False,False,False,False,True,False,3928
deepseek-ai/DeepSeek-R1-Distill-Qwen-7B,math500,44,64,True,True,960,False,960,112,1072,15,True,1280,False,1280,119,1399,20,True,320,False,False,False,True,False,True,False,False,False,False,False,True,False,False,6489
deepseek-ai/DeepSeek-R1-Distill-Qwen-7B,math500,44,66,True,True,1344,True,1344,240,1584,21,True,192,False,192,60,252,3,True,-1152,False,False,False,False,False,True,False,False,True,False,True,False,True,False,1352
deepseek-ai/DeepSeek-R1-Distill-Qwen-7B,math500,44,68,True,True,1152,True,1152,90,1242,18,True,448,False,448,35,483,7,True,-704,False,False,False,False,False,True,False,False,True,False,True,False,True,False,3965
deepseek-ai/DeepSeek-R1-Distill-Qwen-7B,math500,44,69,True,True,1152,True,1152,118,1270,18,True,320,False,320,20,340,5,True,-832,False,False,False,False,False,True,False,False,True,False,True,False,True,False,2368
deepseek-ai/DeepSeek-R1-Distill-Qwen-7B,math500,44,7,True,True,320,False,320,28,348,5,True,192,False,192,18,210,3,True,-128,False,False,False,True,False,True,False,False,False,False,False,False,True,False,2262
deepseek-ai/DeepSeek-R1-Distill-Qwen-7B,math500,44,70,True,True,192,True,192,21,213,3,True,192,True,192,21,213,3,True,0,False,False,False,False,False,False,False,False,False,False,False,False,False,True,1363
deepseek-ai/DeepSeek-R1-Distill-Qwen-7B,math500,44,71,False,True,448,False,448,61,509,7,True,384,False,384,46,430,6,True,-64,False,False,False,False,False,False,False,False,False,False,False,False,True,False,4186
deepseek-ai/DeepSeek-R1-Distill-Qwen-7B,math500,44,72,True,True,192,True,192,12,204,3,True,192,True,192,12,204,3,True,0,False,False,False,False,False,False,False,False,False,False,False,False,False,True,1326
deepseek-ai/DeepSeek-R1-Distill-Qwen-7B,math500,44,73,True,True,512,False,512,44,556,8,True,512,False,512,48,560,8,True,0,False,False,False,True,False,True,False,False,False,False,False,False,False,True,1083
deepseek-ai/DeepSeek-R1-Distill-Qwen-7B,math500,44,74,True,True,192,False,192,12,204,3,True,192,False,192,12,204,3,True,0,False,False,False,True,False,True,False,False,False,False,False,False,False,True,2472
deepseek-ai/DeepSeek-R1-Distill-Qwen-7B,math500,44,75,True,True,256,False,256,16,272,4,True,384,False,384,32,416,6,True,128,False,False,False,True,False,True,False,False,False,False,False,True,False,False,3360
deepseek-ai/DeepSeek-R1-Distill-Qwen-7B,math500,44,76,True,True,192,False,192,12,204,3,True,576,True,576,36,612,9,True,384,False,False,False,True,False,False,False,True,False,True,False,True,False,False,4965
deepseek-ai/DeepSeek-R1-Distill-Qwen-7B,math500,44,78,True,True,640,False,640,80,720,10,True,384,False,384,48,432,6,True,-256,False,False,False,True,False,True,False,False,False,False,False,False,True,False,2196
deepseek-ai/DeepSeek-R1-Distill-Qwen-7B,math500,44,79,True,True,256,True,256,16,272,4,True,192,True,192,12,204,3,True,-64,False,False,False,False,False,False,False,False,False,False,False,False,True,False,2394
deepseek-ai/DeepSeek-R1-Distill-Qwen-7B,math500,44,8,True,True,192,False,192,24,216,3,True,192,False,192,24,216,3,True,0,False,False,False,True,False,True,False,False,False,False,False,False,False,True,1776
deepseek-ai/DeepSeek-R1-Distill-Qwen-7B,math500,44,80,True,True,832,False,832,71,903,13,True,832,False,832,71,903,13,True,0,False,False,False,True,False,True,False,False,False,False,False,False,False,True,7509
deepseek-ai/DeepSeek-R1-Distill-Qwen-7B,math500,44,82,True,True,896,False,896,56,952,14,True,384,False,384,24,408,6,True,-512,False,False,False,True,False,True,False,False,False,False,False,False,True,False,6349
deepseek-ai/DeepSeek-R1-Distill-Qwen-7B,math500,44,83,False,True,192,True,192,12,204,3,True,192,True,192,12,204,3,True,0,False,False,False,False,True,False,True,False,False,False,False,False,False,True,16384
deepseek-ai/DeepSeek-R1-Distill-Qwen-7B,math500,44,84,True,True,1216,False,1216,80,1296,19,True,384,False,384,24,408,6,True,-832,False,False,False,True,False,True,False,False,False,False,False,False,True,False,2480
deepseek-ai/DeepSeek-R1-Distill-Qwen-7B,math500,44,85,True,False,,True,1127,110,1237,17,True,448,False,448,56,504,7,False,,False,True,False,False,False,True,False,False,True,False,True,False,False,False,1127
deepseek-ai/DeepSeek-R1-Distill-Qwen-7B,math500,44,86,True,True,192,True,192,18,210,3,True,192,True,192,18,210,3,True,0,False,False,False,False,False,False,False,False,False,False,False,False,False,True,889
deepseek-ai/DeepSeek-R1-Distill-Qwen-7B,math500,44,87,True,True,320,False,320,20,340,5,True,320,False,320,20,340,5,True,0,False,False,False,True,False,True,False,False,False,False,False,False,False,True,1822
deepseek-ai/DeepSeek-R1-Distill-Qwen-7B,math500,44,88,True,True,192,True,192,12,204,3,True,384,True,384,24,408,6,True,192,False,False,False,False,False,False,False,False,False,False,False,True,False,False,16145
deepseek-ai/DeepSeek-R1-Distill-Qwen-7B,math500,44,89,True,True,448,True,448,35,483,7,True,192,False,192,12,204,3,True,-256,False,False,False,False,False,True,False,False,True,False,True,False,True,False,2909
deepseek-ai/DeepSeek-R1-Distill-Qwen-7B,math500,44,9,True,True,1536,False,1536,108,1644,24,True,320,False,320,20,340,5,True,-1216,False,False,False,True,False,True,False,False,False,False,False,False,True,False,8737
deepseek-ai/DeepSeek-R1-Distill-Qwen-7B,math500,44,90,True,True,192,False,192,15,207,3,True,192,False,192,15,207,3,True,0,False,False,False,True,False,True,False,False,False,False,False,False,False,True,2756
deepseek-ai/DeepSeek-R1-Distill-Qwen-7B,math500,44,91,True,True,192,False,192,12,204,3,True,192,False,192,12,204,3,True,0,False,False,False,True,False,True,False,False,False,False,False,False,False,True,1720
deepseek-ai/DeepSeek-R1-Distill-Qwen-7B,math500,44,92,True,True,256,False,256,20,276,4,True,256,False,256,20,276,4,True,0,False,False,False,True,False,True,False,False,False,False,False,False,False,True,4711
deepseek-ai/DeepSeek-R1-Distill-Qwen-7B,math500,44,93,True,True,768,True,768,62,830,12,True,768,True,768,60,828,12,True,0,False,False,False,False,False,False,False,False,False,False,False,False,False,True,1667
deepseek-ai/DeepSeek-R1-Distill-Qwen-7B,math500,44,94,False,True,384,True,384,31,415,6,True,576,True,576,49,625,9,True,192,False,False,False,False,True,False,True,False,False,False,False,True,False,False,10691
deepseek-ai/DeepSeek-R1-Distill-Qwen-7B,math500,44,95,True,True,448,False,448,28,476,7,True,576,False,576,36,612,9,True,128,False,False,False,True,False,True,False,False,False,False,False,True,False,False,1647
deepseek-ai/DeepSeek-R1-Distill-Qwen-7B,math500,44,96,False,True,384,False,384,102,486,6,True,640,False,640,85,725,10,True,256,False,False,False,False,False,False,False,False,False,False,False,True,False,False,16384
deepseek-ai/DeepSeek-R1-Distill-Qwen-7B,math500,44,97,True,True,256,False,256,16,272,4,True,256,False,256,16,272,4,True,0,False,False,False,True,False,True,False,False,False,False,False,False,False,True,1899
deepseek-ai/DeepSeek-R1-Distill-Qwen-7B,math500,44,98,True,True,192,True,192,24,216,3,True,192,True,192,24,216,3,True,0,False,False,False,False,False,False,False,False,False,False,False,False,False,True,266
deepseek-ai/DeepSeek-R1-Distill-Qwen-7B,math500,44,99,True,False,,True,2765,1222,3987,43,False,,True,2765,1241,4006,43,False,,False,False,True,False,False,False,False,False,False,False,False,False,False,False,2765
deepseek-ai/DeepSeek-R1-Distill-Qwen-7B,amc23,45,0,True,True,256,True,256,20,276,4,True,320,True,320,25,345,5,True,64,False,False,False,False,False,False,False,False,False,False,False,True,False,False,1015
deepseek-ai/DeepSeek-R1-Distill-Qwen-7B,amc23,45,17,True,True,384,False,384,30,414,6,True,704,False,704,54,758,11,True,320,False,False,False,True,False,True,False,False,False,False,False,True,False,False,2688
deepseek-ai/DeepSeek-R1-Distill-Qwen-7B,amc23,45,19,True,True,896,True,896,71,967,14,True,896,True,896,71,967,14,True,0,False,False,False,False,False,False,False,False,False,False,False,False,False,True,1615
deepseek-ai/DeepSeek-R1-Distill-Qwen-7B,amc23,45,2,True,True,192,True,192,17,209,3,True,192,True,192,17,209,3,True,0,False,False,False,False,False,False,False,False,False,False,False,False,False,True,1628
deepseek-ai/DeepSeek-R1-Distill-Qwen-7B,amc23,45,30,True,True,896,True,896,75,971,14,True,384,True,384,30,414,6,True,-512,False,False,False,False,False,False,False,False,False,False,False,False,True,False,1665
deepseek-ai/DeepSeek-R1-Distill-Qwen-7B,amc23,45,31,False,True,704,False,704,44,748,11,True,448,False,448,28,476,7,True,-256,False,False,False,False,False,False,False,False,False,False,False,False,True,False,16384
deepseek-ai/DeepSeek-R1-Distill-Qwen-7B,amc23,45,36,True,True,192,False,192,12,204,3,True,256,False,256,16,272,4,True,64,False,False,False,True,False,True,False,False,False,False,False,True,False,False,6667
deepseek-ai/DeepSeek-R1-Distill-Qwen-7B,amc23,45,38,True,True,640,False,640,60,700,10,True,896,True,896,83,979,14,True,256,False,False,False,True,False,False,False,True,False,True,False,True,False,False,8339
Qwen/Qwen3-8B,amc23,43,1,True,True,1024,False,1024,63,1087,16,True,1024,False,1024,64,1088,16,True,0,False,False,False,True,False,True,False,False,False,False,False,False,False,True,3247
Qwen/Qwen3-8B,amc23,43,10,True,True,512,False,512,32,544,8,True,192,False,192,12,204,3,True,-320,False,False,False,True,False,True,False,False,False,False,False,False,True,False,7790
Qwen/Qwen3-8B,amc23,43,11,False,True,4160,False,4160,327,4487,65,True,3904,False,3904,299,4203,61,True,-256,False,False,False,False,False,False,False,False,False,False,False,False,True,False,16384
Qwen/Qwen3-8B,amc23,43,12,True,True,192,False,192,12,204,3,True,192,False,192,12,204,3,True,0,False,False,False,True,False,True,False,False,False,False,False,False,False,True,6430
Qwen/Qwen3-8B,amc23,43,13,True,True,192,True,192,12,204,3,True,192,True,192,12,204,3,True,0,False,False,False,False,False,False,False,False,False,False,False,False,False,True,12589
Qwen/Qwen3-8B,amc23,43,14,True,True,320,False,320,25,345,5,True,192,False,192,12,204,3,True,-128,False,False,False,True,False,True,False,False,False,False,False,False,True,False,6631
Qwen/Qwen3-8B,amc23,43,15,True,True,320,False,320,26,346,5,True,896,False,896,71,967,14,True,576,False,False,False,True,False,True,False,False,False,False,False,True,False,False,10160
Qwen/Qwen3-8B,amc23,43,16,True,True,192,False,192,15,207,3,True,256,False,256,19,275,4,True,64,False,False,False,True,False,True,False,False,False,False,False,True,False,False,4679
Qwen/Qwen3-8B,amc23,43,18,True,True,2752,False,2752,228,2980,43,True,2176,False,2176,167,2343,34,True,-576,False,False,False,True,False,True,False,False,False,False,False,False,True,False,13250
Qwen/Qwen3-8B,amc23,43,20,False,True,192,False,192,12,204,3,True,192,False,192,12,204,3,True,0,False,False,False,False,False,False,False,False,False,False,False,False,False,True,16384
Qwen/Qwen3-8B,amc23,43,21,True,True,192,False,192,12,204,3,True,384,True,384,24,408,6,True,192,False,False,False,True,False,False,False,True,False,True,False,True,False,False,8104
Qwen/Qwen3-8B,amc23,43,22,True,True,1088,True,1088,81,1169,17,True,576,False,576,37,613,9,True,-512,False,False,False,False,False,True,False,False,True,False,True,False,True,False,3351
Qwen/Qwen3-8B,amc23,43,23,True,True,1344,True,1344,96,1440,21,True,256,False,256,16,272,4,True,-1088,False,False,False,False,False,True,False,False,True,False,True,False,True,False,4802
Qwen/Qwen3-8B,amc23,43,24,True,True,640,True,640,48,688,10,True,384,True,384,34,418,6,True,-256,False,False,False,False,False,False,False,False,False,False,False,False,True,False,4302
Qwen/Qwen3-8B,amc23,43,25,True,True,192,False,192,15,207,3,True,192,False,192,15,207,3,True,0,False,False,False,True,False,True,False,False,False,False,False,False,False,True,3768
Qwen/Qwen3-8B,amc23,43,26,True,True,896,False,896,139,1035,14,True,832,False,832,132,964,13,True,-64,False,False,False,True,False,True,False,False,False,False,False,False,True,False,4009
Qwen/Qwen3-8B,amc23,43,27,True,True,192,False,192,12,204,3,True,192,False,192,12,204,3,True,0,False,False,False,True,False,True,False,False,False,False,False,False,False,True,15849
Qwen/Qwen3-8B,amc23,43,28,True,True,384,False,384,30,414,6,True,192,False,192,15,207,3,True,-192,False,False,False,True,False,True,False,False,False,False,False,False,True,False,11561
Qwen/Qwen3-8B,amc23,43,29,True,True,1472,False,1472,163,1635,23,True,320,False,320,45,365,5,True,-1152,False,False,False,True,False,True,False,False,False,False,False,False,True,False,6615
Qwen/Qwen3-8B,amc23,43,3,True,True,1600,True,1600,222,1822,25,True,1728,True,1728,168,1896,27,True,128,False,False,False,False,False,False,False,False,False,False,False,True,False,False,5973
Qwen/Qwen3-8B,amc23,43,32,True,True,448,False,448,126,574,7,True,192,False,192,54,246,3,True,-256,False,False,False,True,False,True,False,False,False,False,False,False,True,False,11244
Qwen/Qwen3-8B,amc23,43,33,True,True,192,False,192,15,207,3,True,192,False,192,15,207,3,True,0,False,False,False,True,False,True,False,False,False,False,False,False,False,True,2091
Qwen/Qwen3-8B,amc23,43,34,True,True,320,False,320,39,359,5,True,512,True,512,60,572,8,True,192,False,False,False,True,False,False,False,True,False,True,False,True,False,False,2346
Qwen/Qwen3-8B,amc23,43,35,True,True,320,False,320,20,340,5,True,448,False,448,28,476,7,True,128,False,False,False,True,False,True,False,False,False,False,False,True,False,False,10058
Qwen/Qwen3-8B,amc23,43,37,True,True,2112,False,2112,175,2287,33,True,2304,False,2304,179,2483,36,True,192,False,False,False,True,False,True,False,False,False,False,False,True,False,False,9481
Qwen/Qwen3-8B,amc23,43,39,True,True,192,True,192,12,204,3,True,192,True,192,12,204,3,True,0,False,False,False,False,False,False,False,False,False,False,False,False,False,True,9632
Qwen/Qwen3-8B,amc23,43,4,True,True,832,False,832,75,907,13,True,320,False,320,25,345,5,True,-512,False,False,False,True,False,True,False,False,False,False,False,False,True,False,7576
Qwen/Qwen3-8B,amc23,43,5,True,True,192,False,192,12,204,3,True,192,False,192,12,204,3,True,0,False,False,False,True,False,True,False,False,False,False,False,False,False,True,7921
Qwen/Qwen3-8B,amc23,43,6,False,True,1280,False,1280,109,1389,20,True,704,False,704,54,758,11,True,-576,False,False,False,False,False,False,False,False,False,False,False,False,True,False,16384
Qwen/Qwen3-8B,amc23,43,7,True,True,1024,False,1024,106,1130,16,True,1024,False,1024,97,1121,16,True,0,False,False,False,True,False,True,False,False,False,False,False,False,False,True,9494
Qwen/Qwen3-8B,amc23,43,8,True,True,192,True,192,12,204,3,True,192,True,192,12,204,3,True,0,False,False,False,False,False,False,False,False,False,False,False,False,False,True,11927
Qwen/Qwen3-8B,amc23,43,9,True,True,192,False,192,12,204,3,True,192,False,192,12,204,3,True,0,False,False,False,True,False,True,False,False,False,False,False,False,False,True,3327
Qwen/Qwen3-8B,amc23,47,0,True,True,384,True,384,32,416,6,True,320,True,320,25,345,5,True,-64,False,False,False,False,False,False,False,False,False,False,False,False,True,False,1749
Qwen/Qwen3-8B,amc23,47,17,True,True,320,False,320,25,345,5,True,256,False,256,20,276,4,True,-64,False,False,False,True,False,True,False,False,False,False,False,False,True,False,6933
Qwen/Qwen3-8B,amc23,47,19,True,True,256,False,256,21,277,4,True,640,False,640,61,701,10,True,384,False,False,False,True,False,True,False,False,False,False,False,True,False,False,2027
Qwen/Qwen3-8B,amc23,47,2,True,True,384,False,384,70,454,6,True,704,False,704,228,932,11,True,320,False,False,False,True,False,True,False,False,False,False,False,True,False,False,3444
Qwen/Qwen3-8B,amc23,47,30,True,True,448,True,448,35,483,7,True,832,True,832,85,917,13,True,384,False,False,False,False,False,False,False,False,False,False,False,True,False,False,3433
Qwen/Qwen3-8B,amc23,47,31,False,True,192,False,192,12,204,3,True,640,False,640,45,685,10,True,448,False,False,False,False,False,False,False,False,False,False,False,True,False,False,16384
Qwen/Qwen3-8B,amc23,47,36,True,True,192,True,192,12,204,3,True,192,True,192,12,204,3,True,0,False,False,False,False,False,False,False,False,False,False,False,False,False,True,10140
Qwen/Qwen3-8B,amc23,47,38,True,True,1024,False,1024,104,1128,16,True,832,False,832,79,911,13,True,-192,False,False,False,True,False,True,False,False,False,False,False,False,True,False,8786
deepseek-ai/DeepSeek-R1-Distill-Qwen-7B,amc23,42,1,True,True,1088,True,1088,75,1163,17,True,1088,True,1088,73,1161,17,True,0,False,False,False,False,False,False,False,False,False,False,False,False,False,True,1731
deepseek-ai/DeepSeek-R1-Distill-Qwen-7B,amc23,42,10,True,True,1856,False,1856,116,1972,29,True,960,True,960,60,1020,15,True,-896,False,False,False,True,False,False,False,True,False,True,False,False,True,False,4172
deepseek-ai/DeepSeek-R1-Distill-Qwen-7B,amc23,42,11,True,True,3072,False,3072,254,3326,48,True,2112,False,2112,168,2280,33,True,-960,False,False,False,True,False,True,False,False,False,False,False,False,True,False,11341
deepseek-ai/DeepSeek-R1-Distill-Qwen-7B,amc23,42,12,True,True,448,False,448,31,479,7,True,448,False,448,31,479,7,True,0,False,False,False,True,False,True,False,False,False,False,False,False,False,True,3519
deepseek-ai/DeepSeek-R1-Distill-Qwen-7B,amc23,42,13,True,True,1152,False,1152,72,1224,18,True,384,True,384,24,408,6,True,-768,False,False,False,True,False,False,False,True,False,True,False,False,True,False,7026
deepseek-ai/DeepSeek-R1-Distill-Qwen-7B,amc23,42,14,True,True,384,True,384,24,408,6,True,192,False,192,12,204,3,True,-192,False,False,False,False,False,True,False,False,True,False,True,False,True,False,3932
deepseek-ai/DeepSeek-R1-Distill-Qwen-7B,amc23,42,15,True,True,192,False,192,21,213,3,True,192,False,192,21,213,3,True,0,False,False,False,True,False,True,False,False,False,False,False,False,False,True,5307
deepseek-ai/DeepSeek-R1-Distill-Qwen-7B,amc23,42,16,True,True,640,False,640,48,688,10,True,896,True,896,64,960,14,True,256,False,False,False,True,False,False,False,True,False,True,False,True,False,False,2658
deepseek-ai/DeepSeek-R1-Distill-Qwen-7B,amc23,42,18,True,True,8960,False,8960,742,9702,140,True,960,False,960,77,1037,15,True,-8000,False,False,False,True,False,True,False,False,False,False,False,False,True,False,15611
deepseek-ai/DeepSeek-R1-Distill-Qwen-7B,amc23,42,20,False,True,768,False,768,66,834,12,True,384,False,384,30,414,6,True,-384,False,False,False,False,False,False,False,False,False,False,False,False,True,False,16384
deepseek-ai/DeepSeek-R1-Distill-Qwen-7B,amc23,42,21,True,True,640,False,640,41,681,10,True,832,False,832,54,886,13,True,192,False,False,False,True,False,True,False,False,False,False,False,True,False,False,1728
deepseek-ai/DeepSeek-R1-Distill-Qwen-7B,amc23,42,22,True,True,832,True,832,56,888,13,True,192,False,192,15,207,3,True,-640,False,False,False,False,False,True,False,False,True,False,True,False,True,False,1516
deepseek-ai/DeepSeek-R1-Distill-Qwen-7B,amc23,42,23,True,True,2688,True,2688,198,2886,42,True,1792,True,1792,141,1933,28,True,-896,False,False,False,False,False,False,False,False,False,False,False,False,True,False,4628
deepseek-ai/DeepSeek-R1-Distill-Qwen-7B,amc23,42,24,True,True,2560,True,2560,213,2773,40,True,1600,False,1600,124,1724,25,True,-960,False,False,False,False,False,True,False,False,True,False,True,False,True,False,3714
deepseek-ai/DeepSeek-R1-Distill-Qwen-7B,amc23,42,25,True,True,1536,True,1536,120,1656,24,True,1344,False,1344,105,1449,21,True,-192,False,False,False,False,False,True,False,False,True,False,True,False,True,False,3211
deepseek-ai/DeepSeek-R1-Distill-Qwen-7B,amc23,42,26,True,True,1024,False,1024,73,1097,16,True,768,False,768,61,829,12,True,-256,False,False,False,True,False,True,False,False,False,False,False,False,True,False,2505
deepseek-ai/DeepSeek-R1-Distill-Qwen-7B,amc23,42,27,True,True,1408,False,1408,108,1516,22,True,192,False,192,15,207,3,True,-1216,False,False,False,True,False,True,False,False,False,False,False,False,True,False,13285
deepseek-ai/DeepSeek-R1-Distill-Qwen-7B,amc23,42,28,False,True,768,False,768,60,828,12,True,384,False,384,27,411,6,True,-384,False,False,False,False,False,False,False,False,False,False,False,False,True,False,16384
deepseek-ai/DeepSeek-R1-Distill-Qwen-7B,amc23,42,29,True,True,2048,True,2048,232,2280,32,True,1280,False,1280,143,1423,20,True,-768,False,False,False,False,False,True,False,False,True,False,True,False,True,False,2815
deepseek-ai/DeepSeek-R1-Distill-Qwen-7B,amc23,42,3,True,True,1408,True,1408,145,1553,22,True,1408,True,1408,156,1564,22,True,0,False,False,False,False,False,False,False,False,False,False,False,False,False,True,3746
deepseek-ai/DeepSeek-R1-Distill-Qwen-7B,amc23,42,32,True,True,448,False,448,36,484,7,True,448,False,448,56,504,7,True,0,False,False,False,True,False,True,False,False,False,False,False,False,False,True,16366
deepseek-ai/DeepSeek-R1-Distill-Qwen-7B,amc23,42,33,True,True,960,True,960,74,1034,15,True,256,False,256,19,275,4,True,-704,False,False,False,False,False,True,False,False,True,False,True,False,True,False,1786
deepseek-ai/DeepSeek-R1-Distill-Qwen-7B,amc23,42,34,True,True,320,False,320,41,361,5,True,320,False,320,39,359,5,True,0,False,False,False,True,False,True,False,False,False,False,False,False,False,True,1661
deepseek-ai/DeepSeek-R1-Distill-Qwen-7B,amc23,42,35,False,True,256,False,256,16,272,4,True,448,False,448,28,476,7,True,192,False,False,False,False,False,False,False,False,False,False,False,True,False,False,16384
deepseek-ai/DeepSeek-R1-Distill-Qwen-7B,amc23,42,37,True,True,2048,True,2048,188,2236,32,True,1344,False,1344,103,1447,21,True,-704,False,False,False,False,False,True,False,False,True,False,True,False,True,False,5496
deepseek-ai/DeepSeek-R1-Distill-Qwen-7B,amc23,42,39,True,True,384,True,384,25,409,6,True,320,False,320,24,344,5,True,-64,False,False,False,False,False,True,False,False,True,False,True,False,True,False,7622
deepseek-ai/DeepSeek-R1-Distill-Qwen-7B,amc23,42,4,True,True,192,False,192,18,210,3,True,384,False,384,36,420,6,True,192,False,False,False,True,False,True,False,False,False,False,False,True,False,False,4842
deepseek-ai/DeepSeek-R1-Distill-Qwen-7B,amc23,42,5,True,True,192,False,192,12,204,3,True,512,False,512,36,548,8,True,320,False,False,False,True,False,True,False,False,False,False,False,True,False,False,9795
deepseek-ai/DeepSeek-R1-Distill-Qwen-7B,amc23,42,6,True,True,2176,False,2176,149,2325,34,True,256,False,256,17,273,4,True,-1920,False,False,False,True,False,True,False,False,False,False,False,False,True,False,8966
deepseek-ai/DeepSeek-R1-Distill-Qwen-7B,amc23,42,7,True,True,4352,False,4352,405,4757,68,True,256,False,256,18,274,4,True,-4096,False,False,False,True,False,True,False,False,False,False,False,False,True,False,14947
deepseek-ai/DeepSeek-R1-Distill-Qwen-7B,amc23,42,8,True,True,192,False,192,21,213,3,True,192,False,192,21,213,3,True,0,False,False,False,True,False,True,False,False,False,False,False,False,False,True,7883
deepseek-ai/DeepSeek-R1-Distill-Qwen-7B,amc23,42,9,True,True,384,False,384,30,414,6,True,1088,True,1088,75,1163,17,True,704,False,False,False,True,False,False,False,True,False,True,False,True,False,False,2175
deepseek-ai/DeepSeek-R1-Distill-Qwen-7B,amc23,46,0,True,True,256,True,256,20,276,4,True,256,True,256,20,276,4,True,0,False,False,False,False,False,False,False,False,False,False,False,False,False,True,1933
deepseek-ai/DeepSeek-R1-Distill-Qwen-7B,amc23,46,17,True,True,896,True,896,88,984,14,True,896,True,896,70,966,14,True,0,False,False,False,False,False,False,False,False,False,False,False,False,False,True,3115
deepseek-ai/DeepSeek-R1-Distill-Qwen-7B,amc23,46,19,True,True,192,False,192,15,207,3,True,1088,False,1088,93,1181,17,True,896,False,False,False,True,False,True,False,False,False,False,False,True,False,False,1871
deepseek-ai/DeepSeek-R1-Distill-Qwen-7B,amc23,46,2,True,True,192,True,192,21,213,3,True,192,True,192,21,213,3,True,0,False,False,False,False,False,False,False,False,False,False,False,False,False,True,1936
deepseek-ai/DeepSeek-R1-Distill-Qwen-7B,amc23,46,30,True,True,960,True,960,89,1049,15,True,192,True,192,15,207,3,True,-768,False,False,False,False,False,False,False,False,False,False,False,False,True,False,2568
deepseek-ai/DeepSeek-R1-Distill-Qwen-7B,amc23,46,31,False,True,1344,False,1344,87,1431,21,True,192,False,192,12,204,3,True,-1152,False,False,False,False,False,False,False,False,False,False,False,False,True,False,16384
deepseek-ai/DeepSeek-R1-Distill-Qwen-7B,amc23,46,36,True,True,256,False,256,16,272,4,True,192,False,192,12,204,3,True,-64,False,False,False,True,False,True,False,False,False,False,False,False,True,False,6672
deepseek-ai/DeepSeek-R1-Distill-Qwen-7B,amc23,46,38,True,True,1408,True,1408,128,1536,22,True,320,False,320,30,350,5,True,-1088,False,False,False,False,False,True,False,False,True,False,True,False,True,False,5253
Qwen/Qwen3-8B,amc23,44,1,True,True,512,False,512,32,544,8,True,1408,True,1408,98,1506,22,True,896,False,False,False,True,False,False,False,True,False,True,False,True,False,False,2923
Qwen/Qwen3-8B,amc23,44,10,True,True,448,False,448,28,476,7,True,512,False,512,32,544,8,True,64,False,False,False,True,False,True,False,False,False,False,False,True,False,False,7724
Qwen/Qwen3-8B,amc23,44,11,False,True,1856,False,1856,143,1999,29,True,6720,False,6720,504,7224,105,True,4864,False,False,False,False,False,False,False,False,False,False,False,True,False,False,14102
Qwen/Qwen3-8B,amc23,44,12,True,True,192,False,192,12,204,3,True,192,False,192,12,204,3,True,0,False,False,False,True,False,True,False,False,False,False,False,False,False,True,5912
Qwen/Qwen3-8B,amc23,44,13,False,True,192,True,192,12,204,3,True,192,True,192,12,204,3,True,0,False,False,False,False,True,False,True,False,False,False,False,False,False,True,16384
Qwen/Qwen3-8B,amc23,44,14,True,True,192,False,192,12,204,3,True,192,False,192,12,204,3,True,0,False,False,False,True,False,True,False,False,False,False,False,False,False,True,7276
Qwen/Qwen3-8B,amc23,44,15,True,True,256,False,256,19,275,4,True,256,False,256,19,275,4,True,0,False,False,False,True,False,True,False,False,False,False,False,False,False,True,5748
Qwen/Qwen3-8B,amc23,44,16,True,True,448,True,448,32,480,7,True,192,False,192,15,207,3,True,-256,False,False,False,False,False,True,False,False,True,False,True,False,True,False,6353
Qwen/Qwen3-8B,amc23,44,18,False,True,704,False,704,55,759,11,True,1600,False,1600,125,1725,25,True,896,False,False,False,False,False,False,False,False,False,False,False,True,False,False,11776
Qwen/Qwen3-8B,amc23,44,20,False,True,192,False,192,12,204,3,True,192,False,192,12,204,3,True,0,False,False,False,False,False,False,False,False,False,False,False,False,False,True,16384
Qwen/Qwen3-8B,amc23,44,21,True,True,256,False,256,16,272,4,True,704,False,704,46,750,11,True,448,False,False,False,True,False,True,False,False,False,False,False,True,False,False,3325
Qwen/Qwen3-8B,amc23,44,22,True,True,1088,True,1088,119,1207,17,True,576,False,576,65,641,9,True,-512,False,False,False,False,False,True,False,False,True,False,True,False,True,False,3486
Qwen/Qwen3-8B,amc23,44,23,True,True,448,False,448,29,477,7,True,384,False,384,24,408,6,True,-64,False,False,False,True,False,True,False,False,False,False,False,False,True,False,6443
Qwen/Qwen3-8B,amc23,44,24,True,True,832,True,832,87,919,13,True,320,True,320,24,344,5,True,-512,False,False,False,False,False,False,False,False,False,False,False,False,True,False,6057
Qwen/Qwen3-8B,amc23,44,25,True,True,192,False,192,15,207,3,True,192,False,192,15,207,3,True,0,False,False,False,True,False,True,False,False,False,False,False,False,False,True,3848
Qwen/Qwen3-8B,amc23,44,26,True,True,1024,True,1024,131,1155,16,True,896,False,896,130,1026,14,True,-128,False,False,False,False,False,True,False,False,True,False,True,False,True,False,3973
Qwen/Qwen3-8B,amc23,44,27,True,True,384,False,384,25,409,6,True,192,False,192,12,204,3,True,-192,False,False,False,True,False,True,False,False,False,False,False,False,True,False,10584
Qwen/Qwen3-8B,amc23,44,28,True,True,832,False,832,64,896,13,True,192,False,192,15,207,3,True,-640,False,False,False,True,False,True,False,False,False,False,False,False,True,False,8803
Qwen/Qwen3-8B,amc23,44,29,True,True,1664,False,1664,184,1848,26,True,192,False,192,27,219,3,True,-1472,False,False,False,True,False,True,False,False,False,False,False,False,True,False,6771
Qwen/Qwen3-8B,amc23,44,3,True,True,1664,True,1664,218,1882,26,True,1664,True,1664,162,1826,26,True,0,False,False,False,False,False,False,False,False,False,False,False,False,False,True,4489
Qwen/Qwen3-8B,amc23,44,32,True,True,192,False,192,54,246,3,True,192,False,192,54,246,3,True,0,False,False,False,True,False,True,False,False,False,False,False,False,False,True,13963
Qwen/Qwen3-8B,amc23,44,33,True,True,192,False,192,15,207,3,True,192,False,192,15,207,3,True,0,False,False,False,True,False,True,False,False,False,False,False,False,False,True,2022
Qwen/Qwen3-8B,amc23,44,34,True,True,704,True,704,81,785,11,True,192,False,192,24,216,3,True,-512,False,False,False,False,False,True,False,False,True,False,True,False,True,False,2024
Qwen/Qwen3-8B,amc23,44,35,True,True,192,False,192,12,204,3,True,512,False,512,32,544,8,True,320,False,False,False,True,False,True,False,False,False,False,False,True,False,False,14352
Qwen/Qwen3-8B,amc23,44,37,True,True,640,False,640,55,695,10,True,1600,False,1600,119,1719,25,True,960,False,False,False,True,False,True,False,False,False,False,False,True,False,False,9794
Qwen/Qwen3-8B,amc23,44,39,True,True,192,True,192,12,204,3,True,192,True,192,12,204,3,True,0,False,False,False,False,False,False,False,False,False,False,False,False,False,True,10400
Qwen/Qwen3-8B,amc23,44,4,True,True,768,False,768,84,852,12,True,320,False,320,25,345,5,True,-448,False,False,False,True,False,True,False,False,False,False,False,False,True,False,8798
Qwen/Qwen3-8B,amc23,44,5,True,True,192,False,192,12,204,3,True,192,False,192,12,204,3,True,0,False,False,False,True,False,True,False,False,False,False,False,False,False,True,7620
Qwen/Qwen3-8B,amc23,44,6,False,True,1280,False,1280,102,1382,20,True,256,False,256,21,277,4,True,-1024,False,False,False,False,False,False,False,False,False,False,False,False,True,False,16384
Qwen/Qwen3-8B,amc23,44,7,True,True,832,False,832,83,915,13,True,576,False,576,57,633,9,True,-256,False,False,False,True,False,True,False,False,False,False,False,False,True,False,14391
Qwen/Qwen3-8B,amc23,44,8,True,True,192,True,192,12,204,3,True,192,True,192,12,204,3,True,0,False,False,False,False,False,False,False,False,False,False,False,False,False,True,16384
Qwen/Qwen3-8B,amc23,44,9,True,True,1344,True,1344,114,1458,21,True,192,False,192,12,204,3,True,-1152,False,False,False,False,False,True,False,False,True,False,True,False,True,False,2454
Qwen/Qwen3-8B,aime24,45,14,True,True,192,False,192,15,207,3,True,192,False,192,15,207,3,True,0,False,False,False,True,False,True,False,False,False,False,False,False,False,True,10935
Qwen/Qwen3-8B,aime24,45,16,True,True,1728,False,1728,164,1892,27,True,896,False,896,82,978,14,True,-832,False,False,False,True,False,True,False,False,False,False,False,False,True,False,9329
Qwen/Qwen3-8B,aime24,45,19,True,True,4992,True,4992,454,5446,78,True,192,False,192,12,204,3,True,-4800,False,False,False,False,False,True,False,False,True,False,True,False,True,False,12068
Qwen/Qwen3-8B,aime24,45,22,True,True,3072,True,3072,316,3388,48,True,2880,False,2880,296,3176,45,True,-192,False,False,False,False,False,True,False,False,True,False,True,False,True,False,11668
Qwen/Qwen3-8B,aime24,45,3,False,True,1280,False,1280,97,1377,20,True,512,False,512,38,550,8,True,-768,False,False,False,False,False,False,False,False,False,False,False,False,True,False,23391
Qwen/Qwen3-8B,aime24,45,8,True,True,192,False,192,18,210,3,True,256,False,256,24,280,4,True,64,False,False,False,True,False,True,False,False,False,False,False,True,False,False,8902
deepseek-ai/DeepSeek-R1-Distill-Qwen-7B,amc23,43,1,True,True,1024,True,1024,86,1110,16,True,448,False,448,28,476,7,True,-576,False,False,False,False,False,True,False,False,True,False,True,False,True,False,1847
deepseek-ai/DeepSeek-R1-Distill-Qwen-7B,amc23,43,10,True,True,1088,True,1088,68,1156,17,True,320,False,320,20,340,5,True,-768,False,False,False,False,False,True,False,False,True,False,True,False,True,False,3666
deepseek-ai/DeepSeek-R1-Distill-Qwen-7B,amc23,43,11,True,True,1600,False,1600,133,1733,25,True,8768,False,8768,707,9475,137,True,7168,False,False,False,True,False,True,False,False,False,False,False,True,False,False,10197
deepseek-ai/DeepSeek-R1-Distill-Qwen-7B,amc23,43,12,True,True,1088,False,1088,83,1171,17,True,704,False,704,59,763,11,True,-384,False,False,False,True,False,True,False,False,False,False,False,False,True,False,16384
deepseek-ai/DeepSeek-R1-Distill-Qwen-7B,amc23,43,13,False,True,1344,False,1344,84,1428,21,True,192,True,192,12,204,3,True,-1152,False,False,False,False,False,False,True,True,False,False,False,False,True,False,16384
deepseek-ai/DeepSeek-R1-Distill-Qwen-7B,amc23,43,14,True,True,512,True,512,32,544,8,True,384,False,384,24,408,6,True,-128,False,False,False,False,False,True,False,False,True,False,True,False,True,False,3866
deepseek-ai/DeepSeek-R1-Distill-Qwen-7B,amc23,43,15,False,True,192,False,192,21,213,3,True,192,False,192,21,213,3,True,0,False,False,False,False,False,False,False,False,False,False,False,False,False,True,16384
deepseek-ai/DeepSeek-R1-Distill-Qwen-7B,amc23,43,16,True,True,768,True,768,53,821,12,True,704,True,704,50,754,11,True,-64,False,False,False,False,False,False,False,False,False,False,False,False,True,False,2108
deepseek-ai/DeepSeek-R1-Distill-Qwen-7B,amc23,43,18,False,True,4480,False,4480,372,4852,70,True,2176,False,2176,184,2360,34,True,-2304,False,False,False,False,False,False,False,False,False,False,False,False,True,False,16384
deepseek-ai/DeepSeek-R1-Distill-Qwen-7B,amc23,43,20,False,True,448,False,448,38,486,7,True,576,False,576,44,620,9,True,128,False,False,False,False,False,False,False,False,False,False,False,True,False,False,16384
deepseek-ai/DeepSeek-R1-Distill-Qwen-7B,amc23,43,21,True,True,192,False,192,12,204,3,True,1024,True,1024,66,1090,16,True,832,False,False,False,True,False,False,False,True,False,True,False,True,False,False,1735
deepseek-ai/DeepSeek-R1-Distill-Qwen-7B,amc23,43,22,True,True,960,True,960,68,1028,15,True,1024,True,1024,70,1094,16,True,64,False,False,False,False,False,False,False,False,False,False,False,True,False,False,1510
deepseek-ai/DeepSeek-R1-Distill-Qwen-7B,amc23,43,23,True,True,2048,True,2048,152,2200,32,True,2048,True,2048,143,2191,32,True,0,False,False,False,False,False,False,False,False,False,False,False,False,False,True,3657
deepseek-ai/DeepSeek-R1-Distill-Qwen-7B,amc23,43,24,True,True,2752,True,2752,228,2980,43,True,2752,True,2752,211,2963,43,True,0,False,False,False,False,False,False,False,False,False,False,False,False,False,True,3603
deepseek-ai/DeepSeek-R1-Distill-Qwen-7B,amc23,43,25,True,True,576,False,576,45,621,9,True,576,False,576,45,621,9,True,0,False,False,False,True,False,True,False,False,False,False,False,False,False,True,3295
deepseek-ai/DeepSeek-R1-Distill-Qwen-7B,amc23,43,26,True,True,704,False,704,55,759,11,True,704,False,704,53,757,11,True,0,False,False,False,True,False,True,False,False,False,False,False,False,False,True,2548
deepseek-ai/DeepSeek-R1-Distill-Qwen-7B,amc23,43,27,False,True,1664,False,1664,125,1789,26,True,576,False,576,45,621,9,True,-1088,False,False,False,False,False,False,False,False,False,False,False,False,True,False,16384
deepseek-ai/DeepSeek-R1-Distill-Qwen-7B,amc23,43,28,True,True,384,False,384,30,414,6,True,512,False,512,40,552,8,True,128,False,False,False,True,False,True,False,False,False,False,False,True,False,False,4708
deepseek-ai/DeepSeek-R1-Distill-Qwen-7B,amc23,43,29,True,True,1728,False,1728,204,1932,27,True,1664,False,1664,173,1837,26,True,-64,False,False,False,True,False,True,False,False,False,False,False,False,True,False,3689
deepseek-ai/DeepSeek-R1-Distill-Qwen-7B,amc23,43,3,True,True,1536,True,1536,162,1698,24,True,1536,True,1536,161,1697,24,True,0,False,False,False,False,False,False,False,False,False,False,False,False,False,True,5059
deepseek-ai/DeepSeek-R1-Distill-Qwen-7B,amc23,43,32,True,True,384,False,384,25,409,6,True,704,False,704,73,777,11,True,320,False,False,False,True,False,True,False,False,False,False,False,True,False,False,9446
deepseek-ai/DeepSeek-R1-Distill-Qwen-7B,amc23,43,33,True,True,1088,True,1088,87,1175,17,True,1088,True,1088,83,1171,17,True,0,False,False,False,False,False,False,False,False,False,False,False,False,False,True,1718
deepseek-ai/DeepSeek-R1-Distill-Qwen-7B,amc23,43,34,True,True,192,True,192,21,213,3,True,576,True,576,66,642,9,True,384,False,False,False,False,False,False,False,False,False,False,False,True,False,False,1245
deepseek-ai/DeepSeek-R1-Distill-Qwen-7B,amc23,43,35,True,True,256,False,256,16,272,4,True,768,False,768,48,816,12,True,512,False,False,False,True,False,True,False,False,False,False,False,True,False,False,6080
deepseek-ai/DeepSeek-R1-Distill-Qwen-7B,amc23,43,37,True,True,2112,True,2112,170,2282,33,True,2112,True,2112,167,2279,33,True,0,False,False,False,False,False,False,False,False,False,False,False,False,False,True,6414
deepseek-ai/DeepSeek-R1-Distill-Qwen-7B,amc23,43,39,False,True,896,False,896,59,955,14,True,576,False,576,39,615,9,True,-320,False,False,False,False,False,False,False,False,False,False,False,False,True,False,16384
deepseek-ai/DeepSeek-R1-Distill-Qwen-7B,amc23,43,4,True,True,384,False,384,36,420,6,True,256,False,256,24,280,4,True,-128,False,False,False,True,False,True,False,False,False,False,False,False,True,False,9280
deepseek-ai/DeepSeek-R1-Distill-Qwen-7B,amc23,43,5,True,True,192,False,192,12,204,3,True,384,False,384,25,409,6,True,192,False,False,False,True,False,True,False,False,False,False,False,True,False,False,2598
deepseek-ai/DeepSeek-R1-Distill-Qwen-7B,amc23,43,6,False,True,10816,False,10816,793,11609,169,True,2176,False,2176,150,2326,34,True,-8640,False,False,False,False,False,False,False,False,False,False,False,False,True,False,11204
deepseek-ai/DeepSeek-R1-Distill-Qwen-7B,amc23,43,7,True,True,2496,False,2496,234,2730,39,True,768,False,768,70,838,12,True,-1728,False,False,False,True,False,True,False,False,False,False,False,False,True,False,7192
deepseek-ai/DeepSeek-R1-Distill-Qwen-7B,amc23,43,8,True,True,192,False,192,21,213,3,True,192,False,192,21,213,3,True,0,False,False,False,True,False,True,False,False,False,False,False,False,False,True,13175
deepseek-ai/DeepSeek-R1-Distill-Qwen-7B,amc23,43,9,True,True,832,False,832,70,902,13,True,1088,True,1088,77,1165,17,True,256,False,False,False,True,False,False,False,True,False,True,False,True,False,False,2781
deepseek-ai/DeepSeek-R1-Distill-Qwen-7B,amc23,47,0,True,True,448,True,448,35,483,7,True,448,True,448,35,483,7,True,0,False,False,False,False,False,False,False,False,False,False,False,False,False,True,1442
deepseek-ai/DeepSeek-R1-Distill-Qwen-7B,amc23,47,17,True,True,640,False,640,50,690,10,True,960,True,960,105,1065,15,True,320,False,False,False,True,False,False,False,True,False,True,False,True,False,False,7699
deepseek-ai/DeepSeek-R1-Distill-Qwen-7B,amc23,47,19,True,True,768,False,768,62,830,12,True,640,False,640,52,692,10,True,-128,False,False,False,True,False,True,False,False,False,False,False,False,True,False,2622
deepseek-ai/DeepSeek-R1-Distill-Qwen-7B,amc23,47,2,True,True,192,True,192,17,209,3,True,192,True,192,21,213,3,True,0,False,False,False,False,False,False,False,False,False,False,False,False,False,True,1058
deepseek-ai/DeepSeek-R1-Distill-Qwen-7B,amc23,47,30,True,True,320,True,320,26,346,5,True,192,True,192,15,207,3,True,-128,False,False,False,False,False,False,False,False,False,False,False,False,True,False,1777
deepseek-ai/DeepSeek-R1-Distill-Qwen-7B,amc23,47,31,False,True,320,False,320,20,340,5,True,192,False,192,12,204,3,True,-128,False,False,False,False,False,False,False,False,False,False,False,False,True,False,6159
deepseek-ai/DeepSeek-R1-Distill-Qwen-7B,amc23,47,36,False,True,576,False,576,36,612,9,True,192,False,192,12,204,3,True,-384,False,False,False,False,False,False,False,False,False,False,False,False,True,False,16384
deepseek-ai/DeepSeek-R1-Distill-Qwen-7B,amc23,47,38,True,True,1024,True,1024,96,1120,16,True,832,True,832,77,909,13,True,-192,False,False,False,False,False,False,False,False,False,False,False,False,True,False,7360
Qwen/Qwen3-8B,aime24,42,0,True,True,1792,False,1792,142,1934,28,True,1152,False,1152,90,1242,18,True,-640,False,False,False,True,False,True,False,False,False,False,False,False,True,False,5039
Qwen/Qwen3-8B,aime24,42,1,True,True,10048,True,10048,1312,11360,157,True,9984,True,9984,1136,11120,156,True,-64,False,False,False,False,False,False,False,False,False,False,False,False,True,False,17965
Qwen/Qwen3-8B,aime24,42,10,True,True,4160,False,4160,407,4567,65,True,512,False,512,48,560,8,True,-3648,False,False,False,True,False,True,False,False,False,False,False,False,True,False,17019
Qwen/Qwen3-8B,aime24,42,11,True,True,1664,True,1664,150,1814,26,True,1664,True,1664,157,1821,26,True,0,False,False,False,False,False,False,False,False,False,False,False,False,False,True,7354
Qwen/Qwen3-8B,aime24,42,12,True,True,704,False,704,66,770,11,True,2112,True,2112,310,2422,33,True,1408,False,False,False,True,False,False,False,True,False,True,False,True,False,False,8628
Qwen/Qwen3-8B,aime24,42,13,False,True,192,False,192,21,213,3,True,256,False,256,28,284,4,True,64,False,False,False,False,False,False,False,False,False,False,False,True,False,False,20854
Qwen/Qwen3-8B,aime24,42,15,True,True,2560,False,2560,251,2811,40,True,960,False,960,74,1034,15,True,-1600,False,False,False,True,False,True,False,False,False,False,False,False,True,False,12133
Qwen/Qwen3-8B,aime24,42,17,True,True,384,False,384,41,425,6,True,768,False,768,62,830,12,True,384,False,False,False,True,False,True,False,False,False,False,False,True,False,False,17983
Qwen/Qwen3-8B,aime24,42,18,True,True,960,False,960,62,1022,15,True,256,False,256,16,272,4,True,-704,False,False,False,True,False,True,False,False,False,False,False,False,True,False,11325
Qwen/Qwen3-8B,aime24,42,2,False,True,3328,False,3328,281,3609,52,True,960,False,960,76,1036,15,True,-2368,False,False,False,False,False,False,False,False,False,False,False,False,True,False,26739
Qwen/Qwen3-8B,aime24,42,20,True,True,8320,False,8320,702,9022,130,True,2176,False,2176,190,2366,34,True,-6144,False,False,False,True,False,True,False,False,False,False,False,False,True,False,25561
Qwen/Qwen3-8B,aime24,42,21,False,True,192,False,192,15,207,3,True,192,False,192,15,207,3,True,0,False,False,False,False,False,False,False,False,False,False,False,False,False,True,20130
Qwen/Qwen3-8B,aime24,42,23,True,True,2432,False,2432,173,2605,38,True,576,False,576,38,614,9,True,-1856,False,False,False,True,False,True,False,False,False,False,False,False,True,False,12780
Qwen/Qwen3-8B,aime24,42,24,True,True,192,False,192,15,207,3,True,1984,False,1984,154,2138,31,True,1792,False,False,False,True,False,True,False,False,False,False,False,True,False,False,8075
Qwen/Qwen3-8B,aime24,42,25,True,True,192,False,192,18,210,3,True,192,False,192,18,210,3,True,0,False,False,False,True,False,True,False,False,False,False,False,False,False,True,20836
Qwen/Qwen3-8B,aime24,42,26,True,True,384,False,384,42,426,6,True,256,False,256,28,284,4,True,-128,False,False,False,True,False,True,False,False,False,False,False,False,True,False,7683
Qwen/Qwen3-8B,aime24,42,27,True,True,384,False,384,37,421,6,True,256,False,256,24,280,4,True,-128,False,False,False,True,False,True,False,False,False,False,False,False,True,False,20371
Qwen/Qwen3-8B,aime24,42,28,False,True,3264,False,3264,271,3535,51,True,3904,False,3904,316,4220,61,True,640,False,False,False,False,False,False,False,False,False,False,False,True,False,False,22366
Qwen/Qwen3-8B,aime24,42,29,False,True,192,False,192,12,204,3,True,384,False,384,26,410,6,True,192,False,False,False,False,False,False,False,False,False,False,False,True,False,False,20540
Qwen/Qwen3-8B,aime24,42,4,True,True,512,False,512,40,552,8,True,512,False,512,37,549,8,True,0,False,False,False,True,False,True,False,False,False,False,False,False,False,True,11229
Qwen/Qwen3-8B,aime24,42,5,True,True,6400,True,6400,634,7034,100,True,3008,False,3008,242,3250,47,True,-3392,False,False,False,False,False,True,False,False,True,False,True,False,True,False,9726
Qwen/Qwen3-8B,aime24,42,6,True,True,3328,False,3328,301,3629,52,True,2560,False,2560,255,2815,40,True,-768,False,False,False,True,False,True,False,False,False,False,False,False,True,False,11397
Qwen/Qwen3-8B,aime24,42,7,True,True,192,False,192,15,207,3,True,192,False,192,15,207,3,True,0,False,False,False,True,False,True,False,False,False,False,False,False,False,True,7310
Qwen/Qwen3-8B,aime24,42,9,True,True,640,False,640,43,683,10,True,256,False,256,17,273,4,True,-384,False,False,False,True,False,True,False,False,False,False,False,False,True,False,5981
Qwen/Qwen3-8B,aime24,46,14,True,True,256,False,256,20,276,4,True,192,False,192,15,207,3,True,-64,False,False,False,True,False,True,False,False,False,False,False,False,True,False,10637
Qwen/Qwen3-8B,aime24,46,16,True,True,4032,False,4032,415,4447,63,True,1280,False,1280,136,1416,20,True,-2752,False,False,False,True,False,True,False,False,False,False,False,False,True,False,11638
Qwen/Qwen3-8B,aime24,46,19,True,True,5696,False,5696,548,6244,89,True,1344,False,1344,110,1454,21,True,-4352,False,False,False,True,False,True,False,False,False,False,False,False,True,False,10899
Qwen/Qwen3-8B,aime24,46,22,True,True,2496,True,2496,265,2761,39,True,2368,False,2368,281,2649,37,True,-128,False,False,False,False,False,True,False,False,True,False,True,False,True,False,11618
Qwen/Qwen3-8B,aime24,46,3,False,True,256,False,256,20,276,4,True,192,False,192,15,207,3,True,-64,False,False,False,False,False,False,False,False,False,False,False,False,True,False,22790
Qwen/Qwen3-8B,aime24,46,8,True,True,768,False,768,70,838,12,True,192,False,192,18,210,3,True,-576,False,False,False,True,False,True,False,False,False,False,False,False,True,False,6791
deepseek-ai/DeepSeek-R1-Distill-Qwen-7B,amc23,44,1,True,True,192,False,192,12,204,3,True,256,False,256,16,272,4,True,64,False,False,False,True,False,True,False,False,False,False,False,True,False,False,2018
deepseek-ai/DeepSeek-R1-Distill-Qwen-7B,amc23,44,10,True,True,1280,False,1280,80,1360,20,True,1024,False,1024,64,1088,16,True,-256,False,False,False,True,False,True,False,False,False,False,False,False,True,False,3114
deepseek-ai/DeepSeek-R1-Distill-Qwen-7B,amc23,44,11,True,True,12160,False,12160,975,13135,190,True,2880,False,2880,228,3108,45,True,-9280,False,False,False,True,False,True,False,False,False,False,False,False,True,False,14219
deepseek-ai/DeepSeek-R1-Distill-Qwen-7B,amc23,44,12,True,True,256,False,256,16,272,4,True,320,False,320,26,346,5,True,64,False,False,False,True,False,True,False,False,False,False,False,True,False,False,4211
deepseek-ai/DeepSeek-R1-Distill-Qwen-7B,amc23,44,13,True,True,1344,True,1344,84,1428,21,True,448,True,448,28,476,7,True,-896,False,False,False,False,False,False,False,False,False,False,False,False,True,False,10273
deepseek-ai/DeepSeek-R1-Distill-Qwen-7B,amc23,44,14,True,True,1664,True,1664,104,1768,26,True,1088,False,1088,68,1156,17,True,-576,False,False,False,False,False,True,False,False,True,False,True,False,True,False,4980
deepseek-ai/DeepSeek-R1-Distill-Qwen-7B,amc23,44,15,True,True,192,False,192,21,213,3,True,192,False,192,21,213,3,True,0,False,False,False,True,False,True,False,False,False,False,False,False,False,True,4879
deepseek-ai/DeepSeek-R1-Distill-Qwen-7B,amc23,44,16,True,True,704,True,704,46,750,11,True,256,False,256,19,275,4,True,-448,False,False,False,False,False,True,False,False,True,False,True,False,True,False,3157
deepseek-ai/DeepSeek-R1-Distill-Qwen-7B,amc23,44,18,False,True,5440,False,5440,445,5885,85,True,832,False,832,60,892,13,True,-4608,False,False,False,False,False,False,False,False,False,False,False,False,True,False,16384
deepseek-ai/DeepSeek-R1-Distill-Qwen-7B,amc23,44,20,False,True,8704,False,8704,716,9420,136,True,896,False,896,74,970,14,True,-7808,False,False,False,False,False,False,False,False,False,False,False,False,True,False,16384
deepseek-ai/DeepSeek-R1-Distill-Qwen-7B,amc23,44,21,True,True,1024,True,1024,64,1088,16,True,960,True,960,62,1022,15,True,-64,False,False,False,False,False,False,False,False,False,False,False,False,True,False,1570
deepseek-ai/DeepSeek-R1-Distill-Qwen-7B,amc23,44,22,True,True,1024,True,1024,70,1094,16,True,1024,True,1024,68,1092,16,True,0,False,False,False,False,False,False,False,False,False,False,False,False,False,True,1535
deepseek-ai/DeepSeek-R1-Distill-Qwen-7B,amc23,44,23,True,True,2752,True,2752,204,2956,43,True,1472,False,1472,113,1585,23,True,-1280,False,False,False,False,False,True,False,False,True,False,True,False,True,False,4317
deepseek-ai/DeepSeek-R1-Distill-Qwen-7B,amc23,44,24,True,True,2432,True,2432,190,2622,38,True,2432,True,2432,179,2611,38,True,0,False,False,False,False,False,False,False,False,False,False,False,False,False,True,3672
deepseek-ai/DeepSeek-R1-Distill-Qwen-7B,amc23,44,25,True,True,960,False,960,75,1035,15,True,192,False,192,15,207,3,True,-768,False,False,False,True,False,True,False,False,False,False,False,False,True,False,2951
deepseek-ai/DeepSeek-R1-Distill-Qwen-7B,amc23,44,26,True,True,960,False,960,76,1036,15,True,832,False,832,58,890,13,True,-128,False,False,False,True,False,True,False,False,False,False,False,False,True,False,2629
deepseek-ai/DeepSeek-R1-Distill-Qwen-7B,amc23,44,27,False,True,256,False,256,20,276,4,True,192,False,192,15,207,3,True,-64,False,False,False,False,False,False,False,False,False,False,False,False,True,False,16384
deepseek-ai/DeepSeek-R1-Distill-Qwen-7B,amc23,44,28,False,True,1920,False,1920,147,2067,30,True,3584,False,3584,279,3863,56,True,1664,False,False,False,False,False,False,False,False,False,False,False,True,False,False,16384
deepseek-ai/DeepSeek-R1-Distill-Qwen-7B,amc23,44,29,True,True,2176,False,2176,254,2430,34,True,832,False,832,76,908,13,True,-1344,False,False,False,True,False,True,False,False,False,False,False,False,True,False,3592
deepseek-ai/DeepSeek-R1-Distill-Qwen-7B,amc23,44,3,True,True,1664,True,1664,175,1839,26,True,1664,True,1664,175,1839,26,True,0,False,False,False,False,False,False,False,False,False,False,False,False,False,True,5048
deepseek-ai/DeepSeek-R1-Distill-Qwen-7B,amc23,44,32,True,True,320,False,320,29,349,5,True,192,False,192,12,204,3,True,-128,False,False,False,True,False,True,False,False,False,False,False,False,True,False,7101
deepseek-ai/DeepSeek-R1-Distill-Qwen-7B,amc23,44,33,True,True,1024,True,1024,83,1107,16,True,256,False,256,19,275,4,True,-768,False,False,False,False,False,True,False,False,True,False,True,False,True,False,1557
deepseek-ai/DeepSeek-R1-Distill-Qwen-7B,amc23,44,34,True,True,320,True,320,37,357,5,True,448,True,448,51,499,7,True,128,False,False,False,False,False,False,False,False,False,False,False,True,False,False,1418
deepseek-ai/DeepSeek-R1-Distill-Qwen-7B,amc23,44,35,True,True,320,False,320,20,340,5,True,768,False,768,48,816,12,True,448,False,False,False,True,False,True,False,False,False,False,False,True,False,False,10679
deepseek-ai/DeepSeek-R1-Distill-Qwen-7B,amc23,44,37,True,True,2304,False,2304,200,2504,36,True,2368,False,2368,204,2572,37,True,64,False,False,False,True,False,True,False,False,False,False,False,True,False,False,13874
deepseek-ai/DeepSeek-R1-Distill-Qwen-7B,amc23,44,39,True,True,384,True,384,25,409,6,True,320,True,320,22,342,5,True,-64,False,False,False,False,False,False,False,False,False,False,False,False,True,False,9707
deepseek-ai/DeepSeek-R1-Distill-Qwen-7B,amc23,44,4,True,True,1216,False,1216,116,1332,19,True,384,False,384,36,420,6,True,-832,False,False,False,True,False,True,False,False,False,False,False,False,True,False,4372
deepseek-ai/DeepSeek-R1-Distill-Qwen-7B,amc23,44,5,True,True,192,False,192,12,204,3,True,256,False,256,17,273,4,True,64,False,False,False,True,False,True,False,False,False,False,False,True,False,False,4302
deepseek-ai/DeepSeek-R1-Distill-Qwen-7B,amc23,44,6,True,True,832,False,832,58,890,13,True,832,False,832,55,887,13,True,0,False,False,False,True,False,True,False,False,False,False,False,False,False,True,8192
deepseek-ai/DeepSeek-R1-Distill-Qwen-7B,amc23,44,7,True,True,320,False,320,30,350,5,True,1664,False,1664,128,1792,26,True,1344,False,False,False,True,False,True,False,False,False,False,False,True,False,False,5572
deepseek-ai/DeepSeek-R1-Distill-Qwen-7B,amc23,44,8,True,True,192,False,192,21,213,3,True,192,False,192,21,213,3,True,0,False,False,False,True,False,True,False,False,False,False,False,False,False,True,5712
deepseek-ai/DeepSeek-R1-Distill-Qwen-7B,amc23,44,9,True,True,1024,True,1024,85,1109,16,True,1088,True,1088,75,1163,17,True,64,False,False,False,False,False,False,False,False,False,False,False,True,False,False,2359
deepseek-ai/DeepSeek-R1-Distill-Qwen-7B,aime24,45,14,True,True,2048,False,2048,173,2221,32,True,1984,False,1984,166,2150,31,True,-64,False,False,False,True,False,True,False,False,False,False,False,False,True,False,13304
deepseek-ai/DeepSeek-R1-Distill-Qwen-7B,aime24,45,16,True,True,768,False,768,73,841,12,True,640,False,640,60,700,10,True,-128,False,False,False,True,False,True,False,False,False,False,False,False,True,False,15519
deepseek-ai/DeepSeek-R1-Distill-Qwen-7B,aime24,45,19,True,True,3200,True,3200,286,3486,50,True,320,False,320,29,349,5,True,-2880,False,False,False,False,False,True,False,False,True,False,True,False,True,False,4767
deepseek-ai/DeepSeek-R1-Distill-Qwen-7B,aime24,45,22,True,True,2816,False,2816,263,3079,44,True,2240,False,2240,210,2450,35,True,-576,False,False,False,True,False,True,False,False,False,False,False,False,True,False,11216
deepseek-ai/DeepSeek-R1-Distill-Qwen-7B,aime24,45,3,False,True,960,False,960,73,1033,15,True,320,False,320,27,347,5,True,-640,False,False,False,False,False,False,False,False,False,False,False,False,True,False,18960
deepseek-ai/DeepSeek-R1-Distill-Qwen-7B,aime24,45,8,True,True,1344,False,1344,130,1474,21,True,192,False,192,18,210,3,True,-1152,False,False,False,True,False,True,False,False,False,False,False,False,True,False,8299
Qwen/Qwen3-8B,aime24,43,0,True,True,192,False,192,12,204,3,True,576,False,576,42,618,9,True,384,False,False,False,True,False,True,False,False,False,False,False,True,False,False,5102
Qwen/Qwen3-8B,aime24,43,1,True,True,7296,False,7296,713,8009,114,True,640,False,640,51,691,10,True,-6656,False,False,False,True,False,True,False,False,False,False,False,False,True,False,11732
Qwen/Qwen3-8B,aime24,43,10,True,True,4480,False,4480,419,4899,70,True,4224,False,4224,411,4635,66,True,-256,False,False,False,True,False,True,False,False,False,False,False,False,True,False,15617
Qwen/Qwen3-8B,aime24,43,11,True,True,1088,False,1088,98,1186,17,True,1216,False,1216,104,1320,19,True,128,False,False,False,True,False,True,False,False,False,False,False,True,False,False,7615
Qwen/Qwen3-8B,aime24,43,12,True,True,1664,False,1664,215,1879,26,True,1472,True,1472,217,1689,23,True,-192,False,False,False,True,False,False,False,True,False,True,False,False,True,False,6197
Qwen/Qwen3-8B,aime24,43,13,False,True,192,False,192,21,213,3,True,192,False,192,21,213,3,True,0,False,False,False,False,False,False,False,False,False,False,False,False,False,True,17619
Qwen/Qwen3-8B,aime24,43,15,True,True,192,False,192,18,210,3,True,448,False,448,40,488,7,True,256,False,False,False,True,False,True,False,False,False,False,False,True,False,False,8643
Qwen/Qwen3-8B,aime24,43,17,True,True,2112,False,2112,223,2335,33,True,832,False,832,70,902,13,True,-1280,False,False,False,True,False,True,False,False,False,False,False,False,True,False,15101
Qwen/Qwen3-8B,aime24,43,18,False,True,320,False,320,23,343,5,True,192,False,192,12,204,3,True,-128,False,False,False,False,False,False,False,False,False,False,False,False,True,False,26963
Qwen/Qwen3-8B,aime24,43,2,False,True,704,False,704,56,760,11,True,960,False,960,81,1041,15,True,256,False,False,False,False,False,False,False,False,False,False,False,True,False,False,28287
Qwen/Qwen3-8B,aime24,43,20,False,True,21632,False,21632,1757,23389,338,True,704,False,704,62,766,11,True,-20928,False,False,False,False,False,False,False,False,False,False,False,False,True,False,32768
Qwen/Qwen3-8B,aime24,43,21,False,True,192,False,192,15,207,3,True,192,False,192,15,207,3,True,0,False,False,False,False,False,False,False,False,False,False,False,False,False,True,13363
Qwen/Qwen3-8B,aime24,43,23,True,True,320,False,320,25,345,5,True,1664,False,1664,111,1775,26,True,1344,False,False,False,True,False,True,False,False,False,False,False,True,False,False,10777
Qwen/Qwen3-8B,aime24,43,24,True,True,640,False,640,50,690,10,True,256,False,256,20,276,4,True,-384,False,False,False,True,False,True,False,False,False,False,False,False,True,False,9077
Qwen/Qwen3-8B,aime24,43,25,False,True,192,False,192,18,210,3,True,192,False,192,18,210,3,True,0,False,False,False,False,False,False,False,False,False,False,False,False,False,True,18003
Qwen/Qwen3-8B,aime24,43,26,True,True,448,False,448,49,497,7,True,256,False,256,28,284,4,True,-192,False,False,False,True,False,True,False,False,False,False,False,False,True,False,5666
Qwen/Qwen3-8B,aime24,43,27,True,True,2496,False,2496,264,2760,39,True,192,False,192,18,210,3,True,-2304,False,False,False,True,False,True,False,False,False,False,False,False,True,False,32768
Qwen/Qwen3-8B,aime24,43,28,True,True,768,False,768,62,830,12,True,320,False,320,26,346,5,True,-448,False,False,False,True,False,True,False,False,False,False,False,False,True,False,20793
Qwen/Qwen3-8B,aime24,43,29,False,True,320,False,320,22,342,5,True,192,False,192,12,204,3,True,-128,False,False,False,False,False,False,False,False,False,False,False,False,True,False,21789
Qwen/Qwen3-8B,aime24,43,4,True,True,832,False,832,59,891,13,True,896,False,896,64,960,14,True,64,False,False,False,True,False,True,False,False,False,False,False,True,False,False,16430
Qwen/Qwen3-8B,aime24,43,5,False,True,11392,False,11392,1265,12657,178,True,4736,False,4736,427,5163,74,True,-6656,False,False,False,False,False,False,False,False,False,False,False,False,True,False,24607
Qwen/Qwen3-8B,aime24,43,6,True,True,4736,False,4736,539,5275,74,True,4864,False,4864,604,5468,76,True,128,False,False,False,True,False,True,False,False,False,False,False,True,False,False,8354
Qwen/Qwen3-8B,aime24,43,7,True,True,192,False,192,15,207,3,True,192,False,192,15,207,3,True,0,False,False,False,True,False,True,False,False,False,False,False,False,False,True,6243
Qwen/Qwen3-8B,aime24,43,9,True,True,704,False,704,65,769,11,True,576,False,576,39,615,9,True,-128,False,False,False,True,False,True,False,False,False,False,False,False,True,False,7271
Qwen/Qwen3-8B,aime24,47,14,True,True,192,False,192,15,207,3,True,192,False,192,15,207,3,True,0,False,False,False,True,False,True,False,False,False,False,False,False,False,True,11387
Qwen/Qwen3-8B,aime24,47,16,True,True,1088,False,1088,100,1188,17,True,384,False,384,36,420,6,True,-704,False,False,False,True,False,True,False,False,False,False,False,False,True,False,10970
Qwen/Qwen3-8B,aime24,47,19,True,True,3136,False,3136,276,3412,49,True,1344,False,1344,96,1440,21,True,-1792,False,False,False,True,False,True,False,False,False,False,False,False,True,False,8834
Qwen/Qwen3-8B,aime24,47,22,True,True,2048,False,2048,281,2329,32,True,2048,False,2048,278,2326,32,True,0,False,False,False,True,False,True,False,False,False,False,False,False,False,True,11482
Qwen/Qwen3-8B,aime24,47,3,False,True,768,False,768,60,828,12,True,320,False,320,25,345,5,True,-448,False,False,False,False,False,False,False,False,False,False,False,False,True,False,22227
Qwen/Qwen3-8B,aime24,47,8,True,True,320,False,320,30,350,5,True,384,False,384,36,420,6,True,64,False,False,False,True,False,True,False,False,False,False,False,True,False,False,8969
deepseek-ai/DeepSeek-R1-Distill-Qwen-7B,aime24,42,0,True,True,1728,True,1728,144,1872,27,True,704,False,704,60,764,11,True,-1024,False,False,False,False,False,True,False,False,True,False,True,False,True,False,2915
deepseek-ai/DeepSeek-R1-Distill-Qwen-7B,aime24,42,1,False,True,7168,False,7168,626,7794,112,True,2112,False,2112,163,2275,33,True,-5056,False,False,False,False,False,False,False,False,False,False,False,False,True,False,32768
deepseek-ai/DeepSeek-R1-Distill-Qwen-7B,aime24,42,10,False,True,704,False,704,64,768,11,True,320,False,320,29,349,5,True,-384,False,False,False,False,False,False,False,False,False,False,False,False,True,False,25633
deepseek-ai/DeepSeek-R1-Distill-Qwen-7B,aime24,42,11,True,True,320,False,320,41,361,5,True,320,False,320,42,362,5,True,0,False,False,False,True,False,True,False,False,False,False,False,False,False,True,5017
deepseek-ai/DeepSeek-R1-Distill-Qwen-7B,aime24,42,12,True,True,1984,True,1984,224,2208,31,True,384,False,384,40,424,6,True,-1600,False,False,False,False,False,True,False,False,True,False,True,False,True,False,4479
deepseek-ai/DeepSeek-R1-Distill-Qwen-7B,aime24,42,13,False,True,512,False,512,53,565,8,True,832,False,832,87,919,13,True,320,False,False,False,False,False,False,False,False,False,False,False,True,False,False,14482
deepseek-ai/DeepSeek-R1-Distill-Qwen-7B,aime24,42,15,False,True,1728,False,1728,141,1869,27,True,2816,False,2816,227,3043,44,True,1088,False,False,False,False,False,False,False,False,False,False,False,True,False,False,7971
deepseek-ai/DeepSeek-R1-Distill-Qwen-7B,aime24,42,17,False,True,1792,False,1792,173,1965,28,True,1600,False,1600,146,1746,25,True,-192,False,False,False,False,False,False,False,False,False,False,False,False,True,False,24981
deepseek-ai/DeepSeek-R1-Distill-Qwen-7B,aime24,42,18,False,True,3904,False,3904,315,4219,61,True,3328,False,3328,233,3561,52,True,-576,False,False,False,False,False,False,False,False,False,False,False,False,True,False,32768
deepseek-ai/DeepSeek-R1-Distill-Qwen-7B,aime24,42,2,False,True,5696,False,5696,469,6165,89,True,1536,False,1536,135,1671,24,True,-4160,False,False,False,False,False,False,False,False,False,False,False,False,True,False,11860
deepseek-ai/DeepSeek-R1-Distill-Qwen-7B,aime24,42,20,False,True,2048,False,2048,183,2231,32,True,1536,False,1536,121,1657,24,True,-512,False,False,False,False,False,False,False,False,False,False,False,False,True,False,32768
deepseek-ai/DeepSeek-R1-Distill-Qwen-7B,aime24,42,21,False,True,6592,False,6592,619,7211,103,True,6912,False,6912,641,7553,108,True,320,False,False,False,False,False,False,False,False,False,False,False,True,False,False,15200
deepseek-ai/DeepSeek-R1-Distill-Qwen-7B,aime24,42,23,True,True,4032,True,4032,357,4389,63,True,2048,False,2048,188,2236,32,True,-1984,False,False,False,False,False,True,False,False,True,False,True,False,True,False,9717
deepseek-ai/DeepSeek-R1-Distill-Qwen-7B,aime24,42,24,True,True,1600,False,1600,131,1731,25,True,512,False,512,41,553,8,True,-1088,False,False,False,True,False,True,False,False,False,False,False,False,True,False,3379
deepseek-ai/DeepSeek-R1-Distill-Qwen-7B,aime24,42,25,False,True,320,False,320,29,349,5,True,448,False,448,42,490,7,True,128,False,False,False,False,False,False,False,False,False,False,False,True,False,False,32768
deepseek-ai/DeepSeek-R1-Distill-Qwen-7B,aime24,42,26,False,True,1216,False,1216,133,1349,19,True,192,False,192,21,213,3,True,-1024,False,False,False,False,False,False,False,False,False,False,False,False,True,False,32768
deepseek-ai/DeepSeek-R1-Distill-Qwen-7B,aime24,42,27,True,True,5696,False,5696,569,6265,89,True,5184,False,5184,541,5725,81,True,-512,False,False,False,True,False,True,False,False,False,False,False,False,True,False,7006
deepseek-ai/DeepSeek-R1-Distill-Qwen-7B,aime24,42,28,False,True,24768,False,24768,2078,26846,387,True,12160,False,12160,991,13151,190,True,-12608,False,False,False,False,False,False,False,False,False,False,False,False,True,False,31376
deepseek-ai/DeepSeek-R1-Distill-Qwen-7B,aime24,42,29,False,True,960,False,960,98,1058,15,True,1856,False,1856,201,2057,29,True,896,False,False,False,False,False,False,False,False,False,False,False,True,False,False,12297
deepseek-ai/DeepSeek-R1-Distill-Qwen-7B,aime24,42,4,False,True,1024,False,1024,82,1106,16,True,384,False,384,29,413,6,True,-640,False,False,False,False,False,False,False,False,False,False,False,False,True,False,5556
deepseek-ai/DeepSeek-R1-Distill-Qwen-7B,aime24,42,5,False,True,2304,False,2304,255,2559,36,True,2112,False,2112,166,2278,33,True,-192,False,False,False,False,False,False,False,False,False,False,False,False,True,False,30967
deepseek-ai/DeepSeek-R1-Distill-Qwen-7B,aime24,42,6,True,True,1664,False,1664,136,1800,26,True,7488,True,7488,644,8132,117,True,5824,False,False,False,True,False,False,False,True,False,True,False,True,False,False,9385
deepseek-ai/DeepSeek-R1-Distill-Qwen-7B,aime24,42,7,True,True,256,False,256,19,275,4,True,192,False,192,15,207,3,True,-64,False,False,False,True,False,True,False,False,False,False,False,False,True,False,8987
deepseek-ai/DeepSeek-R1-Distill-Qwen-7B,aime24,42,9,True,True,1728,True,1728,144,1872,27,True,1728,True,1728,136,1864,27,True,0,False,False,False,False,False,False,False,False,False,False,False,False,False,True,3475
deepseek-ai/DeepSeek-R1-Distill-Qwen-7B,aime24,46,14,True,True,3392,False,3392,290,3682,53,True,7104,True,7104,612,7716,111,True,3712,False,False,False,True,False,False,False,True,False,True,False,True,False,False,11153
deepseek-ai/DeepSeek-R1-Distill-Qwen-7B,aime24,46,16,True,True,3776,False,3776,365,4141,59,True,2880,False,2880,271,3151,45,True,-896,False,False,False,True,False,True,False,False,False,False,False,False,True,False,6276
deepseek-ai/DeepSeek-R1-Distill-Qwen-7B,aime24,46,19,True,True,1856,False,1856,162,2018,29,True,1152,False,1152,108,1260,18,True,-704,False,False,False,True,False,True,False,False,False,False,False,False,True,False,5803
deepseek-ai/DeepSeek-R1-Distill-Qwen-7B,aime24,46,22,True,True,2368,False,2368,222,2590,37,True,3264,False,3264,306,3570,51,True,896,False,False,False,True,False,True,False,False,False,False,False,True,False,False,6652
deepseek-ai/DeepSeek-R1-Distill-Qwen-7B,aime24,46,3,False,True,704,False,704,61,765,11,True,1472,False,1472,111,1583,23,True,768,False,False,False,False,False,False,False,False,False,False,False,True,False,False,14685
deepseek-ai/DeepSeek-R1-Distill-Qwen-7B,aime24,46,8,True,True,320,False,320,33,353,5,True,320,False,320,31,351,5,True,0,False,False,False,True,False,True,False,False,False,False,False,False,False,True,4436
Qwen/Qwen3-8B,aime24,44,0,True,True,896,False,896,63,959,14,True,1024,False,1024,76,1100,16,True,128,False,False,False,True,False,True,False,False,False,False,False,True,False,False,5668
Qwen/Qwen3-8B,aime24,44,1,True,True,9088,True,9088,1122,10210,142,True,832,False,832,68,900,13,True,-8256,False,False,False,False,False,True,False,False,True,False,True,False,True,False,15747
Qwen/Qwen3-8B,aime24,44,10,False,True,1856,False,1856,171,2027,29,True,1856,False,1856,168,2024,29,True,0,False,False,False,False,False,False,False,False,False,False,False,False,False,True,12494
Qwen/Qwen3-8B,aime24,44,11,True,True,256,False,256,20,276,4,True,256,False,256,21,277,4,True,0,False,False,False,True,False,True,False,False,False,False,False,False,False,True,7548
Qwen/Qwen3-8B,aime24,44,12,True,True,1408,False,1408,173,1581,22,True,1408,False,1408,167,1575,22,True,0,False,False,False,True,False,True,False,False,False,False,False,False,False,True,7130
Qwen/Qwen3-8B,aime24,44,13,False,True,1536,False,1536,165,1701,24,True,576,False,576,63,639,9,True,-960,False,False,False,False,False,False,False,False,False,False,False,False,True,False,25358
Qwen/Qwen3-8B,aime24,44,15,True,True,1600,False,1600,138,1738,25,True,960,False,960,80,1040,15,True,-640,False,False,False,True,False,True,False,False,False,False,False,False,True,False,8651
Qwen/Qwen3-8B,aime24,44,17,True,True,2304,False,2304,239,2543,36,True,704,False,704,56,760,11,True,-1600,False,False,False,True,False,True,False,False,False,False,False,False,True,False,19216
Qwen/Qwen3-8B,aime24,44,18,True,True,512,False,512,34,546,8,True,192,False,192,12,204,3,True,-320,False,False,False,True,False,True,False,False,False,False,False,False,True,False,20382
Qwen/Qwen3-8B,aime24,44,2,False,True,704,False,704,56,760,11,True,1408,False,1408,112,1520,22,True,704,False,False,False,False,False,False,False,False,False,False,False,True,False,False,27845
Qwen/Qwen3-8B,aime24,44,20,True,True,7552,False,7552,609,8161,118,True,256,False,256,24,280,4,True,-7296,False,False,False,True,False,True,False,False,False,False,False,False,True,False,23189
Qwen/Qwen3-8B,aime24,44,21,False,True,192,False,192,15,207,3,True,1920,False,1920,155,2075,30,True,1728,False,False,False,False,False,False,False,False,False,False,False,True,False,False,21284
Qwen/Qwen3-8B,aime24,44,23,True,True,1344,False,1344,98,1442,21,True,1472,False,1472,110,1582,23,True,128,False,False,False,True,False,True,False,False,False,False,False,True,False,False,10320
Qwen/Qwen3-8B,aime24,44,24,True,True,2368,True,2368,232,2600,37,True,1600,False,1600,124,1724,25,True,-768,False,False,False,False,False,True,False,False,True,False,True,False,True,False,5626
Qwen/Qwen3-8B,aime24,44,25,True,True,192,False,192,18,210,3,True,192,False,192,18,210,3,True,0,False,False,False,True,False,True,False,False,False,False,False,False,False,True,24793
Qwen/Qwen3-8B,aime24,44,26,True,True,320,False,320,32,352,5,True,192,False,192,21,213,3,True,-128,False,False,False,True,False,True,False,False,False,False,False,False,True,False,7235
Qwen/Qwen3-8B,aime24,44,27,True,True,576,False,576,55,631,9,True,192,False,192,18,210,3,True,-384,False,False,False,True,False,True,False,False,False,False,False,False,True,False,18681
Qwen/Qwen3-8B,aime24,44,28,False,True,3264,False,3264,269,3533,51,True,384,False,384,31,415,6,True,-2880,False,False,False,False,False,False,False,False,False,False,False,False,True,False,32768
Qwen/Qwen3-8B,aime24,44,29,False,True,192,False,192,12,204,3,True,192,False,192,12,204,3,True,0,False,False,False,False,False,False,False,False,False,False,False,False,False,True,15001
Qwen/Qwen3-8B,aime24,44,4,True,True,704,False,704,53,757,11,True,320,False,320,25,345,5,True,-384,False,False,False,True,False,True,False,False,False,False,False,False,True,False,12339
Qwen/Qwen3-8B,aime24,44,5,True,True,5696,False,5696,558,6254,89,True,2176,False,2176,182,2358,34,True,-3520,False,False,False,True,False,True,False,False,False,False,False,False,True,False,10051
Qwen/Qwen3-8B,aime24,44,6,True,True,4864,False,4864,508,5372,76,True,384,False,384,87,471,6,True,-4480,False,False,False,True,False,True,False,False,False,False,False,False,True,False,11283
Qwen/Qwen3-8B,aime24,44,7,True,True,192,False,192,15,207,3,True,192,False,192,15,207,3,True,0,False,False,False,True,False,True,False,False,False,False,False,False,False,True,10039
Qwen/Qwen3-8B,aime24,44,9,True,True,2048,True,2048,186,2234,32,True,576,False,576,39,615,9,True,-1472,False,False,False,False,False,True,False,False,True,False,True,False,True,False,4695
deepseek-ai/DeepSeek-R1-Distill-Qwen-7B,aime24,43,0,True,True,1984,True,1984,180,2164,31,True,1984,True,1984,172,2156,31,True,0,False,False,False,False,False,False,False,False,False,False,False,False,False,True,3006
deepseek-ai/DeepSeek-R1-Distill-Qwen-7B,aime24,43,1,True,True,1024,False,1024,80,1104,16,True,2112,False,2112,154,2266,33,True,1088,False,False,False,True,False,True,False,False,False,False,False,True,False,False,8502
deepseek-ai/DeepSeek-R1-Distill-Qwen-7B,aime24,43,10,False,True,960,False,960,89,1049,15,True,768,False,768,72,840,12,True,-192,False,False,False,False,False,False,False,False,False,False,False,False,True,False,28129
deepseek-ai/DeepSeek-R1-Distill-Qwen-7B,aime24,43,11,True,True,192,False,192,24,216,3,True,192,False,192,24,216,3,True,0,False,False,False,True,False,True,False,False,False,False,False,False,False,True,4810
deepseek-ai/DeepSeek-R1-Distill-Qwen-7B,aime24,43,12,True,True,2432,True,2432,251,2683,38,True,2688,True,2688,273,2961,42,True,256,False,False,False,False,False,False,False,False,False,False,False,True,False,False,5311
deepseek-ai/DeepSeek-R1-Distill-Qwen-7B,aime24,43,13,False,True,2624,False,2624,245,2869,41,True,2752,False,2752,282,3034,43,True,128,False,False,False,False,False,False,False,False,False,False,False,True,False,False,23325
deepseek-ai/DeepSeek-R1-Distill-Qwen-7B,aime24,43,15,False,True,2240,False,2240,178,2418,35,True,1984,False,1984,154,2138,31,True,-256,False,False,False,False,False,False,False,False,False,False,False,False,True,False,23822
deepseek-ai/DeepSeek-R1-Distill-Qwen-7B,aime24,43,17,False,True,1088,False,1088,100,1188,17,True,448,False,448,42,490,7,True,-640,False,False,False,False,False,False,False,False,False,False,False,False,True,False,18580
deepseek-ai/DeepSeek-R1-Distill-Qwen-7B,aime24,43,18,False,True,3392,False,3392,244,3636,53,True,2432,False,2432,171,2603,38,True,-960,False,False,False,False,False,False,False,False,False,False,False,False,True,False,21222
deepseek-ai/DeepSeek-R1-Distill-Qwen-7B,aime24,43,2,False,True,1856,False,1856,158,2014,29,True,704,False,704,62,766,11,True,-1152,False,False,False,False,False,False,False,False,False,False,False,False,True,False,19511
deepseek-ai/DeepSeek-R1-Distill-Qwen-7B,aime24,43,20,True,True,832,False,832,65,897,13,True,192,False,192,15,207,3,True,-640,False,False,False,True,False,True,False,False,False,False,False,False,True,False,21041
deepseek-ai/DeepSeek-R1-Distill-Qwen-7B,aime24,43,21,False,True,3392,False,3392,316,3708,53,True,1088,False,1088,106,1194,17,True,-2304,False,False,False,False,False,False,False,False,False,False,False,False,True,False,13937
deepseek-ai/DeepSeek-R1-Distill-Qwen-7B,aime24,43,23,True,True,3520,True,3520,334,3854,55,True,1344,False,1344,121,1465,21,True,-2176,False,False,False,False,False,True,False,False,True,False,True,False,True,False,11496
deepseek-ai/DeepSeek-R1-Distill-Qwen-7B,aime24,43,24,True,True,2048,True,2048,167,2215,32,True,320,False,320,24,344,5,True,-1728,False,False,False,False,False,True,False,False,True,False,True,False,True,False,4119
deepseek-ai/DeepSeek-R1-Distill-Qwen-7B,aime24,43,25,True,True,1920,False,1920,167,2087,30,True,192,False,192,18,210,3,True,-1728,False,False,False,True,False,True,False,False,False,False,False,False,True,False,11729
deepseek-ai/DeepSeek-R1-Distill-Qwen-7B,aime24,43,26,False,True,192,False,192,21,213,3,True,192,False,192,21,213,3,True,0,False,False,False,False,False,False,False,False,False,False,False,False,False,True,3558
deepseek-ai/DeepSeek-R1-Distill-Qwen-7B,aime24,43,27,False,True,12096,False,12096,1125,13221,189,True,9216,False,9216,898,10114,144,True,-2880,False,False,False,False,False,False,False,False,False,False,False,False,True,False,19065
deepseek-ai/DeepSeek-R1-Distill-Qwen-7B,aime24,43,28,False,True,20864,False,20864,1761,22625,326,True,14144,False,14144,1193,15337,221,True,-6720,False,False,False,False,False,False,False,False,False,False,False,False,True,False,21487
deepseek-ai/DeepSeek-R1-Distill-Qwen-7B,aime24,43,29,False,True,1920,False,1920,210,2130,30,True,1024,False,1024,101,1125,16,True,-896,False,False,False,False,False,False,False,False,False,False,False,False,True,False,16017
deepseek-ai/DeepSeek-R1-Distill-Qwen-7B,aime24,43,4,True,True,832,False,832,68,900,13,True,832,False,832,67,899,13,True,0,False,False,False,True,False,True,False,False,False,False,False,False,False,True,13027
deepseek-ai/DeepSeek-R1-Distill-Qwen-7B,aime24,43,5,False,True,1920,False,1920,165,2085,30,True,2688,False,2688,209,2897,42,True,768,False,False,False,False,False,False,False,False,False,False,False,True,False,False,11857
deepseek-ai/DeepSeek-R1-Distill-Qwen-7B,aime24,43,6,True,True,6400,True,6400,591,6991,100,True,5120,False,5120,426,5546,80,True,-1280,False,False,False,False,False,True,False,False,True,False,True,False,True,False,7993
deepseek-ai/DeepSeek-R1-Distill-Qwen-7B,aime24,43,7,True,True,320,False,320,25,345,5,True,320,False,320,24,344,5,True,0,False,False,False,True,False,True,False,False,False,False,False,False,False,True,10492
deepseek-ai/DeepSeek-R1-Distill-Qwen-7B,aime24,43,9,True,True,1728,True,1728,152,1880,27,True,1664,True,1664,130,1794,26,True,-64,False,False,False,False,False,False,False,False,False,False,False,False,True,False,3173
deepseek-ai/DeepSeek-R1-Distill-Qwen-7B,aime24,47,14,True,True,1024,False,1024,92,1116,16,True,3840,True,3840,321,4161,60,True,2816,False,False,False,True,False,False,False,True,False,True,False,True,False,False,6011
deepseek-ai/DeepSeek-R1-Distill-Qwen-7B,aime24,47,16,False,True,896,False,896,84,980,14,True,896,False,896,86,982,14,True,0,False,False,False,False,False,False,False,False,False,False,False,False,False,True,20031
deepseek-ai/DeepSeek-R1-Distill-Qwen-7B,aime24,47,19,True,True,832,False,832,77,909,13,True,2624,False,2624,236,2860,41,True,1792,False,False,False,True,False,True,False,False,False,False,False,True,False,False,6722
deepseek-ai/DeepSeek-R1-Distill-Qwen-7B,aime24,47,22,False,True,5056,False,5056,470,5526,79,True,256,False,256,24,280,4,True,-4800,False,False,False,False,False,False,False,False,False,False,False,False,True,False,14954
deepseek-ai/DeepSeek-R1-Distill-Qwen-7B,aime24,47,3,False,True,1664,False,1664,131,1795,26,True,1088,False,1088,82,1170,17,True,-576,False,False,False,False,False,False,False,False,False,False,False,False,True,False,11490
deepseek-ai/DeepSeek-R1-Distill-Qwen-7B,aime24,47,8,True,True,960,False,960,96,1056,15,True,576,False,576,57,633,9,True,-384,False,False,False,True,False,True,False,False,False,False,False,False,True,False,4189
Qwen/Qwen3-8B,math500,45,101,False,True,2304,False,2304,205,2509,36,True,384,False,384,34,418,6,True,-1920,False,False,False,False,False,False,False,False,False,False,False,False,True,False,16384
Qwen/Qwen3-8B,math500,45,102,True,True,192,True,192,42,234,3,True,192,True,192,42,234,3,True,0,False,False,False,False,False,False,False,False,False,False,False,False,False,True,2070
Qwen/Qwen3-8B,math500,45,103,True,True,384,False,384,28,412,6,True,896,False,896,73,969,14,True,512,False,False,False,True,False,True,False,False,False,False,False,True,False,False,14432
Qwen/Qwen3-8B,math500,45,104,True,True,1856,True,1856,158,2014,29,True,576,False,576,39,615,9,True,-1280,False,False,False,False,False,True,False,False,True,False,True,False,True,False,10937
Qwen/Qwen3-8B,math500,45,106,True,True,192,True,192,18,210,3,True,192,True,192,18,210,3,True,0,False,False,False,False,False,False,False,False,False,False,False,False,False,True,2719
Qwen/Qwen3-8B,math500,45,114,True,True,192,False,192,15,207,3,True,448,False,448,34,482,7,True,256,False,False,False,True,False,True,False,False,False,False,False,True,False,False,2891
Qwen/Qwen3-8B,math500,45,115,True,True,384,True,384,38,422,6,True,384,True,384,39,423,6,True,0,False,False,False,False,False,False,False,False,False,False,False,False,False,True,2529
Qwen/Qwen3-8B,math500,45,119,True,True,384,False,384,27,411,6,True,576,False,576,37,613,9,True,192,False,False,False,True,False,True,False,False,False,False,False,True,False,False,9063
Qwen/Qwen3-8B,math500,45,121,True,True,192,True,192,12,204,3,True,192,True,192,12,204,3,True,0,False,False,False,False,False,False,False,False,False,False,False,False,False,True,1402
Qwen/Qwen3-8B,math500,45,123,True,True,192,False,192,12,204,3,True,192,False,192,12,204,3,True,0,False,False,False,True,False,True,False,False,False,False,False,False,False,True,12569
Qwen/Qwen3-8B,math500,45,125,True,True,192,False,192,12,204,3,True,192,False,192,12,204,3,True,0,False,False,False,True,False,True,False,False,False,False,False,False,False,True,4217
Qwen/Qwen3-8B,math500,45,13,True,True,192,True,192,12,204,3,True,192,True,192,12,204,3,True,0,False,False,False,False,False,False,False,False,False,False,False,False,False,True,1068
Qwen/Qwen3-8B,math500,45,131,True,True,192,False,192,15,207,3,True,192,False,192,15,207,3,True,0,False,False,False,True,False,True,False,False,False,False,False,False,False,True,2846
Qwen/Qwen3-8B,math500,45,134,True,True,640,False,640,75,715,10,True,320,False,320,46,366,5,True,-320,False,False,False,True,False,True,False,False,False,False,False,False,True,False,2822
Qwen/Qwen3-8B,math500,45,137,True,True,832,True,832,99,931,13,True,192,False,192,24,216,3,True,-640,False,False,False,False,False,True,False,False,True,False,True,False,True,False,3285
Qwen/Qwen3-8B,math500,45,143,True,True,192,False,192,12,204,3,True,320,False,320,35,355,5,True,128,False,False,False,True,False,True,False,False,False,False,False,True,False,False,3108
Qwen/Qwen3-8B,math500,45,146,True,True,448,False,448,28,476,7,True,384,False,384,24,408,6,True,-64,False,False,False,True,False,True,False,False,False,False,False,False,True,False,1954
Qwen/Qwen3-8B,math500,45,147,True,True,256,True,256,20,276,4,True,192,True,192,15,207,3,True,-64,False,False,False,False,False,False,False,False,False,False,False,False,True,False,8933
Qwen/Qwen3-8B,math500,45,148,True,True,192,True,192,15,207,3,True,192,True,192,15,207,3,True,0,False,False,False,False,False,False,False,False,False,False,False,False,False,True,2082
Qwen/Qwen3-8B,math500,45,157,True,True,320,False,320,20,340,5,True,512,False,512,32,544,8,True,192,False,False,False,True,False,True,False,False,False,False,False,True,False,False,3084
Qwen/Qwen3-8B,math500,45,160,True,True,192,True,192,15,207,3,True,192,True,192,15,207,3,True,0,False,False,False,False,False,False,False,False,False,False,False,False,False,True,2365
Qwen/Qwen3-8B,math500,45,162,True,True,320,False,320,24,344,5,True,576,False,576,55,631,9,True,256,False,False,False,True,False,True,False,False,False,False,False,True,False,False,4003
Qwen/Qwen3-8B,math500,45,17,True,True,192,False,192,12,204,3,True,192,False,192,12,204,3,True,0,False,False,False,True,False,True,False,False,False,False,False,False,False,True,8443
Qwen/Qwen3-8B,math500,45,182,True,True,192,True,192,21,213,3,True,192,True,192,21,213,3,True,0,False,False,False,False,False,False,False,False,False,False,False,False,False,True,1420
Qwen/Qwen3-8B,math500,45,187,True,True,192,False,192,12,204,3,True,192,False,192,12,204,3,True,0,False,False,False,True,False,True,False,False,False,False,False,False,False,True,1811
Qwen/Qwen3-8B,math500,45,188,True,True,192,False,192,12,204,3,True,192,False,192,12,204,3,True,0,False,False,False,True,False,True,False,False,False,False,False,False,False,True,6030
Qwen/Qwen3-8B,math500,45,19,True,True,512,True,512,40,552,8,True,256,True,256,20,276,4,True,-256,False,False,False,False,False,False,False,False,False,False,False,False,True,False,7404
Qwen/Qwen3-8B,math500,45,191,True,True,192,True,192,12,204,3,True,192,True,192,12,204,3,True,0,False,False,False,False,False,False,False,False,False,False,False,False,False,True,1345
Qwen/Qwen3-8B,math500,45,198,True,True,320,True,320,42,362,5,True,192,False,192,21,213,3,True,-128,False,False,False,False,False,True,False,False,True,False,True,False,True,False,2614
Qwen/Qwen3-8B,math500,45,199,True,True,448,True,448,35,483,7,True,448,True,448,35,483,7,True,0,False,False,False,False,False,False,False,False,False,False,False,False,False,True,1016
Qwen/Qwen3-8B,math500,45,200,True,True,256,False,256,20,276,4,True,512,True,512,40,552,8,True,256,False,False,False,True,False,False,False,True,False,True,False,True,False,False,2634
Qwen/Qwen3-8B,math500,45,202,True,True,448,True,448,58,506,7,True,192,False,192,27,219,3,True,-256,False,False,False,False,False,True,False,False,True,False,True,False,True,False,5229
Qwen/Qwen3-8B,math500,45,204,False,True,192,False,192,15,207,3,True,192,False,192,15,207,3,True,0,False,False,False,False,False,False,False,False,False,False,False,False,False,True,16384
Qwen/Qwen3-8B,math500,45,217,True,True,192,False,192,33,225,3,True,384,True,384,78,462,6,True,192,False,False,False,True,False,False,False,True,False,True,False,True,False,False,11898
Qwen/Qwen3-8B,math500,45,220,True,True,192,False,192,12,204,3,True,192,False,192,12,204,3,True,0,False,False,False,True,False,True,False,False,False,False,False,False,False,True,3369
Qwen/Qwen3-8B,math500,45,221,True,True,320,False,320,29,349,5,True,320,False,320,29,349,5,True,0,False,False,False,True,False,True,False,False,False,False,False,False,False,True,5846
Qwen/Qwen3-8B,math500,45,223,True,True,1472,False,1472,204,1676,23,True,1088,False,1088,163,1251,17,True,-384,False,False,False,True,False,True,False,False,False,False,False,False,True,False,8029
Qwen/Qwen3-8B,math500,45,224,True,True,448,False,448,64,512,7,True,384,False,384,29,413,6,True,-64,False,False,False,True,False,True,False,False,False,False,False,False,True,False,6391
Qwen/Qwen3-8B,math500,45,227,True,True,192,True,192,12,204,3,True,192,True,192,12,204,3,True,0,False,False,False,False,False,False,False,False,False,False,False,False,False,True,1372
Qwen/Qwen3-8B,math500,45,230,True,True,384,False,384,24,408,6,True,640,False,640,40,680,10,True,256,False,False,False,True,False,True,False,False,False,False,False,True,False,False,4375
Qwen/Qwen3-8B,math500,45,232,True,True,192,False,192,12,204,3,True,192,False,192,12,204,3,True,0,False,False,False,True,False,True,False,False,False,False,False,False,False,True,11585
Qwen/Qwen3-8B,math500,45,239,True,True,2432,False,2432,190,2622,38,True,2688,False,2688,223,2911,42,True,256,False,False,False,True,False,True,False,False,False,False,False,True,False,False,16384
Qwen/Qwen3-8B,math500,45,246,True,True,192,True,192,12,204,3,True,192,True,192,12,204,3,True,0,False,False,False,False,False,False,False,False,False,False,False,False,False,True,2576
Qwen/Qwen3-8B,math500,45,255,True,True,192,True,192,12,204,3,True,192,True,192,12,204,3,True,0,False,False,False,False,False,False,False,False,False,False,False,False,False,True,3405
Qwen/Qwen3-8B,math500,45,256,True,True,1280,False,1280,161,1441,20,True,1152,True,1152,143,1295,18,True,-128,False,False,False,True,False,False,False,True,False,True,False,False,True,False,2568
Qwen/Qwen3-8B,math500,45,272,True,True,192,False,192,21,213,3,True,192,False,192,21,213,3,True,0,False,False,False,True,False,True,False,False,False,False,False,False,False,True,5872
Qwen/Qwen3-8B,math500,45,276,True,True,704,True,704,59,763,11,True,256,False,256,17,273,4,True,-448,False,False,False,False,False,True,False,False,True,False,True,False,True,False,7544
Qwen/Qwen3-8B,math500,45,292,True,True,192,False,192,12,204,3,True,192,False,192,12,204,3,True,0,False,False,False,True,False,True,False,False,False,False,False,False,False,True,7211
Qwen/Qwen3-8B,math500,45,301,True,True,320,False,320,30,350,5,True,768,False,768,72,840,12,True,448,False,False,False,True,False,True,False,False,False,False,False,True,False,False,7390
Qwen/Qwen3-8B,math500,45,302,True,True,192,True,192,12,204,3,True,192,True,192,12,204,3,True,0,False,False,False,False,False,False,False,False,False,False,False,False,False,True,8199
Qwen/Qwen3-8B,math500,45,303,True,True,512,True,512,40,552,8,True,192,True,192,15,207,3,True,-320,False,False,False,False,False,False,False,False,False,False,False,False,True,False,7913
Qwen/Qwen3-8B,math500,45,305,True,True,192,False,192,12,204,3,True,384,False,384,24,408,6,True,192,False,False,False,True,False,True,False,False,False,False,False,True,False,False,2305
Qwen/Qwen3-8B,math500,45,307,True,True,192,True,192,30,222,3,True,192,True,192,30,222,3,True,0,False,False,False,False,False,False,False,False,False,False,False,False,False,True,4461
Qwen/Qwen3-8B,math500,45,313,True,True,320,True,320,36,356,5,True,320,True,320,37,357,5,True,0,False,False,False,False,False,False,False,False,False,False,False,False,False,True,1705
Qwen/Qwen3-8B,math500,45,317,True,True,384,False,384,24,408,6,True,192,False,192,12,204,3,True,-192,False,False,False,True,False,True,False,False,False,False,False,False,True,False,9890
Qwen/Qwen3-8B,math500,45,329,True,True,384,True,384,24,408,6,True,384,True,384,24,408,6,True,0,False,False,False,False,False,False,False,False,False,False,False,False,False,True,1091
Qwen/Qwen3-8B,math500,45,330,True,True,640,False,640,99,739,10,True,192,False,192,18,210,3,True,-448,False,False,False,True,False,True,False,False,False,False,False,False,True,False,3873
Qwen/Qwen3-8B,math500,45,337,True,True,256,False,256,16,272,4,True,256,False,256,16,272,4,True,0,False,False,False,True,False,True,False,False,False,False,False,False,False,True,3357
Qwen/Qwen3-8B,math500,45,34,True,True,192,False,192,12,204,3,True,704,False,704,47,751,11,True,512,False,False,False,True,False,True,False,False,False,False,False,True,False,False,4691
Qwen/Qwen3-8B,math500,45,349,True,True,768,False,768,75,843,12,True,768,False,768,77,845,12,True,0,False,False,False,True,False,True,False,False,False,False,False,False,False,True,15547
Qwen/Qwen3-8B,math500,45,356,True,True,640,False,640,180,820,10,True,768,True,768,192,960,12,True,128,False,False,False,True,False,False,False,True,False,True,False,True,False,False,3977
Qwen/Qwen3-8B,math500,45,360,True,True,640,True,640,46,686,10,True,192,False,192,12,204,3,True,-448,False,False,False,False,False,True,False,False,True,False,True,False,True,False,3102
Qwen/Qwen3-8B,math500,45,363,True,True,256,True,256,16,272,4,True,192,True,192,12,204,3,True,-64,False,False,False,False,False,False,False,False,False,False,False,False,True,False,1482
Qwen/Qwen3-8B,math500,45,375,True,True,896,False,896,85,981,14,True,1152,True,1152,111,1263,18,True,256,False,False,False,True,False,False,False,True,False,True,False,True,False,False,3747
Qwen/Qwen3-8B,math500,45,377,True,True,192,True,192,12,204,3,True,192,True,192,12,204,3,True,0,False,False,False,False,False,False,False,False,False,False,False,False,False,True,6472
Qwen/Qwen3-8B,math500,45,386,True,True,448,False,448,35,483,7,True,448,False,448,35,483,7,True,0,False,False,False,True,False,True,False,False,False,False,False,False,False,True,3272
Qwen/Qwen3-8B,math500,45,388,True,True,512,True,512,38,550,8,True,512,True,512,38,550,8,True,0,False,False,False,False,False,False,False,False,False,False,False,False,False,True,2495
Qwen/Qwen3-8B,math500,45,390,True,True,1472,True,1472,137,1609,23,True,256,False,256,20,276,4,True,-1216,False,False,False,False,False,True,False,False,True,False,True,False,True,False,6445
Qwen/Qwen3-8B,math500,45,393,True,True,192,True,192,27,219,3,True,256,True,256,28,284,4,True,64,False,False,False,False,False,False,False,False,False,False,False,True,False,False,1877
Qwen/Qwen3-8B,math500,45,403,True,True,256,False,256,16,272,4,True,192,False,192,12,204,3,True,-64,False,False,False,True,False,True,False,False,False,False,False,False,True,False,6939
Qwen/Qwen3-8B,math500,45,409,True,True,640,False,640,98,738,10,True,448,False,448,69,517,7,True,-192,False,False,False,True,False,True,False,False,False,False,False,False,True,False,6340
Qwen/Qwen3-8B,math500,45,41,True,True,256,False,256,20,276,4,True,1152,True,1152,90,1242,18,True,896,False,False,False,True,False,False,False,True,False,True,False,True,False,False,7854
Qwen/Qwen3-8B,math500,45,411,True,True,192,True,192,15,207,3,True,192,True,192,15,207,3,True,0,False,False,False,False,False,False,False,False,False,False,False,False,False,True,2787
Qwen/Qwen3-8B,math500,45,413,True,True,192,True,192,21,213,3,True,192,True,192,21,213,3,True,0,False,False,False,False,False,False,False,False,False,False,False,False,False,True,2138
Qwen/Qwen3-8B,math500,45,414,True,True,192,True,192,15,207,3,True,1088,True,1088,78,1166,17,True,896,False,False,False,False,False,False,False,False,False,False,False,True,False,False,2339
Qwen/Qwen3-8B,math500,45,421,True,True,1600,False,1600,230,1830,25,True,1088,False,1088,75,1163,17,True,-512,False,False,False,True,False,True,False,False,False,False,False,False,True,False,12064
Qwen/Qwen3-8B,math500,45,425,True,True,384,False,384,135,519,6,True,704,False,704,241,945,11,True,320,False,False,False,True,False,True,False,False,False,False,False,True,False,False,13667
Qwen/Qwen3-8B,math500,45,426,True,True,640,True,640,69,709,10,True,640,True,640,64,704,10,True,0,False,False,False,False,False,False,False,False,False,False,False,False,False,True,3026
Qwen/Qwen3-8B,math500,45,429,True,True,1152,True,1152,148,1300,18,True,448,False,448,41,489,7,True,-704,False,False,False,False,False,True,False,False,True,False,True,False,True,False,4831
Qwen/Qwen3-8B,math500,45,432,True,True,192,False,192,12,204,3,True,192,False,192,12,204,3,True,0,False,False,False,True,False,True,False,False,False,False,False,False,False,True,4513
Qwen/Qwen3-8B,math500,45,434,True,True,256,False,256,20,276,4,True,192,False,192,15,207,3,True,-64,False,False,False,True,False,True,False,False,False,False,False,False,True,False,3030
Qwen/Qwen3-8B,math500,45,439,True,True,256,False,256,44,300,4,True,704,False,704,128,832,11,True,448,False,False,False,True,False,True,False,False,False,False,False,True,False,False,6019
Qwen/Qwen3-8B,math500,45,440,True,True,640,True,640,95,735,10,True,640,True,640,80,720,10,True,0,False,False,False,False,False,False,False,False,False,False,False,False,False,True,1822
Qwen/Qwen3-8B,math500,45,442,True,True,640,False,640,59,699,10,True,512,False,512,45,557,8,True,-128,False,False,False,True,False,True,False,False,False,False,False,False,True,False,2961
Qwen/Qwen3-8B,math500,45,448,True,True,896,True,896,85,981,14,True,896,True,896,67,963,14,True,0,False,False,False,False,False,False,False,False,False,False,False,False,False,True,4024
Qwen/Qwen3-8B,math500,45,462,True,True,1088,False,1088,86,1174,17,True,704,True,704,57,761,11,True,-384,False,False,False,True,False,False,False,True,False,True,False,False,True,False,4872
Qwen/Qwen3-8B,math500,45,465,True,True,320,False,320,25,345,5,True,192,False,192,15,207,3,True,-128,False,False,False,True,False,True,False,False,False,False,False,False,True,False,3528
Qwen/Qwen3-8B,math500,45,468,True,True,576,True,576,40,616,9,True,576,True,576,36,612,9,True,0,False,False,False,False,False,False,False,False,False,False,False,False,False,True,2862
Qwen/Qwen3-8B,math500,45,469,True,True,192,True,192,15,207,3,True,192,True,192,15,207,3,True,0,False,False,False,False,False,False,False,False,False,False,False,False,False,True,4134
Qwen/Qwen3-8B,math500,45,474,True,True,192,False,192,12,204,3,True,256,False,256,16,272,4,True,64,False,False,False,True,False,True,False,False,False,False,False,True,False,False,3609
Qwen/Qwen3-8B,math500,45,475,True,True,448,False,448,38,486,7,True,1664,False,1664,130,1794,26,True,1216,False,False,False,True,False,True,False,False,False,False,False,True,False,False,4967
Qwen/Qwen3-8B,math500,45,479,True,True,448,True,448,28,476,7,True,192,True,192,12,204,3,True,-256,False,False,False,False,False,False,False,False,False,False,False,False,True,False,4223
Qwen/Qwen3-8B,math500,45,487,True,True,192,False,192,12,204,3,True,192,False,192,12,204,3,True,0,False,False,False,True,False,True,False,False,False,False,False,False,False,True,3224
Qwen/Qwen3-8B,math500,45,496,True,True,192,False,192,12,204,3,True,192,False,192,12,204,3,True,0,False,False,False,True,False,True,False,False,False,False,False,False,False,True,3338
Qwen/Qwen3-8B,math500,45,54,True,True,192,True,192,21,213,3,True,192,True,192,21,213,3,True,0,False,False,False,False,False,False,False,False,False,False,False,False,False,True,1689
Qwen/Qwen3-8B,math500,45,6,True,True,192,False,192,12,204,3,True,192,False,192,12,204,3,True,0,False,False,False,True,False,True,False,False,False,False,False,False,False,True,4149
Qwen/Qwen3-8B,math500,45,65,True,True,192,True,192,12,204,3,True,192,True,192,12,204,3,True,0,False,False,False,False,False,False,False,False,False,False,False,False,False,True,2285
Qwen/Qwen3-8B,math500,45,67,True,True,448,False,448,43,491,7,True,448,False,448,47,495,7,True,0,False,False,False,True,False,True,False,False,False,False,False,False,False,True,4894
Qwen/Qwen3-8B,math500,45,77,True,True,192,True,192,12,204,3,True,192,True,192,12,204,3,True,0,False,False,False,False,False,False,False,False,False,False,False,False,False,True,1331
Qwen/Qwen3-8B,math500,45,81,True,True,576,True,576,36,612,9,True,384,False,384,24,408,6,True,-192,False,False,False,False,False,True,False,False,True,False,True,False,True,False,1771
deepseek-ai/DeepSeek-R1-Distill-Qwen-7B,aime24,44,0,True,True,1472,True,1472,127,1599,23,True,512,False,512,40,552,8,True,-960,False,False,False,False,False,True,False,False,True,False,True,False,True,False,2112
deepseek-ai/DeepSeek-R1-Distill-Qwen-7B,aime24,44,1,True,True,1280,False,1280,105,1385,20,True,7296,False,7296,551,7847,114,True,6016,False,False,False,True,False,True,False,False,False,False,False,True,False,False,13546
deepseek-ai/DeepSeek-R1-Distill-Qwen-7B,aime24,44,10,False,True,2624,False,2624,231,2855,41,True,4224,False,4224,389,4613,66,True,1600,False,False,False,False,False,False,False,False,False,False,False,True,False,False,32768
deepseek-ai/DeepSeek-R1-Distill-Qwen-7B,aime24,44,11,True,True,576,False,576,66,642,9,True,320,False,320,38,358,5,True,-256,False,False,False,True,False,True,False,False,False,False,False,False,True,False,4672
deepseek-ai/DeepSeek-R1-Distill-Qwen-7B,aime24,44,12,True,True,3328,True,3328,355,3683,52,True,3136,True,3136,319,3455,49,True,-192,False,False,False,False,False,False,False,False,False,False,False,False,True,False,5304
deepseek-ai/DeepSeek-R1-Distill-Qwen-7B,aime24,44,13,False,True,2240,False,2240,219,2459,35,True,1728,False,1728,173,1901,27,True,-512,False,False,False,False,False,False,False,False,False,False,False,False,True,False,19758
deepseek-ai/DeepSeek-R1-Distill-Qwen-7B,aime24,44,15,True,True,3136,False,3136,258,3394,49,True,1216,False,1216,95,1311,19,True,-1920,False,False,False,True,False,True,False,False,False,False,False,False,True,False,7246
deepseek-ai/DeepSeek-R1-Distill-Qwen-7B,aime24,44,17,False,True,2304,False,2304,248,2552,36,True,1728,False,1728,157,1885,27,True,-576,False,False,False,False,False,False,False,False,False,False,False,False,True,False,11695
deepseek-ai/DeepSeek-R1-Distill-Qwen-7B,aime24,44,18,True,True,2624,False,2624,197,2821,41,True,1088,False,1088,81,1169,17,True,-1536,False,False,False,True,False,True,False,False,False,False,False,False,True,False,15141
deepseek-ai/DeepSeek-R1-Distill-Qwen-7B,aime24,44,2,False,True,4288,False,4288,353,4641,67,True,1408,False,1408,119,1527,22,True,-2880,False,False,False,False,False,False,False,False,False,False,False,False,True,False,13894
deepseek-ai/DeepSeek-R1-Distill-Qwen-7B,aime24,44,20,False,True,960,False,960,75,1035,15,True,256,False,256,20,276,4,True,-704,False,False,False,False,False,False,False,False,False,False,False,False,True,False,32768
deepseek-ai/DeepSeek-R1-Distill-Qwen-7B,aime24,44,21,False,True,1408,False,1408,134,1542,22,True,1856,False,1856,173,2029,29,True,448,False,False,False,False,False,False,False,False,False,False,False,True,False,False,18685
deepseek-ai/DeepSeek-R1-Distill-Qwen-7B,aime24,44,23,True,True,2432,True,2432,214,2646,38,True,2176,False,2176,202,2378,34,True,-256,False,False,False,False,False,True,False,False,True,False,True,False,True,False,4214
deepseek-ai/DeepSeek-R1-Distill-Qwen-7B,aime24,44,24,True,True,2048,True,2048,170,2218,32,True,448,False,448,36,484,7,True,-1600,False,False,False,False,False,True,False,False,True,False,True,False,True,False,3175
deepseek-ai/DeepSeek-R1-Distill-Qwen-7B,aime24,44,25,False,True,768,False,768,66,834,12,True,192,False,192,18,210,3,True,-576,False,False,False,False,False,False,False,False,False,False,False,False,True,False,16918
deepseek-ai/DeepSeek-R1-Distill-Qwen-7B,aime24,44,26,True,True,5696,False,5696,561,6257,89,True,192,False,192,21,213,3,True,-5504,False,False,False,True,False,True,False,False,False,False,False,False,True,False,8583
deepseek-ai/DeepSeek-R1-Distill-Qwen-7B,aime24,44,27,False,True,14016,False,14016,1391,15407,219,True,13760,False,13760,1370,15130,215,True,-256,False,False,False,False,False,False,False,False,False,False,False,False,True,False,28088
deepseek-ai/DeepSeek-R1-Distill-Qwen-7B,aime24,44,28,False,True,22592,False,22592,1882,24474,353,True,22528,False,22528,1898,24426,352,True,-64,False,False,False,False,False,False,False,False,False,False,False,False,True,False,32768
deepseek-ai/DeepSeek-R1-Distill-Qwen-7B,aime24,44,29,False,True,832,False,832,92,924,13,True,640,False,640,93,733,10,True,-192,False,False,False,False,False,False,False,False,False,False,False,False,True,False,15850
deepseek-ai/DeepSeek-R1-Distill-Qwen-7B,aime24,44,4,True,True,3584,False,3584,289,3873,56,True,256,False,256,17,273,4,True,-3328,False,False,False,True,False,True,False,False,False,False,False,False,True,False,11957
deepseek-ai/DeepSeek-R1-Distill-Qwen-7B,aime24,44,5,False,True,14848,False,14848,1462,16310,232,True,704,False,704,57,761,11,True,-14144,False,False,False,False,False,False,False,False,False,False,False,False,True,False,16057
deepseek-ai/DeepSeek-R1-Distill-Qwen-7B,aime24,44,6,True,True,960,False,960,82,1042,15,True,3840,True,3840,334,4174,60,True,2880,False,False,False,True,False,False,False,True,False,True,False,True,False,False,4730
deepseek-ai/DeepSeek-R1-Distill-Qwen-7B,aime24,44,7,True,True,1216,True,1216,96,1312,19,True,256,False,256,21,277,4,True,-960,False,False,False,False,False,True,False,False,True,False,True,False,True,False,6725
deepseek-ai/DeepSeek-R1-Distill-Qwen-7B,aime24,44,9,True,True,1536,True,1536,129,1665,24,True,1664,True,1664,136,1800,26,True,128,False,False,False,False,False,False,False,False,False,False,False,True,False,False,2694
Qwen/Qwen3-8B,math500,42,0,True,True,384,False,384,59,443,6,True,320,False,320,36,356,5,True,-64,False,False,False,True,False,True,False,False,False,False,False,False,True,False,1614
Qwen/Qwen3-8B,math500,42,1,True,True,960,True,960,209,1169,15,True,576,False,576,164,740,9,True,-384,False,False,False,False,False,True,False,False,True,False,True,False,True,False,8462
Qwen/Qwen3-8B,math500,42,10,True,True,192,True,192,21,213,3,True,192,True,192,21,213,3,True,0,False,False,False,False,False,False,False,False,False,False,False,False,False,True,6593
Qwen/Qwen3-8B,math500,42,100,True,True,192,False,192,15,207,3,True,192,False,192,15,207,3,True,0,False,False,False,True,False,True,False,False,False,False,False,False,False,True,8503
Qwen/Qwen3-8B,math500,42,105,True,True,512,True,512,40,552,8,True,512,True,512,40,552,8,True,0,False,False,False,False,False,False,False,False,False,False,False,False,False,True,2581
Qwen/Qwen3-8B,math500,42,107,True,True,192,False,192,15,207,3,True,192,False,192,15,207,3,True,0,False,False,False,True,False,True,False,False,False,False,False,False,False,True,2537
Qwen/Qwen3-8B,math500,42,108,True,True,192,True,192,12,204,3,True,192,True,192,12,204,3,True,0,False,False,False,False,False,False,False,False,False,False,False,False,False,True,7327
Qwen/Qwen3-8B,math500,42,109,True,True,512,False,512,40,552,8,True,192,False,192,17,209,3,True,-320,False,False,False,True,False,True,False,False,False,False,False,False,True,False,5240
Qwen/Qwen3-8B,math500,42,11,True,True,192,False,192,12,204,3,True,192,False,192,12,204,3,True,0,False,False,False,True,False,True,False,False,False,False,False,False,False,True,8051
Qwen/Qwen3-8B,math500,42,110,False,True,320,False,320,30,350,5,True,1280,False,1280,117,1397,20,True,960,False,False,False,False,False,False,False,False,False,False,False,True,False,False,16384
Qwen/Qwen3-8B,math500,42,111,True,True,320,True,320,30,350,5,True,704,True,704,93,797,11,True,384,False,False,False,False,False,False,False,False,False,False,False,True,False,False,1799
Qwen/Qwen3-8B,math500,42,112,True,True,1344,True,1344,242,1586,21,True,640,False,640,103,743,10,True,-704,False,False,False,False,False,True,False,False,True,False,True,False,True,False,5589
Qwen/Qwen3-8B,math500,42,113,True,True,512,True,512,56,568,8,True,192,False,192,21,213,3,True,-320,False,False,False,False,False,True,False,False,True,False,True,False,True,False,2463
Qwen/Qwen3-8B,math500,42,116,True,True,192,True,192,12,204,3,True,192,True,192,12,204,3,True,0,False,False,False,False,False,False,False,False,False,False,False,False,False,True,1388
Qwen/Qwen3-8B,math500,42,117,True,True,192,True,192,12,204,3,True,192,True,192,12,204,3,True,0,False,False,False,False,False,False,False,False,False,False,False,False,False,True,1639
Qwen/Qwen3-8B,math500,42,118,True,True,192,True,192,15,207,3,True,192,True,192,15,207,3,True,0,False,False,False,False,False,False,False,False,False,False,False,False,False,True,7922
Qwen/Qwen3-8B,math500,42,12,True,True,192,True,192,18,210,3,True,192,True,192,18,210,3,True,0,False,False,False,False,False,False,False,False,False,False,False,False,False,True,5248
Qwen/Qwen3-8B,math500,42,120,True,True,192,False,192,12,204,3,True,192,False,192,12,204,3,True,0,False,False,False,True,False,True,False,False,False,False,False,False,False,True,7402
Qwen/Qwen3-8B,math500,42,122,True,True,384,True,384,28,412,6,True,192,True,192,12,204,3,True,-192,False,False,False,False,False,False,False,False,False,False,False,False,True,False,1480
Qwen/Qwen3-8B,math500,42,124,True,True,1088,True,1088,84,1172,17,True,192,False,192,12,204,3,True,-896,False,False,False,False,False,True,False,False,True,False,True,False,True,False,2913
Qwen/Qwen3-8B,math500,42,126,True,True,320,False,320,22,342,5,True,640,True,640,63,703,10,True,320,False,False,False,True,False,False,False,True,False,True,False,True,False,False,10457
Qwen/Qwen3-8B,math500,42,127,True,True,320,False,320,45,365,5,True,192,False,192,27,219,3,True,-128,False,False,False,True,False,True,False,False,False,False,False,False,True,False,3670
Qwen/Qwen3-8B,math500,42,128,False,True,832,False,832,65,897,13,True,256,False,256,20,276,4,True,-576,False,False,False,False,False,False,False,False,False,False,False,False,True,False,12568
Qwen/Qwen3-8B,math500,42,129,True,True,256,False,256,20,276,4,True,256,False,256,20,276,4,True,0,False,False,False,True,False,True,False,False,False,False,False,False,False,True,8867
Qwen/Qwen3-8B,math500,42,130,True,True,192,False,192,12,204,3,True,320,False,320,20,340,5,True,128,False,False,False,True,False,True,False,False,False,False,False,True,False,False,5285
Qwen/Qwen3-8B,math500,42,132,True,True,192,True,192,12,204,3,True,192,True,192,12,204,3,True,0,False,False,False,False,False,False,False,False,False,False,False,False,False,True,4151
Qwen/Qwen3-8B,math500,42,133,True,True,192,True,192,18,210,3,True,192,True,192,18,210,3,True,0,False,False,False,False,False,False,False,False,False,False,False,False,False,True,2811
Qwen/Qwen3-8B,math500,42,135,True,True,192,True,192,12,204,3,True,192,True,192,12,204,3,True,0,False,False,False,False,False,False,False,False,False,False,False,False,False,True,2150
Qwen/Qwen3-8B,math500,42,136,True,True,256,False,256,21,277,4,True,448,False,448,35,483,7,True,192,False,False,False,True,False,True,False,False,False,False,False,True,False,False,13849
Qwen/Qwen3-8B,math500,42,138,True,True,384,False,384,28,412,6,True,640,False,640,48,688,10,True,256,False,False,False,True,False,True,False,False,False,False,False,True,False,False,11105
Qwen/Qwen3-8B,math500,42,139,True,True,192,True,192,12,204,3,True,192,True,192,12,204,3,True,0,False,False,False,False,False,False,False,False,False,False,False,False,False,True,8145
Qwen/Qwen3-8B,math500,42,14,True,True,384,False,384,26,410,6,True,256,False,256,17,273,4,True,-128,False,False,False,True,False,True,False,False,False,False,False,False,True,False,2250
Qwen/Qwen3-8B,math500,42,140,True,True,192,False,192,12,204,3,True,192,False,192,12,204,3,True,0,False,False,False,True,False,True,False,False,False,False,False,False,False,True,1879
Qwen/Qwen3-8B,math500,42,141,True,True,192,True,192,12,204,3,True,192,True,192,12,204,3,True,0,False,False,False,False,False,False,False,False,False,False,False,False,False,True,4092
Qwen/Qwen3-8B,math500,42,142,True,True,576,True,576,136,712,9,True,256,False,256,61,317,4,True,-320,False,False,False,False,False,True,False,False,True,False,True,False,True,False,5744
Qwen/Qwen3-8B,math500,42,144,True,True,320,False,320,33,353,5,True,320,False,320,28,348,5,True,0,False,False,False,True,False,True,False,False,False,False,False,False,False,True,2445
Qwen/Qwen3-8B,math500,42,145,True,True,192,False,192,12,204,3,True,192,False,192,12,204,3,True,0,False,False,False,True,False,True,False,False,False,False,False,False,False,True,6952
Qwen/Qwen3-8B,math500,42,149,True,True,1280,True,1280,97,1377,20,True,640,False,640,49,689,10,True,-640,False,False,False,False,False,True,False,False,True,False,True,False,True,False,4104
Qwen/Qwen3-8B,math500,42,15,True,True,1088,True,1088,300,1388,17,True,1088,True,1088,271,1359,17,True,0,False,False,False,False,False,False,False,False,False,False,False,False,False,True,4244
Qwen/Qwen3-8B,math500,42,150,True,True,320,False,320,20,340,5,True,320,False,320,20,340,5,True,0,False,False,False,True,False,True,False,False,False,False,False,False,False,True,6961
Qwen/Qwen3-8B,math500,42,151,True,True,576,True,576,51,627,9,True,256,True,256,24,280,4,True,-320,False,False,False,False,False,False,False,False,False,False,False,False,True,False,5011
Qwen/Qwen3-8B,math500,42,152,True,True,192,False,192,15,207,3,True,192,False,192,15,207,3,True,0,False,False,False,True,False,True,False,False,False,False,False,False,False,True,9286
Qwen/Qwen3-8B,math500,42,153,True,True,1728,False,1728,155,1883,27,True,256,False,256,18,274,4,True,-1472,False,False,False,True,False,True,False,False,False,False,False,False,True,False,9317
Qwen/Qwen3-8B,math500,42,154,False,True,704,False,704,71,775,11,True,384,False,384,34,418,6,True,-320,False,False,False,False,False,False,False,False,False,False,False,False,True,False,16384
Qwen/Qwen3-8B,math500,42,155,True,True,512,True,512,40,552,8,True,384,True,384,30,414,6,True,-128,False,False,False,False,False,False,False,False,False,False,False,False,True,False,4253
Qwen/Qwen3-8B,math500,42,156,True,True,192,False,192,15,207,3,True,192,False,192,15,207,3,True,0,False,False,False,True,False,True,False,False,False,False,False,False,False,True,10641
Qwen/Qwen3-8B,math500,42,158,True,True,256,False,256,28,284,4,True,1152,True,1152,121,1273,18,True,896,False,False,False,True,False,False,False,True,False,True,False,True,False,False,2823
Qwen/Qwen3-8B,math500,42,159,True,True,1088,True,1088,124,1212,17,True,256,False,256,24,280,4,True,-832,False,False,False,False,False,True,False,False,True,False,True,False,True,False,3577
Qwen/Qwen3-8B,math500,42,16,True,True,384,True,384,34,418,6,True,384,True,384,35,419,6,True,0,False,False,False,False,False,False,False,False,False,False,False,False,False,True,3873
Qwen/Qwen3-8B,math500,42,161,True,True,192,True,192,12,204,3,True,192,True,192,12,204,3,True,0,False,False,False,False,False,False,False,False,False,False,False,False,False,True,1714
Qwen/Qwen3-8B,math500,42,163,True,True,192,False,192,12,204,3,True,192,False,192,12,204,3,True,0,False,False,False,True,False,True,False,False,False,False,False,False,False,True,8904
Qwen/Qwen3-8B,math500,42,164,True,True,192,False,192,12,204,3,True,640,False,640,40,680,10,True,448,False,False,False,True,False,True,False,False,False,False,False,True,False,False,6761
Qwen/Qwen3-8B,math500,42,165,True,True,256,False,256,22,278,4,True,704,True,704,59,763,11,True,448,False,False,False,True,False,False,False,True,False,True,False,True,False,False,2995
Qwen/Qwen3-8B,math500,42,166,False,True,2176,False,2176,358,2534,34,True,960,False,960,175,1135,15,True,-1216,False,False,False,False,False,False,False,False,False,False,False,False,True,False,16384
Qwen/Qwen3-8B,math500,42,167,True,True,192,True,192,15,207,3,True,192,True,192,15,207,3,True,0,False,False,False,False,False,False,False,False,False,False,False,False,False,True,1440
Qwen/Qwen3-8B,math500,42,168,True,True,640,False,640,44,684,10,True,512,False,512,33,545,8,True,-128,False,False,False,True,False,True,False,False,False,False,False,False,True,False,9021
Qwen/Qwen3-8B,math500,42,169,True,True,192,True,192,15,207,3,True,192,True,192,15,207,3,True,0,False,False,False,False,False,False,False,False,False,False,False,False,False,True,5570
Qwen/Qwen3-8B,math500,42,170,True,True,384,False,384,44,428,6,True,192,False,192,12,204,3,True,-192,False,False,False,True,False,True,False,False,False,False,False,False,True,False,6411
Qwen/Qwen3-8B,math500,42,171,True,True,192,False,192,12,204,3,True,256,False,256,17,273,4,True,64,False,False,False,True,False,True,False,False,False,False,False,True,False,False,2377
Qwen/Qwen3-8B,math500,42,172,True,True,192,True,192,18,210,3,True,192,True,192,18,210,3,True,0,False,False,False,False,False,False,False,False,False,False,False,False,False,True,1730
Qwen/Qwen3-8B,math500,42,173,True,True,256,False,256,16,272,4,True,640,True,640,40,680,10,True,384,False,False,False,True,False,False,False,True,False,True,False,True,False,False,8717
Qwen/Qwen3-8B,math500,42,174,True,True,256,True,256,16,272,4,True,256,True,256,16,272,4,True,0,False,False,False,False,False,False,False,False,False,False,False,False,False,True,2508
Qwen/Qwen3-8B,math500,42,175,True,True,320,False,320,20,340,5,True,192,False,192,12,204,3,True,-128,False,False,False,True,False,True,False,False,False,False,False,False,True,False,6614
Qwen/Qwen3-8B,math500,42,176,True,True,576,False,576,112,688,9,True,384,False,384,81,465,6,True,-192,False,False,False,True,False,True,False,False,False,False,False,False,True,False,5274
Qwen/Qwen3-8B,math500,42,177,True,True,448,False,448,42,490,7,True,704,True,704,68,772,11,True,256,False,False,False,True,False,False,False,True,False,True,False,True,False,False,10892
Qwen/Qwen3-8B,math500,42,178,True,True,320,True,320,25,345,5,True,320,True,320,25,345,5,True,0,False,False,False,False,False,False,False,False,False,False,False,False,False,True,3849
Qwen/Qwen3-8B,math500,42,179,True,True,1536,True,1536,516,2052,24,True,1216,False,1216,406,1622,19,True,-320,False,False,False,False,False,True,False,False,True,False,True,False,True,False,4664
Qwen/Qwen3-8B,math500,42,18,False,True,192,False,192,15,207,3,True,192,False,192,15,207,3,True,0,False,False,False,False,False,False,False,False,False,False,False,False,False,True,16384
Qwen/Qwen3-8B,math500,42,180,True,True,192,True,192,12,204,3,True,192,True,192,12,204,3,True,0,False,False,False,False,False,False,False,False,False,False,False,False,False,True,3456
Qwen/Qwen3-8B,math500,42,181,True,True,192,False,192,12,204,3,True,192,False,192,12,204,3,True,0,False,False,False,True,False,True,False,False,False,False,False,False,False,True,4203
Qwen/Qwen3-8B,math500,42,183,True,True,1088,True,1088,133,1221,17,True,1088,True,1088,129,1217,17,True,0,False,False,False,False,False,False,False,False,False,False,False,False,False,True,7271
Qwen/Qwen3-8B,math500,42,184,True,True,192,False,192,12,204,3,True,192,False,192,12,204,3,True,0,False,False,False,True,False,True,False,False,False,False,False,False,False,True,8297
Qwen/Qwen3-8B,math500,42,185,True,True,192,True,192,12,204,3,True,192,True,192,12,204,3,True,0,False,False,False,False,False,False,False,False,False,False,False,False,False,True,1326
Qwen/Qwen3-8B,math500,42,186,True,True,576,False,576,36,612,9,True,576,False,576,35,611,9,True,0,False,False,False,True,False,True,False,False,False,False,False,False,False,True,4909
Qwen/Qwen3-8B,math500,42,189,True,True,576,False,576,53,629,9,True,192,False,192,18,210,3,True,-384,False,False,False,True,False,True,False,False,False,False,False,False,True,False,7954
Qwen/Qwen3-8B,math500,42,190,True,True,192,False,192,18,210,3,True,192,False,192,18,210,3,True,0,False,False,False,True,False,True,False,False,False,False,False,False,False,True,4432
Qwen/Qwen3-8B,math500,42,192,True,True,192,False,192,15,207,3,True,576,False,576,47,623,9,True,384,False,False,False,True,False,True,False,False,False,False,False,True,False,False,2586
Qwen/Qwen3-8B,math500,42,193,True,True,192,True,192,12,204,3,True,192,True,192,12,204,3,True,0,False,False,False,False,False,False,False,False,False,False,False,False,False,True,5270
Qwen/Qwen3-8B,math500,42,194,True,True,192,False,192,12,204,3,True,320,False,320,20,340,5,True,128,False,False,False,True,False,True,False,False,False,False,False,True,False,False,11039
Qwen/Qwen3-8B,math500,42,195,True,True,576,True,576,71,647,9,True,576,True,576,74,650,9,True,0,False,False,False,False,False,False,False,False,False,False,False,False,False,True,2243
Qwen/Qwen3-8B,math500,42,196,True,True,192,True,192,21,213,3,True,192,True,192,21,213,3,True,0,False,False,False,False,False,False,False,False,False,False,False,False,False,True,1947
Qwen/Qwen3-8B,math500,42,197,True,True,1216,True,1216,87,1303,19,True,896,False,896,67,963,14,True,-320,False,False,False,False,False,True,False,False,True,False,True,False,True,False,6939
Qwen/Qwen3-8B,math500,42,2,True,True,384,False,384,24,408,6,True,192,False,192,12,204,3,True,-192,False,False,False,True,False,True,False,False,False,False,False,False,True,False,3139
Qwen/Qwen3-8B,math500,42,20,True,True,320,True,320,41,361,5,True,192,True,192,29,221,3,True,-128,False,False,False,False,False,False,False,False,False,False,False,False,True,False,2435
Qwen/Qwen3-8B,math500,42,201,True,True,960,True,960,105,1065,15,True,960,True,960,141,1101,15,True,0,False,False,False,False,False,False,False,False,False,False,False,False,False,True,2891
Qwen/Qwen3-8B,math500,42,203,True,True,704,True,704,100,804,11,True,640,True,640,94,734,10,True,-64,False,False,False,False,False,False,False,False,False,False,False,False,True,False,2754
Qwen/Qwen3-8B,math500,42,205,True,True,448,False,448,89,537,7,True,1472,False,1472,361,1833,23,True,1024,False,False,False,True,False,True,False,False,False,False,False,True,False,False,4649
Qwen/Qwen3-8B,math500,42,206,True,True,576,True,576,113,689,9,True,192,True,192,39,231,3,True,-384,False,False,False,False,False,False,False,False,False,False,False,False,True,False,2187
Qwen/Qwen3-8B,math500,42,207,True,True,192,True,192,15,207,3,True,192,True,192,15,207,3,True,0,False,False,False,False,False,False,False,False,False,False,False,False,False,True,1495
Qwen/Qwen3-8B,math500,42,208,True,True,576,True,576,62,638,9,True,384,True,384,24,408,6,True,-192,False,False,False,False,False,False,False,False,False,False,False,False,True,False,3527
Qwen/Qwen3-8B,math500,42,209,True,True,384,False,384,34,418,6,True,256,False,256,20,276,4,True,-128,False,False,False,True,False,True,False,False,False,False,False,False,True,False,4398
Qwen/Qwen3-8B,math500,42,21,True,True,2048,False,2048,222,2270,32,True,1920,False,1920,181,2101,30,True,-128,False,False,False,True,False,True,False,False,False,False,False,False,True,False,9424
Qwen/Qwen3-8B,math500,42,210,True,True,960,False,960,60,1020,15,True,768,False,768,48,816,12,True,-192,False,False,False,True,False,True,False,False,False,False,False,False,True,False,14624
Qwen/Qwen3-8B,math500,42,211,True,True,512,True,512,58,570,8,True,576,True,576,60,636,9,True,64,False,False,False,False,False,False,False,False,False,False,False,True,False,False,2329
Qwen/Qwen3-8B,math500,42,212,True,True,704,True,704,57,761,11,True,640,True,640,56,696,10,True,-64,False,False,False,False,False,False,False,False,False,False,False,False,True,False,2008
Qwen/Qwen3-8B,math500,42,213,True,True,320,True,320,20,340,5,True,192,False,192,12,204,3,True,-128,False,False,False,False,False,True,False,False,True,False,True,False,True,False,4943
Qwen/Qwen3-8B,math500,42,214,False,True,768,False,768,68,836,12,True,768,False,768,65,833,12,True,0,False,False,False,False,False,False,False,False,False,False,False,False,False,True,4494
Qwen/Qwen3-8B,math500,42,215,True,True,192,False,192,12,204,3,True,192,False,192,12,204,3,True,0,False,False,False,True,False,True,False,False,False,False,False,False,False,True,3236
Qwen/Qwen3-8B,math500,42,216,True,True,320,False,320,20,340,5,True,256,False,256,17,273,4,True,-64,False,False,False,True,False,True,False,False,False,False,False,False,True,False,2557
Qwen/Qwen3-8B,math500,42,218,True,True,192,True,192,24,216,3,True,192,True,192,24,216,3,True,0,False,False,False,False,False,False,False,False,False,False,False,False,False,True,1392
Qwen/Qwen3-8B,math500,42,219,True,True,384,False,384,41,425,6,True,192,False,192,18,210,3,True,-192,False,False,False,True,False,True,False,False,False,False,False,False,True,False,10243
Qwen/Qwen3-8B,math500,42,22,True,True,256,False,256,16,272,4,True,640,False,640,40,680,10,True,384,False,False,False,True,False,True,False,False,False,False,False,True,False,False,2842
Qwen/Qwen3-8B,math500,42,222,True,True,832,False,832,56,888,13,True,512,False,512,36,548,8,True,-320,False,False,False,True,False,True,False,False,False,False,False,False,True,False,12129
Qwen/Qwen3-8B,math500,42,225,True,True,832,False,832,82,914,13,True,576,False,576,42,618,9,True,-256,False,False,False,True,False,True,False,False,False,False,False,False,True,False,2708
Qwen/Qwen3-8B,math500,42,226,True,True,192,True,192,12,204,3,True,192,True,192,12,204,3,True,0,False,False,False,False,False,False,False,False,False,False,False,False,False,True,4586
Qwen/Qwen3-8B,math500,42,228,False,True,1024,False,1024,176,1200,16,True,704,False,704,56,760,11,True,-320,False,False,False,False,False,False,False,False,False,False,False,False,True,False,10913
Qwen/Qwen3-8B,math500,42,229,True,True,192,True,192,15,207,3,True,192,True,192,15,207,3,True,0,False,False,False,False,False,False,False,False,False,False,False,False,False,True,2510
Qwen/Qwen3-8B,math500,42,23,True,True,192,False,192,12,204,3,True,192,False,192,12,204,3,True,0,False,False,False,True,False,True,False,False,False,False,False,False,False,True,3242
Qwen/Qwen3-8B,math500,42,231,True,True,576,True,576,42,618,9,True,192,True,192,15,207,3,True,-384,False,False,False,False,False,False,False,False,False,False,False,False,True,False,2273
Qwen/Qwen3-8B,math500,42,233,True,True,448,True,448,35,483,7,True,384,True,384,34,418,6,True,-64,False,False,False,False,False,False,False,False,False,False,False,False,True,False,3905
Qwen/Qwen3-8B,math500,42,234,True,True,192,False,192,15,207,3,True,192,False,192,15,207,3,True,0,False,False,False,True,False,True,False,False,False,False,False,False,False,True,2707
Qwen/Qwen3-8B,math500,42,235,True,True,192,False,192,12,204,3,True,192,False,192,12,204,3,True,0,False,False,False,True,False,True,False,False,False,False,False,False,False,True,3599
Qwen/Qwen3-8B,math500,42,236,True,True,576,False,576,45,621,9,True,384,False,384,30,414,6,True,-192,False,False,False,True,False,True,False,False,False,False,False,False,True,False,14731
Qwen/Qwen3-8B,math500,42,237,True,True,192,False,192,15,207,3,True,320,False,320,25,345,5,True,128,False,False,False,True,False,True,False,False,False,False,False,True,False,False,2598
Qwen/Qwen3-8B,math500,42,238,True,True,704,False,704,96,800,11,True,960,True,960,127,1087,15,True,256,False,False,False,True,False,False,False,True,False,True,False,True,False,False,3176
Qwen/Qwen3-8B,math500,42,24,True,True,192,True,192,15,207,3,True,192,True,192,15,207,3,True,0,False,False,False,False,False,False,False,False,False,False,False,False,False,True,4627
Qwen/Qwen3-8B,math500,42,240,False,True,192,False,192,15,207,3,True,384,False,384,30,414,6,True,192,False,False,False,False,False,False,False,False,False,False,False,True,False,False,12691
Qwen/Qwen3-8B,math500,42,241,True,True,448,False,448,36,484,7,True,320,False,320,28,348,5,True,-128,False,False,False,True,False,True,False,False,False,False,False,False,True,False,4079
Qwen/Qwen3-8B,math500,42,242,True,True,2944,True,2944,401,3345,46,True,2944,True,2944,442,3386,46,True,0,False,False,False,False,False,False,False,False,False,False,False,False,False,True,8613
Qwen/Qwen3-8B,math500,42,243,True,True,448,True,448,28,476,7,True,448,True,448,28,476,7,True,0,False,False,False,False,False,False,False,False,False,False,False,False,False,True,1600
Qwen/Qwen3-8B,math500,42,244,True,True,192,False,192,12,204,3,True,192,False,192,12,204,3,True,0,False,False,False,True,False,True,False,False,False,False,False,False,False,True,3492
Qwen/Qwen3-8B,math500,42,245,True,True,192,False,192,12,204,3,True,256,False,256,21,277,4,True,64,False,False,False,True,False,True,False,False,False,False,False,True,False,False,5092
Qwen/Qwen3-8B,math500,42,247,True,True,192,False,192,12,204,3,True,320,False,320,20,340,5,True,128,False,False,False,True,False,True,False,False,False,False,False,True,False,False,2616
Qwen/Qwen3-8B,math500,42,248,True,True,2752,True,2752,840,3592,43,True,384,False,384,90,474,6,True,-2368,False,False,False,False,False,True,False,False,True,False,True,False,True,False,5332
Qwen/Qwen3-8B,math500,42,249,True,True,640,False,640,49,689,10,True,320,False,320,25,345,5,True,-320,False,False,False,True,False,True,False,False,False,False,False,False,True,False,6146
Qwen/Qwen3-8B,math500,42,25,False,True,704,False,704,79,783,11,True,832,False,832,93,925,13,True,128,False,False,False,False,False,False,False,False,False,False,False,True,False,False,5205
Qwen/Qwen3-8B,math500,42,250,True,True,192,False,192,15,207,3,True,512,False,512,39,551,8,True,320,False,False,False,True,False,True,False,False,False,False,False,True,False,False,1881
Qwen/Qwen3-8B,math500,42,251,True,True,320,True,320,33,353,5,True,704,True,704,111,815,11,True,384,False,False,False,False,False,False,False,False,False,False,False,True,False,False,6473
Qwen/Qwen3-8B,math500,42,252,True,True,704,True,704,54,758,11,True,192,True,192,15,207,3,True,-512,False,False,False,False,False,False,False,False,False,False,False,False,True,False,3003
Qwen/Qwen3-8B,math500,42,253,True,False,,True,1009,79,1088,15,True,256,False,256,18,274,4,False,,False,True,False,False,False,True,False,False,True,False,True,False,False,False,1009
Qwen/Qwen3-8B,math500,42,254,True,True,192,True,192,15,207,3,True,192,True,192,15,207,3,True,0,False,False,False,False,False,False,False,False,False,False,False,False,False,True,2826
Qwen/Qwen3-8B,math500,42,257,False,True,384,False,384,32,416,6,True,384,False,384,32,416,6,True,0,False,False,False,False,False,False,False,False,False,False,False,False,False,True,1700
Qwen/Qwen3-8B,math500,42,258,True,True,192,True,192,15,207,3,True,256,True,256,20,276,4,True,64,False,False,False,False,False,False,False,False,False,False,False,True,False,False,2329
Qwen/Qwen3-8B,math500,42,259,True,True,192,True,192,15,207,3,True,192,True,192,15,207,3,True,0,False,False,False,False,False,False,False,False,False,False,False,False,False,True,1879
Qwen/Qwen3-8B,math500,42,26,False,True,256,False,256,24,280,4,True,192,False,192,18,210,3,True,-64,False,False,False,False,False,False,False,False,False,False,False,False,True,False,16384
Qwen/Qwen3-8B,math500,42,260,True,True,768,True,768,73,841,12,True,256,True,256,23,279,4,True,-512,False,False,False,False,False,False,False,False,False,False,False,False,True,False,3577
Qwen/Qwen3-8B,math500,42,261,True,True,192,False,192,15,207,3,True,192,False,192,15,207,3,True,0,False,False,False,True,False,True,False,False,False,False,False,False,False,True,3870
Qwen/Qwen3-8B,math500,42,262,True,True,192,True,192,12,204,3,True,192,True,192,12,204,3,True,0,False,False,False,False,False,False,False,False,False,False,False,False,False,True,1773
Qwen/Qwen3-8B,math500,42,263,True,True,192,False,192,15,207,3,True,192,False,192,15,207,3,True,0,False,False,False,True,False,True,False,False,False,False,False,False,False,True,2615
Qwen/Qwen3-8B,math500,42,264,False,True,1216,False,1216,190,1406,19,True,960,False,960,138,1098,15,True,-256,False,False,False,False,False,False,False,False,False,False,False,False,True,False,16384
Qwen/Qwen3-8B,math500,42,265,True,True,192,True,192,21,213,3,True,192,True,192,21,213,3,True,0,False,False,False,False,False,False,False,False,False,False,False,False,False,True,2081
Qwen/Qwen3-8B,math500,42,266,True,True,384,True,384,47,431,6,True,384,True,384,43,427,6,True,0,False,False,False,False,False,False,False,False,False,False,False,False,False,True,2983
Qwen/Qwen3-8B,math500,42,267,True,True,384,True,384,34,418,6,True,448,True,448,40,488,7,True,64,False,False,False,False,False,False,False,False,False,False,False,True,False,False,5919
Qwen/Qwen3-8B,math500,42,268,True,True,384,True,384,25,409,6,True,384,True,384,25,409,6,True,0,False,False,False,False,False,False,False,False,False,False,False,False,False,True,3107
Qwen/Qwen3-8B,math500,42,269,True,True,192,True,192,12,204,3,True,192,True,192,12,204,3,True,0,False,False,False,False,False,False,False,False,False,False,False,False,False,True,2161
Qwen/Qwen3-8B,math500,42,27,True,True,640,True,640,58,698,10,True,576,True,576,57,633,9,True,-64,False,False,False,False,False,False,False,False,False,False,False,False,True,False,1622
Qwen/Qwen3-8B,math500,42,270,True,True,192,True,192,15,207,3,True,192,True,192,15,207,3,True,0,False,False,False,False,False,False,False,False,False,False,False,False,False,True,2595
Qwen/Qwen3-8B,math500,42,271,True,True,896,False,896,84,980,14,True,1216,True,1216,102,1318,19,True,320,False,False,False,True,False,False,False,True,False,True,False,True,False,False,16384
Qwen/Qwen3-8B,math500,42,273,True,True,192,True,192,21,213,3,True,192,True,192,21,213,3,True,0,False,False,False,False,False,False,False,False,False,False,False,False,False,True,3517
Qwen/Qwen3-8B,math500,42,274,True,True,256,False,256,20,276,4,True,256,False,256,20,276,4,True,0,False,False,False,True,False,True,False,False,False,False,False,False,False,True,6609
Qwen/Qwen3-8B,math500,42,275,True,True,384,True,384,25,409,6,True,448,True,448,33,481,7,True,64,False,False,False,False,False,False,False,False,False,False,False,True,False,False,2399
Qwen/Qwen3-8B,math500,42,277,True,True,256,False,256,24,280,4,True,192,False,192,15,207,3,True,-64,False,False,False,True,False,True,False,False,False,False,False,False,True,False,1743
Qwen/Qwen3-8B,math500,42,278,True,True,192,True,192,18,210,3,True,192,True,192,18,210,3,True,0,False,False,False,False,False,False,False,False,False,False,False,False,False,True,2738
Qwen/Qwen3-8B,math500,42,279,True,True,704,False,704,73,777,11,True,832,False,832,85,917,13,True,128,False,False,False,True,False,True,False,False,False,False,False,True,False,False,3724
Qwen/Qwen3-8B,math500,42,28,True,True,192,False,192,24,216,3,True,192,False,192,24,216,3,True,0,False,False,False,True,False,True,False,False,False,False,False,False,False,True,1751
Qwen/Qwen3-8B,math500,42,280,True,True,192,False,192,12,204,3,True,192,False,192,12,204,3,True,0,False,False,False,True,False,True,False,False,False,False,False,False,False,True,2526
Qwen/Qwen3-8B,math500,42,281,True,True,192,True,192,17,209,3,True,192,True,192,15,207,3,True,0,False,False,False,False,False,False,False,False,False,False,False,False,False,True,7163
Qwen/Qwen3-8B,math500,42,282,True,True,384,True,384,35,419,6,True,384,True,384,34,418,6,True,0,False,False,False,False,False,False,False,False,False,False,False,False,False,True,3788
Qwen/Qwen3-8B,math500,42,283,True,True,320,True,320,22,342,5,True,384,True,384,27,411,6,True,64,False,False,False,False,False,False,False,False,False,False,False,True,False,False,2504
Qwen/Qwen3-8B,math500,42,284,False,True,640,False,640,67,707,10,True,704,False,704,109,813,11,True,64,False,False,False,False,False,False,False,False,False,False,False,True,False,False,13955
Qwen/Qwen3-8B,math500,42,285,True,True,2688,False,2688,236,2924,42,True,3904,False,3904,362,4266,61,True,1216,False,False,False,True,False,True,False,False,False,False,False,True,False,False,7631
Qwen/Qwen3-8B,math500,42,286,False,True,192,False,192,12,204,3,True,256,False,256,16,272,4,True,64,False,False,False,False,False,False,False,False,False,False,False,True,False,False,16384
Qwen/Qwen3-8B,math500,42,287,True,True,1088,False,1088,92,1180,17,True,1088,False,1088,91,1179,17,True,0,False,False,False,True,False,True,False,False,False,False,False,False,False,True,5187
Qwen/Qwen3-8B,math500,42,288,True,True,192,False,192,12,204,3,True,512,False,512,69,581,8,True,320,False,False,False,True,False,True,False,False,False,False,False,True,False,False,4965
Qwen/Qwen3-8B,math500,42,289,True,True,192,True,192,15,207,3,True,192,True,192,15,207,3,True,0,False,False,False,False,False,False,False,False,False,False,False,False,False,True,6185
Qwen/Qwen3-8B,math500,42,29,True,True,256,False,256,17,273,4,True,384,False,384,26,410,6,True,128,False,False,False,True,False,True,False,False,False,False,False,True,False,False,4169
Qwen/Qwen3-8B,math500,42,290,True,True,832,True,832,52,884,13,True,192,True,192,12,204,3,True,-640,False,False,False,False,False,False,False,False,False,False,False,False,True,False,3351
Qwen/Qwen3-8B,math500,42,291,True,True,448,False,448,37,485,7,True,448,False,448,38,486,7,True,0,False,False,False,True,False,True,False,False,False,False,False,False,False,True,16223
Qwen/Qwen3-8B,math500,42,293,True,True,704,True,704,184,888,11,True,448,False,448,95,543,7,True,-256,False,False,False,False,False,True,False,False,True,False,True,False,True,False,2980
Qwen/Qwen3-8B,math500,42,294,True,True,1088,False,1088,102,1190,17,True,1536,True,1536,166,1702,24,True,448,False,False,False,True,False,False,False,True,False,True,False,True,False,False,6478
Qwen/Qwen3-8B,math500,42,295,True,True,1920,False,1920,191,2111,30,True,1344,False,1344,118,1462,21,True,-576,False,False,False,True,False,True,False,False,False,False,False,False,True,False,11110
Qwen/Qwen3-8B,math500,42,296,True,True,192,False,192,12,204,3,True,192,False,192,12,204,3,True,0,False,False,False,True,False,True,False,False,False,False,False,False,False,True,10498
Qwen/Qwen3-8B,math500,42,297,True,True,768,True,768,70,838,12,True,320,False,320,30,350,5,True,-448,False,False,False,False,False,True,False,False,True,False,True,False,True,False,3576
Qwen/Qwen3-8B,math500,42,298,True,True,832,False,832,331,1163,13,True,1088,True,1088,439,1527,17,True,256,False,False,False,True,False,False,False,True,False,True,False,True,False,False,2300
Qwen/Qwen3-8B,math500,42,299,True,True,192,False,192,18,210,3,True,192,False,192,18,210,3,True,0,False,False,False,True,False,True,False,False,False,False,False,False,False,True,4769
Qwen/Qwen3-8B,math500,42,3,True,True,192,True,192,12,204,3,True,192,True,192,12,204,3,True,0,False,False,False,False,False,False,False,False,False,False,False,False,False,True,3155
Qwen/Qwen3-8B,math500,42,30,False,True,384,True,384,42,426,6,True,320,True,320,35,355,5,True,-64,False,False,False,False,True,False,True,False,False,False,False,False,True,False,3714
Qwen/Qwen3-8B,math500,42,300,True,True,384,True,384,29,413,6,True,320,True,320,23,343,5,True,-64,False,False,False,False,False,False,False,False,False,False,False,False,True,False,13318
Qwen/Qwen3-8B,math500,42,304,True,True,192,False,192,12,204,3,True,640,False,640,40,680,10,True,448,False,False,False,True,False,True,False,False,False,False,False,True,False,False,4647
Qwen/Qwen3-8B,math500,42,306,True,True,896,False,896,56,952,14,True,192,False,192,12,204,3,True,-704,False,False,False,True,False,True,False,False,False,False,False,False,True,False,13032
Qwen/Qwen3-8B,math500,42,308,False,True,832,False,832,112,944,13,True,1024,False,1024,121,1145,16,True,192,False,False,False,False,False,False,False,False,False,False,False,True,False,False,16384
Qwen/Qwen3-8B,math500,42,309,True,True,640,False,640,50,690,10,True,192,False,192,15,207,3,True,-448,False,False,False,True,False,True,False,False,False,False,False,False,True,False,11739
Qwen/Qwen3-8B,math500,42,31,True,True,192,True,192,27,219,3,True,192,True,192,27,219,3,True,0,False,False,False,False,False,False,False,False,False,False,False,False,False,True,2532
Qwen/Qwen3-8B,math500,42,310,True,True,192,False,192,15,207,3,True,512,True,512,37,549,8,True,320,False,False,False,True,False,False,False,True,False,True,False,True,False,False,2995
Qwen/Qwen3-8B,math500,42,311,True,True,192,False,192,12,204,3,True,192,False,192,12,204,3,True,0,False,False,False,True,False,True,False,False,False,False,False,False,False,True,5590
Qwen/Qwen3-8B,math500,42,312,True,True,192,False,192,30,222,3,True,192,False,192,30,222,3,True,0,False,False,False,True,False,True,False,False,False,False,False,False,False,True,1709
Qwen/Qwen3-8B,math500,42,314,True,True,320,False,320,27,347,5,True,640,False,640,54,694,10,True,320,False,False,False,True,False,True,False,False,False,False,False,True,False,False,2334
Qwen/Qwen3-8B,math500,42,315,True,True,384,False,384,29,413,6,True,192,False,192,15,207,3,True,-192,False,False,False,True,False,True,False,False,False,False,False,False,True,False,6480
Qwen/Qwen3-8B,math500,42,316,True,True,1024,True,1024,100,1124,16,True,960,False,960,76,1036,15,True,-64,False,False,False,False,False,True,False,False,True,False,True,False,True,False,3394
Qwen/Qwen3-8B,math500,42,318,False,True,704,True,704,193,897,11,True,512,True,512,156,668,8,True,-192,False,False,False,False,True,False,True,False,False,False,False,False,True,False,2302
Qwen/Qwen3-8B,math500,42,319,True,True,704,True,704,64,768,11,True,512,True,512,42,554,8,True,-192,False,False,False,False,False,False,False,False,False,False,False,False,True,False,1503
Qwen/Qwen3-8B,math500,42,32,False,True,384,True,384,40,424,6,True,320,True,320,35,355,5,True,-64,False,False,False,False,True,False,True,False,False,False,False,False,True,False,16384
Qwen/Qwen3-8B,math500,42,320,True,True,192,False,192,24,216,3,True,192,False,192,12,204,3,True,0,False,False,False,True,False,True,False,False,False,False,False,False,False,True,4905
Qwen/Qwen3-8B,math500,42,321,True,True,192,False,192,18,210,3,True,256,False,256,24,280,4,True,64,False,False,False,True,False,True,False,False,False,False,False,True,False,False,2233
Qwen/Qwen3-8B,math500,42,322,True,True,448,True,448,37,485,7,True,448,True,448,43,491,7,True,0,False,False,False,False,False,False,False,False,False,False,False,False,False,True,1390
Qwen/Qwen3-8B,math500,42,323,True,True,192,True,192,18,210,3,True,192,True,192,18,210,3,True,0,False,False,False,False,False,False,False,False,False,False,False,False,False,True,7695
Qwen/Qwen3-8B,math500,42,324,False,True,320,False,320,30,350,5,True,192,False,192,18,210,3,True,-128,False,False,False,False,False,False,False,False,False,False,False,False,True,False,15718
Qwen/Qwen3-8B,math500,42,325,True,True,576,True,576,42,618,9,True,576,True,576,40,616,9,True,0,False,False,False,False,False,False,False,False,False,False,False,False,False,True,2344
Qwen/Qwen3-8B,math500,42,326,True,True,320,False,320,35,355,5,True,512,False,512,55,567,8,True,192,False,False,False,True,False,True,False,False,False,False,False,True,False,False,5011
Qwen/Qwen3-8B,math500,42,327,True,True,256,False,256,20,276,4,True,960,False,960,78,1038,15,True,704,False,False,False,True,False,True,False,False,False,False,False,True,False,False,8052
Qwen/Qwen3-8B,math500,42,328,True,True,192,False,192,12,204,3,True,192,False,192,12,204,3,True,0,False,False,False,True,False,True,False,False,False,False,False,False,False,True,8240
Qwen/Qwen3-8B,math500,42,33,True,True,256,False,256,16,272,4,True,192,False,192,12,204,3,True,-64,False,False,False,True,False,True,False,False,False,False,False,False,True,False,3781
Qwen/Qwen3-8B,math500,42,331,True,True,192,False,192,12,204,3,True,192,False,192,12,204,3,True,0,False,False,False,True,False,True,False,False,False,False,False,False,False,True,5198
Qwen/Qwen3-8B,math500,42,332,True,True,192,True,192,12,204,3,True,192,True,192,12,204,3,True,0,False,False,False,False,False,False,False,False,False,False,False,False,False,True,5999
Qwen/Qwen3-8B,math500,42,333,True,True,192,True,192,12,204,3,True,192,True,192,12,204,3,True,0,False,False,False,False,False,False,False,False,False,False,False,False,False,True,10884
Qwen/Qwen3-8B,math500,42,334,True,True,704,True,704,78,782,11,True,192,False,192,15,207,3,True,-512,False,False,False,False,False,True,False,False,True,False,True,False,True,False,2608
Qwen/Qwen3-8B,math500,42,335,True,True,192,False,192,12,204,3,True,192,False,192,12,204,3,True,0,False,False,False,True,False,True,False,False,False,False,False,False,False,True,5251
Qwen/Qwen3-8B,math500,42,336,True,True,768,True,768,110,878,12,True,768,True,768,118,886,12,True,0,False,False,False,False,False,False,False,False,False,False,False,False,False,True,4166
Qwen/Qwen3-8B,math500,42,338,False,True,704,True,704,93,797,11,True,192,False,192,27,219,3,True,-512,False,False,False,False,True,False,False,False,True,False,False,False,True,False,3780
Qwen/Qwen3-8B,math500,42,339,True,True,192,True,192,15,207,3,True,192,True,192,15,207,3,True,0,False,False,False,False,False,False,False,False,False,False,False,False,False,True,3912
Qwen/Qwen3-8B,math500,42,340,True,True,1408,False,1408,142,1550,22,True,192,False,192,21,213,3,True,-1216,False,False,False,True,False,True,False,False,False,False,False,False,True,False,14092
Qwen/Qwen3-8B,math500,42,341,True,True,192,False,192,12,204,3,True,192,False,192,12,204,3,True,0,False,False,False,True,False,True,False,False,False,False,False,False,False,True,4354
Qwen/Qwen3-8B,math500,42,342,True,True,192,True,192,12,204,3,True,192,True,192,12,204,3,True,0,False,False,False,False,False,False,False,False,False,False,False,False,False,True,2544
Qwen/Qwen3-8B,math500,42,343,True,True,448,False,448,58,506,7,True,576,False,576,92,668,9,True,128,False,False,False,True,False,True,False,False,False,False,False,True,False,False,2866
Qwen/Qwen3-8B,math500,42,344,True,True,192,False,192,12,204,3,True,192,False,192,12,204,3,True,0,False,False,False,True,False,True,False,False,False,False,False,False,False,True,2524
Qwen/Qwen3-8B,math500,42,345,True,True,192,True,192,12,204,3,True,320,False,320,41,361,5,True,128,False,False,False,False,False,True,False,False,True,False,True,True,False,False,2099
Qwen/Qwen3-8B,math500,42,346,True,True,512,True,512,43,555,8,True,512,True,512,43,555,8,True,0,False,False,False,False,False,False,False,False,False,False,False,False,False,True,3466
Qwen/Qwen3-8B,math500,42,347,True,True,512,True,512,138,650,8,True,512,True,512,143,655,8,True,0,False,False,False,False,False,False,False,False,False,False,False,False,False,True,3030
Qwen/Qwen3-8B,math500,42,348,True,True,192,True,192,21,213,3,True,192,True,192,21,213,3,True,0,False,False,False,False,False,False,False,False,False,False,False,False,False,True,5161
Qwen/Qwen3-8B,math500,42,35,True,True,192,False,192,12,204,3,True,192,False,192,12,204,3,True,0,False,False,False,True,False,True,False,False,False,False,False,False,False,True,3171
Qwen/Qwen3-8B,math500,42,350,True,True,192,True,192,12,204,3,True,960,True,960,60,1020,15,True,768,False,False,False,False,False,False,False,False,False,False,False,True,False,False,3988
Qwen/Qwen3-8B,math500,42,351,False,True,192,False,192,12,204,3,True,192,False,192,12,204,3,True,0,False,False,False,False,False,False,False,False,False,False,False,False,False,True,16384
Qwen/Qwen3-8B,math500,42,352,True,True,3328,True,3328,382,3710,52,True,192,False,192,18,210,3,True,-3136,False,False,False,False,False,True,False,False,True,False,True,False,True,False,12276
Qwen/Qwen3-8B,math500,42,353,True,True,320,False,320,26,346,5,True,192,False,192,15,207,3,True,-128,False,False,False,True,False,True,False,False,False,False,False,False,True,False,4028
Qwen/Qwen3-8B,math500,42,354,True,True,192,True,192,15,207,3,True,256,True,256,19,275,4,True,64,False,False,False,False,False,False,False,False,False,False,False,True,False,False,2799
Qwen/Qwen3-8B,math500,42,355,True,True,2048,False,2048,217,2265,32,True,2624,True,2624,253,2877,41,True,576,False,False,False,True,False,False,False,True,False,True,False,True,False,False,11356
Qwen/Qwen3-8B,math500,42,357,True,True,256,True,256,16,272,4,True,1152,True,1152,72,1224,18,True,896,False,False,False,False,False,False,False,False,False,False,False,True,False,False,4192
Qwen/Qwen3-8B,math500,42,358,True,True,192,False,192,12,204,3,True,256,False,256,16,272,4,True,64,False,False,False,True,False,True,False,False,False,False,False,True,False,False,3376
Qwen/Qwen3-8B,math500,42,359,True,True,256,False,256,16,272,4,True,192,False,192,12,204,3,True,-64,False,False,False,True,False,True,False,False,False,False,False,False,True,False,4327
Qwen/Qwen3-8B,math500,42,36,False,True,192,False,192,12,204,3,True,192,False,192,12,204,3,True,0,False,False,False,False,False,False,False,False,False,False,False,False,False,True,5410
Qwen/Qwen3-8B,math500,42,361,True,True,192,False,192,24,216,3,True,192,False,192,24,216,3,True,0,False,False,False,True,False,True,False,False,False,False,False,False,False,True,6864
Qwen/Qwen3-8B,math500,42,362,True,True,192,True,192,20,212,3,True,192,True,192,20,212,3,True,0,False,False,False,False,False,False,False,False,False,False,False,False,False,True,3060
Qwen/Qwen3-8B,math500,42,364,True,True,832,True,832,181,1013,13,True,1024,False,1024,229,1253,16,True,192,False,False,False,False,False,True,False,False,True,False,True,True,False,False,3377
Qwen/Qwen3-8B,math500,42,365,True,True,192,False,192,15,207,3,True,192,False,192,15,207,3,True,0,False,False,False,True,False,True,False,False,False,False,False,False,False,True,10313
Qwen/Qwen3-8B,math500,42,366,True,True,192,False,192,12,204,3,True,192,False,192,12,204,3,True,0,False,False,False,True,False,True,False,False,False,False,False,False,False,True,4367
Qwen/Qwen3-8B,math500,42,367,True,True,192,False,192,12,204,3,True,192,False,192,12,204,3,True,0,False,False,False,True,False,True,False,False,False,False,False,False,False,True,2307
Qwen/Qwen3-8B,math500,42,368,True,True,192,False,192,15,207,3,True,192,False,192,15,207,3,True,0,False,False,False,True,False,True,False,False,False,False,False,False,False,True,2551
Qwen/Qwen3-8B,math500,42,369,True,True,192,False,192,18,210,3,True,192,False,192,18,210,3,True,0,False,False,False,True,False,True,False,False,False,False,False,False,False,True,6088
Qwen/Qwen3-8B,math500,42,37,True,True,192,True,192,15,207,3,True,192,True,192,15,207,3,True,0,False,False,False,False,False,False,False,False,False,False,False,False,False,True,2526
Qwen/Qwen3-8B,math500,42,370,True,True,512,True,512,86,598,8,True,192,True,192,60,252,3,True,-320,False,False,False,False,False,False,False,False,False,False,False,False,True,False,2208
Qwen/Qwen3-8B,math500,42,371,True,True,192,False,192,12,204,3,True,192,False,192,12,204,3,True,0,False,False,False,True,False,True,False,False,False,False,False,False,False,True,13422
Qwen/Qwen3-8B,math500,42,372,True,True,192,False,192,19,211,3,True,192,False,192,15,207,3,True,0,False,False,False,True,False,True,False,False,False,False,False,False,False,True,4753
Qwen/Qwen3-8B,math500,42,373,True,True,1024,True,1024,248,1272,16,True,1024,True,1024,255,1279,16,True,0,False,False,False,False,False,False,False,False,False,False,False,False,False,True,2361
Qwen/Qwen3-8B,math500,42,374,True,True,192,False,192,12,204,3,True,192,False,192,12,204,3,True,0,False,False,False,True,False,True,False,False,False,False,False,False,False,True,2090
Qwen/Qwen3-8B,math500,42,376,True,True,192,False,192,24,216,3,True,192,False,192,24,216,3,True,0,False,False,False,True,False,True,False,False,False,False,False,False,False,True,3167
Qwen/Qwen3-8B,math500,42,378,True,True,320,False,320,20,340,5,True,192,False,192,12,204,3,True,-128,False,False,False,True,False,True,False,False,False,False,False,False,True,False,3657
Qwen/Qwen3-8B,math500,42,379,True,True,960,False,960,151,1111,15,True,512,False,512,78,590,8,True,-448,False,False,False,True,False,True,False,False,False,False,False,False,True,False,9507
Qwen/Qwen3-8B,math500,42,38,True,True,192,True,192,21,213,3,True,192,True,192,21,213,3,True,0,False,False,False,False,False,False,False,False,False,False,False,False,False,True,1551
Qwen/Qwen3-8B,math500,42,380,True,True,640,False,640,180,820,10,True,640,False,640,211,851,10,True,0,False,False,False,True,False,True,False,False,False,False,False,False,False,True,6510
Qwen/Qwen3-8B,math500,42,381,True,True,1472,True,1472,166,1638,23,True,1472,True,1472,131,1603,23,True,0,False,False,False,False,False,False,False,False,False,False,False,False,False,True,9810
Qwen/Qwen3-8B,math500,42,382,True,True,192,False,192,21,213,3,True,192,False,192,21,213,3,True,0,False,False,False,True,False,True,False,False,False,False,False,False,False,True,5576
Qwen/Qwen3-8B,math500,42,383,True,True,640,True,640,91,731,10,True,704,True,704,133,837,11,True,64,False,False,False,False,False,False,False,False,False,False,False,True,False,False,2325
Qwen/Qwen3-8B,math500,42,384,True,True,192,True,192,30,222,3,True,192,True,192,30,222,3,True,0,False,False,False,False,False,False,False,False,False,False,False,False,False,True,1328
Qwen/Qwen3-8B,math500,42,385,True,True,1408,True,1408,129,1537,22,True,1408,True,1408,121,1529,22,True,0,False,False,False,False,False,False,False,False,False,False,False,False,False,True,6763
Qwen/Qwen3-8B,math500,42,387,True,True,192,True,192,15,207,3,True,192,True,192,15,207,3,True,0,False,False,False,False,False,False,False,False,False,False,False,False,False,True,1956
Qwen/Qwen3-8B,math500,42,389,True,True,256,False,256,22,278,4,True,1088,True,1088,164,1252,17,True,832,False,False,False,True,False,False,False,True,False,True,False,True,False,False,3176
Qwen/Qwen3-8B,math500,42,39,True,True,384,False,384,35,419,6,True,448,False,448,36,484,7,True,64,False,False,False,True,False,True,False,False,False,False,False,True,False,False,2876
Qwen/Qwen3-8B,math500,42,391,True,True,384,False,384,24,408,6,True,192,False,192,12,204,3,True,-192,False,False,False,True,False,True,False,False,False,False,False,False,True,False,5195
Qwen/Qwen3-8B,math500,42,392,True,True,192,False,192,15,207,3,True,192,False,192,15,207,3,True,0,False,False,False,True,False,True,False,False,False,False,False,False,False,True,16384
Qwen/Qwen3-8B,math500,42,394,True,True,256,False,256,16,272,4,True,192,False,192,12,204,3,True,-64,False,False,False,True,False,True,False,False,False,False,False,False,True,False,4779
Qwen/Qwen3-8B,math500,42,395,True,True,192,False,192,12,204,3,True,192,False,192,12,204,3,True,0,False,False,False,True,False,True,False,False,False,False,False,False,False,True,3450
Qwen/Qwen3-8B,math500,42,396,True,True,192,True,192,12,204,3,True,192,True,192,12,204,3,True,0,False,False,False,False,False,False,False,False,False,False,False,False,False,True,8405
Qwen/Qwen3-8B,math500,42,397,True,True,512,True,512,40,552,8,True,512,True,512,40,552,8,True,0,False,False,False,False,False,False,False,False,False,False,False,False,False,True,2648
Qwen/Qwen3-8B,math500,42,398,True,True,2688,True,2688,252,2940,42,True,192,False,192,12,204,3,True,-2496,False,False,False,False,False,True,False,False,True,False,True,False,True,False,7217
Qwen/Qwen3-8B,math500,42,399,True,True,192,True,192,24,216,3,True,192,True,192,24,216,3,True,0,False,False,False,False,False,False,False,False,False,False,False,False,False,True,1595
Qwen/Qwen3-8B,math500,42,4,True,True,192,False,192,15,207,3,True,192,False,192,15,207,3,True,0,False,False,False,True,False,True,False,False,False,False,False,False,False,True,4380
Qwen/Qwen3-8B,math500,42,40,True,True,192,True,192,15,207,3,True,256,True,256,19,275,4,True,64,False,False,False,False,False,False,False,False,False,False,False,True,False,False,4294
Qwen/Qwen3-8B,math500,42,400,False,True,256,False,256,19,275,4,True,192,False,192,15,207,3,True,-64,False,False,False,False,False,False,False,False,False,False,False,False,True,False,16384
Qwen/Qwen3-8B,math500,42,401,True,True,192,False,192,12,204,3,True,192,False,192,12,204,3,True,0,False,False,False,True,False,True,False,False,False,False,False,False,False,True,9600
Qwen/Qwen3-8B,math500,42,402,True,True,640,False,640,77,717,10,True,640,False,640,87,727,10,True,0,False,False,False,True,False,True,False,False,False,False,False,False,False,True,4206
Qwen/Qwen3-8B,math500,42,404,True,True,192,False,192,12,204,3,True,192,False,192,12,204,3,True,0,False,False,False,True,False,True,False,False,False,False,False,False,False,True,1494
Qwen/Qwen3-8B,math500,42,405,True,True,192,True,192,15,207,3,True,192,True,192,15,207,3,True,0,False,False,False,False,False,False,False,False,False,False,False,False,False,True,4205
Qwen/Qwen3-8B,math500,42,406,True,True,192,True,192,12,204,3,True,192,True,192,12,204,3,True,0,False,False,False,False,False,False,False,False,False,False,False,False,False,True,2831
Qwen/Qwen3-8B,math500,42,407,True,True,192,True,192,12,204,3,True,192,True,192,12,204,3,True,0,False,False,False,False,False,False,False,False,False,False,False,False,False,True,2135
Qwen/Qwen3-8B,math500,42,408,True,True,2432,True,2432,886,3318,38,True,2432,True,2432,809,3241,38,True,0,False,False,False,False,False,False,False,False,False,False,False,False,False,True,5462
Qwen/Qwen3-8B,math500,42,410,True,True,512,True,512,32,544,8,True,448,True,448,28,476,7,True,-64,False,False,False,False,False,False,False,False,False,False,False,False,True,False,3155
Qwen/Qwen3-8B,math500,42,412,True,True,3712,True,3712,368,4080,58,True,2816,False,2816,287,3103,44,True,-896,False,False,False,False,False,True,False,False,True,False,True,False,True,False,6729
Qwen/Qwen3-8B,math500,42,415,True,True,1408,True,1408,123,1531,22,True,384,False,384,24,408,6,True,-1024,False,False,False,False,False,True,False,False,True,False,True,False,True,False,5283
Qwen/Qwen3-8B,math500,42,416,True,True,256,False,256,64,320,4,True,384,False,384,45,429,6,True,128,False,False,False,True,False,True,False,False,False,False,False,True,False,False,9278
Qwen/Qwen3-8B,math500,42,417,True,True,384,False,384,32,416,6,True,384,False,384,32,416,6,True,0,False,False,False,True,False,True,False,False,False,False,False,False,False,True,2556
Qwen/Qwen3-8B,math500,42,418,True,True,192,True,192,32,224,3,True,192,True,192,32,224,3,True,0,False,False,False,False,False,False,False,False,False,False,False,False,False,True,2226
Qwen/Qwen3-8B,math500,42,419,True,True,2112,False,2112,543,2655,33,True,2048,False,2048,478,2526,32,True,-64,False,False,False,True,False,True,False,False,False,False,False,False,True,False,9906
Qwen/Qwen3-8B,math500,42,42,True,True,192,False,192,12,204,3,True,192,False,192,12,204,3,True,0,False,False,False,True,False,True,False,False,False,False,False,False,False,True,1892
Qwen/Qwen3-8B,math500,42,420,True,False,,True,1956,933,2889,30,False,,True,1956,960,2916,30,False,,False,False,True,False,False,False,False,False,False,False,False,False,False,False,1956
Qwen/Qwen3-8B,math500,42,422,False,True,576,False,576,115,691,9,True,320,False,320,71,391,5,True,-256,False,False,False,False,False,False,False,False,False,False,False,False,True,False,15426
Qwen/Qwen3-8B,math500,42,423,True,True,1600,True,1600,216,1816,25,True,512,False,512,56,568,8,True,-1088,False,False,False,False,False,True,False,False,True,False,True,False,True,False,6325
Qwen/Qwen3-8B,math500,42,424,True,True,704,True,704,65,769,11,True,704,True,704,59,763,11,True,0,False,False,False,False,False,False,False,False,False,False,False,False,False,True,2619
Qwen/Qwen3-8B,math500,42,427,True,True,512,True,512,40,552,8,True,512,True,512,40,552,8,True,0,False,False,False,False,False,False,False,False,False,False,False,False,False,True,1674
Qwen/Qwen3-8B,math500,42,428,True,True,192,False,192,15,207,3,True,192,False,192,15,207,3,True,0,False,False,False,True,False,True,False,False,False,False,False,False,False,True,4987
Qwen/Qwen3-8B,math500,42,43,False,True,704,False,704,66,770,11,True,640,False,640,60,700,10,True,-64,False,False,False,False,False,False,False,False,False,False,False,False,True,False,16384
Qwen/Qwen3-8B,math500,42,430,True,True,192,True,192,18,210,3,True,192,True,192,18,210,3,True,0,False,False,False,False,False,False,False,False,False,False,False,False,False,True,2161
Qwen/Qwen3-8B,math500,42,431,True,True,384,False,384,109,493,6,True,832,False,832,225,1057,13,True,448,False,False,False,True,False,True,False,False,False,False,False,True,False,False,7396
Qwen/Qwen3-8B,math500,42,433,True,True,192,True,192,30,222,3,True,192,True,192,30,222,3,True,0,False,False,False,False,False,False,False,False,False,False,False,False,False,True,3688
Qwen/Qwen3-8B,math500,42,435,True,True,192,True,192,57,249,3,True,192,True,192,57,249,3,True,0,False,False,False,False,False,False,False,False,False,False,False,False,False,True,2052
Qwen/Qwen3-8B,math500,42,436,True,True,192,False,192,12,204,3,True,192,False,192,12,204,3,True,0,False,False,False,True,False,True,False,False,False,False,False,False,False,True,4740
Qwen/Qwen3-8B,math500,42,437,True,True,192,False,192,12,204,3,True,512,False,512,32,544,8,True,320,False,False,False,True,False,True,False,False,False,False,False,True,False,False,4250
Qwen/Qwen3-8B,math500,42,438,True,True,448,True,448,28,476,7,True,192,False,192,12,204,3,True,-256,False,False,False,False,False,True,False,False,True,False,True,False,True,False,3323
Qwen/Qwen3-8B,math500,42,44,True,True,192,False,192,21,213,3,True,192,False,192,21,213,3,True,0,False,False,False,True,False,True,False,False,False,False,False,False,False,True,2857
Qwen/Qwen3-8B,math500,42,441,True,True,576,True,576,54,630,9,True,576,True,576,59,635,9,True,0,False,False,False,False,False,False,False,False,False,False,False,False,False,True,1512
Qwen/Qwen3-8B,math500,42,443,True,True,384,True,384,30,414,6,True,256,True,256,21,277,4,True,-128,False,False,False,False,False,False,False,False,False,False,False,False,True,False,2381
Qwen/Qwen3-8B,math500,42,444,False,True,448,False,448,68,516,7,True,768,False,768,102,870,12,True,320,False,False,False,False,False,False,False,False,False,False,False,True,False,False,16384
Qwen/Qwen3-8B,math500,42,445,True,True,256,False,256,16,272,4,True,192,False,192,12,204,3,True,-64,False,False,False,True,False,True,False,False,False,False,False,False,True,False,9649
Qwen/Qwen3-8B,math500,42,446,True,True,192,True,192,12,204,3,True,192,True,192,12,204,3,True,0,False,False,False,False,False,False,False,False,False,False,False,False,False,True,2807
Qwen/Qwen3-8B,math500,42,447,True,True,384,True,384,27,411,6,True,384,False,384,29,413,6,True,0,False,False,False,False,False,True,False,False,True,False,True,False,False,True,1296
Qwen/Qwen3-8B,math500,42,449,True,True,384,True,384,30,414,6,True,384,True,384,30,414,6,True,0,False,False,False,False,False,False,False,False,False,False,False,False,False,True,2769
Qwen/Qwen3-8B,math500,42,45,True,True,192,True,192,12,204,3,True,192,True,192,12,204,3,True,0,False,False,False,False,False,False,False,False,False,False,False,False,False,True,2442
Qwen/Qwen3-8B,math500,42,450,True,True,960,False,960,73,1033,15,True,192,False,192,15,207,3,True,-768,False,False,False,True,False,True,False,False,False,False,False,False,True,False,5536
Qwen/Qwen3-8B,math500,42,451,True,True,192,True,192,27,219,3,True,192,True,192,27,219,3,True,0,False,False,False,False,False,False,False,False,False,False,False,False,False,True,3387
Qwen/Qwen3-8B,math500,42,452,True,True,256,False,256,21,277,4,True,256,False,256,21,277,4,True,0,False,False,False,True,False,True,False,False,False,False,False,False,False,True,2972
Qwen/Qwen3-8B,math500,42,453,True,True,192,True,192,15,207,3,True,192,True,192,15,207,3,True,0,False,False,False,False,False,False,False,False,False,False,False,False,False,True,3042
Qwen/Qwen3-8B,math500,42,454,True,True,1216,False,1216,199,1415,19,True,1280,False,1280,212,1492,20,True,64,False,False,False,True,False,True,False,False,False,False,False,True,False,False,5626
Qwen/Qwen3-8B,math500,42,455,True,True,192,True,192,12,204,3,True,192,True,192,12,204,3,True,0,False,False,False,False,False,False,False,False,False,False,False,False,False,True,1591
Qwen/Qwen3-8B,math500,42,456,False,True,384,False,384,60,444,6,True,192,False,192,42,234,3,True,-192,False,False,False,False,False,False,False,False,False,False,False,False,True,False,3932
Qwen/Qwen3-8B,math500,42,457,True,True,192,True,192,12,204,3,True,192,True,192,12,204,3,True,0,False,False,False,False,False,False,False,False,False,False,False,False,False,True,1391
Qwen/Qwen3-8B,math500,42,458,True,True,512,False,512,40,552,8,True,320,False,320,25,345,5,True,-192,False,False,False,True,False,True,False,False,False,False,False,False,True,False,3046
Qwen/Qwen3-8B,math500,42,459,True,True,1472,True,1472,192,1664,23,True,1472,True,1472,173,1645,23,True,0,False,False,False,False,False,False,False,False,False,False,False,False,False,True,5988
Qwen/Qwen3-8B,math500,42,46,True,True,192,False,192,15,207,3,True,192,False,192,15,207,3,True,0,False,False,False,True,False,True,False,False,False,False,False,False,False,True,6875
Qwen/Qwen3-8B,math500,42,460,True,True,192,False,192,15,207,3,True,192,False,192,15,207,3,True,0,False,False,False,True,False,True,False,False,False,False,False,False,False,True,8546
Qwen/Qwen3-8B,math500,42,461,True,True,896,True,896,86,982,14,True,832,True,832,101,933,13,True,-64,False,False,False,False,False,False,False,False,False,False,False,False,True,False,2952
Qwen/Qwen3-8B,math500,42,463,True,True,192,True,192,12,204,3,True,192,True,192,12,204,3,True,0,False,False,False,False,False,False,False,False,False,False,False,False,False,True,1261
Qwen/Qwen3-8B,math500,42,464,True,True,192,False,192,12,204,3,True,192,False,192,12,204,3,True,0,False,False,False,True,False,True,False,False,False,False,False,False,False,True,2454
Qwen/Qwen3-8B,math500,42,466,True,True,256,False,256,22,278,4,True,192,False,192,18,210,3,True,-64,False,False,False,True,False,True,False,False,False,False,False,False,True,False,5113
Qwen/Qwen3-8B,math500,42,467,False,True,192,False,192,15,207,3,True,192,False,192,15,207,3,True,0,False,False,False,False,False,False,False,False,False,False,False,False,False,True,5242
Qwen/Qwen3-8B,math500,42,47,True,True,512,True,512,32,544,8,True,576,True,576,38,614,9,True,64,False,False,False,False,False,False,False,False,False,False,False,True,False,False,2410
Qwen/Qwen3-8B,math500,42,470,True,True,256,False,256,29,285,4,True,448,False,448,102,550,7,True,192,False,False,False,True,False,True,False,False,False,False,False,True,False,False,10328
Qwen/Qwen3-8B,math500,42,471,True,True,896,True,896,75,971,14,True,512,False,512,40,552,8,True,-384,False,False,False,False,False,True,False,False,True,False,True,False,True,False,1761
Qwen/Qwen3-8B,math500,42,472,True,True,576,True,576,108,684,9,True,384,True,384,66,450,6,True,-192,False,False,False,False,False,False,False,False,False,False,False,False,True,False,2233
Qwen/Qwen3-8B,math500,42,473,True,True,192,False,192,12,204,3,True,192,False,192,12,204,3,True,0,False,False,False,True,False,True,False,False,False,False,False,False,False,True,2840
Qwen/Qwen3-8B,math500,42,476,True,True,192,False,192,18,210,3,True,192,False,192,18,210,3,True,0,False,False,False,True,False,True,False,False,False,False,False,False,False,True,2318
Qwen/Qwen3-8B,math500,42,477,True,True,256,True,256,16,272,4,True,192,True,192,12,204,3,True,-64,False,False,False,False,False,False,False,False,False,False,False,False,True,False,3926
Qwen/Qwen3-8B,math500,42,478,True,True,192,False,192,12,204,3,True,192,False,192,12,204,3,True,0,False,False,False,True,False,True,False,False,False,False,False,False,False,True,10792
Qwen/Qwen3-8B,math500,42,48,True,True,320,True,320,47,367,5,True,192,True,192,30,222,3,True,-128,False,False,False,False,False,False,False,False,False,False,False,False,True,False,1580
Qwen/Qwen3-8B,math500,42,480,True,True,192,True,192,21,213,3,True,192,True,192,12,204,3,True,0,False,False,False,False,False,False,False,False,False,False,False,False,False,True,4447
Qwen/Qwen3-8B,math500,42,481,True,True,1408,False,1408,506,1914,22,True,640,False,640,231,871,10,True,-768,False,False,False,True,False,True,False,False,False,False,False,False,True,False,12590
Qwen/Qwen3-8B,math500,42,482,True,True,192,False,192,15,207,3,True,1216,True,1216,107,1323,19,True,1024,False,False,False,True,False,False,False,True,False,True,False,True,False,False,4726
Qwen/Qwen3-8B,math500,42,483,True,True,448,False,448,28,476,7,True,832,False,832,110,942,13,True,384,False,False,False,True,False,True,False,False,False,False,False,True,False,False,3520
Qwen/Qwen3-8B,math500,42,484,True,True,320,False,320,20,340,5,True,256,False,256,16,272,4,True,-64,False,False,False,True,False,True,False,False,False,False,False,False,True,False,6645
Qwen/Qwen3-8B,math500,42,485,True,True,512,False,512,39,551,8,True,256,False,256,20,276,4,True,-256,False,False,False,True,False,True,False,False,False,False,False,False,True,False,5919
Qwen/Qwen3-8B,math500,42,486,True,True,192,True,192,18,210,3,True,192,True,192,18,210,3,True,0,False,False,False,False,False,False,False,False,False,False,False,False,False,True,15135
Qwen/Qwen3-8B,math500,42,488,True,True,384,True,384,33,417,6,True,384,True,384,30,414,6,True,0,False,False,False,False,False,False,False,False,False,False,False,False,False,True,2002
Qwen/Qwen3-8B,math500,42,489,True,True,832,False,832,107,939,13,True,320,False,320,37,357,5,True,-512,False,False,False,True,False,True,False,False,False,False,False,False,True,False,6804
Qwen/Qwen3-8B,math500,42,49,True,True,512,True,512,40,552,8,True,448,True,448,35,483,7,True,-64,False,False,False,False,False,False,False,False,False,False,False,False,True,False,1463
Qwen/Qwen3-8B,math500,42,490,False,True,1216,False,1216,107,1323,19,True,512,False,512,39,551,8,True,-704,False,False,False,False,False,False,False,False,False,False,False,False,True,False,16384
Qwen/Qwen3-8B,math500,42,491,True,True,1024,True,1024,119,1143,16,True,1024,True,1024,198,1222,16,True,0,False,False,False,False,False,False,False,False,False,False,False,False,False,True,3436
Qwen/Qwen3-8B,math500,42,492,True,True,192,False,192,42,234,3,True,192,False,192,42,234,3,True,0,False,False,False,True,False,True,False,False,False,False,False,False,False,True,2530
Qwen/Qwen3-8B,math500,42,493,True,True,192,False,192,15,207,3,True,192,False,192,15,207,3,True,0,False,False,False,True,False,True,False,False,False,False,False,False,False,True,7103
Qwen/Qwen3-8B,math500,42,494,True,True,192,False,192,12,204,3,True,192,False,192,12,204,3,True,0,False,False,False,True,False,True,False,False,False,False,False,False,False,True,14277
Qwen/Qwen3-8B,math500,42,495,True,True,1152,False,1152,414,1566,18,True,832,False,832,257,1089,13,True,-320,False,False,False,True,False,True,False,False,False,False,False,False,True,False,3441
Qwen/Qwen3-8B,math500,42,497,True,True,192,False,192,12,204,3,True,256,False,256,16,272,4,True,64,False,False,False,True,False,True,False,False,False,False,False,True,False,False,10094
Qwen/Qwen3-8B,math500,42,498,True,True,192,False,192,12,204,3,True,192,False,192,12,204,3,True,0,False,False,False,True,False,True,False,False,False,False,False,False,False,True,6624
Qwen/Qwen3-8B,math500,42,499,True,True,384,False,384,46,430,6,True,384,False,384,44,428,6,True,0,False,False,False,True,False,True,False,False,False,False,False,False,False,True,3721
Qwen/Qwen3-8B,math500,42,5,True,True,192,True,192,15,207,3,True,192,True,192,15,207,3,True,0,False,False,False,False,False,False,False,False,False,False,False,False,False,True,2023
Qwen/Qwen3-8B,math500,42,50,True,True,192,False,192,18,210,3,True,576,False,576,50,626,9,True,384,False,False,False,True,False,True,False,False,False,False,False,True,False,False,7420
Qwen/Qwen3-8B,math500,42,51,True,True,704,False,704,146,850,11,True,704,True,704,106,810,11,True,0,False,False,False,True,False,False,False,True,False,True,False,False,False,True,3734
Qwen/Qwen3-8B,math500,42,52,True,True,704,False,704,64,768,11,True,768,False,768,72,840,12,True,64,False,False,False,True,False,True,False,False,False,False,False,True,False,False,2481
Qwen/Qwen3-8B,math500,42,53,True,True,192,True,192,33,225,3,True,192,True,192,33,225,3,True,0,False,False,False,False,False,False,False,False,False,False,False,False,False,True,2045
Qwen/Qwen3-8B,math500,42,55,True,True,192,True,192,12,204,3,True,192,True,192,12,204,3,True,0,False,False,False,False,False,False,False,False,False,False,False,False,False,True,2025
Qwen/Qwen3-8B,math500,42,56,True,True,192,True,192,15,207,3,True,192,True,192,15,207,3,True,0,False,False,False,False,False,False,False,False,False,False,False,False,False,True,1581
Qwen/Qwen3-8B,math500,42,57,True,True,192,True,192,15,207,3,True,192,True,192,15,207,3,True,0,False,False,False,False,False,False,False,False,False,False,False,False,False,True,2062
Qwen/Qwen3-8B,math500,42,58,True,True,192,True,192,21,213,3,True,192,True,192,21,213,3,True,0,False,False,False,False,False,False,False,False,False,False,False,False,False,True,3268
Qwen/Qwen3-8B,math500,42,59,True,True,448,True,448,29,477,7,True,192,False,192,12,204,3,True,-256,False,False,False,False,False,True,False,False,True,False,True,False,True,False,1271
Qwen/Qwen3-8B,math500,42,60,True,True,192,False,192,36,228,3,True,256,False,256,47,303,4,True,64,False,False,False,True,False,True,False,False,False,False,False,True,False,False,5505
Qwen/Qwen3-8B,math500,42,61,True,True,384,False,384,26,410,6,True,448,False,448,30,478,7,True,64,False,False,False,True,False,True,False,False,False,False,False,True,False,False,8015
Qwen/Qwen3-8B,math500,42,62,True,True,192,False,192,27,219,3,True,192,False,192,27,219,3,True,0,False,False,False,True,False,True,False,False,False,False,False,False,False,True,5167
Qwen/Qwen3-8B,math500,42,63,True,True,1856,True,1856,200,2056,29,True,192,True,192,15,207,3,True,-1664,False,False,False,False,False,False,False,False,False,False,False,False,True,False,5419
Qwen/Qwen3-8B,math500,42,64,True,True,192,False,192,12,204,3,True,192,False,192,12,204,3,True,0,False,False,False,True,False,True,False,False,False,False,False,False,False,True,16384
Qwen/Qwen3-8B,math500,42,66,True,True,1152,False,1152,214,1366,18,True,2560,True,2560,423,2983,40,True,1408,False,False,False,True,False,False,False,True,False,True,False,True,False,False,2816
Qwen/Qwen3-8B,math500,42,68,True,True,192,False,192,15,207,3,True,192,False,192,15,207,3,True,0,False,False,False,True,False,True,False,False,False,False,False,False,False,True,5634
Qwen/Qwen3-8B,math500,42,69,True,True,704,True,704,80,784,11,True,256,False,256,16,272,4,True,-448,False,False,False,False,False,True,False,False,True,False,True,False,True,False,3378
Qwen/Qwen3-8B,math500,42,7,True,True,192,False,192,17,209,3,True,192,False,192,17,209,3,True,0,False,False,False,True,False,True,False,False,False,False,False,False,False,True,3961
Qwen/Qwen3-8B,math500,42,70,False,True,192,True,192,21,213,3,True,192,True,192,21,213,3,True,0,False,False,False,False,True,False,True,False,False,False,False,False,False,True,9943
Qwen/Qwen3-8B,math500,42,71,False,True,320,False,320,37,357,5,True,256,False,256,30,286,4,True,-64,False,False,False,False,False,False,False,False,False,False,False,False,True,False,8665
Qwen/Qwen3-8B,math500,42,72,True,True,256,True,256,16,272,4,True,192,True,192,12,204,3,True,-64,False,False,False,False,False,False,False,False,False,False,False,False,True,False,1745
Qwen/Qwen3-8B,math500,42,73,True,True,448,True,448,94,542,7,True,448,True,448,65,513,7,True,0,False,False,False,False,False,False,False,False,False,False,False,False,False,True,2403
Qwen/Qwen3-8B,math500,42,74,True,True,768,True,768,178,946,12,False,,True,2600,79,2679,5,False,,True,False,False,False,False,False,False,False,False,False,False,False,False,False,2600
Qwen/Qwen3-8B,math500,42,75,True,True,192,False,192,12,204,3,True,256,False,256,18,274,4,True,64,False,False,False,True,False,True,False,False,False,False,False,True,False,False,3062
Qwen/Qwen3-8B,math500,42,76,True,True,192,True,192,12,204,3,True,192,True,192,12,204,3,True,0,False,False,False,False,False,False,False,False,False,False,False,False,False,True,4612
Qwen/Qwen3-8B,math500,42,78,True,True,640,False,640,104,744,10,True,256,False,256,32,288,4,True,-384,False,False,False,True,False,True,False,False,False,False,False,False,True,False,2716
Qwen/Qwen3-8B,math500,42,79,True,True,192,True,192,12,204,3,True,192,True,192,12,204,3,True,0,False,False,False,False,False,False,False,False,False,False,False,False,False,True,1981
Qwen/Qwen3-8B,math500,42,8,True,True,192,False,192,24,216,3,True,192,False,192,24,216,3,True,0,False,False,False,True,False,True,False,False,False,False,False,False,False,True,1333
Qwen/Qwen3-8B,math500,42,80,True,True,512,False,512,53,565,8,True,384,False,384,29,413,6,True,-128,False,False,False,True,False,True,False,False,False,False,False,False,True,False,11607
Qwen/Qwen3-8B,math500,42,82,True,True,576,False,576,36,612,9,True,256,False,256,16,272,4,True,-320,False,False,False,True,False,True,False,False,False,False,False,False,True,False,9426
Qwen/Qwen3-8B,math500,42,83,True,True,192,True,192,12,204,3,True,192,True,192,12,204,3,True,0,False,False,False,False,False,False,False,False,False,False,False,False,False,True,7210
Qwen/Qwen3-8B,math500,42,84,True,True,320,False,320,20,340,5,True,256,False,256,16,272,4,True,-64,False,False,False,True,False,True,False,False,False,False,False,False,True,False,3182
Qwen/Qwen3-8B,math500,42,85,True,True,192,False,192,12,204,3,True,512,True,512,51,563,8,True,320,False,False,False,True,False,False,False,True,False,True,False,True,False,False,1531
Qwen/Qwen3-8B,math500,42,86,True,True,192,True,192,18,210,3,True,192,True,192,18,210,3,True,0,False,False,False,False,False,False,False,False,False,False,False,False,False,True,1362
Qwen/Qwen3-8B,math500,42,87,True,True,192,False,192,12,204,3,True,192,False,192,12,204,3,True,0,False,False,False,True,False,True,False,False,False,False,False,False,False,True,2386
Qwen/Qwen3-8B,math500,42,88,True,True,192,True,192,12,204,3,True,320,False,320,22,342,5,True,128,False,False,False,False,False,True,False,False,True,False,True,True,False,False,8188
Qwen/Qwen3-8B,math500,42,89,True,True,192,True,192,15,207,3,True,192,True,192,15,207,3,True,0,False,False,False,False,False,False,False,False,False,False,False,False,False,True,3425
Qwen/Qwen3-8B,math500,42,9,False,True,192,True,192,12,204,3,True,192,True,192,12,204,3,True,0,False,False,False,False,True,False,True,False,False,False,False,False,False,True,16384
Qwen/Qwen3-8B,math500,42,90,True,True,192,False,192,39,231,3,True,192,False,192,39,231,3,True,0,False,False,False,True,False,True,False,False,False,False,False,False,False,True,1495
Qwen/Qwen3-8B,math500,42,91,True,True,192,False,192,12,204,3,True,320,True,320,20,340,5,True,128,False,False,False,True,False,False,False,True,False,True,False,True,False,False,3991
Qwen/Qwen3-8B,math500,42,92,True,True,960,True,960,279,1239,15,True,768,True,768,195,963,12,True,-192,False,False,False,False,False,False,False,False,False,False,False,False,True,False,4350
Qwen/Qwen3-8B,math500,42,93,True,True,192,False,192,15,207,3,True,192,False,192,15,207,3,True,0,False,False,False,True,False,True,False,False,False,False,False,False,False,True,2420
Qwen/Qwen3-8B,math500,42,94,True,True,192,True,192,17,209,3,True,192,True,192,15,207,3,True,0,False,False,False,False,False,False,False,False,False,False,False,False,False,True,16108
Qwen/Qwen3-8B,math500,42,95,True,True,768,True,768,76,844,12,True,832,True,832,89,921,13,True,64,False,False,False,False,False,False,False,False,False,False,False,True,False,False,2610
Qwen/Qwen3-8B,math500,42,96,False,True,192,False,192,12,204,3,True,256,False,256,21,277,4,True,64,False,False,False,False,False,False,False,False,False,False,False,True,False,False,10184
Qwen/Qwen3-8B,math500,42,97,True,True,384,True,384,39,423,6,True,256,True,256,16,272,4,True,-128,False,False,False,False,False,False,False,False,False,False,False,False,True,False,3145
Qwen/Qwen3-8B,math500,42,98,True,True,192,True,192,24,216,3,True,192,True,192,24,216,3,True,0,False,False,False,False,False,False,False,False,False,False,False,False,False,True,1294
Qwen/Qwen3-8B,math500,42,99,True,True,576,False,576,160,736,9,False,,True,6058,2760,8818,94,False,,True,False,False,True,False,False,False,True,False,True,False,False,False,False,6058
Qwen/Qwen3-8B,math500,46,101,True,True,192,False,192,18,210,3,True,192,False,192,18,210,3,True,0,False,False,False,True,False,True,False,False,False,False,False,False,False,True,12248
Qwen/Qwen3-8B,math500,46,102,True,True,192,True,192,42,234,3,True,192,True,192,42,234,3,True,0,False,False,False,False,False,False,False,False,False,False,False,False,False,True,2453
Qwen/Qwen3-8B,math500,46,103,False,True,320,False,320,24,344,5,True,512,False,512,42,554,8,True,192,False,False,False,False,False,False,False,False,False,False,False,True,False,False,16384
Qwen/Qwen3-8B,math500,46,104,True,True,448,True,448,35,483,7,True,192,True,192,15,207,3,True,-256,False,False,False,False,False,False,False,False,False,False,False,False,True,False,8389
Qwen/Qwen3-8B,math500,46,106,True,True,192,True,192,18,210,3,True,192,True,192,18,210,3,True,0,False,False,False,False,False,False,False,False,False,False,False,False,False,True,3047
Qwen/Qwen3-8B,math500,46,114,True,True,1216,True,1216,101,1317,19,True,256,False,256,19,275,4,True,-960,False,False,False,False,False,True,False,False,True,False,True,False,True,False,2899
Qwen/Qwen3-8B,math500,46,115,True,True,384,True,384,39,423,6,True,256,False,256,24,280,4,True,-128,False,False,False,False,False,True,False,False,True,False,True,False,True,False,2224
Qwen/Qwen3-8B,math500,46,119,True,True,384,False,384,24,408,6,True,704,False,704,51,755,11,True,320,False,False,False,True,False,True,False,False,False,False,False,True,False,False,12151
Qwen/Qwen3-8B,math500,46,121,True,True,192,True,192,12,204,3,True,192,True,192,12,204,3,True,0,False,False,False,False,False,False,False,False,False,False,False,False,False,True,1823
Qwen/Qwen3-8B,math500,46,123,True,True,192,False,192,12,204,3,True,192,False,192,12,204,3,True,0,False,False,False,True,False,True,False,False,False,False,False,False,False,True,9598
Qwen/Qwen3-8B,math500,46,125,True,True,192,False,192,12,204,3,True,192,False,192,12,204,3,True,0,False,False,False,True,False,True,False,False,False,False,False,False,False,True,3400
Qwen/Qwen3-8B,math500,46,13,True,True,192,True,192,12,204,3,True,192,True,192,12,204,3,True,0,False,False,False,False,False,False,False,False,False,False,False,False,False,True,1143
Qwen/Qwen3-8B,math500,46,131,True,True,192,False,192,15,207,3,True,192,False,192,15,207,3,True,0,False,False,False,True,False,True,False,False,False,False,False,False,False,True,3240
Qwen/Qwen3-8B,math500,46,134,True,True,896,True,896,160,1056,14,True,384,False,384,43,427,6,True,-512,False,False,False,False,False,True,False,False,True,False,True,False,True,False,2522
Qwen/Qwen3-8B,math500,46,137,True,True,576,True,576,68,644,9,True,576,True,576,72,648,9,True,0,False,False,False,False,False,False,False,False,False,False,False,False,False,True,6030
Qwen/Qwen3-8B,math500,46,143,True,True,1216,True,1216,287,1503,19,True,704,False,704,172,876,11,True,-512,False,False,False,False,False,True,False,False,True,False,True,False,True,False,3870
Qwen/Qwen3-8B,math500,46,146,True,True,192,False,192,12,204,3,True,640,True,640,77,717,10,True,448,False,False,False,True,False,False,False,True,False,True,False,True,False,False,2033
Qwen/Qwen3-8B,math500,46,147,True,True,384,False,384,30,414,6,True,320,False,320,25,345,5,True,-64,False,False,False,True,False,True,False,False,False,False,False,False,True,False,8020
Qwen/Qwen3-8B,math500,46,148,True,True,320,True,320,24,344,5,True,384,True,384,28,412,6,True,64,False,False,False,False,False,False,False,False,False,False,False,True,False,False,1619
Qwen/Qwen3-8B,math500,46,157,True,True,192,False,192,12,204,3,True,192,False,192,12,204,3,True,0,False,False,False,True,False,True,False,False,False,False,False,False,False,True,4512
Qwen/Qwen3-8B,math500,46,160,True,True,192,True,192,15,207,3,True,192,True,192,15,207,3,True,0,False,False,False,False,False,False,False,False,False,False,False,False,False,True,2156
Qwen/Qwen3-8B,math500,46,162,True,True,192,False,192,15,207,3,True,1152,False,1152,126,1278,18,True,960,False,False,False,True,False,True,False,False,False,False,False,True,False,False,3597
Qwen/Qwen3-8B,math500,46,17,True,True,192,False,192,12,204,3,True,192,False,192,12,204,3,True,0,False,False,False,True,False,True,False,False,False,False,False,False,False,True,9364
Qwen/Qwen3-8B,math500,46,182,True,True,192,True,192,21,213,3,True,192,True,192,21,213,3,True,0,False,False,False,False,False,False,False,False,False,False,False,False,False,True,1924
Qwen/Qwen3-8B,math500,46,187,True,True,192,False,192,12,204,3,True,192,False,192,12,204,3,True,0,False,False,False,True,False,True,False,False,False,False,False,False,False,True,2440
Qwen/Qwen3-8B,math500,46,188,True,True,192,False,192,12,204,3,True,192,False,192,12,204,3,True,0,False,False,False,True,False,True,False,False,False,False,False,False,False,True,5843
Qwen/Qwen3-8B,math500,46,19,True,True,320,True,320,28,348,5,True,192,True,192,12,204,3,True,-128,False,False,False,False,False,False,False,False,False,False,False,False,True,False,5428
Qwen/Qwen3-8B,math500,46,191,True,True,192,True,192,12,204,3,True,192,True,192,12,204,3,True,0,False,False,False,False,False,False,False,False,False,False,False,False,False,True,1397
Qwen/Qwen3-8B,math500,46,198,True,True,192,False,192,21,213,3,True,192,False,192,21,213,3,True,0,False,False,False,True,False,True,False,False,False,False,False,False,False,True,2256
Qwen/Qwen3-8B,math500,46,199,True,True,448,True,448,35,483,7,True,448,True,448,35,483,7,True,0,False,False,False,False,False,False,False,False,False,False,False,False,False,True,1312
Qwen/Qwen3-8B,math500,46,200,True,True,704,True,704,55,759,11,True,704,True,704,55,759,11,True,0,False,False,False,False,False,False,False,False,False,False,False,False,False,True,3247
Qwen/Qwen3-8B,math500,46,202,True,True,640,True,640,110,750,10,True,576,True,576,84,660,9,True,-64,False,False,False,False,False,False,False,False,False,False,False,False,True,False,7443
Qwen/Qwen3-8B,math500,46,204,False,True,192,False,192,15,207,3,True,192,False,192,15,207,3,True,0,False,False,False,False,False,False,False,False,False,False,False,False,False,True,16384
Qwen/Qwen3-8B,math500,46,217,False,True,192,False,192,33,225,3,True,320,True,320,64,384,5,True,128,False,False,False,False,False,False,True,True,False,False,False,True,False,False,16384
Qwen/Qwen3-8B,math500,46,220,True,True,192,False,192,12,204,3,True,192,False,192,12,204,3,True,0,False,False,False,True,False,True,False,False,False,False,False,False,False,True,3300
Qwen/Qwen3-8B,math500,46,221,True,True,512,False,512,42,554,8,True,384,False,384,34,418,6,True,-128,False,False,False,True,False,True,False,False,False,False,False,False,True,False,6408
Qwen/Qwen3-8B,math500,46,223,True,True,1408,False,1408,154,1562,22,True,1344,False,1344,145,1489,21,True,-64,False,False,False,True,False,True,False,False,False,False,False,False,True,False,9852
Qwen/Qwen3-8B,math500,46,224,True,True,192,False,192,12,204,3,True,192,False,192,12,204,3,True,0,False,False,False,True,False,True,False,False,False,False,False,False,False,True,5809
Qwen/Qwen3-8B,math500,46,227,True,True,192,True,192,12,204,3,True,192,True,192,12,204,3,True,0,False,False,False,False,False,False,False,False,False,False,False,False,False,True,1464
Qwen/Qwen3-8B,math500,46,230,True,True,384,False,384,24,408,6,True,192,False,192,12,204,3,True,-192,False,False,False,True,False,True,False,False,False,False,False,False,True,False,5019
Qwen/Qwen3-8B,math500,46,232,True,True,192,False,192,12,204,3,True,192,False,192,12,204,3,True,0,False,False,False,True,False,True,False,False,False,False,False,False,False,True,8770
Qwen/Qwen3-8B,math500,46,239,True,True,1344,False,1344,105,1449,21,True,1344,False,1344,105,1449,21,True,0,False,False,False,True,False,True,False,False,False,False,False,False,False,True,15691
Qwen/Qwen3-8B,math500,46,246,True,True,192,True,192,12,204,3,True,192,True,192,12,204,3,True,0,False,False,False,False,False,False,False,False,False,False,False,False,False,True,1699
Qwen/Qwen3-8B,math500,46,255,True,True,192,True,192,12,204,3,True,192,True,192,12,204,3,True,0,False,False,False,False,False,False,False,False,False,False,False,False,False,True,2571
Qwen/Qwen3-8B,math500,46,256,True,True,704,True,704,79,783,11,True,704,True,704,81,785,11,True,0,False,False,False,False,False,False,False,False,False,False,False,False,False,True,2924
Qwen/Qwen3-8B,math500,46,272,True,True,192,False,192,21,213,3,True,192,False,192,21,213,3,True,0,False,False,False,True,False,True,False,False,False,False,False,False,False,True,3421
Qwen/Qwen3-8B,math500,46,276,True,True,640,True,640,49,689,10,True,256,False,256,17,273,4,True,-384,False,False,False,False,False,True,False,False,True,False,True,False,True,False,6005
Qwen/Qwen3-8B,math500,46,292,True,True,192,False,192,12,204,3,True,192,False,192,12,204,3,True,0,False,False,False,True,False,True,False,False,False,False,False,False,False,True,6912
Qwen/Qwen3-8B,math500,46,301,True,True,704,False,704,66,770,11,True,1792,True,1792,171,1963,28,True,1088,False,False,False,True,False,False,False,True,False,True,False,True,False,False,5589
Qwen/Qwen3-8B,math500,46,302,True,True,192,True,192,12,204,3,True,192,True,192,12,204,3,True,0,False,False,False,False,False,False,False,False,False,False,False,False,False,True,7418
Qwen/Qwen3-8B,math500,46,303,True,True,832,True,832,65,897,13,True,384,True,384,30,414,6,True,-448,False,False,False,False,False,False,False,False,False,False,False,False,True,False,9785
Qwen/Qwen3-8B,math500,46,305,True,True,192,False,192,12,204,3,True,192,False,192,12,204,3,True,0,False,False,False,True,False,True,False,False,False,False,False,False,False,True,2528
Qwen/Qwen3-8B,math500,46,307,True,True,192,True,192,30,222,3,True,192,True,192,30,222,3,True,0,False,False,False,False,False,False,False,False,False,False,False,False,False,True,3805
Qwen/Qwen3-8B,math500,46,313,True,True,320,True,320,33,353,5,True,320,True,320,33,353,5,True,0,False,False,False,False,False,False,False,False,False,False,False,False,False,True,1942
Qwen/Qwen3-8B,math500,46,317,True,True,320,False,320,20,340,5,True,320,False,320,20,340,5,True,0,False,False,False,True,False,True,False,False,False,False,False,False,False,True,5497
Qwen/Qwen3-8B,math500,46,329,True,True,512,True,512,32,544,8,True,512,True,512,32,544,8,True,0,False,False,False,False,False,False,False,False,False,False,False,False,False,True,1333
Qwen/Qwen3-8B,math500,46,330,True,True,1024,False,1024,152,1176,16,True,448,False,448,111,559,7,True,-576,False,False,False,True,False,True,False,False,False,False,False,False,True,False,3792
Qwen/Qwen3-8B,math500,46,337,True,True,256,False,256,16,272,4,True,256,False,256,16,272,4,True,0,False,False,False,True,False,True,False,False,False,False,False,False,False,True,3749
Qwen/Qwen3-8B,math500,46,34,True,True,1472,True,1472,163,1635,23,True,768,True,768,109,877,12,True,-704,False,False,False,False,False,False,False,False,False,False,False,False,True,False,2830
Qwen/Qwen3-8B,math500,46,349,True,True,320,False,320,33,353,5,True,192,False,192,18,210,3,True,-128,False,False,False,True,False,True,False,False,False,False,False,False,True,False,15705
Qwen/Qwen3-8B,math500,46,356,True,True,448,False,448,123,571,7,True,448,False,448,141,589,7,True,0,False,False,False,True,False,True,False,False,False,False,False,False,False,True,4561
Qwen/Qwen3-8B,math500,46,360,True,True,192,False,192,12,204,3,True,640,True,640,46,686,10,True,448,False,False,False,True,False,False,False,True,False,True,False,True,False,False,4795
Qwen/Qwen3-8B,math500,46,363,True,True,192,True,192,12,204,3,True,192,True,192,12,204,3,True,0,False,False,False,False,False,False,False,False,False,False,False,False,False,True,1558
Qwen/Qwen3-8B,math500,46,375,True,True,1216,True,1216,122,1338,19,True,1088,True,1088,114,1202,17,True,-128,False,False,False,False,False,False,False,False,False,False,False,False,True,False,4413
Qwen/Qwen3-8B,math500,46,377,True,True,192,True,192,12,204,3,True,192,True,192,12,204,3,True,0,False,False,False,False,False,False,False,False,False,False,False,False,False,True,6784
Qwen/Qwen3-8B,math500,46,386,True,True,192,True,192,15,207,3,True,512,False,512,40,552,8,True,320,False,False,False,False,False,True,False,False,True,False,True,True,False,False,3876
Qwen/Qwen3-8B,math500,46,388,True,True,384,False,384,24,408,6,True,576,True,576,42,618,9,True,192,False,False,False,True,False,False,False,True,False,True,False,True,False,False,3332
Qwen/Qwen3-8B,math500,46,390,True,True,576,False,576,46,622,9,True,832,False,832,70,902,13,True,256,False,False,False,True,False,True,False,False,False,False,False,True,False,False,4374
Qwen/Qwen3-8B,math500,46,393,True,True,256,True,256,33,289,4,True,256,True,256,28,284,4,True,0,False,False,False,False,False,False,False,False,False,False,False,False,False,True,2547
Qwen/Qwen3-8B,math500,46,403,True,True,320,False,320,20,340,5,True,320,False,320,20,340,5,True,0,False,False,False,True,False,True,False,False,False,False,False,False,False,True,8451
Qwen/Qwen3-8B,math500,46,409,True,True,768,True,768,104,872,12,True,768,True,768,104,872,12,True,0,False,False,False,False,False,False,False,False,False,False,False,False,False,True,5876
Qwen/Qwen3-8B,math500,46,41,True,True,832,True,832,65,897,13,True,384,False,384,30,414,6,True,-448,False,False,False,False,False,True,False,False,True,False,True,False,True,False,9898
Qwen/Qwen3-8B,math500,46,411,True,True,192,True,192,15,207,3,True,192,True,192,15,207,3,True,0,False,False,False,False,False,False,False,False,False,False,False,False,False,True,2045
Qwen/Qwen3-8B,math500,46,413,True,True,192,True,192,21,213,3,True,192,True,192,21,213,3,True,0,False,False,False,False,False,False,False,False,False,False,False,False,False,True,1413
Qwen/Qwen3-8B,math500,46,414,True,True,192,True,192,15,207,3,True,448,True,448,33,481,7,True,256,False,False,False,False,False,False,False,False,False,False,False,True,False,False,2799
Qwen/Qwen3-8B,math500,46,421,True,True,1472,False,1472,171,1643,23,True,896,False,896,61,957,14,True,-576,False,False,False,True,False,True,False,False,False,False,False,False,True,False,13118
Qwen/Qwen3-8B,math500,46,425,True,True,448,False,448,141,589,7,True,320,False,320,86,406,5,True,-128,False,False,False,True,False,True,False,False,False,False,False,False,True,False,12395
Qwen/Qwen3-8B,math500,46,426,True,True,256,False,256,28,284,4,True,576,True,576,60,636,9,True,320,False,False,False,True,False,False,False,True,False,True,False,True,False,False,1919
Qwen/Qwen3-8B,math500,46,429,True,True,1344,True,1344,173,1517,21,True,192,False,192,18,210,3,True,-1152,False,False,False,False,False,True,False,False,True,False,True,False,True,False,4631
Qwen/Qwen3-8B,math500,46,432,True,True,192,False,192,12,204,3,True,192,False,192,12,204,3,True,0,False,False,False,True,False,True,False,False,False,False,False,False,False,True,9317
Qwen/Qwen3-8B,math500,46,434,True,True,256,False,256,20,276,4,True,256,False,256,20,276,4,True,0,False,False,False,True,False,True,False,False,False,False,False,False,False,True,2538
Qwen/Qwen3-8B,math500,46,439,True,True,192,False,192,96,288,3,True,768,False,768,244,1012,12,True,576,False,False,False,True,False,True,False,False,False,False,False,True,False,False,4271
Qwen/Qwen3-8B,math500,46,440,True,True,704,True,704,125,829,11,True,704,True,704,97,801,11,True,0,False,False,False,False,False,False,False,False,False,False,False,False,False,True,2308
Qwen/Qwen3-8B,math500,46,442,True,True,512,True,512,42,554,8,True,192,False,192,12,204,3,True,-320,False,False,False,False,False,True,False,False,True,False,True,False,True,False,2714
Qwen/Qwen3-8B,math500,46,448,True,True,896,True,896,68,964,14,True,960,True,960,70,1030,15,True,64,False,False,False,False,False,False,False,False,False,False,False,True,False,False,6031
Qwen/Qwen3-8B,math500,46,462,True,True,640,False,640,46,686,10,True,768,False,768,53,821,12,True,128,False,False,False,True,False,True,False,False,False,False,False,True,False,False,4696
Qwen/Qwen3-8B,math500,46,465,True,True,320,False,320,25,345,5,True,320,False,320,25,345,5,True,0,False,False,False,True,False,True,False,False,False,False,False,False,False,True,5295
Qwen/Qwen3-8B,math500,46,468,True,True,576,True,576,36,612,9,True,512,True,512,32,544,8,True,-64,False,False,False,False,False,False,False,False,False,False,False,False,True,False,3425
Qwen/Qwen3-8B,math500,46,469,True,True,192,True,192,15,207,3,True,192,True,192,15,207,3,True,0,False,False,False,False,False,False,False,False,False,False,False,False,False,True,3156
Qwen/Qwen3-8B,math500,46,474,True,True,192,False,192,12,204,3,True,256,False,256,16,272,4,True,64,False,False,False,True,False,True,False,False,False,False,False,True,False,False,2955
Qwen/Qwen3-8B,math500,46,475,True,True,704,False,704,69,773,11,True,1728,False,1728,134,1862,27,True,1024,False,False,False,True,False,True,False,False,False,False,False,True,False,False,5271
Qwen/Qwen3-8B,math500,46,479,True,True,384,True,384,25,409,6,True,256,True,256,17,273,4,True,-128,False,False,False,False,False,False,False,False,False,False,False,False,True,False,3526
Qwen/Qwen3-8B,math500,46,487,True,True,192,False,192,12,204,3,True,192,False,192,12,204,3,True,0,False,False,False,True,False,True,False,False,False,False,False,False,False,True,2421
Qwen/Qwen3-8B,math500,46,496,True,True,320,False,320,39,359,5,True,192,False,192,12,204,3,True,-128,False,False,False,True,False,True,False,False,False,False,False,False,True,False,3918
Qwen/Qwen3-8B,math500,46,54,True,True,192,True,192,21,213,3,True,192,True,192,21,213,3,True,0,False,False,False,False,False,False,False,False,False,False,False,False,False,True,2344
Qwen/Qwen3-8B,math500,46,6,True,True,448,True,448,33,481,7,True,192,False,192,12,204,3,True,-256,False,False,False,False,False,True,False,False,True,False,True,False,True,False,4528
Qwen/Qwen3-8B,math500,46,65,True,True,192,True,192,12,204,3,True,192,True,192,12,204,3,True,0,False,False,False,False,False,False,False,False,False,False,False,False,False,True,1660
Qwen/Qwen3-8B,math500,46,67,True,True,768,True,768,88,856,12,True,256,False,256,28,284,4,True,-512,False,False,False,False,False,True,False,False,True,False,True,False,True,False,4293
Qwen/Qwen3-8B,math500,46,77,True,True,192,True,192,12,204,3,True,192,True,192,12,204,3,True,0,False,False,False,False,False,False,False,False,False,False,False,False,False,True,2223
Qwen/Qwen3-8B,math500,46,81,True,True,640,True,640,40,680,10,True,640,True,640,40,680,10,True,0,False,False,False,False,False,False,False,False,False,False,False,False,False,True,1606
deepseek-ai/DeepSeek-R1-Distill-Qwen-7B,math500,45,101,True,True,1920,False,1920,140,2060,30,True,960,False,960,77,1037,15,True,-960,False,False,False,True,False,True,False,False,False,False,False,False,True,False,9312
deepseek-ai/DeepSeek-R1-Distill-Qwen-7B,math500,45,102,True,False,,True,1026,226,1252,16,True,256,False,256,62,318,4,False,,False,True,False,False,False,True,False,False,True,False,True,False,False,False,1026
deepseek-ai/DeepSeek-R1-Distill-Qwen-7B,math500,45,103,True,True,192,False,192,12,204,3,True,192,False,192,12,204,3,True,0,False,False,False,True,False,True,False,False,False,False,False,False,False,True,9560
deepseek-ai/DeepSeek-R1-Distill-Qwen-7B,math500,45,104,True,True,768,False,768,59,827,12,True,192,True,192,15,207,3,True,-576,False,False,False,True,False,False,False,True,False,True,False,False,True,False,6932
deepseek-ai/DeepSeek-R1-Distill-Qwen-7B,math500,45,106,True,True,192,True,192,34,226,3,True,192,True,192,34,226,3,True,0,False,False,False,False,False,False,False,False,False,False,False,False,False,True,1826
deepseek-ai/DeepSeek-R1-Distill-Qwen-7B,math500,45,114,True,True,1344,False,1344,105,1449,21,True,1216,True,1216,92,1308,19,True,-128,False,False,False,True,False,False,False,True,False,True,False,False,True,False,1783
deepseek-ai/DeepSeek-R1-Distill-Qwen-7B,math500,45,115,True,True,384,True,384,40,424,6,True,192,True,192,21,213,3,True,-192,False,False,False,False,False,False,False,False,False,False,False,False,True,False,841
deepseek-ai/DeepSeek-R1-Distill-Qwen-7B,math500,45,119,True,True,384,False,384,25,409,6,True,384,False,384,25,409,6,True,0,False,False,False,True,False,True,False,False,False,False,False,False,False,True,5163
deepseek-ai/DeepSeek-R1-Distill-Qwen-7B,math500,45,121,True,True,192,True,192,12,204,3,True,192,True,192,12,204,3,True,0,False,False,False,False,False,False,False,False,False,False,False,False,False,True,2488
deepseek-ai/DeepSeek-R1-Distill-Qwen-7B,math500,45,123,True,True,192,False,192,15,207,3,True,512,False,512,33,545,8,True,320,False,False,False,True,False,True,False,False,False,False,False,True,False,False,3940
deepseek-ai/DeepSeek-R1-Distill-Qwen-7B,math500,45,125,True,True,704,False,704,45,749,11,True,704,False,704,45,749,11,True,0,False,False,False,True,False,True,False,False,False,False,False,False,False,True,1919
deepseek-ai/DeepSeek-R1-Distill-Qwen-7B,math500,45,13,True,True,192,True,192,12,204,3,True,192,True,192,12,204,3,True,0,False,False,False,False,False,False,False,False,False,False,False,False,False,True,367
deepseek-ai/DeepSeek-R1-Distill-Qwen-7B,math500,45,131,True,True,832,True,832,71,903,13,True,576,True,576,41,617,9,True,-256,False,False,False,False,False,False,False,False,False,False,False,False,True,False,2794
deepseek-ai/DeepSeek-R1-Distill-Qwen-7B,math500,45,134,True,True,960,True,960,74,1034,15,True,896,True,896,69,965,14,True,-64,False,False,False,False,False,False,False,False,False,False,False,False,True,False,1360
deepseek-ai/DeepSeek-R1-Distill-Qwen-7B,math500,45,137,True,True,704,True,704,83,787,11,True,704,True,704,84,788,11,True,0,False,False,False,False,False,False,False,False,False,False,False,False,False,True,2713
deepseek-ai/DeepSeek-R1-Distill-Qwen-7B,math500,45,143,True,True,1024,True,1024,109,1133,16,True,320,False,320,22,342,5,True,-704,False,False,False,False,False,True,False,False,True,False,True,False,True,False,2090
deepseek-ai/DeepSeek-R1-Distill-Qwen-7B,math500,45,146,True,True,768,False,768,95,863,12,True,192,False,192,24,216,3,True,-576,False,False,False,True,False,True,False,False,False,False,False,False,True,False,2248
deepseek-ai/DeepSeek-R1-Distill-Qwen-7B,math500,45,147,True,True,256,True,256,20,276,4,True,192,True,192,15,207,3,True,-64,False,False,False,False,False,False,False,False,False,False,False,False,True,False,6731
deepseek-ai/DeepSeek-R1-Distill-Qwen-7B,math500,45,148,True,True,384,True,384,30,414,6,True,192,True,192,15,207,3,True,-192,False,False,False,False,False,False,False,False,False,False,False,False,True,False,2571
deepseek-ai/DeepSeek-R1-Distill-Qwen-7B,math500,45,157,True,True,1600,False,1600,120,1720,25,True,320,False,320,20,340,5,True,-1280,False,False,False,True,False,True,False,False,False,False,False,False,True,False,2954
deepseek-ai/DeepSeek-R1-Distill-Qwen-7B,math500,45,160,True,True,192,True,192,15,207,3,True,192,True,192,15,207,3,True,0,False,False,False,False,False,False,False,False,False,False,False,False,False,True,1747
deepseek-ai/DeepSeek-R1-Distill-Qwen-7B,math500,45,162,True,True,192,False,192,12,204,3,True,320,False,320,20,340,5,True,128,False,False,False,True,False,True,False,False,False,False,False,True,False,False,2317
deepseek-ai/DeepSeek-R1-Distill-Qwen-7B,math500,45,17,True,True,192,False,192,12,204,3,True,192,False,192,12,204,3,True,0,False,False,False,True,False,True,False,False,False,False,False,False,False,True,10032
deepseek-ai/DeepSeek-R1-Distill-Qwen-7B,math500,45,182,True,True,256,True,256,28,284,4,True,512,True,512,56,568,8,True,256,False,False,False,False,False,False,False,False,False,False,False,True,False,False,1964
deepseek-ai/DeepSeek-R1-Distill-Qwen-7B,math500,45,187,True,True,768,True,768,50,818,12,True,768,True,768,48,816,12,True,0,False,False,False,False,False,False,False,False,False,False,False,False,False,True,1828
deepseek-ai/DeepSeek-R1-Distill-Qwen-7B,math500,45,188,True,True,1152,True,1152,73,1225,18,True,768,False,768,48,816,12,True,-384,False,False,False,False,False,True,False,False,True,False,True,False,True,False,3648
deepseek-ai/DeepSeek-R1-Distill-Qwen-7B,math500,45,19,True,True,192,False,192,12,204,3,True,192,False,192,12,204,3,True,0,False,False,False,True,False,True,False,False,False,False,False,False,False,True,5329
deepseek-ai/DeepSeek-R1-Distill-Qwen-7B,math500,45,191,True,True,192,True,192,12,204,3,True,192,True,192,12,204,3,True,0,False,False,False,False,False,False,False,False,False,False,False,False,False,True,1544
deepseek-ai/DeepSeek-R1-Distill-Qwen-7B,math500,45,198,True,True,512,True,512,62,574,8,True,512,True,512,62,574,8,True,0,False,False,False,False,False,False,False,False,False,False,False,False,False,True,882
deepseek-ai/DeepSeek-R1-Distill-Qwen-7B,math500,45,199,True,True,256,True,256,19,275,4,True,256,True,256,20,276,4,True,0,False,False,False,False,False,False,False,False,False,False,False,False,False,True,378
deepseek-ai/DeepSeek-R1-Distill-Qwen-7B,math500,45,200,True,True,384,False,384,49,433,6,True,384,False,384,31,415,6,True,0,False,False,False,True,False,True,False,False,False,False,False,False,False,True,2245
deepseek-ai/DeepSeek-R1-Distill-Qwen-7B,math500,45,202,True,True,896,False,896,68,964,14,True,896,False,896,66,962,14,True,0,False,False,False,True,False,True,False,False,False,False,False,False,False,True,2401
deepseek-ai/DeepSeek-R1-Distill-Qwen-7B,math500,45,204,False,True,576,False,576,51,627,9,True,256,False,256,21,277,4,True,-320,False,False,False,False,False,False,False,False,False,False,False,False,True,False,14123
deepseek-ai/DeepSeek-R1-Distill-Qwen-7B,math500,45,217,False,True,640,False,640,276,916,10,True,1024,True,1024,335,1359,16,True,384,False,False,False,False,False,False,True,True,False,False,False,True,False,False,16384
deepseek-ai/DeepSeek-R1-Distill-Qwen-7B,math500,45,220,True,True,192,False,192,12,204,3,True,576,False,576,36,612,9,True,384,False,False,False,True,False,True,False,False,False,False,False,True,False,False,2191
deepseek-ai/DeepSeek-R1-Distill-Qwen-7B,math500,45,221,True,True,704,False,704,55,759,11,True,832,False,832,62,894,13,True,128,False,False,False,True,False,True,False,False,False,False,False,True,False,False,3675
deepseek-ai/DeepSeek-R1-Distill-Qwen-7B,math500,45,223,True,True,1536,False,1536,155,1691,24,True,640,False,640,60,700,10,True,-896,False,False,False,True,False,True,False,False,False,False,False,False,True,False,5673
deepseek-ai/DeepSeek-R1-Distill-Qwen-7B,math500,45,224,True,True,256,False,256,25,281,4,True,640,False,640,111,751,10,True,384,False,False,False,True,False,True,False,False,False,False,False,True,False,False,5059
deepseek-ai/DeepSeek-R1-Distill-Qwen-7B,math500,45,227,True,True,192,False,192,12,204,3,True,192,False,192,12,204,3,True,0,False,False,False,True,False,True,False,False,False,False,False,False,False,True,1107
deepseek-ai/DeepSeek-R1-Distill-Qwen-7B,math500,45,230,True,True,192,False,192,12,204,3,True,384,False,384,24,408,6,True,192,False,False,False,True,False,True,False,False,False,False,False,True,False,False,3819
deepseek-ai/DeepSeek-R1-Distill-Qwen-7B,math500,45,232,True,True,192,False,192,18,210,3,True,1984,True,1984,200,2184,31,True,1792,False,False,False,True,False,False,False,True,False,True,False,True,False,False,15280
deepseek-ai/DeepSeek-R1-Distill-Qwen-7B,math500,45,239,True,True,3072,False,3072,240,3312,48,True,1216,False,1216,95,1311,19,True,-1856,False,False,False,True,False,True,False,False,False,False,False,False,True,False,7366
deepseek-ai/DeepSeek-R1-Distill-Qwen-7B,math500,45,246,False,True,192,True,192,12,204,3,True,192,True,192,12,204,3,True,0,False,False,False,False,True,False,True,False,False,False,False,False,False,True,4887
deepseek-ai/DeepSeek-R1-Distill-Qwen-7B,math500,45,255,True,True,192,True,192,12,204,3,True,192,True,192,12,204,3,True,0,False,False,False,False,False,False,False,False,False,False,False,False,False,True,1489
deepseek-ai/DeepSeek-R1-Distill-Qwen-7B,math500,45,256,True,True,960,False,960,114,1074,15,True,960,False,960,70,1030,15,True,0,False,False,False,True,False,True,False,False,False,False,False,False,False,True,2923
deepseek-ai/DeepSeek-R1-Distill-Qwen-7B,math500,45,272,True,True,1408,True,1408,142,1550,22,True,1792,True,1792,193,1985,28,True,384,False,False,False,False,False,False,False,False,False,False,False,True,False,False,2990
deepseek-ai/DeepSeek-R1-Distill-Qwen-7B,math500,45,276,True,True,384,False,384,36,420,6,True,320,False,320,31,351,5,True,-64,False,False,False,True,False,True,False,False,False,False,False,False,True,False,4853
deepseek-ai/DeepSeek-R1-Distill-Qwen-7B,math500,45,292,True,True,896,False,896,85,981,14,True,896,False,896,84,980,14,True,0,False,False,False,True,False,True,False,False,False,False,False,False,False,True,4495
deepseek-ai/DeepSeek-R1-Distill-Qwen-7B,math500,45,301,False,True,1536,False,1536,145,1681,24,True,1536,False,1536,144,1680,24,True,0,False,False,False,False,False,False,False,False,False,False,False,False,False,True,3048
deepseek-ai/DeepSeek-R1-Distill-Qwen-7B,math500,45,302,True,True,192,True,192,12,204,3,True,192,True,192,12,204,3,True,0,False,False,False,False,False,False,False,False,False,False,False,False,False,True,4352
deepseek-ai/DeepSeek-R1-Distill-Qwen-7B,math500,45,303,True,True,192,False,192,15,207,3,True,192,False,192,15,207,3,True,0,False,False,False,True,False,True,False,False,False,False,False,False,False,True,10114
deepseek-ai/DeepSeek-R1-Distill-Qwen-7B,math500,45,305,True,True,448,False,448,28,476,7,True,256,False,256,16,272,4,True,-192,False,False,False,True,False,True,False,False,False,False,False,False,True,False,1293
deepseek-ai/DeepSeek-R1-Distill-Qwen-7B,math500,45,307,True,True,768,True,768,118,886,12,True,256,False,256,34,290,4,True,-512,False,False,False,False,False,True,False,False,True,False,True,False,True,False,2812
deepseek-ai/DeepSeek-R1-Distill-Qwen-7B,math500,45,313,True,True,576,True,576,61,637,9,True,384,True,384,40,424,6,True,-192,False,False,False,False,False,False,False,False,False,False,False,False,True,False,3169
deepseek-ai/DeepSeek-R1-Distill-Qwen-7B,math500,45,317,False,True,512,False,512,32,544,8,True,192,False,192,12,204,3,True,-320,False,False,False,False,False,False,False,False,False,False,False,False,True,False,16384
deepseek-ai/DeepSeek-R1-Distill-Qwen-7B,math500,45,329,True,True,448,True,448,32,480,7,True,320,True,320,26,346,5,True,-128,False,False,False,False,False,False,False,False,False,False,False,False,True,False,1288
deepseek-ai/DeepSeek-R1-Distill-Qwen-7B,math500,45,330,True,True,1408,True,1408,153,1561,22,True,960,False,960,105,1065,15,True,-448,False,False,False,False,False,True,False,False,True,False,True,False,True,False,2603
deepseek-ai/DeepSeek-R1-Distill-Qwen-7B,math500,45,337,True,True,192,False,192,12,204,3,True,256,False,256,16,272,4,True,64,False,False,False,True,False,True,False,False,False,False,False,True,False,False,1579
deepseek-ai/DeepSeek-R1-Distill-Qwen-7B,math500,45,34,True,True,1280,True,1280,149,1429,20,True,1152,True,1152,147,1299,18,True,-128,False,False,False,False,False,False,False,False,False,False,False,False,True,False,1781
deepseek-ai/DeepSeek-R1-Distill-Qwen-7B,math500,45,349,True,True,192,False,192,18,210,3,True,192,False,192,18,210,3,True,0,False,False,False,True,False,True,False,False,False,False,False,False,False,True,5928
deepseek-ai/DeepSeek-R1-Distill-Qwen-7B,math500,45,356,True,True,1024,True,1024,189,1213,16,True,256,False,256,32,288,4,True,-768,False,False,False,False,False,True,False,False,True,False,True,False,True,False,3215
deepseek-ai/DeepSeek-R1-Distill-Qwen-7B,math500,45,360,True,True,640,False,640,40,680,10,True,640,False,640,48,688,10,True,0,False,False,False,True,False,True,False,False,False,False,False,False,False,True,2031
deepseek-ai/DeepSeek-R1-Distill-Qwen-7B,math500,45,363,True,True,192,True,192,12,204,3,True,192,True,192,12,204,3,True,0,False,False,False,False,False,False,False,False,False,False,False,False,False,True,2004
deepseek-ai/DeepSeek-R1-Distill-Qwen-7B,math500,45,375,True,True,640,False,640,45,685,10,True,192,False,192,12,204,3,True,-448,False,False,False,True,False,True,False,False,False,False,False,False,True,False,1823
deepseek-ai/DeepSeek-R1-Distill-Qwen-7B,math500,45,377,True,True,192,True,192,12,204,3,True,192,True,192,12,204,3,True,0,False,False,False,False,False,False,False,False,False,False,False,False,False,True,5423
deepseek-ai/DeepSeek-R1-Distill-Qwen-7B,math500,45,386,True,True,192,False,192,15,207,3,True,832,True,832,63,895,13,True,640,False,False,False,True,False,False,False,True,False,True,False,True,False,False,1948
deepseek-ai/DeepSeek-R1-Distill-Qwen-7B,math500,45,388,True,True,192,False,192,12,204,3,True,192,False,192,12,204,3,True,0,False,False,False,True,False,True,False,False,False,False,False,False,False,True,1979
deepseek-ai/DeepSeek-R1-Distill-Qwen-7B,math500,45,390,True,True,256,False,256,17,273,4,True,768,False,768,49,817,12,True,512,False,False,False,True,False,True,False,False,False,False,False,True,False,False,4171
deepseek-ai/DeepSeek-R1-Distill-Qwen-7B,math500,45,393,True,False,,True,1200,125,1325,18,True,448,True,448,76,524,7,False,,False,True,False,False,False,False,False,False,False,False,False,False,False,False,1200
deepseek-ai/DeepSeek-R1-Distill-Qwen-7B,math500,45,403,True,True,256,False,256,16,272,4,True,768,False,768,48,816,12,True,512,False,False,False,True,False,True,False,False,False,False,False,True,False,False,3265
deepseek-ai/DeepSeek-R1-Distill-Qwen-7B,math500,45,409,True,True,512,False,512,68,580,8,True,448,False,448,55,503,7,True,-64,False,False,False,True,False,True,False,False,False,False,False,False,True,False,4797
deepseek-ai/DeepSeek-R1-Distill-Qwen-7B,math500,45,41,True,True,320,False,320,24,344,5,True,1792,True,1792,136,1928,28,True,1472,False,False,False,True,False,False,False,True,False,True,False,True,False,False,4824
deepseek-ai/DeepSeek-R1-Distill-Qwen-7B,math500,45,411,True,True,192,True,192,15,207,3,True,192,True,192,15,207,3,True,0,False,False,False,False,False,False,False,False,False,False,False,False,False,True,1347
deepseek-ai/DeepSeek-R1-Distill-Qwen-7B,math500,45,413,True,True,192,True,192,21,213,3,True,192,True,192,21,213,3,True,0,False,False,False,False,False,False,False,False,False,False,False,False,False,True,2098
deepseek-ai/DeepSeek-R1-Distill-Qwen-7B,math500,45,414,True,True,768,True,768,52,820,12,True,768,True,768,52,820,12,True,0,False,False,False,False,False,False,False,False,False,False,False,False,False,True,1440
deepseek-ai/DeepSeek-R1-Distill-Qwen-7B,math500,45,421,True,True,1408,False,1408,178,1586,22,True,1472,False,1472,179,1651,23,True,64,False,False,False,True,False,True,False,False,False,False,False,True,False,False,8373
deepseek-ai/DeepSeek-R1-Distill-Qwen-7B,math500,45,425,True,True,2304,True,2304,939,3243,36,True,2304,True,2304,856,3160,36,True,0,False,False,False,False,False,False,False,False,False,False,False,False,False,True,9518
deepseek-ai/DeepSeek-R1-Distill-Qwen-7B,math500,45,426,True,True,192,False,192,24,216,3,True,192,False,192,24,216,3,True,0,False,False,False,True,False,True,False,False,False,False,False,False,False,True,1413
deepseek-ai/DeepSeek-R1-Distill-Qwen-7B,math500,45,429,True,True,192,False,192,18,210,3,True,192,False,192,18,210,3,True,0,False,False,False,True,False,True,False,False,False,False,False,False,False,True,7355
deepseek-ai/DeepSeek-R1-Distill-Qwen-7B,math500,45,432,True,True,448,False,448,37,485,7,True,320,False,320,23,343,5,True,-128,False,False,False,True,False,True,False,False,False,False,False,False,True,False,9507
deepseek-ai/DeepSeek-R1-Distill-Qwen-7B,math500,45,434,True,True,192,True,192,15,207,3,True,192,True,192,15,207,3,True,0,False,False,False,False,False,False,False,False,False,False,False,False,False,True,1224
deepseek-ai/DeepSeek-R1-Distill-Qwen-7B,math500,45,439,True,True,448,False,448,59,507,7,True,1280,False,1280,224,1504,20,True,832,False,False,False,True,False,True,False,False,False,False,False,True,False,False,8705
deepseek-ai/DeepSeek-R1-Distill-Qwen-7B,math500,45,440,True,True,768,True,768,134,902,12,True,768,True,768,105,873,12,True,0,False,False,False,False,False,False,False,False,False,False,False,False,False,True,2200
deepseek-ai/DeepSeek-R1-Distill-Qwen-7B,math500,45,442,True,True,192,False,192,15,207,3,True,576,True,576,45,621,9,True,384,False,False,False,True,False,False,False,True,False,True,False,True,False,False,1228
deepseek-ai/DeepSeek-R1-Distill-Qwen-7B,math500,45,448,True,True,640,False,640,50,690,10,True,832,True,832,62,894,13,True,192,False,False,False,True,False,False,False,True,False,True,False,True,False,False,1960
deepseek-ai/DeepSeek-R1-Distill-Qwen-7B,math500,45,462,True,True,704,True,704,61,765,11,True,704,True,704,53,757,11,True,0,False,False,False,False,False,False,False,False,False,False,False,False,False,True,3694
deepseek-ai/DeepSeek-R1-Distill-Qwen-7B,math500,45,465,True,True,448,True,448,39,487,7,True,448,True,448,38,486,7,True,0,False,False,False,False,False,False,False,False,False,False,False,False,False,True,3099
deepseek-ai/DeepSeek-R1-Distill-Qwen-7B,math500,45,468,True,True,448,False,448,30,478,7,True,576,True,576,39,615,9,True,128,False,False,False,True,False,False,False,True,False,True,False,True,False,False,1656
deepseek-ai/DeepSeek-R1-Distill-Qwen-7B,math500,45,469,True,True,192,True,192,15,207,3,True,192,True,192,15,207,3,True,0,False,False,False,False,False,False,False,False,False,False,False,False,False,True,1374
deepseek-ai/DeepSeek-R1-Distill-Qwen-7B,math500,45,474,True,True,256,True,256,16,272,4,True,192,True,192,12,204,3,True,-64,False,False,False,False,False,False,False,False,False,False,False,False,True,False,13459
deepseek-ai/DeepSeek-R1-Distill-Qwen-7B,math500,45,475,True,True,1024,False,1024,79,1103,16,True,2688,True,2688,202,2890,42,True,1664,False,False,False,True,False,False,False,True,False,True,False,True,False,False,3466
deepseek-ai/DeepSeek-R1-Distill-Qwen-7B,math500,45,479,True,True,512,True,512,37,549,8,True,448,True,448,30,478,7,True,-64,False,False,False,False,False,False,False,False,False,False,False,False,True,False,1109
deepseek-ai/DeepSeek-R1-Distill-Qwen-7B,math500,45,487,True,True,192,True,192,12,204,3,True,384,True,384,24,408,6,True,192,False,False,False,False,False,False,False,False,False,False,False,True,False,False,2722
deepseek-ai/DeepSeek-R1-Distill-Qwen-7B,math500,45,496,True,True,192,False,192,12,204,3,True,192,False,192,12,204,3,True,0,False,False,False,True,False,True,False,False,False,False,False,False,False,True,2593
deepseek-ai/DeepSeek-R1-Distill-Qwen-7B,math500,45,54,True,True,192,True,192,21,213,3,True,192,True,192,21,213,3,True,0,False,False,False,False,False,False,False,False,False,False,False,False,False,True,221
deepseek-ai/DeepSeek-R1-Distill-Qwen-7B,math500,45,6,True,True,256,True,256,20,276,4,True,256,True,256,20,276,4,True,0,False,False,False,False,False,False,False,False,False,False,False,False,False,True,1672
deepseek-ai/DeepSeek-R1-Distill-Qwen-7B,math500,45,65,True,True,192,True,192,12,204,3,True,192,True,192,12,204,3,True,0,False,False,False,False,False,False,False,False,False,False,False,False,False,True,1813
deepseek-ai/DeepSeek-R1-Distill-Qwen-7B,math500,45,67,True,True,256,False,256,26,282,4,True,576,True,576,63,639,9,True,320,False,False,False,True,False,False,False,True,False,True,False,True,False,False,1318
deepseek-ai/DeepSeek-R1-Distill-Qwen-7B,math500,45,77,True,True,192,True,192,12,204,3,True,192,True,192,12,204,3,True,0,False,False,False,False,False,False,False,False,False,False,False,False,False,True,401
deepseek-ai/DeepSeek-R1-Distill-Qwen-7B,math500,45,81,True,True,320,False,320,20,340,5,True,768,True,768,49,817,12,True,448,False,False,False,True,False,False,False,True,False,True,False,True,False,False,1430
Qwen/Qwen3-8B,math500,43,0,True,True,1600,False,1600,199,1799,25,True,192,False,192,12,204,3,True,-1408,False,False,False,True,False,True,False,False,False,False,False,False,True,False,1831
Qwen/Qwen3-8B,math500,43,1,False,True,896,True,896,195,1091,14,True,384,False,384,58,442,6,True,-512,False,False,False,False,True,False,False,False,True,False,False,False,True,False,16384
Qwen/Qwen3-8B,math500,43,10,True,True,192,True,192,21,213,3,True,192,True,192,21,213,3,True,0,False,False,False,False,False,False,False,False,False,False,False,False,False,True,6424
Qwen/Qwen3-8B,math500,43,100,True,True,192,False,192,15,207,3,True,320,False,320,25,345,5,True,128,False,False,False,True,False,True,False,False,False,False,False,True,False,False,6212
Qwen/Qwen3-8B,math500,43,105,True,True,320,False,320,26,346,5,True,320,False,320,25,345,5,True,0,False,False,False,True,False,True,False,False,False,False,False,False,False,True,3092
Qwen/Qwen3-8B,math500,43,107,True,True,192,False,192,15,207,3,True,192,False,192,15,207,3,True,0,False,False,False,True,False,True,False,False,False,False,False,False,False,True,2596
Qwen/Qwen3-8B,math500,43,108,True,True,192,True,192,12,204,3,True,192,True,192,12,204,3,True,0,False,False,False,False,False,False,False,False,False,False,False,False,False,True,11231
Qwen/Qwen3-8B,math500,43,109,True,True,192,False,192,15,207,3,True,192,False,192,15,207,3,True,0,False,False,False,True,False,True,False,False,False,False,False,False,False,True,5664
Qwen/Qwen3-8B,math500,43,11,True,True,640,False,640,54,694,10,True,192,False,192,12,204,3,True,-448,False,False,False,True,False,True,False,False,False,False,False,False,True,False,6855
Qwen/Qwen3-8B,math500,43,110,False,True,2688,False,2688,268,2956,42,True,192,False,192,18,210,3,True,-2496,False,False,False,False,False,False,False,False,False,False,False,False,True,False,16384
Qwen/Qwen3-8B,math500,43,111,True,True,256,True,256,24,280,4,True,192,True,192,18,210,3,True,-64,False,False,False,False,False,False,False,False,False,False,False,False,True,False,2206
Qwen/Qwen3-8B,math500,43,112,True,True,192,False,192,12,204,3,True,320,False,320,20,340,5,True,128,False,False,False,True,False,True,False,False,False,False,False,True,False,False,6814
Qwen/Qwen3-8B,math500,43,113,True,True,576,True,576,62,638,9,True,576,True,576,63,639,9,True,0,False,False,False,False,False,False,False,False,False,False,False,False,False,True,2460
Qwen/Qwen3-8B,math500,43,116,True,True,192,True,192,12,204,3,True,192,True,192,12,204,3,True,0,False,False,False,False,False,False,False,False,False,False,False,False,False,True,1608
Qwen/Qwen3-8B,math500,43,117,True,True,192,True,192,12,204,3,True,192,True,192,12,204,3,True,0,False,False,False,False,False,False,False,False,False,False,False,False,False,True,2249
Qwen/Qwen3-8B,math500,43,118,True,True,192,True,192,15,207,3,True,192,True,192,15,207,3,True,0,False,False,False,False,False,False,False,False,False,False,False,False,False,True,7042
Qwen/Qwen3-8B,math500,43,12,True,True,192,True,192,18,210,3,True,192,True,192,18,210,3,True,0,False,False,False,False,False,False,False,False,False,False,False,False,False,True,4173
Qwen/Qwen3-8B,math500,43,120,True,True,192,False,192,12,204,3,True,192,False,192,12,204,3,True,0,False,False,False,True,False,True,False,False,False,False,False,False,False,True,6588
Qwen/Qwen3-8B,math500,43,122,True,True,192,True,192,12,204,3,True,192,True,192,12,204,3,True,0,False,False,False,False,False,False,False,False,False,False,False,False,False,True,1455
Qwen/Qwen3-8B,math500,43,124,True,True,192,False,192,12,204,3,True,704,True,704,58,762,11,True,512,False,False,False,True,False,False,False,True,False,True,False,True,False,False,2862
Qwen/Qwen3-8B,math500,43,126,False,True,256,False,256,22,278,4,True,192,False,192,12,204,3,True,-64,False,False,False,False,False,False,False,False,False,False,False,False,True,False,16384
Qwen/Qwen3-8B,math500,43,127,True,True,192,False,192,27,219,3,True,192,False,192,27,219,3,True,0,False,False,False,True,False,True,False,False,False,False,False,False,False,True,3602
Qwen/Qwen3-8B,math500,43,128,False,True,448,False,448,35,483,7,True,640,False,640,50,690,10,True,192,False,False,False,False,False,False,False,False,False,False,False,True,False,False,11695
Qwen/Qwen3-8B,math500,43,129,True,True,320,False,320,25,345,5,True,384,False,384,30,414,6,True,64,False,False,False,True,False,True,False,False,False,False,False,True,False,False,9160
Qwen/Qwen3-8B,math500,43,130,True,True,192,False,192,12,204,3,True,448,False,448,28,476,7,True,256,False,False,False,True,False,True,False,False,False,False,False,True,False,False,6700
Qwen/Qwen3-8B,math500,43,132,True,True,192,True,192,12,204,3,True,192,True,192,12,204,3,True,0,False,False,False,False,False,False,False,False,False,False,False,False,False,True,4063
Qwen/Qwen3-8B,math500,43,133,True,True,192,True,192,18,210,3,True,192,True,192,18,210,3,True,0,False,False,False,False,False,False,False,False,False,False,False,False,False,True,2540
Qwen/Qwen3-8B,math500,43,135,True,True,192,True,192,12,204,3,True,192,True,192,12,204,3,True,0,False,False,False,False,False,False,False,False,False,False,False,False,False,True,2086
Qwen/Qwen3-8B,math500,43,136,True,True,192,False,192,15,207,3,True,512,True,512,41,553,8,True,320,False,False,False,True,False,False,False,True,False,True,False,True,False,False,12285
Qwen/Qwen3-8B,math500,43,138,True,True,448,False,448,42,490,7,True,1664,True,1664,126,1790,26,True,1216,False,False,False,True,False,False,False,True,False,True,False,True,False,False,8446
Qwen/Qwen3-8B,math500,43,139,True,True,192,True,192,12,204,3,True,192,True,192,12,204,3,True,0,False,False,False,False,False,False,False,False,False,False,False,False,False,True,9344
Qwen/Qwen3-8B,math500,43,14,True,True,1408,False,1408,120,1528,22,True,256,False,256,17,273,4,True,-1152,False,False,False,True,False,True,False,False,False,False,False,False,True,False,3089
Qwen/Qwen3-8B,math500,43,140,True,True,320,True,320,23,343,5,True,320,True,320,23,343,5,True,0,False,False,False,False,False,False,False,False,False,False,False,False,False,True,1715
Qwen/Qwen3-8B,math500,43,141,True,True,192,True,192,12,204,3,True,192,True,192,12,204,3,True,0,False,False,False,False,False,False,False,False,False,False,False,False,False,True,5119
Qwen/Qwen3-8B,math500,43,142,True,True,192,False,192,21,213,3,True,512,True,512,124,636,8,True,320,False,False,False,True,False,False,False,True,False,True,False,True,False,False,5988
Qwen/Qwen3-8B,math500,43,144,True,True,512,False,512,67,579,8,True,320,False,320,32,352,5,True,-192,False,False,False,True,False,True,False,False,False,False,False,False,True,False,1256
Qwen/Qwen3-8B,math500,43,145,True,True,192,False,192,12,204,3,True,192,False,192,12,204,3,True,0,False,False,False,True,False,True,False,False,False,False,False,False,False,True,10041
Qwen/Qwen3-8B,math500,43,149,True,True,896,False,896,70,966,14,True,576,False,576,45,621,9,True,-320,False,False,False,True,False,True,False,False,False,False,False,False,True,False,4489
Qwen/Qwen3-8B,math500,43,15,True,True,768,False,768,248,1016,12,True,1408,False,1408,400,1808,22,True,640,False,False,False,True,False,True,False,False,False,False,False,True,False,False,5077
Qwen/Qwen3-8B,math500,43,150,True,True,320,False,320,20,340,5,True,320,False,320,20,340,5,True,0,False,False,False,True,False,True,False,False,False,False,False,False,False,True,8834
Qwen/Qwen3-8B,math500,43,151,True,True,448,True,448,41,489,7,True,384,False,384,33,417,6,True,-64,False,False,False,False,False,True,False,False,True,False,True,False,True,False,6488
Qwen/Qwen3-8B,math500,43,152,True,True,192,False,192,15,207,3,True,192,False,192,15,207,3,True,0,False,False,False,True,False,True,False,False,False,False,False,False,False,True,9226
Qwen/Qwen3-8B,math500,43,153,True,True,640,False,640,50,690,10,True,640,False,640,48,688,10,True,0,False,False,False,True,False,True,False,False,False,False,False,False,False,True,10548
Qwen/Qwen3-8B,math500,43,154,False,True,832,False,832,89,921,13,True,384,False,384,46,430,6,True,-448,False,False,False,False,False,False,False,False,False,False,False,False,True,False,16384
Qwen/Qwen3-8B,math500,43,155,True,True,256,False,256,18,274,4,True,512,True,512,42,554,8,True,256,False,False,False,True,False,False,False,True,False,True,False,True,False,False,3930
Qwen/Qwen3-8B,math500,43,156,True,True,192,False,192,15,207,3,True,192,False,192,17,209,3,True,0,False,False,False,True,False,True,False,False,False,False,False,False,False,True,10605
Qwen/Qwen3-8B,math500,43,158,True,True,448,False,448,46,494,7,True,1152,True,1152,154,1306,18,True,704,False,False,False,True,False,False,False,True,False,True,False,True,False,False,4623
Qwen/Qwen3-8B,math500,43,159,True,True,896,True,896,100,996,14,True,576,False,576,60,636,9,True,-320,False,False,False,False,False,True,False,False,True,False,True,False,True,False,3938
Qwen/Qwen3-8B,math500,43,16,True,True,768,True,768,67,835,12,True,512,True,512,44,556,8,True,-256,False,False,False,False,False,False,False,False,False,False,False,False,True,False,5169
Qwen/Qwen3-8B,math500,43,161,True,True,192,True,192,12,204,3,True,192,True,192,12,204,3,True,0,False,False,False,False,False,False,False,False,False,False,False,False,False,True,2703
Qwen/Qwen3-8B,math500,43,163,True,True,640,True,640,95,735,10,True,512,False,512,65,577,8,True,-128,False,False,False,False,False,True,False,False,True,False,True,False,True,False,6644
Qwen/Qwen3-8B,math500,43,164,True,True,320,False,320,20,340,5,True,192,False,192,12,204,3,True,-128,False,False,False,True,False,True,False,False,False,False,False,False,True,False,6901
Qwen/Qwen3-8B,math500,43,165,True,True,256,False,256,26,282,4,True,576,True,576,56,632,9,True,320,False,False,False,True,False,False,False,True,False,True,False,True,False,False,2744
Qwen/Qwen3-8B,math500,43,166,False,True,1600,False,1600,252,1852,25,True,6336,False,6336,1042,7378,99,True,4736,False,False,False,False,False,False,False,False,False,False,False,True,False,False,16384
Qwen/Qwen3-8B,math500,43,167,True,True,192,True,192,15,207,3,True,192,True,192,15,207,3,True,0,False,False,False,False,False,False,False,False,False,False,False,False,False,True,1233
Qwen/Qwen3-8B,math500,43,168,True,True,448,False,448,29,477,7,True,1088,False,1088,69,1157,17,True,640,False,False,False,True,False,True,False,False,False,False,False,True,False,False,11409
Qwen/Qwen3-8B,math500,43,169,True,True,192,True,192,15,207,3,True,192,True,192,15,207,3,True,0,False,False,False,False,False,False,False,False,False,False,False,False,False,True,2342
Qwen/Qwen3-8B,math500,43,170,True,True,256,False,256,19,275,4,True,192,False,192,12,204,3,True,-64,False,False,False,True,False,True,False,False,False,False,False,False,True,False,8874
Qwen/Qwen3-8B,math500,43,171,True,True,192,False,192,12,204,3,True,320,False,320,28,348,5,True,128,False,False,False,True,False,True,False,False,False,False,False,True,False,False,1228
Qwen/Qwen3-8B,math500,43,172,True,True,192,True,192,18,210,3,True,192,True,192,18,210,3,True,0,False,False,False,False,False,False,False,False,False,False,False,False,False,True,1724
Qwen/Qwen3-8B,math500,43,173,True,True,192,False,192,12,204,3,True,192,False,192,12,204,3,True,0,False,False,False,True,False,True,False,False,False,False,False,False,False,True,9363
Qwen/Qwen3-8B,math500,43,174,True,True,256,True,256,16,272,4,True,256,True,256,16,272,4,True,0,False,False,False,False,False,False,False,False,False,False,False,False,False,True,3238
Qwen/Qwen3-8B,math500,43,175,True,True,192,False,192,12,204,3,True,192,False,192,12,204,3,True,0,False,False,False,True,False,True,False,False,False,False,False,False,False,True,7080
Qwen/Qwen3-8B,math500,43,176,True,True,960,True,960,191,1151,15,True,192,False,192,42,234,3,True,-768,False,False,False,False,False,True,False,False,True,False,True,False,True,False,6810
Qwen/Qwen3-8B,math500,43,177,True,True,448,True,448,42,490,7,True,1088,True,1088,110,1198,17,True,640,False,False,False,False,False,False,False,False,False,False,False,True,False,False,12434
Qwen/Qwen3-8B,math500,43,178,True,True,192,True,192,15,207,3,True,192,True,192,15,207,3,True,0,False,False,False,False,False,False,False,False,False,False,False,False,False,True,2668
Qwen/Qwen3-8B,math500,43,179,True,True,2880,False,2880,915,3795,45,True,2496,False,2496,833,3329,39,True,-384,False,False,False,True,False,True,False,False,False,False,False,False,True,False,6052
Qwen/Qwen3-8B,math500,43,18,False,True,192,False,192,15,207,3,True,192,False,192,15,207,3,True,0,False,False,False,False,False,False,False,False,False,False,False,False,False,True,13172
Qwen/Qwen3-8B,math500,43,180,True,True,704,True,704,45,749,11,True,192,True,192,12,204,3,True,-512,False,False,False,False,False,False,False,False,False,False,False,False,True,False,3986
Qwen/Qwen3-8B,math500,43,181,True,True,320,True,320,41,361,5,True,192,False,192,12,204,3,True,-128,False,False,False,False,False,True,False,False,True,False,True,False,True,False,3977
Qwen/Qwen3-8B,math500,43,183,True,True,896,True,896,99,995,14,True,832,True,832,85,917,13,True,-64,False,False,False,False,False,False,False,False,False,False,False,False,True,False,5042
Qwen/Qwen3-8B,math500,43,184,True,True,192,False,192,12,204,3,True,192,False,192,12,204,3,True,0,False,False,False,True,False,True,False,False,False,False,False,False,False,True,10305
Qwen/Qwen3-8B,math500,43,185,True,True,192,True,192,12,204,3,True,192,True,192,12,204,3,True,0,False,False,False,False,False,False,False,False,False,False,False,False,False,True,1786
Qwen/Qwen3-8B,math500,43,186,True,True,448,False,448,35,483,7,True,640,False,640,40,680,10,True,192,False,False,False,True,False,True,False,False,False,False,False,True,False,False,4166
Qwen/Qwen3-8B,math500,43,189,True,True,960,False,960,91,1051,15,True,960,False,960,110,1070,15,True,0,False,False,False,True,False,True,False,False,False,False,False,False,False,True,6167
Qwen/Qwen3-8B,math500,43,190,True,True,384,False,384,35,419,6,True,192,False,192,18,210,3,True,-192,False,False,False,True,False,True,False,False,False,False,False,False,True,False,2685
Qwen/Qwen3-8B,math500,43,192,True,True,192,False,192,15,207,3,True,192,False,192,15,207,3,True,0,False,False,False,True,False,True,False,False,False,False,False,False,False,True,3949
Qwen/Qwen3-8B,math500,43,193,True,True,320,True,320,20,340,5,True,320,True,320,20,340,5,True,0,False,False,False,False,False,False,False,False,False,False,False,False,False,True,5821
Qwen/Qwen3-8B,math500,43,194,True,True,192,False,192,12,204,3,True,192,False,192,12,204,3,True,0,False,False,False,True,False,True,False,False,False,False,False,False,False,True,10860
Qwen/Qwen3-8B,math500,43,195,True,True,640,True,640,77,717,10,True,640,True,640,62,702,10,True,0,False,False,False,False,False,False,False,False,False,False,False,False,False,True,2914
Qwen/Qwen3-8B,math500,43,196,True,True,192,True,192,21,213,3,True,192,True,192,21,213,3,True,0,False,False,False,False,False,False,False,False,False,False,False,False,False,True,2069
Qwen/Qwen3-8B,math500,43,197,True,True,192,False,192,15,207,3,True,320,False,320,28,348,5,True,128,False,False,False,True,False,True,False,False,False,False,False,True,False,False,5795
Qwen/Qwen3-8B,math500,43,2,True,True,192,False,192,12,204,3,True,768,True,768,95,863,12,True,576,False,False,False,True,False,False,False,True,False,True,False,True,False,False,3288
Qwen/Qwen3-8B,math500,43,20,True,True,320,True,320,45,365,5,True,320,True,320,45,365,5,True,0,False,False,False,False,False,False,False,False,False,False,False,False,False,True,1838
Qwen/Qwen3-8B,math500,43,201,True,True,1216,True,1216,101,1317,19,True,1280,True,1280,114,1394,20,True,64,False,False,False,False,False,False,False,False,False,False,False,True,False,False,5444
Qwen/Qwen3-8B,math500,43,203,True,True,192,False,192,12,204,3,True,320,False,320,48,368,5,True,128,False,False,False,True,False,True,False,False,False,False,False,True,False,False,3120
Qwen/Qwen3-8B,math500,43,205,True,True,1216,False,1216,323,1539,19,True,384,False,384,70,454,6,True,-832,False,False,False,True,False,True,False,False,False,False,False,False,True,False,4633
Qwen/Qwen3-8B,math500,43,206,True,True,320,True,320,66,386,5,True,192,True,192,39,231,3,True,-128,False,False,False,False,False,False,False,False,False,False,False,False,True,False,2461
Qwen/Qwen3-8B,math500,43,207,True,True,192,True,192,15,207,3,True,192,True,192,15,207,3,True,0,False,False,False,False,False,False,False,False,False,False,False,False,False,True,1391
Qwen/Qwen3-8B,math500,43,208,True,True,512,True,512,32,544,8,True,448,True,448,28,476,7,True,-64,False,False,False,False,False,False,False,False,False,False,False,False,True,False,4238
Qwen/Qwen3-8B,math500,43,209,True,True,192,False,192,15,207,3,True,896,False,896,70,966,14,True,704,False,False,False,True,False,True,False,False,False,False,False,True,False,False,5105
Qwen/Qwen3-8B,math500,43,21,True,True,960,False,960,90,1050,15,True,1024,False,1024,101,1125,16,True,64,False,False,False,True,False,True,False,False,False,False,False,True,False,False,8993
Qwen/Qwen3-8B,math500,43,210,True,True,576,False,576,36,612,9,True,448,False,448,28,476,7,True,-128,False,False,False,True,False,True,False,False,False,False,False,False,True,False,8118
Qwen/Qwen3-8B,math500,43,211,True,True,448,True,448,42,490,7,True,576,True,576,49,625,9,True,128,False,False,False,False,False,False,False,False,False,False,False,True,False,False,2178
Qwen/Qwen3-8B,math500,43,212,True,True,320,False,320,25,345,5,True,384,False,384,30,414,6,True,64,False,False,False,True,False,True,False,False,False,False,False,True,False,False,2369
Qwen/Qwen3-8B,math500,43,213,True,True,576,False,576,36,612,9,True,320,True,320,20,340,5,True,-256,False,False,False,True,False,False,False,True,False,True,False,False,True,False,6841
Qwen/Qwen3-8B,math500,43,214,True,True,1088,False,1088,93,1181,17,True,384,False,384,32,416,6,True,-704,False,False,False,True,False,True,False,False,False,False,False,False,True,False,7404
Qwen/Qwen3-8B,math500,43,215,True,True,192,False,192,12,204,3,True,192,False,192,12,204,3,True,0,False,False,False,True,False,True,False,False,False,False,False,False,False,True,3855
Qwen/Qwen3-8B,math500,43,216,True,True,704,True,704,50,754,11,True,704,True,704,47,751,11,True,0,False,False,False,False,False,False,False,False,False,False,False,False,False,True,2809
Qwen/Qwen3-8B,math500,43,218,True,True,192,True,192,24,216,3,True,192,True,192,24,216,3,True,0,False,False,False,False,False,False,False,False,False,False,False,False,False,True,1537
Qwen/Qwen3-8B,math500,43,219,True,True,192,False,192,18,210,3,True,320,False,320,30,350,5,True,128,False,False,False,True,False,True,False,False,False,False,False,True,False,False,12676
Qwen/Qwen3-8B,math500,43,22,True,True,768,True,768,48,816,12,True,192,False,192,12,204,3,True,-576,False,False,False,False,False,True,False,False,True,False,True,False,True,False,2238
Qwen/Qwen3-8B,math500,43,222,True,True,832,False,832,60,892,13,True,256,False,256,18,274,4,True,-576,False,False,False,True,False,True,False,False,False,False,False,False,True,False,12012
Qwen/Qwen3-8B,math500,43,225,True,True,384,True,384,30,414,6,True,1536,False,1536,121,1657,24,True,1152,False,False,False,False,False,True,False,False,True,False,True,True,False,False,3133
Qwen/Qwen3-8B,math500,43,226,True,True,192,True,192,12,204,3,True,192,True,192,12,204,3,True,0,False,False,False,False,False,False,False,False,False,False,False,False,False,True,3234
Qwen/Qwen3-8B,math500,43,228,False,True,1280,False,1280,193,1473,20,True,896,False,896,68,964,14,True,-384,False,False,False,False,False,False,False,False,False,False,False,False,True,False,7676
Qwen/Qwen3-8B,math500,43,229,True,True,192,True,192,15,207,3,True,192,True,192,15,207,3,True,0,False,False,False,False,False,False,False,False,False,False,False,False,False,True,1833
Qwen/Qwen3-8B,math500,43,23,True,True,192,False,192,12,204,3,True,192,False,192,12,204,3,True,0,False,False,False,True,False,True,False,False,False,False,False,False,False,True,2152
Qwen/Qwen3-8B,math500,43,231,True,True,576,True,576,43,619,9,True,320,False,320,22,342,5,True,-256,False,False,False,False,False,True,False,False,True,False,True,False,True,False,4197
Qwen/Qwen3-8B,math500,43,233,True,True,448,True,448,40,488,7,True,384,True,384,37,421,6,True,-64,False,False,False,False,False,False,False,False,False,False,False,False,True,False,4017
Qwen/Qwen3-8B,math500,43,234,True,True,192,False,192,15,207,3,True,192,False,192,15,207,3,True,0,False,False,False,True,False,True,False,False,False,False,False,False,False,True,2702
Qwen/Qwen3-8B,math500,43,235,True,True,192,False,192,12,204,3,True,832,True,832,114,946,13,True,640,False,False,False,True,False,False,False,True,False,True,False,True,False,False,4716
Qwen/Qwen3-8B,math500,43,236,True,True,448,True,448,35,483,7,True,960,True,960,75,1035,15,True,512,False,False,False,False,False,False,False,False,False,False,False,True,False,False,15185
Qwen/Qwen3-8B,math500,43,237,True,True,832,True,832,73,905,13,True,832,True,832,65,897,13,True,0,False,False,False,False,False,False,False,False,False,False,False,False,False,True,2875
Qwen/Qwen3-8B,math500,43,238,True,True,192,False,192,24,216,3,True,832,True,832,116,948,13,True,640,False,False,False,True,False,False,False,True,False,True,False,True,False,False,4612
Qwen/Qwen3-8B,math500,43,24,True,True,192,True,192,15,207,3,True,192,True,192,15,207,3,True,0,False,False,False,False,False,False,False,False,False,False,False,False,False,True,3434
Qwen/Qwen3-8B,math500,43,240,False,True,192,False,192,15,207,3,True,192,False,192,15,207,3,True,0,False,False,False,False,False,False,False,False,False,False,False,False,False,True,12518
Qwen/Qwen3-8B,math500,43,241,True,True,256,False,256,20,276,4,True,256,False,256,20,276,4,True,0,False,False,False,True,False,True,False,False,False,False,False,False,False,True,4197
Qwen/Qwen3-8B,math500,43,242,True,True,2304,False,2304,313,2617,36,True,2304,False,2304,291,2595,36,True,0,False,False,False,True,False,True,False,False,False,False,False,False,False,True,10687
Qwen/Qwen3-8B,math500,43,243,True,True,192,True,192,12,204,3,True,192,True,192,12,204,3,True,0,False,False,False,False,False,False,False,False,False,False,False,False,False,True,2440
Qwen/Qwen3-8B,math500,43,244,True,True,192,False,192,12,204,3,True,192,False,192,12,204,3,True,0,False,False,False,True,False,True,False,False,False,False,False,False,False,True,3461
Qwen/Qwen3-8B,math500,43,245,True,True,192,False,192,12,204,3,True,192,False,192,12,204,3,True,0,False,False,False,True,False,True,False,False,False,False,False,False,False,True,5350
Qwen/Qwen3-8B,math500,43,247,True,True,256,False,256,16,272,4,True,512,False,512,32,544,8,True,256,False,False,False,True,False,True,False,False,False,False,False,True,False,False,2411
Qwen/Qwen3-8B,math500,43,248,True,True,768,False,768,202,970,12,True,576,False,576,146,722,9,True,-192,False,False,False,True,False,True,False,False,False,False,False,False,True,False,4865
Qwen/Qwen3-8B,math500,43,249,True,True,1216,True,1216,91,1307,19,True,256,False,256,20,276,4,True,-960,False,False,False,False,False,True,False,False,True,False,True,False,True,False,3743
Qwen/Qwen3-8B,math500,43,25,False,True,320,False,320,45,365,5,True,320,False,320,40,360,5,True,0,False,False,False,False,False,False,False,False,False,False,False,False,False,True,7118
Qwen/Qwen3-8B,math500,43,250,True,True,384,False,384,30,414,6,True,192,False,192,15,207,3,True,-192,False,False,False,True,False,True,False,False,False,False,False,False,True,False,2289
Qwen/Qwen3-8B,math500,43,251,True,True,256,True,256,25,281,4,True,320,True,320,53,373,5,True,64,False,False,False,False,False,False,False,False,False,False,False,True,False,False,6229
Qwen/Qwen3-8B,math500,43,252,True,True,576,True,576,81,657,9,True,704,True,704,82,786,11,True,128,False,False,False,False,False,False,False,False,False,False,False,True,False,False,3566
Qwen/Qwen3-8B,math500,43,253,True,True,320,False,320,24,344,5,True,192,True,192,18,210,3,True,-128,False,False,False,True,False,False,False,True,False,True,False,False,True,False,1368
Qwen/Qwen3-8B,math500,43,254,True,True,192,True,192,15,207,3,True,192,True,192,15,207,3,True,0,False,False,False,False,False,False,False,False,False,False,False,False,False,True,2123
Qwen/Qwen3-8B,math500,43,257,False,True,320,False,320,28,348,5,True,320,False,320,33,353,5,True,0,False,False,False,False,False,False,False,False,False,False,False,False,False,True,1573
Qwen/Qwen3-8B,math500,43,258,True,True,256,True,256,20,276,4,True,320,True,320,25,345,5,True,64,False,False,False,False,False,False,False,False,False,False,False,True,False,False,2091
Qwen/Qwen3-8B,math500,43,259,True,True,192,True,192,15,207,3,True,192,True,192,15,207,3,True,0,False,False,False,False,False,False,False,False,False,False,False,False,False,True,2256
Qwen/Qwen3-8B,math500,43,26,False,True,192,False,192,18,210,3,True,192,False,192,18,210,3,True,0,False,False,False,False,False,False,False,False,False,False,False,False,False,True,16384
Qwen/Qwen3-8B,math500,43,260,True,True,192,False,192,15,207,3,True,384,False,384,31,415,6,True,192,False,False,False,True,False,True,False,False,False,False,False,True,False,False,3819
Qwen/Qwen3-8B,math500,43,261,True,True,192,False,192,15,207,3,True,192,False,192,15,207,3,True,0,False,False,False,True,False,True,False,False,False,False,False,False,False,True,3629
Qwen/Qwen3-8B,math500,43,262,True,True,192,True,192,12,204,3,True,192,True,192,12,204,3,True,0,False,False,False,False,False,False,False,False,False,False,False,False,False,True,1551
Qwen/Qwen3-8B,math500,43,263,True,True,192,False,192,15,207,3,True,192,False,192,15,207,3,True,0,False,False,False,True,False,True,False,False,False,False,False,False,False,True,1857
Qwen/Qwen3-8B,math500,43,264,False,True,512,False,512,80,592,8,True,192,False,192,30,222,3,True,-320,False,False,False,False,False,False,False,False,False,False,False,False,True,False,16384
Qwen/Qwen3-8B,math500,43,265,True,True,192,True,192,21,213,3,True,192,True,192,21,213,3,True,0,False,False,False,False,False,False,False,False,False,False,False,False,False,True,2965
Qwen/Qwen3-8B,math500,43,266,True,True,384,False,384,39,423,6,True,512,False,512,55,567,8,True,128,False,False,False,True,False,True,False,False,False,False,False,True,False,False,3371
Qwen/Qwen3-8B,math500,43,267,True,True,384,True,384,34,418,6,True,576,True,576,53,629,9,True,192,False,False,False,False,False,False,False,False,False,False,False,True,False,False,4569
Qwen/Qwen3-8B,math500,43,268,True,True,384,True,384,43,427,6,True,384,True,384,53,437,6,True,0,False,False,False,False,False,False,False,False,False,False,False,False,False,True,2868
Qwen/Qwen3-8B,math500,43,269,True,True,192,True,192,12,204,3,True,192,True,192,12,204,3,True,0,False,False,False,False,False,False,False,False,False,False,False,False,False,True,1697
Qwen/Qwen3-8B,math500,43,27,True,True,704,True,704,56,760,11,True,704,True,704,55,759,11,True,0,False,False,False,False,False,False,False,False,False,False,False,False,False,True,1791
Qwen/Qwen3-8B,math500,43,270,True,True,192,True,192,15,207,3,True,576,True,576,45,621,9,True,384,False,False,False,False,False,False,False,False,False,False,False,True,False,False,2192
Qwen/Qwen3-8B,math500,43,271,True,True,1088,True,1088,100,1188,17,True,640,False,640,58,698,10,True,-448,False,False,False,False,False,True,False,False,True,False,True,False,True,False,6241
Qwen/Qwen3-8B,math500,43,273,True,True,192,True,192,21,213,3,True,192,True,192,21,213,3,True,0,False,False,False,False,False,False,False,False,False,False,False,False,False,True,3091
Qwen/Qwen3-8B,math500,43,274,True,True,192,False,192,15,207,3,True,192,False,192,15,207,3,True,0,False,False,False,True,False,True,False,False,False,False,False,False,False,True,11078
Qwen/Qwen3-8B,math500,43,275,True,True,256,False,256,17,273,4,True,384,True,384,25,409,6,True,128,False,False,False,True,False,False,False,True,False,True,False,True,False,False,2676
Qwen/Qwen3-8B,math500,43,277,True,True,512,False,512,52,564,8,True,192,False,192,15,207,3,True,-320,False,False,False,True,False,True,False,False,False,False,False,False,True,False,1738
Qwen/Qwen3-8B,math500,43,278,True,True,192,True,192,18,210,3,True,192,True,192,18,210,3,True,0,False,False,False,False,False,False,False,False,False,False,False,False,False,True,2384
Qwen/Qwen3-8B,math500,43,279,True,True,192,False,192,21,213,3,True,320,False,320,35,355,5,True,128,False,False,False,True,False,True,False,False,False,False,False,True,False,False,3935
Qwen/Qwen3-8B,math500,43,28,True,True,192,False,192,24,216,3,True,192,False,192,24,216,3,True,0,False,False,False,True,False,True,False,False,False,False,False,False,False,True,2669
Qwen/Qwen3-8B,math500,43,280,True,True,192,False,192,12,204,3,True,192,False,192,12,204,3,True,0,False,False,False,True,False,True,False,False,False,False,False,False,False,True,4005
Qwen/Qwen3-8B,math500,43,281,True,True,192,True,192,19,211,3,True,192,True,192,17,209,3,True,0,False,False,False,False,False,False,False,False,False,False,False,False,False,True,7853
Qwen/Qwen3-8B,math500,43,282,True,True,256,False,256,21,277,4,True,320,False,320,27,347,5,True,64,False,False,False,True,False,True,False,False,False,False,False,True,False,False,4521
Qwen/Qwen3-8B,math500,43,283,True,True,192,True,192,12,204,3,True,384,True,384,24,408,6,True,192,False,False,False,False,False,False,False,False,False,False,False,True,False,False,2439
Qwen/Qwen3-8B,math500,43,284,False,True,320,False,320,39,359,5,True,192,False,192,12,204,3,True,-128,False,False,False,False,False,False,False,False,False,False,False,False,True,False,12763
Qwen/Qwen3-8B,math500,43,285,True,True,3328,True,3328,325,3653,52,True,1920,False,1920,173,2093,30,True,-1408,False,False,False,False,False,True,False,False,True,False,True,False,True,False,5905
Qwen/Qwen3-8B,math500,43,286,False,True,192,False,192,12,204,3,True,960,False,960,93,1053,15,True,768,False,False,False,False,False,False,False,False,False,False,False,True,False,False,16384
Qwen/Qwen3-8B,math500,43,287,True,True,704,False,704,63,767,11,True,896,False,896,78,974,14,True,192,False,False,False,True,False,True,False,False,False,False,False,True,False,False,6072
Qwen/Qwen3-8B,math500,43,288,True,True,2496,True,2496,711,3207,39,True,2496,True,2496,783,3279,39,True,0,False,False,False,False,False,False,False,False,False,False,False,False,False,True,6139
Qwen/Qwen3-8B,math500,43,289,True,True,192,True,192,15,207,3,True,192,True,192,15,207,3,True,0,False,False,False,False,False,False,False,False,False,False,False,False,False,True,4092
Qwen/Qwen3-8B,math500,43,29,True,True,704,True,704,62,766,11,True,704,True,704,71,775,11,True,0,False,False,False,False,False,False,False,False,False,False,False,False,False,True,1616
Qwen/Qwen3-8B,math500,43,290,True,True,1088,True,1088,89,1177,17,True,192,True,192,12,204,3,True,-896,False,False,False,False,False,False,False,False,False,False,False,False,True,False,4172
Qwen/Qwen3-8B,math500,43,291,True,True,576,True,576,46,622,9,True,640,True,640,57,697,10,True,64,False,False,False,False,False,False,False,False,False,False,False,True,False,False,4384
Qwen/Qwen3-8B,math500,43,293,True,True,576,True,576,140,716,9,True,512,True,512,119,631,8,True,-64,False,False,False,False,False,False,False,False,False,False,False,False,True,False,2196
Qwen/Qwen3-8B,math500,43,294,True,True,1344,False,1344,126,1470,21,True,1856,True,1856,167,2023,29,True,512,False,False,False,True,False,False,False,True,False,True,False,True,False,False,7216
Qwen/Qwen3-8B,math500,43,295,True,True,2304,True,2304,251,2555,36,True,1728,False,1728,154,1882,27,True,-576,False,False,False,False,False,True,False,False,True,False,True,False,True,False,7774
Qwen/Qwen3-8B,math500,43,296,True,True,192,False,192,12,204,3,True,192,False,192,12,204,3,True,0,False,False,False,True,False,True,False,False,False,False,False,False,False,True,8544
Qwen/Qwen3-8B,math500,43,297,True,True,256,False,256,24,280,4,True,192,False,192,18,210,3,True,-64,False,False,False,True,False,True,False,False,False,False,False,False,True,False,3456
Qwen/Qwen3-8B,math500,43,298,True,True,896,False,896,277,1173,14,True,896,False,896,308,1204,14,True,0,False,False,False,True,False,True,False,False,False,False,False,False,False,True,4739
Qwen/Qwen3-8B,math500,43,299,True,True,832,True,832,69,901,13,True,832,True,832,67,899,13,True,0,False,False,False,False,False,False,False,False,False,False,False,False,False,True,4768
Qwen/Qwen3-8B,math500,43,3,True,True,192,True,192,12,204,3,True,192,True,192,12,204,3,True,0,False,False,False,False,False,False,False,False,False,False,False,False,False,True,2445
Qwen/Qwen3-8B,math500,43,30,False,True,448,True,448,44,492,7,True,960,True,960,101,1061,15,True,512,False,False,False,False,True,False,True,False,False,False,False,True,False,False,4193
Qwen/Qwen3-8B,math500,43,300,True,True,192,False,192,12,204,3,True,192,False,192,12,204,3,True,0,False,False,False,True,False,True,False,False,False,False,False,False,False,True,3459
Qwen/Qwen3-8B,math500,43,304,True,True,256,False,256,16,272,4,True,256,False,256,16,272,4,True,0,False,False,False,True,False,True,False,False,False,False,False,False,False,True,4288
Qwen/Qwen3-8B,math500,43,306,True,True,192,False,192,12,204,3,True,320,False,320,20,340,5,True,128,False,False,False,True,False,True,False,False,False,False,False,True,False,False,13249
Qwen/Qwen3-8B,math500,43,308,False,True,768,False,768,114,882,12,True,896,False,896,116,1012,14,True,128,False,False,False,False,False,False,False,False,False,False,False,True,False,False,16384
Qwen/Qwen3-8B,math500,43,309,True,True,192,False,192,15,207,3,True,192,False,192,15,207,3,True,0,False,False,False,True,False,True,False,False,False,False,False,False,False,True,9392
Qwen/Qwen3-8B,math500,43,31,True,True,192,True,192,27,219,3,True,192,True,192,27,219,3,True,0,False,False,False,False,False,False,False,False,False,False,False,False,False,True,2548
Qwen/Qwen3-8B,math500,43,310,True,True,512,True,512,37,549,8,True,512,True,512,37,549,8,True,0,False,False,False,False,False,False,False,False,False,False,False,False,False,True,2815
Qwen/Qwen3-8B,math500,43,311,True,True,192,False,192,12,204,3,True,192,False,192,12,204,3,True,0,False,False,False,True,False,True,False,False,False,False,False,False,False,True,5655
Qwen/Qwen3-8B,math500,43,312,True,True,192,False,192,30,222,3,True,192,False,192,30,222,3,True,0,False,False,False,True,False,True,False,False,False,False,False,False,False,True,1817
Qwen/Qwen3-8B,math500,43,314,True,True,448,False,448,39,487,7,True,192,False,192,24,216,3,True,-256,False,False,False,True,False,True,False,False,False,False,False,False,True,False,2399
Qwen/Qwen3-8B,math500,43,315,True,True,256,False,256,20,276,4,True,384,False,384,31,415,6,True,128,False,False,False,True,False,True,False,False,False,False,False,True,False,False,6422
Qwen/Qwen3-8B,math500,43,316,True,True,1408,True,1408,133,1541,22,True,960,False,960,83,1043,15,True,-448,False,False,False,False,False,True,False,False,True,False,True,False,True,False,3526
Qwen/Qwen3-8B,math500,43,318,False,True,896,False,896,252,1148,14,True,768,False,768,213,981,12,True,-128,False,False,False,False,False,False,False,False,False,False,False,False,True,False,3205
Qwen/Qwen3-8B,math500,43,319,True,True,448,True,448,40,488,7,True,512,True,512,44,556,8,True,64,False,False,False,False,False,False,False,False,False,False,False,True,False,False,1857
Qwen/Qwen3-8B,math500,43,32,False,True,192,False,192,21,213,3,True,384,True,384,49,433,6,True,192,False,False,False,False,False,False,True,True,False,False,False,True,False,False,16384
Qwen/Qwen3-8B,math500,43,320,True,True,384,False,384,40,424,6,True,192,False,192,12,204,3,True,-192,False,False,False,True,False,True,False,False,False,False,False,False,True,False,4281
Qwen/Qwen3-8B,math500,43,321,True,True,192,False,192,18,210,3,True,192,False,192,18,210,3,True,0,False,False,False,True,False,True,False,False,False,False,False,False,False,True,2080
Qwen/Qwen3-8B,math500,43,322,True,True,192,False,192,12,204,3,True,576,True,576,46,622,9,True,384,False,False,False,True,False,False,False,True,False,True,False,True,False,False,1402
Qwen/Qwen3-8B,math500,43,323,True,True,192,True,192,18,210,3,True,192,True,192,18,210,3,True,0,False,False,False,False,False,False,False,False,False,False,False,False,False,True,10183
Qwen/Qwen3-8B,math500,43,324,False,True,192,False,192,18,210,3,True,192,False,192,18,210,3,True,0,False,False,False,False,False,False,False,False,False,False,False,False,False,True,10208
Qwen/Qwen3-8B,math500,43,325,True,True,448,True,448,34,482,7,True,448,True,448,32,480,7,True,0,False,False,False,False,False,False,False,False,False,False,False,False,False,True,2885
Qwen/Qwen3-8B,math500,43,326,True,True,384,True,384,42,426,6,True,256,True,256,28,284,4,True,-128,False,False,False,False,False,False,False,False,False,False,False,False,True,False,4340
Qwen/Qwen3-8B,math500,43,327,True,True,3520,False,3520,332,3852,55,True,3072,False,3072,267,3339,48,True,-448,False,False,False,True,False,True,False,False,False,False,False,False,True,False,7779
Qwen/Qwen3-8B,math500,43,328,True,True,384,False,384,24,408,6,True,192,False,192,12,204,3,True,-192,False,False,False,True,False,True,False,False,False,False,False,False,True,False,7660
Qwen/Qwen3-8B,math500,43,33,True,True,256,False,256,18,274,4,True,256,False,256,16,272,4,True,0,False,False,False,True,False,True,False,False,False,False,False,False,False,True,3248
Qwen/Qwen3-8B,math500,43,331,True,True,192,False,192,12,204,3,True,192,False,192,12,204,3,True,0,False,False,False,True,False,True,False,False,False,False,False,False,False,True,3258
Qwen/Qwen3-8B,math500,43,332,True,True,192,True,192,12,204,3,True,192,True,192,12,204,3,True,0,False,False,False,False,False,False,False,False,False,False,False,False,False,True,7699
Qwen/Qwen3-8B,math500,43,333,True,True,192,True,192,12,204,3,True,192,True,192,12,204,3,True,0,False,False,False,False,False,False,False,False,False,False,False,False,False,True,8543
Qwen/Qwen3-8B,math500,43,334,True,True,192,False,192,15,207,3,True,192,False,192,15,207,3,True,0,False,False,False,True,False,True,False,False,False,False,False,False,False,True,2751
Qwen/Qwen3-8B,math500,43,335,True,True,192,False,192,12,204,3,True,192,False,192,12,204,3,True,0,False,False,False,True,False,True,False,False,False,False,False,False,False,True,5860
Qwen/Qwen3-8B,math500,43,336,True,True,960,True,960,124,1084,15,True,960,True,960,119,1079,15,True,0,False,False,False,False,False,False,False,False,False,False,False,False,False,True,3772
Qwen/Qwen3-8B,math500,43,338,False,True,896,True,896,122,1018,14,True,192,False,192,27,219,3,True,-704,False,False,False,False,True,False,False,False,True,False,False,False,True,False,3443
Qwen/Qwen3-8B,math500,43,339,True,True,192,True,192,15,207,3,True,192,True,192,15,207,3,True,0,False,False,False,False,False,False,False,False,False,False,False,False,False,True,4702
Qwen/Qwen3-8B,math500,43,340,False,True,256,False,256,26,282,4,True,192,False,192,19,211,3,True,-64,False,False,False,False,False,False,False,False,False,False,False,False,True,False,16384
Qwen/Qwen3-8B,math500,43,341,True,True,192,False,192,12,204,3,True,192,False,192,12,204,3,True,0,False,False,False,True,False,True,False,False,False,False,False,False,False,True,3444
Qwen/Qwen3-8B,math500,43,342,True,True,192,True,192,12,204,3,True,192,True,192,12,204,3,True,0,False,False,False,False,False,False,False,False,False,False,False,False,False,True,2281
Qwen/Qwen3-8B,math500,43,343,True,True,320,False,320,38,358,5,True,192,False,192,24,216,3,True,-128,False,False,False,True,False,True,False,False,False,False,False,False,True,False,2227
Qwen/Qwen3-8B,math500,43,344,True,True,192,False,192,12,204,3,True,192,False,192,12,204,3,True,0,False,False,False,True,False,True,False,False,False,False,False,False,False,True,2107
Qwen/Qwen3-8B,math500,43,345,True,True,384,True,384,37,421,6,True,384,True,384,43,427,6,True,0,False,False,False,False,False,False,False,False,False,False,False,False,False,True,2513
Qwen/Qwen3-8B,math500,43,346,True,True,704,True,704,60,764,11,True,640,True,640,55,695,10,True,-64,False,False,False,False,False,False,False,False,False,False,False,False,True,False,2710
Qwen/Qwen3-8B,math500,43,347,True,True,640,True,640,163,803,10,True,512,True,512,132,644,8,True,-128,False,False,False,False,False,False,False,False,False,False,False,False,True,False,2524
Qwen/Qwen3-8B,math500,43,348,True,True,192,True,192,21,213,3,True,192,True,192,21,213,3,True,0,False,False,False,False,False,False,False,False,False,False,False,False,False,True,4382
Qwen/Qwen3-8B,math500,43,35,True,True,192,False,192,12,204,3,True,192,False,192,12,204,3,True,0,False,False,False,True,False,True,False,False,False,False,False,False,False,True,3725
Qwen/Qwen3-8B,math500,43,350,True,True,448,True,448,28,476,7,True,192,True,192,12,204,3,True,-256,False,False,False,False,False,False,False,False,False,False,False,False,True,False,3746
Qwen/Qwen3-8B,math500,43,351,True,True,192,False,192,12,204,3,True,192,False,192,12,204,3,True,0,False,False,False,True,False,True,False,False,False,False,False,False,False,True,5512
Qwen/Qwen3-8B,math500,43,352,False,True,384,False,384,36,420,6,True,384,False,384,36,420,6,True,0,False,False,False,False,False,False,False,False,False,False,False,False,False,True,16384
Qwen/Qwen3-8B,math500,43,353,True,True,320,False,320,25,345,5,True,192,False,192,15,207,3,True,-128,False,False,False,True,False,True,False,False,False,False,False,False,True,False,2738
Qwen/Qwen3-8B,math500,43,354,True,True,192,True,192,15,207,3,True,192,True,192,15,207,3,True,0,False,False,False,False,False,False,False,False,False,False,False,False,False,True,2344
Qwen/Qwen3-8B,math500,43,355,True,True,384,False,384,31,415,6,True,2112,False,2112,182,2294,33,True,1728,False,False,False,True,False,True,False,False,False,False,False,True,False,False,16384
Qwen/Qwen3-8B,math500,43,357,True,True,192,False,192,12,204,3,True,384,False,384,24,408,6,True,192,False,False,False,True,False,True,False,False,False,False,False,True,False,False,3656
Qwen/Qwen3-8B,math500,43,358,True,True,192,False,192,12,204,3,True,192,False,192,12,204,3,True,0,False,False,False,True,False,True,False,False,False,False,False,False,False,True,5316
Qwen/Qwen3-8B,math500,43,359,True,True,1280,True,1280,110,1390,20,True,576,False,576,36,612,9,True,-704,False,False,False,False,False,True,False,False,True,False,True,False,True,False,3410
Qwen/Qwen3-8B,math500,43,36,False,True,192,False,192,12,204,3,True,192,False,192,12,204,3,True,0,False,False,False,False,False,False,False,False,False,False,False,False,False,True,4563
Qwen/Qwen3-8B,math500,43,361,True,True,192,False,192,24,216,3,True,192,False,192,24,216,3,True,0,False,False,False,True,False,True,False,False,False,False,False,False,False,True,7249
Qwen/Qwen3-8B,math500,43,362,True,True,192,True,192,19,211,3,True,192,True,192,19,211,3,True,0,False,False,False,False,False,False,False,False,False,False,False,False,False,True,3281
Qwen/Qwen3-8B,math500,43,364,True,True,1024,False,1024,190,1214,16,True,576,False,576,103,679,9,True,-448,False,False,False,True,False,True,False,False,False,False,False,False,True,False,7002
Qwen/Qwen3-8B,math500,43,365,True,True,192,False,192,15,207,3,True,192,False,192,15,207,3,True,0,False,False,False,True,False,True,False,False,False,False,False,False,False,True,9477
Qwen/Qwen3-8B,math500,43,366,True,True,576,False,576,40,616,9,True,512,False,512,32,544,8,True,-64,False,False,False,True,False,True,False,False,False,False,False,False,True,False,3069
Qwen/Qwen3-8B,math500,43,367,True,True,320,True,320,20,340,5,True,320,True,320,20,340,5,True,0,False,False,False,False,False,False,False,False,False,False,False,False,False,True,3124
Qwen/Qwen3-8B,math500,43,368,True,True,192,False,192,15,207,3,True,192,False,192,15,207,3,True,0,False,False,False,True,False,True,False,False,False,False,False,False,False,True,2416
Qwen/Qwen3-8B,math500,43,369,True,True,192,False,192,18,210,3,True,192,False,192,18,210,3,True,0,False,False,False,True,False,True,False,False,False,False,False,False,False,True,3930
Qwen/Qwen3-8B,math500,43,37,True,True,192,True,192,15,207,3,True,192,True,192,15,207,3,True,0,False,False,False,False,False,False,False,False,False,False,False,False,False,True,2034
Qwen/Qwen3-8B,math500,43,370,True,True,192,True,192,46,238,3,True,192,True,192,60,252,3,True,0,False,False,False,False,False,False,False,False,False,False,False,False,False,True,1714
Qwen/Qwen3-8B,math500,43,371,True,True,192,False,192,12,204,3,True,192,False,192,12,204,3,True,0,False,False,False,True,False,True,False,False,False,False,False,False,False,True,12891
Qwen/Qwen3-8B,math500,43,372,True,True,192,False,192,21,213,3,True,192,False,192,21,213,3,True,0,False,False,False,True,False,True,False,False,False,False,False,False,False,True,6599
Qwen/Qwen3-8B,math500,43,373,True,True,896,True,896,196,1092,14,True,320,False,320,79,399,5,True,-576,False,False,False,False,False,True,False,False,True,False,True,False,True,False,3445
Qwen/Qwen3-8B,math500,43,374,True,True,448,True,448,30,478,7,True,384,True,384,30,414,6,True,-64,False,False,False,False,False,False,False,False,False,False,False,False,True,False,1795
Qwen/Qwen3-8B,math500,43,376,True,True,192,False,192,24,216,3,True,192,False,192,24,216,3,True,0,False,False,False,True,False,True,False,False,False,False,False,False,False,True,3072
Qwen/Qwen3-8B,math500,43,378,True,True,320,False,320,20,340,5,True,704,False,704,44,748,11,True,384,False,False,False,True,False,True,False,False,False,False,False,True,False,False,4180
Qwen/Qwen3-8B,math500,43,379,True,True,832,False,832,142,974,13,True,512,False,512,71,583,8,True,-320,False,False,False,True,False,True,False,False,False,False,False,False,True,False,7941
Qwen/Qwen3-8B,math500,43,38,True,True,192,True,192,21,213,3,True,192,True,192,21,213,3,True,0,False,False,False,False,False,False,False,False,False,False,False,False,False,True,1432
Qwen/Qwen3-8B,math500,43,380,True,True,192,False,192,48,240,3,True,384,False,384,109,493,6,True,192,False,False,False,True,False,True,False,False,False,False,False,True,False,False,5177
Qwen/Qwen3-8B,math500,43,381,True,True,1280,False,1280,128,1408,20,True,576,True,576,49,625,9,True,-704,False,False,False,True,False,False,False,True,False,True,False,False,True,False,11330
Qwen/Qwen3-8B,math500,43,382,True,True,192,False,192,21,213,3,True,192,False,192,21,213,3,True,0,False,False,False,True,False,True,False,False,False,False,False,False,False,True,4542
Qwen/Qwen3-8B,math500,43,383,True,True,640,True,640,102,742,10,True,640,True,640,102,742,10,True,0,False,False,False,False,False,False,False,False,False,False,False,False,False,True,1855
Qwen/Qwen3-8B,math500,43,384,True,True,192,True,192,30,222,3,True,192,True,192,30,222,3,True,0,False,False,False,False,False,False,False,False,False,False,False,False,False,True,1501
Qwen/Qwen3-8B,math500,43,385,True,True,1280,True,1280,106,1386,20,True,1280,True,1280,101,1381,20,True,0,False,False,False,False,False,False,False,False,False,False,False,False,False,True,8127
Qwen/Qwen3-8B,math500,43,387,True,True,192,True,192,15,207,3,True,192,True,192,15,207,3,True,0,False,False,False,False,False,False,False,False,False,False,False,False,False,True,2458
Qwen/Qwen3-8B,math500,43,389,True,True,1024,True,1024,139,1163,16,True,960,True,960,130,1090,15,True,-64,False,False,False,False,False,False,False,False,False,False,False,False,True,False,3574
Qwen/Qwen3-8B,math500,43,39,True,True,192,False,192,15,207,3,True,256,False,256,20,276,4,True,64,False,False,False,True,False,True,False,False,False,False,False,True,False,False,2511
Qwen/Qwen3-8B,math500,43,391,True,True,192,False,192,12,204,3,True,192,False,192,12,204,3,True,0,False,False,False,True,False,True,False,False,False,False,False,False,False,True,4654
Qwen/Qwen3-8B,math500,43,392,False,True,192,False,192,15,207,3,True,192,False,192,15,207,3,True,0,False,False,False,False,False,False,False,False,False,False,False,False,False,True,16384
Qwen/Qwen3-8B,math500,43,394,True,True,576,False,576,36,612,9,True,256,False,256,16,272,4,True,-320,False,False,False,True,False,True,False,False,False,False,False,False,True,False,7377
Qwen/Qwen3-8B,math500,43,395,True,True,192,False,192,12,204,3,True,192,False,192,12,204,3,True,0,False,False,False,True,False,True,False,False,False,False,False,False,False,True,3561
Qwen/Qwen3-8B,math500,43,396,True,True,192,True,192,12,204,3,True,192,True,192,12,204,3,True,0,False,False,False,False,False,False,False,False,False,False,False,False,False,True,7189
Qwen/Qwen3-8B,math500,43,397,True,True,256,True,256,20,276,4,True,576,True,576,45,621,9,True,320,False,False,False,False,False,False,False,False,False,False,False,True,False,False,2472
Qwen/Qwen3-8B,math500,43,398,True,True,960,False,960,87,1047,15,True,256,False,256,19,275,4,True,-704,False,False,False,True,False,True,False,False,False,False,False,False,True,False,5585
Qwen/Qwen3-8B,math500,43,399,True,True,192,True,192,24,216,3,True,192,True,192,24,216,3,True,0,False,False,False,False,False,False,False,False,False,False,False,False,False,True,1545
Qwen/Qwen3-8B,math500,43,4,True,True,192,False,192,15,207,3,True,192,False,192,15,207,3,True,0,False,False,False,True,False,True,False,False,False,False,False,False,False,True,12154
Qwen/Qwen3-8B,math500,43,40,True,True,256,True,256,21,277,4,True,256,True,256,19,275,4,True,0,False,False,False,False,False,False,False,False,False,False,False,False,False,True,2019
Qwen/Qwen3-8B,math500,43,400,False,True,192,False,192,15,207,3,True,192,False,192,15,207,3,True,0,False,False,False,False,False,False,False,False,False,False,False,False,False,True,16384
Qwen/Qwen3-8B,math500,43,401,True,True,192,False,192,12,204,3,True,192,False,192,12,204,3,True,0,False,False,False,True,False,True,False,False,False,False,False,False,False,True,10513
Qwen/Qwen3-8B,math500,43,402,True,True,960,True,960,158,1118,15,True,960,True,960,121,1081,15,True,0,False,False,False,False,False,False,False,False,False,False,False,False,False,True,2921
Qwen/Qwen3-8B,math500,43,404,True,True,384,True,384,33,417,6,True,192,False,192,12,204,3,True,-192,False,False,False,False,False,True,False,False,True,False,True,False,True,False,1635
Qwen/Qwen3-8B,math500,43,405,True,True,192,True,192,15,207,3,True,192,True,192,15,207,3,True,0,False,False,False,False,False,False,False,False,False,False,False,False,False,True,2553
Qwen/Qwen3-8B,math500,43,406,True,True,192,True,192,12,204,3,True,192,True,192,12,204,3,True,0,False,False,False,False,False,False,False,False,False,False,False,False,False,True,3140
Qwen/Qwen3-8B,math500,43,407,True,True,192,True,192,12,204,3,True,192,True,192,12,204,3,True,0,False,False,False,False,False,False,False,False,False,False,False,False,False,True,2463
Qwen/Qwen3-8B,math500,43,408,True,True,1792,True,1792,587,2379,28,True,1792,True,1792,623,2415,28,True,0,False,False,False,False,False,False,False,False,False,False,False,False,False,True,6097
Qwen/Qwen3-8B,math500,43,410,True,True,832,True,832,57,889,13,True,768,True,768,48,816,12,True,-64,False,False,False,False,False,False,False,False,False,False,False,False,True,False,3749
Qwen/Qwen3-8B,math500,43,412,True,True,3136,True,3136,332,3468,49,True,320,False,320,30,350,5,True,-2816,False,False,False,False,False,True,False,False,True,False,True,False,True,False,8943
Qwen/Qwen3-8B,math500,43,415,True,True,256,False,256,16,272,4,True,576,False,576,36,612,9,True,320,False,False,False,True,False,True,False,False,False,False,False,True,False,False,6256
Qwen/Qwen3-8B,math500,43,416,True,True,320,False,320,34,354,5,True,320,False,320,68,388,5,True,0,False,False,False,True,False,True,False,False,False,False,False,False,False,True,9739
Qwen/Qwen3-8B,math500,43,417,True,True,1216,True,1216,236,1452,19,True,1152,True,1152,185,1337,18,True,-64,False,False,False,False,False,False,False,False,False,False,False,False,True,False,2564
Qwen/Qwen3-8B,math500,43,418,True,True,192,True,192,24,216,3,True,192,True,192,24,216,3,True,0,False,False,False,False,False,False,False,False,False,False,False,False,False,True,2243
Qwen/Qwen3-8B,math500,43,419,True,True,960,False,960,254,1214,15,True,960,False,960,269,1229,15,True,0,False,False,False,True,False,True,False,False,False,False,False,False,False,True,6794
Qwen/Qwen3-8B,math500,43,42,True,True,320,False,320,20,340,5,True,704,True,704,54,758,11,True,384,False,False,False,True,False,False,False,True,False,True,False,True,False,False,1734
Qwen/Qwen3-8B,math500,43,420,True,False,,True,4159,2001,6160,64,False,,True,4159,2027,6186,64,False,,False,False,True,False,False,False,False,False,False,False,False,False,False,False,4159
Qwen/Qwen3-8B,math500,43,422,False,True,896,False,896,148,1044,14,True,1216,False,1216,218,1434,19,True,320,False,False,False,False,False,False,False,False,False,False,False,True,False,False,15854
Qwen/Qwen3-8B,math500,43,423,True,True,704,False,704,74,778,11,True,640,False,640,70,710,10,True,-64,False,False,False,True,False,True,False,False,False,False,False,False,True,False,8253
Qwen/Qwen3-8B,math500,43,424,True,True,768,True,768,68,836,12,True,256,False,256,23,279,4,True,-512,False,False,False,False,False,True,False,False,True,False,True,False,True,False,2041
Qwen/Qwen3-8B,math500,43,427,True,True,512,True,512,46,558,8,True,384,True,384,30,414,6,True,-128,False,False,False,False,False,False,False,False,False,False,False,False,True,False,1795
Qwen/Qwen3-8B,math500,43,428,True,True,192,False,192,15,207,3,True,256,False,256,20,276,4,True,64,False,False,False,True,False,True,False,False,False,False,False,True,False,False,6935
Qwen/Qwen3-8B,math500,43,43,False,True,512,False,512,48,560,8,True,384,False,384,36,420,6,True,-128,False,False,False,False,False,False,False,False,False,False,False,False,True,False,16384
Qwen/Qwen3-8B,math500,43,430,True,True,192,True,192,18,210,3,True,192,True,192,18,210,3,True,0,False,False,False,False,False,False,False,False,False,False,False,False,False,True,1133
Qwen/Qwen3-8B,math500,43,431,True,True,192,False,192,48,240,3,True,192,False,192,48,240,3,True,0,False,False,False,True,False,True,False,False,False,False,False,False,False,True,6624
Qwen/Qwen3-8B,math500,43,433,True,True,192,True,192,30,222,3,True,192,True,192,30,222,3,True,0,False,False,False,False,False,False,False,False,False,False,False,False,False,True,3496
Qwen/Qwen3-8B,math500,43,435,True,True,192,True,192,57,249,3,True,192,True,192,57,249,3,True,0,False,False,False,False,False,False,False,False,False,False,False,False,False,True,2440
Qwen/Qwen3-8B,math500,43,436,True,True,192,False,192,12,204,3,True,192,False,192,12,204,3,True,0,False,False,False,True,False,True,False,False,False,False,False,False,False,True,5734
Qwen/Qwen3-8B,math500,43,437,True,True,192,False,192,12,204,3,True,320,False,320,20,340,5,True,128,False,False,False,True,False,True,False,False,False,False,False,True,False,False,2482
Qwen/Qwen3-8B,math500,43,438,True,True,192,False,192,12,204,3,True,192,False,192,12,204,3,True,0,False,False,False,True,False,True,False,False,False,False,False,False,False,True,4324
Qwen/Qwen3-8B,math500,43,44,True,True,320,False,320,35,355,5,True,576,True,576,63,639,9,True,256,False,False,False,True,False,False,False,True,False,True,False,True,False,False,1855
Qwen/Qwen3-8B,math500,43,441,True,True,576,True,576,54,630,9,True,576,True,576,56,632,9,True,0,False,False,False,False,False,False,False,False,False,False,False,False,False,True,1668
Qwen/Qwen3-8B,math500,43,443,True,True,448,True,448,34,482,7,True,448,True,448,35,483,7,True,0,False,False,False,False,False,False,False,False,False,False,False,False,False,True,2155
Qwen/Qwen3-8B,math500,43,444,False,True,960,False,960,173,1133,15,True,960,False,960,137,1097,15,True,0,False,False,False,False,False,False,False,False,False,False,False,False,False,True,16384
Qwen/Qwen3-8B,math500,43,445,True,True,448,False,448,28,476,7,True,192,False,192,12,204,3,True,-256,False,False,False,True,False,True,False,False,False,False,False,False,True,False,12005
Qwen/Qwen3-8B,math500,43,446,True,True,192,True,192,12,204,3,True,192,True,192,12,204,3,True,0,False,False,False,False,False,False,False,False,False,False,False,False,False,True,2763
Qwen/Qwen3-8B,math500,43,447,True,True,448,True,448,32,480,7,True,448,True,448,32,480,7,True,0,False,False,False,False,False,False,False,False,False,False,False,False,False,True,1621
Qwen/Qwen3-8B,math500,43,449,True,True,448,True,448,51,499,7,True,448,True,448,47,495,7,True,0,False,False,False,False,False,False,False,False,False,False,False,False,False,True,3730
Qwen/Qwen3-8B,math500,43,45,True,True,192,True,192,12,204,3,True,192,True,192,12,204,3,True,0,False,False,False,False,False,False,False,False,False,False,False,False,False,True,2354
Qwen/Qwen3-8B,math500,43,450,True,True,1536,True,1536,118,1654,24,True,1536,True,1536,117,1653,24,True,0,False,False,False,False,False,False,False,False,False,False,False,False,False,True,5505
Qwen/Qwen3-8B,math500,43,451,True,True,192,True,192,27,219,3,True,192,True,192,27,219,3,True,0,False,False,False,False,False,False,False,False,False,False,False,False,False,True,2914
Qwen/Qwen3-8B,math500,43,452,True,True,832,True,832,73,905,13,True,832,True,832,69,901,13,True,0,False,False,False,False,False,False,False,False,False,False,False,False,False,True,2969
Qwen/Qwen3-8B,math500,43,453,True,True,192,True,192,15,207,3,True,192,True,192,15,207,3,True,0,False,False,False,False,False,False,False,False,False,False,False,False,False,True,2092
Qwen/Qwen3-8B,math500,43,454,True,True,1344,False,1344,260,1604,21,True,448,False,448,77,525,7,True,-896,False,False,False,True,False,True,False,False,False,False,False,False,True,False,4374
Qwen/Qwen3-8B,math500,43,455,True,True,192,True,192,12,204,3,True,192,True,192,12,204,3,True,0,False,False,False,False,False,False,False,False,False,False,False,False,False,True,2336
Qwen/Qwen3-8B,math500,43,456,False,True,192,False,192,42,234,3,True,192,False,192,42,234,3,True,0,False,False,False,False,False,False,False,False,False,False,False,False,False,True,6466
Qwen/Qwen3-8B,math500,43,457,True,True,192,True,192,12,204,3,True,192,True,192,12,204,3,True,0,False,False,False,False,False,False,False,False,False,False,False,False,False,True,2449
Qwen/Qwen3-8B,math500,43,458,True,True,256,False,256,20,276,4,True,192,False,192,15,207,3,True,-64,False,False,False,True,False,True,False,False,False,False,False,False,True,False,3473
Qwen/Qwen3-8B,math500,43,459,True,True,1728,True,1728,220,1948,27,True,1344,False,1344,155,1499,21,True,-384,False,False,False,False,False,True,False,False,True,False,True,False,True,False,5091
Qwen/Qwen3-8B,math500,43,46,True,True,192,False,192,15,207,3,True,192,False,192,15,207,3,True,0,False,False,False,True,False,True,False,False,False,False,False,False,False,True,7999
Qwen/Qwen3-8B,math500,43,460,False,True,192,False,192,15,207,3,True,192,False,192,15,207,3,True,0,False,False,False,False,False,False,False,False,False,False,False,False,False,True,16384
Qwen/Qwen3-8B,math500,43,461,True,True,448,False,448,30,478,7,True,1344,True,1344,155,1499,21,True,896,False,False,False,True,False,False,False,True,False,True,False,True,False,False,3112
Qwen/Qwen3-8B,math500,43,463,True,True,192,True,192,12,204,3,True,192,True,192,12,204,3,True,0,False,False,False,False,False,False,False,False,False,False,False,False,False,True,1499
Qwen/Qwen3-8B,math500,43,464,True,True,192,False,192,12,204,3,True,192,False,192,12,204,3,True,0,False,False,False,True,False,True,False,False,False,False,False,False,False,True,3506
Qwen/Qwen3-8B,math500,43,466,True,True,256,False,256,22,278,4,True,192,False,192,18,210,3,True,-64,False,False,False,True,False,True,False,False,False,False,False,False,True,False,10472
Qwen/Qwen3-8B,math500,43,467,False,True,192,False,192,15,207,3,True,192,False,192,15,207,3,True,0,False,False,False,False,False,False,False,False,False,False,False,False,False,True,5325
Qwen/Qwen3-8B,math500,43,47,True,True,448,True,448,28,476,7,True,512,True,512,34,546,8,True,64,False,False,False,False,False,False,False,False,False,False,False,True,False,False,2080
Qwen/Qwen3-8B,math500,43,470,True,True,192,False,192,28,220,3,True,192,False,192,12,204,3,True,0,False,False,False,True,False,True,False,False,False,False,False,False,False,True,7009
Qwen/Qwen3-8B,math500,43,471,True,True,320,False,320,25,345,5,True,192,True,192,15,207,3,True,-128,False,False,False,True,False,False,False,True,False,True,False,False,True,False,2211
Qwen/Qwen3-8B,math500,43,472,True,True,448,True,448,77,525,7,True,448,True,448,78,526,7,True,0,False,False,False,False,False,False,False,False,False,False,False,False,False,True,1968
Qwen/Qwen3-8B,math500,43,473,True,True,192,False,192,12,204,3,True,192,False,192,12,204,3,True,0,False,False,False,True,False,True,False,False,False,False,False,False,False,True,4198
Qwen/Qwen3-8B,math500,43,476,True,True,192,False,192,18,210,3,True,192,False,192,18,210,3,True,0,False,False,False,True,False,True,False,False,False,False,False,False,False,True,2308
Qwen/Qwen3-8B,math500,43,477,True,True,192,True,192,12,204,3,True,192,True,192,12,204,3,True,0,False,False,False,False,False,False,False,False,False,False,False,False,False,True,3642
Qwen/Qwen3-8B,math500,43,478,True,True,192,False,192,12,204,3,True,192,False,192,12,204,3,True,0,False,False,False,True,False,True,False,False,False,False,False,False,False,True,13398
Qwen/Qwen3-8B,math500,43,48,True,True,192,True,192,26,218,3,True,192,True,192,26,218,3,True,0,False,False,False,False,False,False,False,False,False,False,False,False,False,True,1416
Qwen/Qwen3-8B,math500,43,480,True,True,192,True,192,12,204,3,True,192,True,192,12,204,3,True,0,False,False,False,False,False,False,False,False,False,False,False,False,False,True,4185
Qwen/Qwen3-8B,math500,43,481,True,True,1280,False,1280,418,1698,20,True,1024,False,1024,349,1373,16,True,-256,False,False,False,True,False,True,False,False,False,False,False,False,True,False,8374
Qwen/Qwen3-8B,math500,43,482,True,True,1344,True,1344,123,1467,21,True,832,False,832,70,902,13,True,-512,False,False,False,False,False,True,False,False,True,False,True,False,True,False,3786
Qwen/Qwen3-8B,math500,43,483,True,True,576,False,576,74,650,9,True,832,False,832,132,964,13,True,256,False,False,False,True,False,True,False,False,False,False,False,True,False,False,4491
Qwen/Qwen3-8B,math500,43,484,True,True,320,False,320,20,340,5,True,192,False,192,12,204,3,True,-128,False,False,False,True,False,True,False,False,False,False,False,False,True,False,5060
Qwen/Qwen3-8B,math500,43,485,True,True,576,False,576,45,621,9,True,320,False,320,25,345,5,True,-256,False,False,False,True,False,True,False,False,False,False,False,False,True,False,6115
Qwen/Qwen3-8B,math500,43,486,False,True,192,True,192,18,210,3,True,192,True,192,18,210,3,True,0,False,False,False,False,True,False,True,False,False,False,False,False,False,True,16384
Qwen/Qwen3-8B,math500,43,488,True,True,320,True,320,28,348,5,True,192,True,192,15,207,3,True,-128,False,False,False,False,False,False,False,False,False,False,False,False,True,False,1581
Qwen/Qwen3-8B,math500,43,489,True,True,256,False,256,26,282,4,True,768,False,768,80,848,12,True,512,False,False,False,True,False,True,False,False,False,False,False,True,False,False,6664
Qwen/Qwen3-8B,math500,43,49,True,True,512,True,512,40,552,8,True,512,True,512,49,561,8,True,0,False,False,False,False,False,False,False,False,False,False,False,False,False,True,1930
Qwen/Qwen3-8B,math500,43,490,True,True,1216,False,1216,88,1304,19,True,1408,True,1408,104,1512,22,True,192,False,False,False,True,False,False,False,True,False,True,False,True,False,False,13664
Qwen/Qwen3-8B,math500,43,491,True,True,384,False,384,34,418,6,True,320,False,320,29,349,5,True,-64,False,False,False,True,False,True,False,False,False,False,False,False,True,False,3776
Qwen/Qwen3-8B,math500,43,492,True,True,320,True,320,52,372,5,True,320,True,320,52,372,5,True,0,False,False,False,False,False,False,False,False,False,False,False,False,False,True,1779
Qwen/Qwen3-8B,math500,43,493,True,True,192,False,192,15,207,3,True,192,False,192,15,207,3,True,0,False,False,False,True,False,True,False,False,False,False,False,False,False,True,6869
Qwen/Qwen3-8B,math500,43,494,True,True,384,False,384,24,408,6,True,192,False,192,12,204,3,True,-192,False,False,False,True,False,True,False,False,False,False,False,False,True,False,12208
Qwen/Qwen3-8B,math500,43,495,True,True,1472,False,1472,578,2050,23,True,192,False,192,54,246,3,True,-1280,False,False,False,True,False,True,False,False,False,False,False,False,True,False,3732
Qwen/Qwen3-8B,math500,43,497,True,True,384,False,384,29,413,6,True,512,False,512,42,554,8,True,128,False,False,False,True,False,True,False,False,False,False,False,True,False,False,12808
Qwen/Qwen3-8B,math500,43,498,True,True,192,False,192,12,204,3,True,192,False,192,12,204,3,True,0,False,False,False,True,False,True,False,False,False,False,False,False,False,True,5482
Qwen/Qwen3-8B,math500,43,499,True,True,320,False,320,36,356,5,True,256,False,256,28,284,4,True,-64,False,False,False,True,False,True,False,False,False,False,False,False,True,False,8050
Qwen/Qwen3-8B,math500,43,5,True,True,192,True,192,15,207,3,True,192,True,192,15,207,3,True,0,False,False,False,False,False,False,False,False,False,False,False,False,False,True,2185
Qwen/Qwen3-8B,math500,43,50,True,True,1152,True,1152,103,1255,18,True,1152,True,1152,105,1257,18,True,0,False,False,False,False,False,False,False,False,False,False,False,False,False,True,4880
Qwen/Qwen3-8B,math500,43,51,True,True,1984,True,1984,345,2329,31,True,384,False,384,30,414,6,True,-1600,False,False,False,False,False,True,False,False,True,False,True,False,True,False,4118
Qwen/Qwen3-8B,math500,43,52,True,True,1024,True,1024,86,1110,16,True,896,True,896,80,976,14,True,-128,False,False,False,False,False,False,False,False,False,False,False,False,True,False,3379
Qwen/Qwen3-8B,math500,43,53,True,True,192,True,192,33,225,3,True,192,True,192,33,225,3,True,0,False,False,False,False,False,False,False,False,False,False,False,False,False,True,1956
Qwen/Qwen3-8B,math500,43,55,True,True,256,True,256,16,272,4,True,256,True,256,16,272,4,True,0,False,False,False,False,False,False,False,False,False,False,False,False,False,True,2683
Qwen/Qwen3-8B,math500,43,56,True,True,192,True,192,15,207,3,True,192,True,192,15,207,3,True,0,False,False,False,False,False,False,False,False,False,False,False,False,False,True,3374
Qwen/Qwen3-8B,math500,43,57,True,True,192,True,192,15,207,3,True,192,True,192,15,207,3,True,0,False,False,False,False,False,False,False,False,False,False,False,False,False,True,2301
Qwen/Qwen3-8B,math500,43,58,True,True,192,True,192,21,213,3,True,192,True,192,21,213,3,True,0,False,False,False,False,False,False,False,False,False,False,False,False,False,True,3786
Qwen/Qwen3-8B,math500,43,59,True,True,512,True,512,33,545,8,True,576,True,576,46,622,9,True,64,False,False,False,False,False,False,False,False,False,False,False,True,False,False,1843
Qwen/Qwen3-8B,math500,43,60,True,True,256,False,256,48,304,4,True,4736,False,4736,1077,5813,74,True,4480,False,False,False,True,False,True,False,False,False,False,False,True,False,False,14177
Qwen/Qwen3-8B,math500,43,61,True,True,576,False,576,46,622,9,True,448,False,448,37,485,7,True,-128,False,False,False,True,False,True,False,False,False,False,False,False,True,False,7430
Qwen/Qwen3-8B,math500,43,62,True,True,192,False,192,27,219,3,True,192,False,192,27,219,3,True,0,False,False,False,True,False,True,False,False,False,False,False,False,False,True,5636
Qwen/Qwen3-8B,math500,43,63,True,True,1664,True,1664,216,1880,26,True,1408,False,1408,164,1572,22,True,-256,False,False,False,False,False,True,False,False,True,False,True,False,True,False,4305
Qwen/Qwen3-8B,math500,43,64,False,True,192,False,192,12,204,3,True,192,False,192,12,204,3,True,0,False,False,False,False,False,False,False,False,False,False,False,False,False,True,16384
Qwen/Qwen3-8B,math500,43,66,True,True,192,False,192,54,246,3,True,2944,True,2944,412,3356,46,True,2752,False,False,False,True,False,False,False,True,False,True,False,True,False,False,3232
Qwen/Qwen3-8B,math500,43,68,True,True,768,False,768,60,828,12,True,448,False,448,36,484,7,True,-320,False,False,False,True,False,True,False,False,False,False,False,False,True,False,3924
Qwen/Qwen3-8B,math500,43,69,True,True,192,False,192,12,204,3,True,192,False,192,12,204,3,True,0,False,False,False,True,False,True,False,False,False,False,False,False,False,True,4777
Qwen/Qwen3-8B,math500,43,7,True,True,192,False,192,19,211,3,True,192,False,192,21,213,3,True,0,False,False,False,True,False,True,False,False,False,False,False,False,False,True,4905
Qwen/Qwen3-8B,math500,43,70,False,True,192,True,192,21,213,3,True,192,True,192,21,213,3,True,0,False,False,False,False,True,False,True,False,False,False,False,False,False,True,2977
Qwen/Qwen3-8B,math500,43,71,False,True,256,False,256,30,286,4,True,192,False,192,21,213,3,True,-64,False,False,False,False,False,False,False,False,False,False,False,False,True,False,10685
Qwen/Qwen3-8B,math500,43,72,True,True,192,False,192,12,204,3,True,320,True,320,20,340,5,True,128,False,False,False,True,False,False,False,True,False,True,False,True,False,False,2195
Qwen/Qwen3-8B,math500,43,73,True,True,448,True,448,74,522,7,True,448,True,448,92,540,7,True,0,False,False,False,False,False,False,False,False,False,False,False,False,False,True,2196
Qwen/Qwen3-8B,math500,43,74,True,True,256,False,256,16,272,4,True,256,False,256,16,272,4,True,0,False,False,False,True,False,True,False,False,False,False,False,False,False,True,1681
Qwen/Qwen3-8B,math500,43,75,True,True,896,False,896,91,987,14,True,1792,False,1792,183,1975,28,True,896,False,False,False,True,False,True,False,False,False,False,False,True,False,False,4823
Qwen/Qwen3-8B,math500,43,76,True,True,192,True,192,12,204,3,True,192,True,192,12,204,3,True,0,False,False,False,False,False,False,False,False,False,False,False,False,False,True,4300
Qwen/Qwen3-8B,math500,43,78,True,True,448,False,448,56,504,7,True,576,False,576,72,648,9,True,128,False,False,False,True,False,True,False,False,False,False,False,True,False,False,3052
Qwen/Qwen3-8B,math500,43,79,True,True,192,True,192,12,204,3,True,192,True,192,12,204,3,True,0,False,False,False,False,False,False,False,False,False,False,False,False,False,True,1437
Qwen/Qwen3-8B,math500,43,8,True,True,320,False,320,40,360,5,True,576,True,576,95,671,9,True,256,False,False,False,True,False,False,False,True,False,True,False,True,False,False,1980
Qwen/Qwen3-8B,math500,43,80,True,True,448,False,448,46,494,7,True,960,False,960,69,1029,15,True,512,False,False,False,True,False,True,False,False,False,False,False,True,False,False,9195
Qwen/Qwen3-8B,math500,43,82,True,True,320,False,320,20,340,5,True,256,False,256,16,272,4,True,-64,False,False,False,True,False,True,False,False,False,False,False,False,True,False,12315
Qwen/Qwen3-8B,math500,43,83,True,True,192,True,192,12,204,3,True,192,True,192,12,204,3,True,0,False,False,False,False,False,False,False,False,False,False,False,False,False,True,5563
Qwen/Qwen3-8B,math500,43,84,True,True,1280,False,1280,134,1414,20,True,384,False,384,24,408,6,True,-896,False,False,False,True,False,True,False,False,False,False,False,False,True,False,4029
Qwen/Qwen3-8B,math500,43,85,True,True,384,False,384,28,412,6,True,320,True,320,32,352,5,True,-64,False,False,False,True,False,False,False,True,False,True,False,False,True,False,2098
Qwen/Qwen3-8B,math500,43,86,True,True,192,True,192,18,210,3,True,192,True,192,18,210,3,True,0,False,False,False,False,False,False,False,False,False,False,False,False,False,True,1573
Qwen/Qwen3-8B,math500,43,87,True,True,192,False,192,12,204,3,True,192,False,192,12,204,3,True,0,False,False,False,True,False,True,False,False,False,False,False,False,False,True,2914
Qwen/Qwen3-8B,math500,43,88,True,True,576,True,576,36,612,9,True,768,True,768,54,822,12,True,192,False,False,False,False,False,False,False,False,False,False,False,True,False,False,8999
Qwen/Qwen3-8B,math500,43,89,True,True,192,True,192,15,207,3,True,192,True,192,15,207,3,True,0,False,False,False,False,False,False,False,False,False,False,False,False,False,True,3943
Qwen/Qwen3-8B,math500,43,9,False,True,384,True,384,24,408,6,True,256,True,256,18,274,4,True,-128,False,False,False,False,True,False,True,False,False,False,False,False,True,False,16384
Qwen/Qwen3-8B,math500,43,90,True,True,384,False,384,55,439,6,True,192,False,192,31,223,3,True,-192,False,False,False,True,False,True,False,False,False,False,False,False,True,False,2825
Qwen/Qwen3-8B,math500,43,91,True,True,192,False,192,12,204,3,True,320,True,320,20,340,5,True,128,False,False,False,True,False,False,False,True,False,True,False,True,False,False,3997
Qwen/Qwen3-8B,math500,43,92,True,True,1024,True,1024,171,1195,16,True,448,False,448,57,505,7,True,-576,False,False,False,False,False,True,False,False,True,False,True,False,True,False,4459
Qwen/Qwen3-8B,math500,43,93,True,True,832,True,832,79,911,13,True,512,False,512,40,552,8,True,-320,False,False,False,False,False,True,False,False,True,False,True,False,True,False,2766
Qwen/Qwen3-8B,math500,43,94,True,True,192,True,192,15,207,3,True,192,True,192,15,207,3,True,0,False,False,False,False,False,False,False,False,False,False,False,False,False,True,12124
Qwen/Qwen3-8B,math500,43,95,True,True,640,False,640,52,692,10,True,576,False,576,51,627,9,True,-64,False,False,False,True,False,True,False,False,False,False,False,False,True,False,2372
Qwen/Qwen3-8B,math500,43,96,False,True,320,False,320,20,340,5,True,320,False,320,24,344,5,True,0,False,False,False,False,False,False,False,False,False,False,False,False,False,True,8786
Qwen/Qwen3-8B,math500,43,97,True,True,192,False,192,12,204,3,True,512,True,512,32,544,8,True,320,False,False,False,True,False,False,False,True,False,True,False,True,False,False,4020
Qwen/Qwen3-8B,math500,43,98,True,True,192,True,192,24,216,3,True,192,True,192,24,216,3,True,0,False,False,False,False,False,False,False,False,False,False,False,False,False,True,1558
Qwen/Qwen3-8B,math500,43,99,True,False,,True,6520,2890,9410,101,True,256,False,256,92,348,4,False,,False,True,False,False,False,True,False,False,True,False,True,False,False,False,6520
Qwen/Qwen3-8B,math500,47,101,True,True,512,False,512,48,560,8,True,320,False,320,30,350,5,True,-192,False,False,False,True,False,True,False,False,False,False,False,False,True,False,16384
Qwen/Qwen3-8B,math500,47,102,True,True,192,True,192,42,234,3,True,192,True,192,42,234,3,True,0,False,False,False,False,False,False,False,False,False,False,False,False,False,True,1290
Qwen/Qwen3-8B,math500,47,103,False,True,256,False,256,20,276,4,True,192,False,192,12,204,3,True,-64,False,False,False,False,False,False,False,False,False,False,False,False,True,False,16384
Qwen/Qwen3-8B,math500,47,104,True,True,192,True,192,15,207,3,True,512,False,512,36,548,8,True,320,False,False,False,False,False,True,False,False,True,False,True,True,False,False,12915
Qwen/Qwen3-8B,math500,47,106,True,True,192,True,192,22,214,3,True,192,True,192,18,210,3,True,0,False,False,False,False,False,False,False,False,False,False,False,False,False,True,4534
Qwen/Qwen3-8B,math500,47,114,True,True,1152,True,1152,114,1266,18,True,256,False,256,20,276,4,True,-896,False,False,False,False,False,True,False,False,True,False,True,False,True,False,2230
Qwen/Qwen3-8B,math500,47,115,True,True,448,True,448,46,494,7,True,448,True,448,45,493,7,True,0,False,False,False,False,False,False,False,False,False,False,False,False,False,True,1969
Qwen/Qwen3-8B,math500,47,119,True,True,448,False,448,29,477,7,True,320,False,320,21,341,5,True,-128,False,False,False,True,False,True,False,False,False,False,False,False,True,False,10731
Qwen/Qwen3-8B,math500,47,121,True,True,192,True,192,12,204,3,True,192,True,192,12,204,3,True,0,False,False,False,False,False,False,False,False,False,False,False,False,False,True,2293
Qwen/Qwen3-8B,math500,47,123,True,True,192,False,192,12,204,3,True,192,False,192,12,204,3,True,0,False,False,False,True,False,True,False,False,False,False,False,False,False,True,16272
Qwen/Qwen3-8B,math500,47,125,True,True,256,False,256,16,272,4,True,192,False,192,12,204,3,True,-64,False,False,False,True,False,True,False,False,False,False,False,False,True,False,2144
Qwen/Qwen3-8B,math500,47,13,True,True,192,True,192,12,204,3,True,192,True,192,12,204,3,True,0,False,False,False,False,False,False,False,False,False,False,False,False,False,True,1450
Qwen/Qwen3-8B,math500,47,131,True,True,192,False,192,15,207,3,True,192,False,192,15,207,3,True,0,False,False,False,True,False,True,False,False,False,False,False,False,False,True,3445
Qwen/Qwen3-8B,math500,47,134,True,True,1024,True,1024,140,1164,16,True,448,False,448,69,517,7,True,-576,False,False,False,False,False,True,False,False,True,False,True,False,True,False,5096
Qwen/Qwen3-8B,math500,47,137,True,True,576,True,576,69,645,9,True,768,True,768,94,862,12,True,192,False,False,False,False,False,False,False,False,False,False,False,True,False,False,3832
Qwen/Qwen3-8B,math500,47,143,True,True,512,False,512,75,587,8,True,640,False,640,84,724,10,True,128,False,False,False,True,False,True,False,False,False,False,False,True,False,False,3509
Qwen/Qwen3-8B,math500,47,146,True,True,192,False,192,12,204,3,True,192,False,192,12,204,3,True,0,False,False,False,True,False,True,False,False,False,False,False,False,False,True,2764
Qwen/Qwen3-8B,math500,47,147,True,True,192,False,192,15,207,3,True,320,True,320,25,345,5,True,128,False,False,False,True,False,False,False,True,False,True,False,True,False,False,10541
Qwen/Qwen3-8B,math500,47,148,True,True,192,True,192,15,207,3,True,320,True,320,24,344,5,True,128,False,False,False,False,False,False,False,False,False,False,False,True,False,False,1784
Qwen/Qwen3-8B,math500,47,157,True,True,384,False,384,24,408,6,True,192,False,192,12,204,3,True,-192,False,False,False,True,False,True,False,False,False,False,False,False,True,False,3405
Qwen/Qwen3-8B,math500,47,160,True,True,192,True,192,15,207,3,True,192,True,192,15,207,3,True,0,False,False,False,False,False,False,False,False,False,False,False,False,False,True,2243
Qwen/Qwen3-8B,math500,47,162,True,True,1088,False,1088,107,1195,17,True,768,True,768,83,851,12,True,-320,False,False,False,True,False,False,False,True,False,True,False,False,True,False,3609
Qwen/Qwen3-8B,math500,47,17,True,True,192,False,192,12,204,3,True,192,False,192,12,204,3,True,0,False,False,False,True,False,True,False,False,False,False,False,False,False,True,8518
Qwen/Qwen3-8B,math500,47,182,True,True,192,True,192,21,213,3,True,192,True,192,21,213,3,True,0,False,False,False,False,False,False,False,False,False,False,False,False,False,True,1748
Qwen/Qwen3-8B,math500,47,187,True,True,192,False,192,12,204,3,True,192,False,192,12,204,3,True,0,False,False,False,True,False,True,False,False,False,False,False,False,False,True,1467
Qwen/Qwen3-8B,math500,47,188,True,True,192,False,192,12,204,3,True,256,False,256,16,272,4,True,64,False,False,False,True,False,True,False,False,False,False,False,True,False,False,4519
Qwen/Qwen3-8B,math500,47,19,True,True,320,True,320,28,348,5,True,256,True,256,20,276,4,True,-64,False,False,False,False,False,False,False,False,False,False,False,False,True,False,7311
Qwen/Qwen3-8B,math500,47,191,True,True,192,True,192,12,204,3,True,192,True,192,12,204,3,True,0,False,False,False,False,False,False,False,False,False,False,False,False,False,True,1256
Qwen/Qwen3-8B,math500,47,198,True,True,192,False,192,21,213,3,True,320,True,320,39,359,5,True,128,False,False,False,True,False,False,False,True,False,True,False,True,False,False,2896
Qwen/Qwen3-8B,math500,47,199,True,True,512,True,512,40,552,8,True,512,True,512,40,552,8,True,0,False,False,False,False,False,False,False,False,False,False,False,False,False,True,1188
Qwen/Qwen3-8B,math500,47,200,True,True,320,False,320,25,345,5,True,704,True,704,55,759,11,True,384,False,False,False,True,False,False,False,True,False,True,False,True,False,False,3548
Qwen/Qwen3-8B,math500,47,202,True,True,512,True,512,69,581,8,True,448,True,448,65,513,7,True,-64,False,False,False,False,False,False,False,False,False,False,False,False,True,False,5573
Qwen/Qwen3-8B,math500,47,204,False,True,192,False,192,15,207,3,True,192,False,192,15,207,3,True,0,False,False,False,False,False,False,False,False,False,False,False,False,False,True,16384
Qwen/Qwen3-8B,math500,47,217,True,True,192,False,192,33,225,3,True,192,False,192,33,225,3,True,0,False,False,False,True,False,True,False,False,False,False,False,False,False,True,13455
Qwen/Qwen3-8B,math500,47,220,True,True,192,False,192,12,204,3,True,192,False,192,12,204,3,True,0,False,False,False,True,False,True,False,False,False,False,False,False,False,True,3135
Qwen/Qwen3-8B,math500,47,221,True,True,896,True,896,79,975,14,True,896,True,896,82,978,14,True,0,False,False,False,False,False,False,False,False,False,False,False,False,False,True,6051
Qwen/Qwen3-8B,math500,47,223,True,True,1152,False,1152,156,1308,18,True,1024,False,1024,159,1183,16,True,-128,False,False,False,True,False,True,False,False,False,False,False,False,True,False,8839
Qwen/Qwen3-8B,math500,47,224,True,True,320,False,320,32,352,5,True,192,False,192,12,204,3,True,-128,False,False,False,True,False,True,False,False,False,False,False,False,True,False,5839
Qwen/Qwen3-8B,math500,47,227,True,True,192,True,192,12,204,3,True,192,True,192,12,204,3,True,0,False,False,False,False,False,False,False,False,False,False,False,False,False,True,1579
Qwen/Qwen3-8B,math500,47,230,True,True,256,False,256,16,272,4,True,512,False,512,32,544,8,True,256,False,False,False,True,False,True,False,False,False,False,False,True,False,False,4605
Qwen/Qwen3-8B,math500,47,232,True,True,192,False,192,12,204,3,True,192,False,192,12,204,3,True,0,False,False,False,True,False,True,False,False,False,False,False,False,False,True,7492
Qwen/Qwen3-8B,math500,47,239,False,True,768,False,768,60,828,12,True,384,False,384,30,414,6,True,-384,False,False,False,False,False,False,False,False,False,False,False,False,True,False,16384
Qwen/Qwen3-8B,math500,47,246,True,True,192,True,192,12,204,3,True,192,True,192,12,204,3,True,0,False,False,False,False,False,False,False,False,False,False,False,False,False,True,2644
Qwen/Qwen3-8B,math500,47,255,True,True,192,True,192,12,204,3,True,192,True,192,12,204,3,True,0,False,False,False,False,False,False,False,False,False,False,False,False,False,True,2575
Qwen/Qwen3-8B,math500,47,256,True,True,896,False,896,110,1006,14,True,832,True,832,125,957,13,True,-64,False,False,False,True,False,False,False,True,False,True,False,False,True,False,3145
Qwen/Qwen3-8B,math500,47,272,True,True,192,False,192,21,213,3,True,256,False,256,28,284,4,True,64,False,False,False,True,False,True,False,False,False,False,False,True,False,False,4748
Qwen/Qwen3-8B,math500,47,276,True,True,192,False,192,15,207,3,True,704,True,704,52,756,11,True,512,False,False,False,True,False,False,False,True,False,True,False,True,False,False,6775
Qwen/Qwen3-8B,math500,47,292,True,True,192,False,192,12,204,3,True,192,False,192,12,204,3,True,0,False,False,False,True,False,True,False,False,False,False,False,False,False,True,10463
Qwen/Qwen3-8B,math500,47,301,True,True,1792,True,1792,165,1957,28,True,704,False,704,66,770,11,True,-1088,False,False,False,False,False,True,False,False,True,False,True,False,True,False,8432
Qwen/Qwen3-8B,math500,47,302,True,True,192,True,192,12,204,3,True,192,True,192,12,204,3,True,0,False,False,False,False,False,False,False,False,False,False,False,False,False,True,10698
Qwen/Qwen3-8B,math500,47,303,True,True,192,True,192,15,207,3,True,192,True,192,15,207,3,True,0,False,False,False,False,False,False,False,False,False,False,False,False,False,True,10226
Qwen/Qwen3-8B,math500,47,305,True,True,576,False,576,39,615,9,True,192,False,192,12,204,3,True,-384,False,False,False,True,False,True,False,False,False,False,False,False,True,False,2375
Qwen/Qwen3-8B,math500,47,307,True,True,192,True,192,30,222,3,True,192,True,192,30,222,3,True,0,False,False,False,False,False,False,False,False,False,False,False,False,False,True,3874
Qwen/Qwen3-8B,math500,47,313,True,True,320,True,320,37,357,5,True,320,True,320,33,353,5,True,0,False,False,False,False,False,False,False,False,False,False,False,False,False,True,1910
Qwen/Qwen3-8B,math500,47,317,True,True,192,False,192,12,204,3,True,320,False,320,20,340,5,True,128,False,False,False,True,False,True,False,False,False,False,False,True,False,False,5707
Qwen/Qwen3-8B,math500,47,329,True,True,448,True,448,30,478,7,True,384,True,384,24,408,6,True,-64,False,False,False,False,False,False,False,False,False,False,False,False,True,False,1572
Qwen/Qwen3-8B,math500,47,330,True,True,640,False,640,104,744,10,True,704,False,704,107,811,11,True,64,False,False,False,True,False,True,False,False,False,False,False,True,False,False,4299
Qwen/Qwen3-8B,math500,47,337,True,True,192,True,192,12,204,3,True,448,False,448,28,476,7,True,256,False,False,False,False,False,True,False,False,True,False,True,True,False,False,2525
Qwen/Qwen3-8B,math500,47,34,True,True,320,False,320,21,341,5,True,192,False,192,12,204,3,True,-128,False,False,False,True,False,True,False,False,False,False,False,False,True,False,4571
Qwen/Qwen3-8B,math500,47,349,True,True,256,False,256,27,283,4,True,832,False,832,80,912,13,True,576,False,False,False,True,False,True,False,False,False,False,False,True,False,False,13358
Qwen/Qwen3-8B,math500,47,356,True,True,832,True,832,236,1068,13,True,640,True,640,152,792,10,True,-192,False,False,False,False,False,False,False,False,False,False,False,False,True,False,4130
Qwen/Qwen3-8B,math500,47,360,True,True,384,False,384,24,408,6,True,192,False,192,12,204,3,True,-192,False,False,False,True,False,True,False,False,False,False,False,False,True,False,4655
Qwen/Qwen3-8B,math500,47,363,True,True,192,True,192,12,204,3,True,192,True,192,12,204,3,True,0,False,False,False,False,False,False,False,False,False,False,False,False,False,True,1775
Qwen/Qwen3-8B,math500,47,375,True,True,1024,True,1024,114,1138,16,True,1024,True,1024,109,1133,16,True,0,False,False,False,False,False,False,False,False,False,False,False,False,False,True,2494
Qwen/Qwen3-8B,math500,47,377,True,True,192,True,192,12,204,3,True,192,True,192,12,204,3,True,0,False,False,False,False,False,False,False,False,False,False,False,False,False,True,5285
Qwen/Qwen3-8B,math500,47,386,True,True,320,True,320,25,345,5,True,768,True,768,60,828,12,True,448,False,False,False,False,False,False,False,False,False,False,False,True,False,False,3435
Qwen/Qwen3-8B,math500,47,388,True,True,192,False,192,12,204,3,True,512,True,512,38,550,8,True,320,False,False,False,True,False,False,False,True,False,True,False,True,False,False,2936
Qwen/Qwen3-8B,math500,47,390,True,True,960,False,960,76,1036,15,True,256,False,256,20,276,4,True,-704,False,False,False,True,False,True,False,False,False,False,False,False,True,False,6165
Qwen/Qwen3-8B,math500,47,393,True,True,192,True,192,26,218,3,True,320,True,320,38,358,5,True,128,False,False,False,False,False,False,False,False,False,False,False,True,False,False,1890
Qwen/Qwen3-8B,math500,47,403,True,True,192,False,192,12,204,3,True,192,False,192,12,204,3,True,0,False,False,False,True,False,True,False,False,False,False,False,False,False,True,7520
Qwen/Qwen3-8B,math500,47,409,True,True,1344,True,1344,173,1517,21,True,1152,True,1152,151,1303,18,True,-192,False,False,False,False,False,False,False,False,False,False,False,False,True,False,4900
Qwen/Qwen3-8B,math500,47,41,True,True,960,False,960,75,1035,15,True,1472,True,1472,115,1587,23,True,512,False,False,False,True,False,False,False,True,False,True,False,True,False,False,9473
Qwen/Qwen3-8B,math500,47,411,True,True,192,True,192,15,207,3,True,192,True,192,15,207,3,True,0,False,False,False,False,False,False,False,False,False,False,False,False,False,True,1601
Qwen/Qwen3-8B,math500,47,413,True,True,192,True,192,21,213,3,True,192,True,192,21,213,3,True,0,False,False,False,False,False,False,False,False,False,False,False,False,False,True,2512
Qwen/Qwen3-8B,math500,47,414,True,True,832,True,832,59,891,13,True,192,True,192,15,207,3,True,-640,False,False,False,False,False,False,False,False,False,False,False,False,True,False,1623
Qwen/Qwen3-8B,math500,47,421,True,True,960,False,960,147,1107,15,True,896,False,896,112,1008,14,True,-64,False,False,False,True,False,True,False,False,False,False,False,False,True,False,13016
Qwen/Qwen3-8B,math500,47,425,True,True,512,False,512,196,708,8,True,448,False,448,159,607,7,True,-64,False,False,False,True,False,True,False,False,False,False,False,False,True,False,13777
Qwen/Qwen3-8B,math500,47,426,True,True,192,False,192,12,204,3,True,192,False,192,12,204,3,True,0,False,False,False,True,False,True,False,False,False,False,False,False,False,True,2459
Qwen/Qwen3-8B,math500,47,429,True,True,1280,True,1280,188,1468,20,True,1280,True,1280,204,1484,20,True,0,False,False,False,False,False,False,False,False,False,False,False,False,False,True,6476
Qwen/Qwen3-8B,math500,47,432,True,True,192,False,192,12,204,3,True,192,False,192,12,204,3,True,0,False,False,False,True,False,True,False,False,False,False,False,False,False,True,8936
Qwen/Qwen3-8B,math500,47,434,True,True,192,False,192,15,207,3,True,192,False,192,15,207,3,True,0,False,False,False,True,False,True,False,False,False,False,False,False,False,True,3571
Qwen/Qwen3-8B,math500,47,439,True,True,384,False,384,80,464,6,True,192,False,192,96,288,3,True,-192,False,False,False,True,False,True,False,False,False,False,False,False,True,False,4052
Qwen/Qwen3-8B,math500,47,440,True,True,704,True,704,124,828,11,True,704,True,704,136,840,11,True,0,False,False,False,False,False,False,False,False,False,False,False,False,False,True,1997
Qwen/Qwen3-8B,math500,47,442,True,True,640,True,640,58,698,10,True,448,True,448,36,484,7,True,-192,False,False,False,False,False,False,False,False,False,False,False,False,True,False,2697
Qwen/Qwen3-8B,math500,47,448,True,True,256,False,256,19,275,4,True,192,False,192,15,207,3,True,-64,False,False,False,True,False,True,False,False,False,False,False,False,True,False,3943
Qwen/Qwen3-8B,math500,47,462,True,True,704,False,704,59,763,11,True,256,False,256,17,273,4,True,-448,False,False,False,True,False,True,False,False,False,False,False,False,True,False,5867
Qwen/Qwen3-8B,math500,47,465,True,True,512,True,512,43,555,8,True,192,False,192,15,207,3,True,-320,False,False,False,False,False,True,False,False,True,False,True,False,True,False,5008
Qwen/Qwen3-8B,math500,47,468,True,True,192,False,192,12,204,3,True,448,True,448,29,477,7,True,256,False,False,False,True,False,False,False,True,False,True,False,True,False,False,3074
Qwen/Qwen3-8B,math500,47,469,True,True,192,True,192,15,207,3,True,192,True,192,15,207,3,True,0,False,False,False,False,False,False,False,False,False,False,False,False,False,True,3938
Qwen/Qwen3-8B,math500,47,474,True,True,192,False,192,12,204,3,True,256,False,256,16,272,4,True,64,False,False,False,True,False,True,False,False,False,False,False,True,False,False,3245
Qwen/Qwen3-8B,math500,47,475,True,True,1408,False,1408,108,1516,22,True,3264,True,3264,316,3580,51,True,1856,False,False,False,True,False,False,False,True,False,True,False,True,False,False,5759
Qwen/Qwen3-8B,math500,47,479,True,True,192,False,192,12,204,3,True,448,True,448,28,476,7,True,256,False,False,False,True,False,False,False,True,False,True,False,True,False,False,2727
Qwen/Qwen3-8B,math500,47,487,True,True,192,False,192,12,204,3,True,192,False,192,12,204,3,True,0,False,False,False,True,False,True,False,False,False,False,False,False,False,True,2676
Qwen/Qwen3-8B,math500,47,496,True,True,192,False,192,12,204,3,True,192,False,192,12,204,3,True,0,False,False,False,True,False,True,False,False,False,False,False,False,False,True,2508
Qwen/Qwen3-8B,math500,47,54,True,True,192,True,192,21,213,3,True,192,True,192,21,213,3,True,0,False,False,False,False,False,False,False,False,False,False,False,False,False,True,1431
Qwen/Qwen3-8B,math500,47,6,True,True,192,False,192,15,207,3,True,192,False,192,12,204,3,True,0,False,False,False,True,False,True,False,False,False,False,False,False,False,True,4815
Qwen/Qwen3-8B,math500,47,65,True,True,192,True,192,12,204,3,True,192,True,192,12,204,3,True,0,False,False,False,False,False,False,False,False,False,False,False,False,False,True,1647
Qwen/Qwen3-8B,math500,47,67,True,True,704,True,704,67,771,11,True,192,False,192,21,213,3,True,-512,False,False,False,False,False,True,False,False,True,False,True,False,True,False,3310
Qwen/Qwen3-8B,math500,47,77,True,True,192,True,192,12,204,3,True,192,True,192,12,204,3,True,0,False,False,False,False,False,False,False,False,False,False,False,False,False,True,1627
Qwen/Qwen3-8B,math500,47,81,True,True,640,True,640,40,680,10,True,256,False,256,16,272,4,True,-384,False,False,False,False,False,True,False,False,True,False,True,False,True,False,1837
