split,aggregation,family,parameter,model_key,n,accuracy_pct,baseline_accuracy_pct,accuracy_drop_pp,all_generated_token_saving_pct,stop_rate_pct,stop_accuracy_pct,false_stop_ratio_pct,harm_count,rescue_count,harm_rescue_ratio,avg_attempts,total_baseline_tokens,total_method_tokens,benchmark,seed
train,per_model,deer_confidence,0.9,deepseek,1026,63.74269005847953,73.78167641325535,10.038986354775828,32.85289351884928,64.03508771929825,64.84018264840182,35.15981735159817,131,28,4.678571428571429,2.254385964912281,4898914,3289479,,
train,per_model,deer_confidence,0.9,qwen3,1026,68.42105263157895,76.12085769980507,7.699805068226121,48.42802341438985,86.1598440545809,74.32126696832579,25.67873303167421,117,38,3.0789473684210527,8.257309941520468,6309795,3254086,,
train,per_benchmark,deer_confidence,0.9,,108,49.074074074074076,55.55555555555556,6.481481481481482,12.382363900910267,33.333333333333336,72.22222222222223,27.77777777777778,7,0,inf,12.944444444444445,1661161,1455470,aime24,
train,per_benchmark,deer_confidence,0.9,,144,82.63888888888889,84.02777777777777,1.3888888888888888,27.837307954126008,61.80555555555556,91.01123595505618,8.98876404494382,5,3,1.6666666666666667,8.04861111111111,1078258,778100,amc23,
train,per_benchmark,deer_confidence,0.9,,1800,65.77777777777777,75.38888888888889,9.61111111111111,49.11031503231086,78.66666666666667,68.92655367231639,31.073446327683616,236,63,3.746031746031746,4.571111111111111,8469290,4309995,math500,
train,per_seed,deer_confidence,0.9,,684,66.66666666666667,75.0,8.333333333333334,39.64570446129147,74.41520467836257,71.11984282907662,28.88015717092338,78,21,3.7142857142857144,5.334795321637427,3741114,2257923,,42
train,per_seed,deer_confidence,0.9,,684,64.61988304093568,74.70760233918129,10.087719298245615,43.59923743182585,75.58479532163743,69.24564796905223,30.754352030947775,88,19,4.631578947368421,5.109649122807017,3746288,2112935,,43
train,per_seed,deer_confidence,0.9,,684,66.95906432748538,75.14619883040936,8.187134502923977,41.614411280767754,75.29239766081871,70.48543689320388,29.514563106796118,82,26,3.1538461538461537,5.323099415204679,3721307,2172707,,44
train,per_environment,deer_confidence,0.9,deepseek,18,27.77777777777778,33.333333333333336,5.555555555555555,12.203202293175796,27.77777777777778,60.0,40.0,1,0,inf,5.0,309091,271372,aime24,42
train,per_environment,deer_confidence,0.9,deepseek,18,44.44444444444444,44.44444444444444,0.0,0.6772017974179948,5.555555555555555,100.0,0.0,0,0,inf,5.5,252362,250653,aime24,43
train,per_environment,deer_confidence,0.9,deepseek,18,50.0,50.0,0.0,4.423883297176718,16.666666666666668,66.66666666666667,33.333333333333336,0,0,inf,4.222222222222222,260902,249360,aime24,44
train,per_environment,deer_confidence,0.9,deepseek,24,87.5,91.66666666666667,4.166666666666667,13.290965078949093,54.166666666666664,92.3076923076923,7.6923076923076925,1,0,inf,2.9166666666666665,152630,132344,amc23,42
train,per_environment,deer_confidence,0.9,deepseek,24,66.66666666666667,70.83333333333333,4.166666666666667,19.56809571932707,37.5,77.77777777777777,22.22222222222222,1,0,inf,2.875,185041,148832,amc23,43
train,per_environment,deer_confidence,0.9,deepseek,24,79.16666666666667,87.5,8.333333333333334,9.295188623779712,37.5,77.77777777777777,22.22222222222222,2,0,inf,3.7916666666666665,154779,140392,amc23,44
train,per_environment,deer_confidence,0.9,deepseek,300,64.66666666666667,74.33333333333333,9.666666666666666,33.450729676848496,64.0,65.10416666666667,34.895833333333336,37,8,4.625,2.0233333333333334,1203615,800997,math500,42
train,per_environment,deer_confidence,0.9,deepseek,300,63.0,75.0,12.0,48.128518757348026,71.0,62.44131455399061,37.55868544600939,45,9,5.0,1.93,1175486,609742,math500,43
train,per_environment,deer_confidence,0.9,deepseek,300,64.33333333333333,75.33333333333333,11.0,43.088593602698076,70.66666666666667,64.15094339622641,35.84905660377358,44,11,4.0,2.1066666666666665,1205008,685787,math500,44
train,per_environment,deer_confidence,0.9,qwen3,18,66.66666666666667,77.77777777777777,11.11111111111111,23.239063501532055,55.55555555555556,80.0,20.0,2,0,inf,21.555555555555557,269899,207177,aime24,42
train,per_environment,deer_confidence,0.9,qwen3,18,38.888888888888886,55.55555555555556,16.666666666666668,17.00339095194773,50.0,66.66666666666667,33.333333333333336,3,0,inf,20.055555555555557,302275,250878,aime24,43
train,per_environment,deer_confidence,0.9,qwen3,18,66.66666666666667,72.22222222222223,5.555555555555555,15.22772960484863,44.44444444444444,75.0,25.0,1,0,inf,21.333333333333332,266632,226030,aime24,44
train,per_environment,deer_confidence,0.9,qwen3,24,91.66666666666667,83.33333333333333,-8.333333333333334,44.130752449164405,87.5,100.0,0.0,0,2,0.0,13.625,194352,108583,amc23,42
train,per_environment,deer_confidence,0.9,qwen3,24,87.5,91.66666666666667,4.166666666666667,33.52888648918054,75.0,88.88888888888889,11.11111111111111,1,0,inf,12.5,192616,128034,amc23,43
train,per_environment,deer_confidence,0.9,qwen3,24,83.33333333333333,79.16666666666667,-4.166666666666667,39.69271776302555,79.16666666666667,94.73684210526316,5.2631578947368425,0,1,0.0,12.583333333333334,198840,119915,amc23,44
train,per_environment,deer_confidence,0.9,qwen3,300,67.33333333333333,76.0,8.666666666666666,54.23905401522904,89.33333333333333,72.01492537313433,27.98507462686567,37,11,3.3636363636363638,7.223333333333334,1611527,737450,math500,42
train,per_environment,deer_confidence,0.9,qwen3,300,67.0,76.33333333333333,9.333333333333334,55.76487877996323,89.0,73.03370786516854,26.96629213483146,38,10,3.8,6.956666666666667,1638508,724796,math500,43
train,per_environment,deer_confidence,0.9,qwen3,300,68.33333333333333,75.33333333333333,7.0,54.05774163285725,88.0,73.48484848484848,26.515151515151516,35,14,2.5,7.1866666666666665,1635146,751223,math500,44
dev,per_model,deer_confidence,0.9,deepseek,342,61.111111111111114,76.90058479532163,15.789473684210526,35.482278876326696,62.280701754385966,56.33802816901409,43.66197183098591,57,3,19.0,2.280701754385965,1533791,989567,,
dev,per_model,deer_confidence,0.9,qwen3,342,62.865497076023395,77.48538011695906,14.619883040935672,51.25875319904871,86.25730994152046,67.79661016949153,32.20338983050848,57,7,8.142857142857142,8.695906432748538,2043967,996255,,
dev,per_benchmark,deer_confidence,0.9,,36,69.44444444444444,72.22222222222223,2.7777777777777777,16.29689322085569,44.44444444444444,87.5,12.5,1,0,inf,12.25,469071,392627,aime24,
dev,per_benchmark,deer_confidence,0.9,,48,77.08333333333333,85.41666666666667,8.333333333333334,31.29072805244738,54.166666666666664,80.76923076923077,19.23076923076923,4,0,inf,11.3125,405740,278781,amc23,
dev,per_benchmark,deer_confidence,0.9,,600,60.333333333333336,76.83333333333333,16.5,51.3710775682986,77.66666666666667,61.1587982832618,38.8412017167382,109,10,10.9,4.616666666666666,2702947,1314414,math500,
dev,per_seed,deer_confidence,0.9,,228,60.96491228070175,76.75438596491227,15.789473684210526,44.78400643774208,74.12280701754386,62.1301775147929,37.8698224852071,39,3,13.0,5.241228070175438,1230245,679292,,42
dev,per_seed,deer_confidence,0.9,,228,61.40350877192982,77.63157894736842,16.228070175438596,44.675266819422696,74.12280701754386,61.53846153846154,38.46153846153846,40,3,13.333333333333334,5.684210526315789,1158274,640812,,43
dev,per_seed,deer_confidence,0.9,,228,63.59649122807018,77.19298245614036,13.596491228070175,44.02151291708395,74.56140350877193,65.29411764705883,34.705882352941174,35,4,8.75,5.5394736842105265,1189239,665718,,44
dev,per_environment,deer_confidence,0.9,deepseek,6,50.0,50.0,0.0,1.2255121209410502,16.666666666666668,100.0,0.0,0,0,inf,5.333333333333333,89432,88336,aime24,42
dev,per_environment,deer_confidence,0.9,deepseek,6,66.66666666666667,66.66666666666667,0.0,-0.152374154048897,0.0,nan,nan,0,0,inf,4.0,72847,72958,aime24,43
dev,per_environment,deer_confidence,0.9,deepseek,6,66.66666666666667,66.66666666666667,0.0,4.9718025889022,16.666666666666668,100.0,0.0,0,0,inf,5.333333333333333,68446,65043,aime24,44
dev,per_environment,deer_confidence,0.9,deepseek,8,87.5,87.5,0.0,11.842963719399767,12.5,100.0,0.0,0,0,inf,3.5,70506,62156,amc23,42
dev,per_environment,deer_confidence,0.9,deepseek,8,75.0,87.5,12.5,42.693426188107445,37.5,33.333333333333336,66.66666666666667,1,0,inf,4.125,52268,29953,amc23,43
dev,per_environment,deer_confidence,0.9,deepseek,8,50.0,87.5,37.5,22.61844998009244,50.0,25.0,75.0,3,0,inf,4.375,57767,44701,amc23,44
dev,per_environment,deer_confidence,0.9,deepseek,100,60.0,78.0,18.0,44.969394792418605,67.0,56.71641791044776,43.28358208955224,18,0,inf,1.96,372649,205071,math500,42
dev,per_environment,deer_confidence,0.9,deepseek,100,56.0,77.0,21.0,42.00609686877888,68.0,51.470588235294116,48.529411764705884,22,1,22.0,2.16,361169,209456,math500,43
dev,per_environment,deer_confidence,0.9,deepseek,100,65.0,76.0,11.0,45.48773240512777,68.0,61.76470588235294,38.23529411764706,13,2,6.5,1.84,388707,211893,math500,44
dev,per_environment,deer_confidence,0.9,qwen3,6,66.66666666666667,83.33333333333333,16.666666666666668,42.09794628751975,83.33333333333333,80.0,20.0,1,0,inf,19.333333333333332,79125,45815,aime24,42
dev,per_environment,deer_confidence,0.9,qwen3,6,83.33333333333333,83.33333333333333,0.0,36.53335279521238,83.33333333333333,80.0,20.0,0,0,inf,18.833333333333332,68510,43481,aime24,43
dev,per_environment,deer_confidence,0.9,qwen3,6,83.33333333333333,83.33333333333333,0.0,15.121650075514546,66.66666666666667,100.0,0.0,0,0,inf,20.666666666666668,90711,76994,aime24,44
dev,per_environment,deer_confidence,0.9,qwen3,8,75.0,75.0,0.0,23.12601309525329,62.5,100.0,0.0,0,0,inf,19.125,78349,60230,amc23,42
dev,per_environment,deer_confidence,0.9,qwen3,8,87.5,87.5,0.0,37.947366308550635,75.0,100.0,0.0,0,0,inf,20.0,74743,46380,amc23,43
dev,per_environment,deer_confidence,0.9,qwen3,8,87.5,87.5,0.0,50.96037832665345,87.5,100.0,0.0,0,0,inf,16.75,72107,35361,amc23,44
dev,per_environment,deer_confidence,0.9,qwen3,100,59.0,76.0,17.0,59.70187935962561,90.0,62.22222222222222,37.77777777777778,20,3,6.666666666666667,6.7,540184,217684,math500,42
dev,per_environment,deer_confidence,0.9,qwen3,100,62.0,77.0,15.0,54.87662108004547,87.0,66.66666666666667,33.333333333333336,17,2,8.5,7.5,528737,238584,math500,43
dev,per_environment,deer_confidence,0.9,qwen3,100,60.0,77.0,17.0,54.69686276273165,86.0,65.11627906976744,34.883720930232556,19,2,9.5,7.54,511501,231726,math500,44
test,per_model,deer_confidence,0.9,deepseek,342,67.25146198830409,79.82456140350877,12.573099415204679,44.9238942547945,67.54385964912281,61.904761904761905,38.095238095238095,49,6,8.166666666666666,2.190058479532164,1464804,806757,,
test,per_model,deer_confidence,0.9,qwen3,342,75.43859649122807,81.57894736842105,6.140350877192983,54.92466309821379,89.76608187134502,77.85016286644951,22.149837133550488,32,11,2.909090909090909,7.669590643274854,1917918,864508,,
test,per_benchmark,deer_confidence,0.9,,36,75.0,77.77777777777777,2.7777777777777777,15.690876817228277,30.555555555555557,81.81818181818181,18.181818181818183,1,0,inf,15.25,409002,344826,aime24,
test,per_benchmark,deer_confidence,0.9,,48,83.33333333333333,85.41666666666667,2.0833333333333335,45.16154162122349,70.83333333333333,91.17647058823529,8.823529411764707,2,1,2.0,6.083333333333333,282404,154866,amc23,
test,per_benchmark,deer_confidence,0.9,,600,70.16666666666667,80.5,10.333333333333334,56.468396873499806,82.16666666666667,69.3711967545639,30.628803245436107,78,16,4.875,4.218333333333334,2691316,1171573,math500,
test,per_seed,deer_confidence,0.9,,228,71.9298245614035,81.57894736842105,9.649122807017545,48.731316209228446,77.19298245614036,72.1590909090909,27.84090909090909,27,5,5.4,5.144736842105263,1132867,580806,,45
test,per_seed,deer_confidence,0.9,,228,72.36842105263158,81.57894736842105,9.210526315789474,51.211293135410514,78.0701754385965,69.10112359550561,30.89887640449438,27,6,4.5,4.859649122807017,1092345,532941,,46
test,per_seed,deer_confidence,0.9,,228,69.73684210526316,78.94736842105263,9.210526315789474,51.83471417093589,80.70175438596492,71.73913043478261,28.26086956521739,27,6,4.5,4.785087719298246,1157510,557518,,47
test,per_environment,deer_confidence,0.9,deepseek,6,83.33333333333333,83.33333333333333,0.0,-0.19149379032817596,0.0,nan,nan,0,0,inf,4.666666666666667,72065,72203,aime24,45
test,per_environment,deer_confidence,0.9,deepseek,6,66.66666666666667,83.33333333333333,16.666666666666668,3.4200591776349354,16.666666666666668,0.0,100.0,1,0,inf,8.166666666666666,49005,47329,aime24,46
test,per_environment,deer_confidence,0.9,deepseek,6,50.0,50.0,0.0,3.397637112166191,16.666666666666668,100.0,0.0,0,0,inf,4.5,63397,61243,aime24,47
test,per_environment,deer_confidence,0.9,deepseek,8,87.5,87.5,0.0,21.226969325766856,50.0,100.0,0.0,0,0,inf,2.5,40001,31510,amc23,45
test,per_environment,deer_confidence,0.9,deepseek,8,62.5,87.5,25.0,57.555622671901745,62.5,40.0,60.0,2,0,inf,3.0,39732,16864,amc23,46
test,per_environment,deer_confidence,0.9,deepseek,8,87.5,75.0,-12.5,54.63248016898497,62.5,100.0,0.0,0,1,0.0,2.0,44501,20189,amc23,47
test,per_environment,deer_confidence,0.9,deepseek,100,66.0,81.0,15.0,56.764759887553566,72.0,61.111111111111114,38.888888888888886,17,2,8.5,1.95,386673,167179,math500,45
test,per_environment,deer_confidence,0.9,deepseek,100,70.0,80.0,10.0,45.568911432594504,68.0,61.76470588235294,38.23529411764706,12,2,6.0,1.75,367878,200240,math500,46
test,per_environment,deer_confidence,0.9,deepseek,100,63.0,79.0,16.0,52.683587679802365,75.0,60.0,40.0,17,1,17.0,2.15,401552,190000,math500,47
test,per_environment,deer_confidence,0.9,qwen3,6,83.33333333333333,83.33333333333333,0.0,16.487751169832094,33.333333333333336,100.0,0.0,0,0,inf,26.166666666666668,76293,63714,aime24,45
test,per_environment,deer_confidence,0.9,qwen3,6,83.33333333333333,83.33333333333333,0.0,40.97454721471502,66.66666666666667,75.0,25.0,0,0,inf,24.0,74373,43899,aime24,46
test,per_environment,deer_confidence,0.9,qwen3,6,83.33333333333333,83.33333333333333,0.0,23.597178789478672,50.0,100.0,0.0,0,0,inf,24.0,73869,56438,aime24,47
test,per_environment,deer_confidence,0.9,qwen3,8,87.5,87.5,0.0,49.165958761294306,87.5,100.0,0.0,0,0,inf,9.375,51796,26330,amc23,45
test,per_environment,deer_confidence,0.9,qwen3,8,87.5,87.5,0.0,35.55667751224803,75.0,100.0,0.0,0,0,inf,11.75,53478,34463,amc23,46
test,per_environment,deer_confidence,0.9,qwen3,8,87.5,87.5,0.0,51.773290986085904,87.5,100.0,0.0,0,0,inf,7.875,52896,25510,amc23,47
test,per_environment,deer_confidence,0.9,qwen3,100,74.0,81.0,7.0,56.55077968298886,91.0,76.92307692307692,23.076923076923077,10,3,3.3333333333333335,6.98,506039,219870,math500,45
test,per_environment,deer_confidence,0.9,qwen3,100,74.0,82.0,8.0,62.56076742688711,94.0,74.46808510638297,25.53191489361702,12,4,3.0,6.22,507879,190146,math500,46
test,per_environment,deer_confidence,0.9,qwen3,100,74.0,80.0,6.0,60.84021523321728,93.0,76.34408602150538,23.655913978494624,10,4,2.5,6.26,521295,204138,math500,47
train,per_model,deer_confidence,0.925,deepseek,1026,66.5692007797271,73.78167641325535,7.212475633528265,29.082323143455877,61.20857699805068,69.10828025477707,30.89171974522293,105,31,3.3870967741935485,2.340155945419103,4898914,3474196,,
train,per_model,deer_confidence,0.925,qwen3,1026,68.71345029239767,76.12085769980507,7.407407407407407,46.859921756570536,85.38011695906432,75.0,25.0,113,37,3.054054054054054,8.458089668615985,6309795,3353030,,
train,per_benchmark,deer_confidence,0.925,,108,50.925925925925924,55.55555555555556,4.62962962962963,11.955553977007646,32.407407407407405,77.14285714285714,22.857142857142858,5,0,inf,13.12037037037037,1661161,1462560,aime24,
train,per_benchmark,deer_confidence,0.925,,144,84.02777777777777,84.02777777777777,0.0,24.49942407104793,59.02777777777778,94.11764705882354,5.882352941176471,3,3,1.0,8.305555555555555,1078258,814091,amc23,
train,per_benchmark,deer_confidence,0.925,,1800,67.33333333333333,75.38888888888889,8.055555555555555,46.269699112912654,76.88888888888889,71.09826589595376,28.90173410404624,210,65,3.230769230769231,4.703333333333333,8469290,4550575,math500,
train,per_seed,deer_confidence,0.925,,684,68.42105263157895,75.0,6.578947368421052,37.35929993044852,72.36842105263158,73.73737373737374,26.262626262626263,68,23,2.9565217391304346,5.498538011695906,3741114,2343460,,42
train,per_seed,deer_confidence,0.925,,684,66.37426900584795,74.70760233918129,8.333333333333334,40.53302896093413,73.6842105263158,71.62698412698413,28.373015873015873,77,20,3.85,5.216374269005848,3746288,2227804,,43
train,per_seed,deer_confidence,0.925,,684,68.12865497076024,75.14619883040936,7.017543859649122,39.37715969147399,73.83040935672514,72.27722772277228,27.722772277227723,73,25,2.92,5.482456140350878,3721307,2255962,,44
train,per_environment,deer_confidence,0.925,deepseek,18,33.333333333333336,33.333333333333336,0.0,11.414437819282995,22.22222222222222,75.0,25.0,0,0,inf,5.0,309091,273810,aime24,42
train,per_environment,deer_confidence,0.925,deepseek,18,44.44444444444444,44.44444444444444,0.0,0.6772017974179948,5.555555555555555,100.0,0.0,0,0,inf,5.5,252362,250653,aime24,43
train,per_environment,deer_confidence,0.925,deepseek,18,50.0,50.0,0.0,4.423883297176718,16.666666666666668,66.66666666666667,33.333333333333336,0,0,inf,4.222222222222222,260902,249360,aime24,44
train,per_environment,deer_confidence,0.925,deepseek,24,87.5,91.66666666666667,4.166666666666667,12.094607875253882,50.0,91.66666666666667,8.333333333333334,1,0,inf,2.9166666666666665,152630,134170,amc23,42
train,per_environment,deer_confidence,0.925,deepseek,24,70.83333333333333,70.83333333333333,0.0,4.827578752816943,29.166666666666668,100.0,0.0,0,0,inf,3.125,185041,176108,amc23,43
train,per_environment,deer_confidence,0.925,deepseek,24,83.33333333333333,87.5,4.166666666666667,7.317530155899703,33.333333333333336,87.5,12.5,1,0,inf,3.8333333333333335,154779,143453,amc23,44
train,per_environment,deer_confidence,0.925,deepseek,300,68.0,74.33333333333333,6.333333333333333,29.246478317402158,61.0,70.49180327868852,29.508196721311474,29,10,2.9,2.1033333333333335,1203615,851600,math500,42
train,per_environment,deer_confidence,0.925,deepseek,300,66.0,75.0,9.0,43.25300343857774,68.0,66.17647058823529,33.8235294117647,37,10,3.7,1.9966666666666666,1175486,667053,math500,43
train,per_environment,deer_confidence,0.925,deepseek,300,66.66666666666667,75.33333333333333,8.666666666666666,39.58637619003359,68.66666666666667,67.47572815533981,32.52427184466019,37,11,3.3636363636363638,2.23,1205008,727989,math500,44
train,per_environment,deer_confidence,0.925,qwen3,18,72.22222222222223,77.77777777777777,5.555555555555555,21.618086765790167,55.55555555555556,90.0,10.0,1,0,inf,22.444444444444443,269899,211552,aime24,42
train,per_environment,deer_confidence,0.925,qwen3,18,38.888888888888886,55.55555555555556,16.666666666666668,16.976924985526423,50.0,66.66666666666667,33.333333333333336,3,0,inf,20.166666666666668,302275,250958,aime24,43
train,per_environment,deer_confidence,0.925,qwen3,18,66.66666666666667,72.22222222222223,5.555555555555555,15.15384499984998,44.44444444444444,75.0,25.0,1,0,inf,21.38888888888889,266632,226227,aime24,44
train,per_environment,deer_confidence,0.925,qwen3,24,91.66666666666667,83.33333333333333,-8.333333333333334,43.31882357783815,87.5,100.0,0.0,0,2,0.0,14.125,194352,110161,amc23,42
train,per_environment,deer_confidence,0.925,qwen3,24,87.5,91.66666666666667,4.166666666666667,33.28747352244881,75.0,88.88888888888889,11.11111111111111,1,0,inf,12.708333333333334,192616,128499,amc23,43
train,per_environment,deer_confidence,0.925,qwen3,24,83.33333333333333,79.16666666666667,-4.166666666666667,38.7950110641722,79.16666666666667,94.73684210526316,5.2631578947368425,0,1,0.0,13.125,198840,121700,amc23,44
train,per_environment,deer_confidence,0.925,qwen3,300,67.33333333333333,76.0,8.666666666666666,52.70529131686903,88.33333333333333,72.45283018867924,27.547169811320753,37,11,3.3636363636363638,7.423333333333333,1611527,762167,math500,42
train,per_environment,deer_confidence,0.925,qwen3,300,67.66666666666667,76.33333333333333,8.666666666666666,53.94999597194521,88.33333333333333,73.9622641509434,26.037735849056602,36,10,3.6,7.09,1638508,754533,math500,43
train,per_environment,deer_confidence,0.925,qwen3,300,68.33333333333333,75.33333333333333,7.0,51.85549180317843,87.0,73.9463601532567,26.053639846743295,34,13,2.6153846153846154,7.376666666666667,1635146,787233,math500,44
dev,per_model,deer_confidence,0.925,deepseek,342,63.74269005847953,76.90058479532163,13.157894736842104,32.17165832893791,59.941520467836256,60.48780487804878,39.51219512195122,48,3,16.0,2.391812865497076,1533791,1040345,,
dev,per_model,deer_confidence,0.925,qwen3,342,64.03508771929825,77.48538011695906,13.450292397660819,49.602855623402924,85.38011695906432,68.83561643835617,31.164383561643834,53,7,7.571428571428571,8.801169590643275,2043967,1030101,,
dev,per_benchmark,deer_confidence,0.925,,36,72.22222222222223,72.22222222222223,0.0,12.332461397101932,41.666666666666664,93.33333333333333,6.666666666666667,0,0,inf,12.277777777777779,469071,411223,aime24,
dev,per_benchmark,deer_confidence,0.925,,48,79.16666666666667,85.41666666666667,6.25,30.01577364814906,52.083333333333336,84.0,16.0,3,0,inf,11.541666666666666,405740,283954,amc23,
dev,per_benchmark,deer_confidence,0.925,,600,62.166666666666664,76.83333333333333,14.666666666666666,49.11964607519126,76.16666666666667,63.457330415754925,36.542669584245075,98,10,9.8,4.72,2702947,1375269,math500,
dev,per_seed,deer_confidence,0.925,,228,62.280701754385966,76.75438596491227,14.473684210526315,42.808952688285665,73.24561403508773,63.47305389221557,36.52694610778443,36,3,12.0,5.298245614035087,1230245,703590,,42
dev,per_seed,deer_confidence,0.925,,228,63.59649122807018,77.63157894736842,14.035087719298245,42.09090422473439,71.9298245614035,64.02439024390245,35.97560975609756,35,3,11.666666666666666,5.81140350877193,1158274,670746,,43
dev,per_seed,deer_confidence,0.925,,228,65.78947368421052,77.19298245614036,11.403508771929825,41.465929052108116,72.80701754385964,68.67469879518072,31.325301204819276,30,4,7.5,5.6798245614035086,1189239,696110,,44
dev,per_environment,deer_confidence,0.925,deepseek,6,50.0,50.0,0.0,1.2255121209410502,16.666666666666668,100.0,0.0,0,0,inf,5.333333333333333,89432,88336,aime24,42
dev,per_environment,deer_confidence,0.925,deepseek,6,66.66666666666667,66.66666666666667,0.0,-0.152374154048897,0.0,nan,nan,0,0,inf,4.0,72847,72958,aime24,43
dev,per_environment,deer_confidence,0.925,deepseek,6,66.66666666666667,66.66666666666667,0.0,4.9718025889022,16.666666666666668,100.0,0.0,0,0,inf,5.333333333333333,68446,65043,aime24,44
dev,per_environment,deer_confidence,0.925,deepseek,8,87.5,87.5,0.0,11.842963719399767,12.5,100.0,0.0,0,0,inf,3.5,70506,62156,amc23,42
dev,per_environment,deer_confidence,0.925,deepseek,8,75.0,87.5,12.5,42.693426188107445,37.5,33.333333333333336,66.66666666666667,1,0,inf,4.125,52268,29953,amc23,43
dev,per_environment,deer_confidence,0.925,deepseek,8,62.5,87.5,25.0,14.774871466408158,37.5,33.333333333333336,66.66666666666667,2,0,inf,5.0,57767,49232,amc23,44
dev,per_environment,deer_confidence,0.925,deepseek,100,61.0,78.0,17.0,44.795504616945166,67.0,58.208955223880594,41.791044776119406,17,0,inf,2.0,372649,205719,math500,42
dev,per_environment,deer_confidence,0.925,deepseek,100,60.0,77.0,17.0,35.91615005717545,64.0,56.25,43.75,18,1,18.0,2.3,361169,231451,math500,43
dev,per_environment,deer_confidence,0.925,deepseek,100,68.0,76.0,8.0,39.415292238112514,65.0,67.6923076923077,32.30769230769231,10,2,5.0,1.99,388707,235497,math500,44
dev,per_environment,deer_confidence,0.925,qwen3,6,83.33333333333333,83.33333333333333,0.0,18.595892575039496,66.66666666666667,100.0,0.0,0,0,inf,19.5,79125,64411,aime24,42
dev,per_environment,deer_confidence,0.925,qwen3,6,83.33333333333333,83.33333333333333,0.0,36.53335279521238,83.33333333333333,80.0,20.0,0,0,inf,18.833333333333332,68510,43481,aime24,43
dev,per_environment,deer_confidence,0.925,qwen3,6,83.33333333333333,83.33333333333333,0.0,15.121650075514546,66.66666666666667,100.0,0.0,0,0,inf,20.666666666666668,90711,76994,aime24,44
dev,per_environment,deer_confidence,0.925,qwen3,8,75.0,75.0,0.0,23.053261688087915,62.5,100.0,0.0,0,0,inf,19.25,78349,60287,amc23,42
dev,per_environment,deer_confidence,0.925,qwen3,8,87.5,87.5,0.0,37.79751950015386,75.0,100.0,0.0,0,0,inf,20.125,74743,46492,amc23,43
dev,per_environment,deer_confidence,0.925,qwen3,8,87.5,87.5,0.0,50.3044087259212,87.5,100.0,0.0,0,0,inf,17.25,72107,35834,amc23,44
dev,per_environment,deer_confidence,0.925,qwen3,100,60.0,76.0,16.0,58.77682419323786,89.0,62.92134831460674,37.07865168539326,19,3,6.333333333333333,6.77,540184,222681,math500,42
dev,per_environment,deer_confidence,0.925,qwen3,100,63.0,77.0,14.0,53.39630099652568,86.0,67.44186046511628,32.55813953488372,16,2,8.0,7.64,528737,246411,math500,43
dev,per_environment,deer_confidence,0.925,qwen3,100,61.0,77.0,16.0,54.34808534098663,86.0,66.27906976744185,33.72093023255814,18,2,9.0,7.62,511501,233510,math500,44
test,per_model,deer_confidence,0.925,deepseek,342,69.29824561403508,79.82456140350877,10.526315789473685,40.30498278267946,64.32748538011695,65.0,35.0,41,5,8.2,2.309941520467836,1464804,874415,,
test,per_model,deer_confidence,0.925,qwen3,342,75.43859649122807,81.57894736842105,6.140350877192983,52.784790590630045,88.88888888888889,77.96052631578948,22.039473684210527,32,11,2.909090909090909,7.874269005847953,1917918,905549,,
test,per_benchmark,deer_confidence,0.925,,36,75.0,77.77777777777777,2.7777777777777777,11.665713126097183,27.77777777777778,90.0,10.0,1,0,inf,15.666666666666666,409002,361289,aime24,
test,per_benchmark,deer_confidence,0.925,,48,83.33333333333333,85.41666666666667,2.0833333333333335,39.773515955864646,68.75,93.93939393939394,6.0606060606060606,1,0,inf,6.145833333333333,282404,170082,amc23,
test,per_benchmark,deer_confidence,0.925,,600,71.33333333333333,80.5,9.166666666666666,53.60659989388091,80.16666666666667,70.68607068607069,29.313929313929314,71,16,4.4375,4.373333333333333,2691316,1248593,math500,
test,per_seed,deer_confidence,0.925,,228,72.36842105263158,81.57894736842105,9.210526315789474,45.373463963554414,74.56140350877193,72.94117647058823,27.058823529411764,25,4,6.25,5.368421052631579,1132867,618846,,45
test,per_seed,deer_confidence,0.925,,228,73.6842105263158,81.57894736842105,7.894736842105263,47.74343270669981,76.3157894736842,70.6896551724138,29.310344827586206,24,6,4.0,5.021929824561403,1092345,570822,,46
test,per_seed,deer_confidence,0.925,,228,71.05263157894737,78.94736842105263,7.894736842105263,49.00294597886843,78.94736842105263,73.88888888888889,26.11111111111111,24,6,4.0,4.885964912280702,1157510,590296,,47
test,per_environment,deer_confidence,0.925,deepseek,6,83.33333333333333,83.33333333333333,0.0,-0.19149379032817596,0.0,nan,nan,0,0,inf,4.666666666666667,72065,72203,aime24,45
test,per_environment,deer_confidence,0.925,deepseek,6,66.66666666666667,83.33333333333333,16.666666666666668,3.4200591776349354,16.666666666666668,0.0,100.0,1,0,inf,8.166666666666666,49005,47329,aime24,46
test,per_environment,deer_confidence,0.925,deepseek,6,50.0,50.0,0.0,3.397637112166191,16.666666666666668,100.0,0.0,0,0,inf,4.5,63397,61243,aime24,47
test,per_environment,deer_confidence,0.925,deepseek,8,87.5,87.5,0.0,21.226969325766856,50.0,100.0,0.0,0,0,inf,2.5,40001,31510,amc23,45
test,per_environment,deer_confidence,0.925,deepseek,8,75.0,87.5,12.5,57.31400382563173,62.5,60.0,40.0,1,0,inf,3.125,39732,16960,amc23,46
test,per_environment,deer_confidence,0.925,deepseek,8,75.0,75.0,0.0,21.028740927170176,50.0,100.0,0.0,0,0,inf,2.0,44501,35143,amc23,47
test,per_environment,deer_confidence,0.925,deepseek,100,67.0,81.0,14.0,50.3994331127335,67.0,62.6865671641791,37.3134328358209,15,1,15.0,2.13,386673,191792,math500,45
test,per_environment,deer_confidence,0.925,deepseek,100,72.0,80.0,8.0,40.37751645926095,65.0,63.07692307692308,36.92307692307692,10,2,5.0,1.85,367878,219338,math500,46
test,per_environment,deer_confidence,0.925,deepseek,100,67.0,79.0,12.0,50.46793441447185,73.0,65.75342465753425,34.24657534246575,14,2,7.0,2.27,401552,198897,math500,47
test,per_environment,deer_confidence,0.925,qwen3,6,83.33333333333333,83.33333333333333,0.0,16.487751169832094,33.333333333333336,100.0,0.0,0,0,inf,26.166666666666668,76293,63714,aime24,45
test,per_environment,deer_confidence,0.925,qwen3,6,83.33333333333333,83.33333333333333,0.0,18.838825918007878,50.0,100.0,0.0,0,0,inf,26.5,74373,60362,aime24,46
test,per_environment,deer_confidence,0.925,qwen3,6,83.33333333333333,83.33333333333333,0.0,23.597178789478672,50.0,100.0,0.0,0,0,inf,24.0,73869,56438,aime24,47
test,per_environment,deer_confidence,0.925,qwen3,8,87.5,87.5,0.0,48.84547069271758,87.5,100.0,0.0,0,0,inf,9.625,51796,26496,amc23,45
test,per_environment,deer_confidence,0.925,qwen3,8,87.5,87.5,0.0,35.55667751224803,75.0,100.0,0.0,0,0,inf,11.75,53478,34463,amc23,46
test,per_environment,deer_confidence,0.925,qwen3,8,87.5,87.5,0.0,51.773290986085904,87.5,100.0,0.0,0,0,inf,7.875,52896,25510,amc23,47
test,per_environment,deer_confidence,0.925,qwen3,100,74.0,81.0,7.0,53.93023067392039,90.0,76.66666666666667,23.333333333333332,10,3,3.3333333333333335,7.29,506039,233131,math500,45
test,per_environment,deer_confidence,0.925,qwen3,100,74.0,82.0,8.0,62.122867848444216,94.0,74.46808510638297,25.53191489361702,12,4,3.0,6.33,507879,192370,math500,46
test,per_environment,deer_confidence,0.925,qwen3,100,74.0,80.0,6.0,59.12774916314179,92.0,76.08695652173913,23.91304347826087,10,4,2.5,6.37,521295,213065,math500,47
train,per_model,deer_confidence,0.95,deepseek,1026,68.71345029239767,73.78167641325535,5.0682261208577,25.02546482751075,57.89473684210526,73.56902356902357,26.430976430976433,84,32,2.625,2.442495126705653,4898914,3672938,,
train,per_model,deer_confidence,0.95,qwen3,1026,69.10331384015595,76.12085769980507,7.017543859649122,45.83011016998175,84.7953216374269,75.51724137931035,24.482758620689655,109,37,2.945945945945946,8.586744639376219,6309795,3418009,,
train,per_benchmark,deer_confidence,0.95,,108,52.77777777777778,55.55555555555556,2.7777777777777777,11.21926170912994,31.48148148148148,82.3529411764706,17.647058823529413,3,0,inf,13.425925925925926,1661161,1474791,aime24,
train,per_benchmark,deer_confidence,0.95,,144,85.41666666666667,84.02777777777777,-1.3888888888888888,23.635808869491346,57.638888888888886,96.3855421686747,3.6144578313253013,1,3,0.3333333333333333,8.416666666666666,1078258,823403,amc23,
train,per_benchmark,deer_confidence,0.95,,1800,68.55555555555556,75.38888888888889,6.833333333333333,43.41021502392763,74.83333333333333,73.19970304380104,26.80029695619896,189,66,2.8636363636363638,4.807777777777778,8469290,4792753,math500,
train,per_seed,deer_confidence,0.95,,684,69.5906432748538,75.0,5.409356725146199,35.52904295351598,70.32163742690058,75.67567567567568,24.324324324324323,60,23,2.608695652173913,5.595029239766082,3741114,2411932,,42
train,per_seed,deer_confidence,0.95,,684,67.83625730994152,74.70760233918129,6.871345029239766,37.5832824385098,71.9298245614035,74.1869918699187,25.8130081300813,68,21,3.238095238095238,5.3845029239766085,3746288,2338310,,43
train,per_seed,deer_confidence,0.95,,684,69.29824561403508,75.14619883040936,5.847953216374269,37.099922151007696,71.78362573099415,74.33808553971487,25.661914460285132,65,25,2.6,5.564327485380117,3721307,2340705,,44
train,per_environment,deer_confidence,0.95,deepseek,18,33.333333333333336,33.333333333333336,0.0,11.054996748530368,22.22222222222222,75.0,25.0,0,0,inf,5.111111111111111,309091,274921,aime24,42
train,per_environment,deer_confidence,0.95,deepseek,18,44.44444444444444,44.44444444444444,0.0,0.6772017974179948,5.555555555555555,100.0,0.0,0,0,inf,5.5,252362,250653,aime24,43
train,per_environment,deer_confidence,0.95,deepseek,18,50.0,50.0,0.0,4.423883297176718,16.666666666666668,66.66666666666667,33.333333333333336,0,0,inf,4.222222222222222,260902,249360,aime24,44
train,per_environment,deer_confidence,0.95,deepseek,24,91.66666666666667,91.66666666666667,0.0,11.545567712769442,45.833333333333336,100.0,0.0,0,0,inf,2.9166666666666665,152630,135008,amc23,42
train,per_environment,deer_confidence,0.95,deepseek,24,70.83333333333333,70.83333333333333,0.0,4.827578752816943,29.166666666666668,100.0,0.0,0,0,inf,3.125,185041,176108,amc23,43
train,per_environment,deer_confidence,0.95,deepseek,24,87.5,87.5,0.0,4.700896116398219,29.166666666666668,100.0,0.0,0,0,inf,3.875,154779,147503,amc23,44
train,per_environment,deer_confidence,0.95,deepseek,300,69.66666666666667,74.33333333333333,4.666666666666667,25.79030670106305,58.0,74.13793103448276,25.862068965517242,24,10,2.4,2.1866666666666665,1203615,893199,math500,42
train,per_environment,deer_confidence,0.95,deepseek,300,68.66666666666667,75.0,6.333333333333333,36.97542973714702,64.66666666666667,71.1340206185567,28.8659793814433,30,11,2.727272727272727,2.1233333333333335,1175486,740845,math500,43
train,per_environment,deer_confidence,0.95,deepseek,300,69.0,75.33333333333333,6.333333333333333,33.16716569516551,64.33333333333333,72.02072538860104,27.979274611398964,30,11,2.727272727272727,2.36,1205008,805341,math500,44
train,per_environment,deer_confidence,0.95,qwen3,18,72.22222222222223,77.77777777777777,5.555555555555555,21.53435173898384,55.55555555555556,90.0,10.0,1,0,inf,22.5,269899,211778,aime24,42
train,per_environment,deer_confidence,0.95,qwen3,18,50.0,55.55555555555556,5.555555555555555,13.429823835911009,44.44444444444444,87.5,12.5,1,0,inf,21.72222222222222,302275,261680,aime24,43
train,per_environment,deer_confidence,0.95,qwen3,18,66.66666666666667,72.22222222222223,5.555555555555555,15.089336613759789,44.44444444444444,75.0,25.0,1,0,inf,21.5,266632,226399,aime24,44
train,per_environment,deer_confidence,0.95,qwen3,24,91.66666666666667,83.33333333333333,-8.333333333333334,41.290544990532645,87.5,100.0,0.0,0,2,0.0,14.583333333333334,194352,114103,amc23,42
train,per_environment,deer_confidence,0.95,qwen3,24,87.5,91.66666666666667,4.166666666666667,33.03723470532043,75.0,88.88888888888889,11.11111111111111,1,0,inf,12.875,192616,128981,amc23,43
train,per_environment,deer_confidence,0.95,qwen3,24,83.33333333333333,79.16666666666667,-4.166666666666667,38.7950110641722,79.16666666666667,94.73684210526316,5.2631578947368425,0,1,0.0,13.125,198840,121700,amc23,44
train,per_environment,deer_confidence,0.95,qwen3,300,68.0,76.0,8.0,51.41732034275566,87.0,73.1800766283525,26.81992337164751,35,11,3.1818181818181817,7.513333333333334,1611527,782923,math500,42
train,per_environment,deer_confidence,0.95,qwen3,300,67.66666666666667,76.33333333333333,8.666666666666666,52.39309176397064,88.0,74.24242424242425,25.757575757575758,36,10,3.6,7.24,1638508,780043,math500,43
train,per_environment,deer_confidence,0.95,qwen3,300,68.33333333333333,75.33333333333333,7.0,51.661686479372484,87.0,73.9463601532567,26.053639846743295,34,13,2.6153846153846154,7.423333333333333,1635146,790402,math500,44
dev,per_model,deer_confidence,0.95,deepseek,342,66.08187134502924,76.90058479532163,10.818713450292398,27.200446475432443,56.72514619883041,65.4639175257732,34.5360824742268,40,3,13.333333333333334,2.5350877192982457,1533791,1116593,,
dev,per_model,deer_confidence,0.95,qwen3,342,64.03508771929825,77.48538011695906,13.450292397660819,46.64248493248668,83.91812865497076,69.68641114982579,30.313588850174217,53,7,7.571428571428571,9.005847953216374,2043967,1090610,,
dev,per_benchmark,deer_confidence,0.95,,36,72.22222222222223,72.22222222222223,0.0,9.306480255654261,38.888888888888886,100.0,0.0,0,0,inf,12.5,469071,425417,aime24,
dev,per_benchmark,deer_confidence,0.95,,48,79.16666666666667,85.41666666666667,6.25,26.454626115246217,50.0,87.5,12.5,3,0,inf,11.708333333333334,405740,298403,amc23,
dev,per_benchmark,deer_confidence,0.95,,600,63.5,76.83333333333333,13.333333333333334,45.11978962221605,73.83333333333333,65.91422121896163,34.08577878103837,90,10,9.0,4.891666666666667,2702947,1483383,math500,
dev,per_seed,deer_confidence,0.95,,228,64.03508771929825,76.75438596491227,12.719298245614034,40.35009286768083,71.05263157894737,66.04938271604938,33.95061728395062,32,3,10.666666666666666,5.394736842105263,1230245,733840,,42
dev,per_seed,deer_confidence,0.95,,228,64.91228070175438,77.63157894736842,12.719298245614034,35.86215351462607,68.85964912280701,67.51592356687898,32.48407643312102,32,3,10.666666666666666,6.052631578947368,1158274,742892,,43
dev,per_seed,deer_confidence,0.95,,228,66.2280701754386,77.19298245614036,10.964912280701755,38.57660234822437,71.05263157894737,70.37037037037037,29.62962962962963,29,4,7.25,5.864035087719298,1189239,730471,,44
dev,per_environment,deer_confidence,0.95,deepseek,6,50.0,50.0,0.0,1.2255121209410502,16.666666666666668,100.0,0.0,0,0,inf,5.333333333333333,89432,88336,aime24,42
dev,per_environment,deer_confidence,0.95,deepseek,6,66.66666666666667,66.66666666666667,0.0,-0.152374154048897,0.0,nan,nan,0,0,inf,4.0,72847,72958,aime24,43
dev,per_environment,deer_confidence,0.95,deepseek,6,66.66666666666667,66.66666666666667,0.0,4.9718025889022,16.666666666666668,100.0,0.0,0,0,inf,5.333333333333333,68446,65043,aime24,44
dev,per_environment,deer_confidence,0.95,deepseek,8,87.5,87.5,0.0,11.842963719399767,12.5,100.0,0.0,0,0,inf,3.5,70506,62156,amc23,42
dev,per_environment,deer_confidence,0.95,deepseek,8,75.0,87.5,12.5,15.1354557281702,25.0,50.0,50.0,1,0,inf,5.0,52268,44357,amc23,43
dev,per_environment,deer_confidence,0.95,deepseek,8,62.5,87.5,25.0,14.774871466408158,37.5,33.333333333333336,66.66666666666667,2,0,inf,5.0,57767,49232,amc23,44
dev,per_environment,deer_confidence,0.95,deepseek,100,65.0,78.0,13.0,40.26738297969403,64.0,64.0625,35.9375,13,0,inf,2.08,372649,222593,math500,42
dev,per_environment,deer_confidence,0.95,deepseek,100,63.0,77.0,14.0,29.14480478667881,60.0,61.666666666666664,38.333333333333336,15,1,15.0,2.5,361169,255907,math500,43
dev,per_environment,deer_confidence,0.95,deepseek,100,69.0,76.0,7.0,34.13779530597596,62.0,70.96774193548387,29.032258064516128,9,2,4.5,2.13,388707,256011,math500,44
dev,per_environment,deer_confidence,0.95,qwen3,6,83.33333333333333,83.33333333333333,0.0,18.595892575039496,66.66666666666667,100.0,0.0,0,0,inf,19.5,79125,64411,aime24,42
dev,per_environment,deer_confidence,0.95,qwen3,6,83.33333333333333,83.33333333333333,0.0,16.129032258064516,66.66666666666667,100.0,0.0,0,0,inf,19.833333333333332,68510,57460,aime24,43
dev,per_environment,deer_confidence,0.95,qwen3,6,83.33333333333333,83.33333333333333,0.0,14.884633616650682,66.66666666666667,100.0,0.0,0,0,inf,21.0,90711,77209,aime24,44
dev,per_environment,deer_confidence,0.95,qwen3,8,75.0,75.0,0.0,23.053261688087915,62.5,100.0,0.0,0,0,inf,19.25,78349,60287,amc23,42
dev,per_environment,deer_confidence,0.95,qwen3,8,87.5,87.5,0.0,37.79751950015386,75.0,100.0,0.0,0,0,inf,20.125,74743,46492,amc23,43
dev,per_environment,deer_confidence,0.95,qwen3,8,87.5,87.5,0.0,50.242001470037586,87.5,100.0,0.0,0,0,inf,17.375,72107,35879,amc23,44
dev,per_environment,deer_confidence,0.95,qwen3,100,60.0,76.0,16.0,56.30063089613909,87.0,63.2183908045977,36.7816091954023,19,3,6.333333333333333,6.91,540184,236057,math500,42
dev,per_environment,deer_confidence,0.95,qwen3,100,63.0,77.0,14.0,49.744769138532014,85.0,68.23529411764706,31.764705882352942,16,2,8.0,7.86,528737,265718,math500,43
dev,per_environment,deer_confidence,0.95,qwen3,100,61.0,77.0,16.0,51.69178554880636,85.0,67.05882352941177,32.94117647058823,18,2,9.0,7.87,511501,247097,math500,44
test,per_model,deer_confidence,0.95,deepseek,342,71.6374269005848,79.82456140350877,8.187134502923977,36.064142369900686,61.69590643274854,68.24644549763033,31.753554502369667,34,6,5.666666666666667,2.4473684210526314,1464804,936535,,
test,per_model,deer_confidence,0.95,qwen3,342,76.3157894736842,81.57894736842105,5.2631578947368425,51.75998139649349,88.30409356725146,78.80794701986756,21.192052980132452,29,11,2.6363636363636362,8.105263157894736,1917918,925204,,
test,per_benchmark,deer_confidence,0.95,,36,77.77777777777777,77.77777777777777,0.0,10.484545307846906,25.0,100.0,0.0,0,0,inf,16.02777777777778,409002,366120,aime24,
test,per_benchmark,deer_confidence,0.95,,48,85.41666666666667,85.41666666666667,0.0,33.244571606634466,62.5,100.0,0.0,0,0,inf,6.208333333333333,282404,188520,amc23,
test,per_benchmark,deer_confidence,0.95,,600,72.83333333333333,80.5,7.666666666666667,51.43271916044047,79.0,72.36286919831224,27.637130801687764,63,17,3.7058823529411766,4.556666666666667,2691316,1307099,math500,
test,per_seed,deer_confidence,0.95,,228,73.24561403508773,81.57894736842105,8.333333333333334,44.44087434800378,73.6842105263158,73.80952380952381,26.19047619047619,23,4,5.75,5.526315789473684,1132867,629411,,45
test,per_seed,deer_confidence,0.95,,228,77.19298245614036,81.57894736842105,4.385964912280702,44.13028850775167,74.12280701754386,75.14792899408285,24.85207100591716,17,7,2.4285714285714284,5.2368421052631575,1092345,610290,,46
test,per_seed,deer_confidence,0.95,,228,71.49122807017544,78.94736842105263,7.456140350877193,46.26068025330235,77.19298245614036,74.43181818181819,25.568181818181817,23,6,3.8333333333333335,5.065789473684211,1157510,622038,,47
test,per_environment,deer_confidence,0.95,deepseek,6,83.33333333333333,83.33333333333333,0.0,-0.19149379032817596,0.0,nan,nan,0,0,inf,4.666666666666667,72065,72203,aime24,45
test,per_environment,deer_confidence,0.95,deepseek,6,83.33333333333333,83.33333333333333,0.0,-0.491786552392613,0.0,nan,nan,0,0,inf,8.166666666666666,49005,49246,aime24,46
test,per_environment,deer_confidence,0.95,deepseek,6,50.0,50.0,0.0,3.397637112166191,16.666666666666668,100.0,0.0,0,0,inf,4.5,63397,61243,aime24,47
test,per_environment,deer_confidence,0.95,deepseek,8,87.5,87.5,0.0,21.226969325766856,50.0,100.0,0.0,0,0,inf,2.5,40001,31510,amc23,45
test,per_environment,deer_confidence,0.95,deepseek,8,87.5,87.5,0.0,12.355280378536193,37.5,100.0,0.0,0,0,inf,3.375,39732,34823,amc23,46
test,per_environment,deer_confidence,0.95,deepseek,8,75.0,75.0,0.0,19.78157794206872,37.5,100.0,0.0,0,0,inf,2.0,44501,35698,amc23,47
test,per_environment,deer_confidence,0.95,deepseek,100,68.0,81.0,13.0,49.306778595867826,66.0,63.63636363636363,36.36363636363637,14,1,14.0,2.25,386673,196017,math500,45
test,per_environment,deer_confidence,0.95,deepseek,100,76.0,80.0,4.0,37.54587118555608,64.0,68.75,31.25,7,3,2.3333333333333335,1.96,367878,229755,math500,46
test,per_environment,deer_confidence,0.95,deepseek,100,68.0,79.0,11.0,43.708411363908034,70.0,67.14285714285714,32.857142857142854,13,2,6.5,2.49,401552,226040,math500,47
test,per_environment,deer_confidence,0.95,qwen3,6,83.33333333333333,83.33333333333333,0.0,15.003997745533667,33.333333333333336,100.0,0.0,0,0,inf,27.166666666666668,76293,64846,aime24,45
test,per_environment,deer_confidence,0.95,qwen3,6,83.33333333333333,83.33333333333333,0.0,18.838825918007878,50.0,100.0,0.0,0,0,inf,26.5,74373,60362,aime24,46
test,per_environment,deer_confidence,0.95,qwen3,6,83.33333333333333,83.33333333333333,0.0,21.18480011912981,50.0,100.0,0.0,0,0,inf,25.166666666666668,73869,58220,aime24,47
test,per_environment,deer_confidence,0.95,qwen3,8,87.5,87.5,0.0,48.84547069271758,87.5,100.0,0.0,0,0,inf,9.625,51796,26496,amc23,45
test,per_environment,deer_confidence,0.95,qwen3,8,87.5,87.5,0.0,35.55667751224803,75.0,100.0,0.0,0,0,inf,11.75,53478,34463,amc23,46
test,per_environment,deer_confidence,0.95,qwen3,8,87.5,87.5,0.0,51.73548094373866,87.5,100.0,0.0,0,0,inf,8.0,52896,25530,amc23,47
test,per_environment,deer_confidence,0.95,qwen3,100,75.0,81.0,6.0,52.90106098541812,89.0,77.52808988764045,22.471910112359552,9,3,3.0,7.47,506039,238339,math500,45
test,per_environment,deer_confidence,0.95,qwen3,100,76.0,82.0,6.0,60.297433049998126,93.0,76.34408602150538,23.655913978494624,10,4,2.5,6.69,507879,201641,math500,46
test,per_environment,deer_confidence,0.95,qwen3,100,74.0,80.0,6.0,58.69766638851322,92.0,76.08695652173913,23.91304347826087,10,4,2.5,6.48,521295,215307,math500,47
train,per_model,deer_confidence,0.96,deepseek,1026,69.29824561403508,73.78167641325535,4.483430799220273,23.63378903977494,56.14035087719298,74.47916666666667,25.520833333333332,77,31,2.4838709677419355,2.4844054580896686,4898914,3741115,,
train,per_model,deer_confidence,0.96,qwen3,1026,69.10331384015595,76.12085769980507,7.017543859649122,45.40816302272895,84.7953216374269,75.51724137931035,24.482758620689655,109,37,2.945945945945946,8.698830409356725,6309795,3444633,,
train,per_benchmark,deer_confidence,0.96,,108,52.77777777777778,55.55555555555556,2.7777777777777777,11.21926170912994,31.48148148148148,82.3529411764706,17.647058823529413,3,0,inf,13.425925925925926,1661161,1474791,aime24,
train,per_benchmark,deer_confidence,0.96,,144,85.41666666666667,84.02777777777777,-1.3888888888888888,23.354521830582293,56.94444444444444,96.34146341463415,3.658536585365854,1,3,0.3333333333333333,8.48611111111111,1078258,826436,amc23,
train,per_benchmark,deer_confidence,0.96,,1800,68.88888888888889,75.38888888888889,6.5,42.32667673441339,73.88888888888889,73.60902255639098,26.39097744360902,182,65,2.8,4.89,8469290,4884521,math500,
train,per_seed,deer_confidence,0.96,,684,69.5906432748538,75.0,5.409356725146199,35.10596041713778,69.73684210526316,75.8909853249476,24.10901467505241,60,23,2.608695652173913,5.659356725146199,3741114,2427760,,42
train,per_seed,deer_confidence,0.96,,684,67.98245614035088,74.70760233918129,6.7251461988304095,36.627135981003065,71.05263157894737,74.2798353909465,25.720164609053498,66,20,3.3,5.426900584795321,3746288,2374130,,43
train,per_seed,deer_confidence,0.96,,684,70.02923976608187,75.14619883040936,5.116959064327485,35.94030269472527,70.6140350877193,75.15527950310559,24.84472049689441,60,25,2.4,5.68859649122807,3721307,2383858,,44
train,per_environment,deer_confidence,0.96,deepseek,18,33.333333333333336,33.333333333333336,0.0,11.054996748530368,22.22222222222222,75.0,25.0,0,0,inf,5.111111111111111,309091,274921,aime24,42
train,per_environment,deer_confidence,0.96,deepseek,18,44.44444444444444,44.44444444444444,0.0,0.6772017974179948,5.555555555555555,100.0,0.0,0,0,inf,5.5,252362,250653,aime24,43
train,per_environment,deer_confidence,0.96,deepseek,18,50.0,50.0,0.0,4.423883297176718,16.666666666666668,66.66666666666667,33.333333333333336,0,0,inf,4.222222222222222,260902,249360,aime24,44
train,per_environment,deer_confidence,0.96,deepseek,24,91.66666666666667,91.66666666666667,0.0,10.907423180239796,41.666666666666664,100.0,0.0,0,0,inf,2.9166666666666665,152630,135982,amc23,42
train,per_environment,deer_confidence,0.96,deepseek,24,70.83333333333333,70.83333333333333,0.0,4.827578752816943,29.166666666666668,100.0,0.0,0,0,inf,3.125,185041,176108,amc23,43
train,per_environment,deer_confidence,0.96,deepseek,24,87.5,87.5,0.0,4.700896116398219,29.166666666666668,100.0,0.0,0,0,inf,3.875,154779,147503,amc23,44
train,per_environment,deer_confidence,0.96,deepseek,300,69.66666666666667,74.33333333333333,4.666666666666667,25.212796450692288,57.0,74.85380116959064,25.146198830409357,24,10,2.4,2.2133333333333334,1203615,900150,math500,42
train,per_environment,deer_confidence,0.96,deepseek,300,69.0,75.0,6.0,34.36901843152534,62.666666666666664,71.27659574468085,28.72340425531915,28,10,2.8,2.1633333333333336,1175486,771483,math500,43
train,per_environment,deer_confidence,0.96,deepseek,300,70.66666666666667,75.33333333333333,4.666666666666667,30.709588650033858,61.666666666666664,74.05405405405405,25.945945945945947,25,11,2.272727272727273,2.4366666666666665,1205008,834955,math500,44
train,per_environment,deer_confidence,0.96,qwen3,18,72.22222222222223,77.77777777777777,5.555555555555555,21.53435173898384,55.55555555555556,90.0,10.0,1,0,inf,22.5,269899,211778,aime24,42
train,per_environment,deer_confidence,0.96,qwen3,18,50.0,55.55555555555556,5.555555555555555,13.429823835911009,44.44444444444444,87.5,12.5,1,0,inf,21.72222222222222,302275,261680,aime24,43
train,per_environment,deer_confidence,0.96,qwen3,18,66.66666666666667,72.22222222222223,5.555555555555555,15.089336613759789,44.44444444444444,75.0,25.0,1,0,inf,21.5,266632,226399,aime24,44
train,per_environment,deer_confidence,0.96,qwen3,24,91.66666666666667,83.33333333333333,-8.333333333333334,40.90207458631761,87.5,100.0,0.0,0,2,0.0,14.75,194352,114858,amc23,42
train,per_environment,deer_confidence,0.96,qwen3,24,87.5,91.66666666666667,4.166666666666667,32.64162894048262,75.0,88.88888888888889,11.11111111111111,1,0,inf,12.958333333333334,192616,129743,amc23,43
train,per_environment,deer_confidence,0.96,qwen3,24,83.33333333333333,79.16666666666667,-4.166666666666667,38.52243009454838,79.16666666666667,94.73684210526316,5.2631578947368425,0,1,0.0,13.291666666666666,198840,122242,amc23,44
train,per_environment,deer_confidence,0.96,qwen3,300,68.0,76.0,8.0,50.9737658754709,87.0,73.1800766283525,26.81992337164751,35,11,3.1818181818181817,7.62,1611527,790071,math500,42
train,per_environment,deer_confidence,0.96,qwen3,300,67.66666666666667,76.33333333333333,8.666666666666666,52.12333415521926,88.0,74.24242424242425,25.757575757575758,36,10,3.6,7.29,1638508,784463,math500,43
train,per_environment,deer_confidence,0.96,qwen3,300,68.33333333333333,75.33333333333333,7.0,50.86683390963253,87.0,73.9463601532567,26.053639846743295,34,13,2.6153846153846154,7.616666666666666,1635146,803399,math500,44
dev,per_model,deer_confidence,0.96,deepseek,342,66.95906432748538,76.90058479532163,9.941520467836257,26.510195978461212,55.84795321637427,67.53926701570681,32.460732984293195,37,3,12.333333333333334,2.5701754385964914,1533791,1127180,,
dev,per_model,deer_confidence,0.96,qwen3,342,64.03508771929825,77.48538011695906,13.450292397660819,46.454957443050695,83.91812865497076,69.68641114982579,30.313588850174217,53,7,7.571428571428571,9.046783625730994,2043967,1094443,,
dev,per_benchmark,deer_confidence,0.96,,36,72.22222222222223,72.22222222222223,0.0,9.242524052861933,38.888888888888886,100.0,0.0,0,0,inf,12.527777777777779,469071,425717,aime24,
dev,per_benchmark,deer_confidence,0.96,,48,81.25,85.41666666666667,4.166666666666667,26.09281806082713,50.0,91.66666666666667,8.333333333333334,2,0,inf,11.8125,405740,299871,amc23,
dev,per_benchmark,deer_confidence,0.96,,600,63.833333333333336,76.83333333333333,13.0,44.65170793212002,73.33333333333333,66.5909090909091,33.40909090909091,88,10,8.8,4.925,2702947,1496035,math500,
dev,per_seed,deer_confidence,0.96,,228,64.47368421052632,76.75438596491227,12.280701754385966,39.696808359310545,70.17543859649123,66.875,33.125,31,3,10.333333333333334,5.43859649122807,1230245,741877,,42
dev,per_seed,deer_confidence,0.96,,228,65.35087719298245,77.63157894736842,12.280701754385966,35.80474050181563,68.85964912280701,68.15286624203821,31.84713375796178,31,3,10.333333333333334,6.065789473684211,1158274,743557,,43
dev,per_seed,deer_confidence,0.96,,228,66.66666666666667,77.19298245614036,10.526315789473685,38.095790669495365,70.6140350877193,71.42857142857143,28.571428571428573,28,4,7.0,5.921052631578948,1189239,736189,,44
dev,per_environment,deer_confidence,0.96,deepseek,6,50.0,50.0,0.0,1.2255121209410502,16.666666666666668,100.0,0.0,0,0,inf,5.333333333333333,89432,88336,aime24,42
dev,per_environment,deer_confidence,0.96,deepseek,6,66.66666666666667,66.66666666666667,0.0,-0.152374154048897,0.0,nan,nan,0,0,inf,4.0,72847,72958,aime24,43
dev,per_environment,deer_confidence,0.96,deepseek,6,66.66666666666667,66.66666666666667,0.0,4.9718025889022,16.666666666666668,100.0,0.0,0,0,inf,5.333333333333333,68446,65043,aime24,44
dev,per_environment,deer_confidence,0.96,deepseek,8,87.5,87.5,0.0,11.842963719399767,12.5,100.0,0.0,0,0,inf,3.5,70506,62156,amc23,42
dev,per_environment,deer_confidence,0.96,deepseek,8,75.0,87.5,12.5,15.1354557281702,25.0,50.0,50.0,1,0,inf,5.0,52268,44357,amc23,43
dev,per_environment,deer_confidence,0.96,deepseek,8,75.0,87.5,12.5,13.050703688957363,37.5,66.66666666666667,33.333333333333336,1,0,inf,5.375,57767,50228,amc23,44
dev,per_environment,deer_confidence,0.96,deepseek,100,66.0,78.0,12.0,38.673926402593324,62.0,66.12903225806451,33.87096774193548,12,0,inf,2.1,372649,228531,math500,42
dev,per_environment,deer_confidence,0.96,deepseek,100,64.0,77.0,13.0,29.044297821795336,60.0,63.333333333333336,36.666666666666664,14,1,14.0,2.52,361169,256270,math500,43
dev,per_environment,deer_confidence,0.96,deepseek,100,69.0,76.0,7.0,33.29139943453552,61.0,72.1311475409836,27.868852459016395,9,2,4.5,2.18,388707,259301,math500,44
dev,per_environment,deer_confidence,0.96,qwen3,6,83.33333333333333,83.33333333333333,0.0,18.595892575039496,66.66666666666667,100.0,0.0,0,0,inf,19.5,79125,64411,aime24,42
dev,per_environment,deer_confidence,0.96,qwen3,6,83.33333333333333,83.33333333333333,0.0,16.129032258064516,66.66666666666667,100.0,0.0,0,0,inf,19.833333333333332,68510,57460,aime24,43
dev,per_environment,deer_confidence,0.96,qwen3,6,83.33333333333333,83.33333333333333,0.0,14.553912976375523,66.66666666666667,100.0,0.0,0,0,inf,21.166666666666668,90711,77509,aime24,44
dev,per_environment,deer_confidence,0.96,qwen3,8,75.0,75.0,0.0,23.053261688087915,62.5,100.0,0.0,0,0,inf,19.25,78349,60287,amc23,42
dev,per_environment,deer_confidence,0.96,qwen3,8,87.5,87.5,0.0,37.79751950015386,75.0,100.0,0.0,0,0,inf,20.125,74743,46492,amc23,43
dev,per_environment,deer_confidence,0.96,qwen3,8,87.5,87.5,0.0,49.58741869721386,87.5,100.0,0.0,0,0,inf,17.625,72107,36351,amc23,44
dev,per_environment,deer_confidence,0.96,qwen3,100,60.0,76.0,16.0,55.91205959450854,87.0,63.2183908045977,36.7816091954023,19,3,6.333333333333333,6.99,540184,238156,math500,42
dev,per_environment,deer_confidence,0.96,qwen3,100,63.0,77.0,14.0,49.68765189498749,85.0,68.23529411764706,31.764705882352942,16,2,8.0,7.87,528737,266020,math500,43
dev,per_environment,deer_confidence,0.96,qwen3,100,61.0,77.0,16.0,51.56275354300383,85.0,67.05882352941177,32.94117647058823,18,2,9.0,7.89,511501,247757,math500,44
test,per_model,deer_confidence,0.96,deepseek,342,72.22222222222223,79.82456140350877,7.60233918128655,34.35852168617781,60.23391812865497,68.93203883495146,31.067961165048544,32,6,5.333333333333333,2.4883040935672516,1464804,961519,,
test,per_model,deer_confidence,0.96,qwen3,342,76.3157894736842,81.57894736842105,5.2631578947368425,51.59037039122632,88.30409356725146,78.80794701986756,21.192052980132452,29,11,2.6363636363636362,8.17251461988304,1917918,928457,,
test,per_benchmark,deer_confidence,0.96,,36,77.77777777777777,77.77777777777777,0.0,10.41584148732769,25.0,100.0,0.0,0,0,inf,16.083333333333332,409002,366401,aime24,
test,per_benchmark,deer_confidence,0.96,,48,85.41666666666667,85.41666666666667,0.0,32.78707100465999,60.416666666666664,100.0,0.0,0,0,inf,6.229166666666667,282404,189812,amc23,
test,per_benchmark,deer_confidence,0.96,,600,73.16666666666667,80.5,7.333333333333333,50.4419770848165,78.33333333333333,72.76595744680851,27.23404255319149,61,17,3.588235294117647,4.613333333333333,2691316,1333763,math500,
test,per_seed,deer_confidence,0.96,,228,73.6842105263158,81.57894736842105,7.894736842105263,43.85413292116374,72.80701754385964,74.09638554216868,25.903614457831324,22,4,5.5,5.5701754385964914,1132867,636058,,45
test,per_seed,deer_confidence,0.96,,228,77.19298245614036,81.57894736842105,4.385964912280702,42.65099396253015,73.24561403508773,75.44910179640719,24.550898203592816,17,7,2.4285714285714284,5.2894736842105265,1092345,626449,,46
test,per_seed,deer_confidence,0.96,,228,71.9298245614035,78.94736842105263,7.017543859649122,45.79148344290762,76.75438596491227,74.85714285714286,25.142857142857142,22,6,3.6666666666666665,5.131578947368421,1157510,627469,,47
test,per_environment,deer_confidence,0.96,deepseek,6,83.33333333333333,83.33333333333333,0.0,-0.19149379032817596,0.0,nan,nan,0,0,inf,4.666666666666667,72065,72203,aime24,45
test,per_environment,deer_confidence,0.96,deepseek,6,83.33333333333333,83.33333333333333,0.0,-0.491786552392613,0.0,nan,nan,0,0,inf,8.166666666666666,49005,49246,aime24,46
test,per_environment,deer_confidence,0.96,deepseek,6,50.0,50.0,0.0,3.397637112166191,16.666666666666668,100.0,0.0,0,0,inf,4.5,63397,61243,aime24,47
test,per_environment,deer_confidence,0.96,deepseek,8,87.5,87.5,0.0,21.226969325766856,50.0,100.0,0.0,0,0,inf,2.5,40001,31510,amc23,45
test,per_environment,deer_confidence,0.96,deepseek,8,87.5,87.5,0.0,9.103493405818988,25.0,100.0,0.0,0,0,inf,3.5,39732,36115,amc23,46
test,per_environment,deer_confidence,0.96,deepseek,8,75.0,75.0,0.0,19.78157794206872,37.5,100.0,0.0,0,0,inf,2.0,44501,35698,amc23,47
test,per_environment,deer_confidence,0.96,deepseek,100,69.0,81.0,12.0,47.849992112198166,64.0,64.0625,35.9375,13,1,13.0,2.27,386673,201650,math500,45
test,per_environment,deer_confidence,0.96,deepseek,100,76.0,80.0,4.0,33.82398512550356,63.0,69.84126984126983,30.158730158730158,7,3,2.3333333333333335,2.0,367878,243447,math500,46
test,per_environment,deer_confidence,0.96,deepseek,100,69.0,79.0,10.0,42.620880981790656,69.0,68.1159420289855,31.884057971014492,12,2,6.0,2.56,401552,230407,math500,47
test,per_environment,deer_confidence,0.96,qwen3,6,83.33333333333333,83.33333333333333,0.0,15.003997745533667,33.333333333333336,100.0,0.0,0,0,inf,27.166666666666668,76293,64846,aime24,45
test,per_environment,deer_confidence,0.96,qwen3,6,83.33333333333333,83.33333333333333,0.0,18.838825918007878,50.0,100.0,0.0,0,0,inf,26.5,74373,60362,aime24,46
test,per_environment,deer_confidence,0.96,qwen3,6,83.33333333333333,83.33333333333333,0.0,20.804396973019806,50.0,100.0,0.0,0,0,inf,25.5,73869,58501,aime24,47
test,per_environment,deer_confidence,0.96,qwen3,8,87.5,87.5,0.0,48.84547069271758,87.5,100.0,0.0,0,0,inf,9.625,51796,26496,amc23,45
test,per_environment,deer_confidence,0.96,qwen3,8,87.5,87.5,0.0,35.55667751224803,75.0,100.0,0.0,0,0,inf,11.75,53478,34463,amc23,46
test,per_environment,deer_confidence,0.96,qwen3,8,87.5,87.5,0.0,51.73548094373866,87.5,100.0,0.0,0,0,inf,8.0,52896,25530,amc23,47
test,per_environment,deer_confidence,0.96,qwen3,100,75.0,81.0,6.0,52.70068117279498,89.0,77.52808988764045,22.471910112359552,9,3,3.0,7.55,506039,239353,math500,45
test,per_environment,deer_confidence,0.96,qwen3,100,76.0,82.0,6.0,60.06607873135137,93.0,76.34408602150538,23.655913978494624,10,4,2.5,6.76,507879,202816,math500,46
test,per_environment,deer_confidence,0.96,qwen3,100,74.0,80.0,6.0,58.54746352832849,92.0,76.08695652173913,23.91304347826087,10,4,2.5,6.54,521295,216090,math500,47
train,per_model,deer_confidence,0.97,deepseek,1026,69.49317738791423,73.78167641325535,4.288499025341131,22.463550084773892,54.77582846003899,75.62277580071175,24.377224199288257,73,29,2.5172413793103448,2.516569200779727,4898914,3798444,,
train,per_model,deer_confidence,0.97,qwen3,1026,69.29824561403508,76.12085769980507,6.822612085769981,44.47944822296129,84.40545808966861,75.75057736720554,24.249422632794456,108,38,2.8421052631578947,8.866471734892787,6309795,3503233,,
train,per_benchmark,deer_confidence,0.97,,108,52.77777777777778,55.55555555555556,2.7777777777777777,10.44263620443774,29.62962962962963,81.25,18.75,3,0,inf,13.574074074074074,1661161,1487692,aime24,
train,per_benchmark,deer_confidence,0.97,,144,85.41666666666667,84.02777777777777,-1.3888888888888888,22.58652381897468,56.94444444444444,96.34146341463415,3.658536585365854,1,3,0.3333333333333333,8.840277777777779,1078258,834717,amc23,
train,per_benchmark,deer_confidence,0.97,,1800,69.11111111111111,75.38888888888889,6.277777777777778,41.20796430397353,73.0,74.27701674277017,25.72298325722983,177,64,2.765625,4.966666666666667,8469290,4979268,math500,
train,per_seed,deer_confidence,0.97,,684,69.88304093567251,75.0,5.116959064327485,34.26556902569662,69.15204678362574,76.32135306553911,23.67864693446089,59,24,2.4583333333333335,5.75,3741114,2459200,,42
train,per_seed,deer_confidence,0.97,,684,67.98245614035088,74.70760233918129,6.7251461988304095,35.429283600193045,70.17543859649123,74.58333333333333,25.416666666666668,64,18,3.5555555555555554,5.516081871345029,3746288,2419005,,43
train,per_seed,deer_confidence,0.97,,684,70.32163742690058,75.14619883040936,4.824561403508772,34.87578423387267,69.44444444444444,76.21052631578948,23.789473684210527,58,25,2.32,5.808479532163743,3721307,2423472,,44
train,per_environment,deer_confidence,0.97,deepseek,18,33.333333333333336,33.333333333333336,0.0,10.83208504938675,22.22222222222222,75.0,25.0,0,0,inf,5.277777777777778,309091,275610,aime24,42
train,per_environment,deer_confidence,0.97,deepseek,18,44.44444444444444,44.44444444444444,0.0,0.6772017974179948,5.555555555555555,100.0,0.0,0,0,inf,5.5,252362,250653,aime24,43
train,per_environment,deer_confidence,0.97,deepseek,18,50.0,50.0,0.0,3.928678201010341,11.11111111111111,50.0,50.0,0,0,inf,4.222222222222222,260902,250652,aime24,44
train,per_environment,deer_confidence,0.97,deepseek,24,91.66666666666667,91.66666666666667,0.0,10.907423180239796,41.666666666666664,100.0,0.0,0,0,inf,2.9166666666666665,152630,135982,amc23,42
train,per_environment,deer_confidence,0.97,deepseek,24,70.83333333333333,70.83333333333333,0.0,4.827578752816943,29.166666666666668,100.0,0.0,0,0,inf,3.125,185041,176108,amc23,43
train,per_environment,deer_confidence,0.97,deepseek,24,87.5,87.5,0.0,4.700896116398219,29.166666666666668,100.0,0.0,0,0,inf,3.875,154779,147503,amc23,44
train,per_environment,deer_confidence,0.97,deepseek,300,69.66666666666667,74.33333333333333,4.666666666666667,25.05709882312866,56.666666666666664,74.70588235294117,25.294117647058822,24,10,2.4,2.236666666666667,1203615,902024,math500,42
train,per_environment,deer_confidence,0.97,deepseek,300,69.0,75.0,6.0,31.692423389134365,61.0,72.1311475409836,27.868852459016395,26,8,3.25,2.1966666666666668,1175486,802946,math500,43
train,per_environment,deer_confidence,0.97,deepseek,300,71.33333333333333,75.33333333333333,4.0,28.882961772867898,59.333333333333336,76.96629213483146,23.03370786516854,23,11,2.090909090909091,2.48,1205008,856966,math500,44
train,per_environment,deer_confidence,0.97,qwen3,18,72.22222222222223,77.77777777777777,5.555555555555555,17.909662503380893,50.0,88.88888888888889,11.11111111111111,1,0,inf,22.77777777777778,269899,221561,aime24,42
train,per_environment,deer_confidence,0.97,qwen3,18,50.0,55.55555555555556,5.555555555555555,13.278306178149036,44.44444444444444,87.5,12.5,1,0,inf,21.833333333333332,302275,262138,aime24,43
train,per_environment,deer_confidence,0.97,qwen3,18,66.66666666666667,72.22222222222223,5.555555555555555,14.834678508206066,44.44444444444444,75.0,25.0,1,0,inf,21.833333333333332,266632,227078,aime24,44
train,per_environment,deer_confidence,0.97,qwen3,24,91.66666666666667,83.33333333333333,-8.333333333333334,40.01245163414835,87.5,100.0,0.0,0,2,0.0,15.333333333333334,194352,116587,amc23,42
train,per_environment,deer_confidence,0.97,qwen3,24,87.5,91.66666666666667,4.166666666666667,32.27509656518669,75.0,88.88888888888889,11.11111111111111,1,0,inf,13.583333333333334,192616,130449,amc23,43
train,per_environment,deer_confidence,0.97,qwen3,24,83.33333333333333,79.16666666666667,-4.166666666666667,35.5823777911889,79.16666666666667,94.73684210526316,5.2631578947368425,0,1,0.0,14.208333333333334,198840,128088,amc23,44
train,per_environment,deer_confidence,0.97,qwen3,300,68.66666666666667,76.0,7.333333333333333,49.89621644564441,86.33333333333333,74.13127413127413,25.868725868725868,34,12,2.8333333333333335,7.73,1611527,807436,math500,42
train,per_environment,deer_confidence,0.97,qwen3,300,67.66666666666667,76.33333333333333,8.666666666666666,51.37582483576522,87.66666666666667,74.1444866920152,25.85551330798479,36,10,3.6,7.403333333333333,1638508,796711,math500,43
train,per_environment,deer_confidence,0.97,qwen3,300,68.33333333333333,75.33333333333333,7.0,50.26835524167261,87.0,73.9463601532567,26.053639846743295,34,13,2.6153846153846154,7.753333333333333,1635146,813185,math500,44
dev,per_model,deer_confidence,0.97,deepseek,342,67.83625730994152,76.90058479532163,9.064327485380117,23.840992677620353,54.3859649122807,69.35483870967742,30.64516129032258,34,3,11.333333333333334,2.5964912280701755,1533791,1168120,,
dev,per_model,deer_confidence,0.97,qwen3,342,64.32748538011695,77.48538011695906,13.157894736842104,44.59303892871069,82.45614035087719,69.8581560283688,30.141843971631207,51,6,8.5,9.152046783625732,2043967,1132500,,
dev,per_benchmark,deer_confidence,0.97,,36,72.22222222222223,72.22222222222223,0.0,9.242524052861933,38.888888888888886,100.0,0.0,0,0,inf,12.527777777777779,469071,425717,aime24,
dev,per_benchmark,deer_confidence,0.97,,48,83.33333333333333,85.41666666666667,2.0833333333333335,20.621087395869274,43.75,95.23809523809524,4.761904761904762,1,0,inf,11.979166666666666,405740,322072,amc23,
dev,per_benchmark,deer_confidence,0.97,,600,64.33333333333333,76.83333333333333,12.5,42.55044586519824,72.16666666666667,67.4364896073903,32.5635103926097,84,9,9.333333333333334,4.986666666666666,2702947,1552831,math500,
dev,per_seed,deer_confidence,0.97,,228,65.78947368421052,76.75438596491227,10.964912280701755,35.93308649903068,67.54385964912281,68.83116883116882,31.16883116883117,28,3,9.333333333333334,5.456140350877193,1230245,788180,,42
dev,per_seed,deer_confidence,0.97,,228,65.35087719298245,77.63157894736842,12.280701754385966,34.70569139944435,67.98245614035088,68.38709677419355,31.612903225806452,30,2,15.0,6.184210526315789,1158274,756287,,43
dev,per_seed,deer_confidence,0.97,,228,67.10526315789474,77.19298245614036,10.087719298245615,36.417070075905684,69.73684210526316,71.69811320754717,28.30188679245283,27,4,6.75,5.982456140350878,1189239,756153,,44
dev,per_environment,deer_confidence,0.97,deepseek,6,50.0,50.0,0.0,1.2255121209410502,16.666666666666668,100.0,0.0,0,0,inf,5.333333333333333,89432,88336,aime24,42
dev,per_environment,deer_confidence,0.97,deepseek,6,66.66666666666667,66.66666666666667,0.0,-0.152374154048897,0.0,nan,nan,0,0,inf,4.0,72847,72958,aime24,43
dev,per_environment,deer_confidence,0.97,deepseek,6,66.66666666666667,66.66666666666667,0.0,4.9718025889022,16.666666666666668,100.0,0.0,0,0,inf,5.333333333333333,68446,65043,aime24,44
dev,per_environment,deer_confidence,0.97,deepseek,8,87.5,87.5,0.0,11.842963719399767,12.5,100.0,0.0,0,0,inf,3.5,70506,62156,amc23,42
dev,per_environment,deer_confidence,0.97,deepseek,8,87.5,87.5,0.0,2.756944975893472,12.5,100.0,0.0,0,0,inf,5.625,52268,50827,amc23,43
dev,per_environment,deer_confidence,0.97,deepseek,8,75.0,87.5,12.5,13.050703688957363,37.5,66.66666666666667,33.333333333333336,1,0,inf,5.375,57767,50228,amc23,44
dev,per_environment,deer_confidence,0.97,deepseek,100,68.0,78.0,10.0,29.73817184535582,58.0,70.6896551724138,29.310344827586206,10,0,inf,2.11,372649,261830,math500,42
dev,per_environment,deer_confidence,0.97,deepseek,100,64.0,77.0,13.0,29.044297821795336,60.0,63.333333333333336,36.666666666666664,14,1,14.0,2.52,361169,256270,math500,43
dev,per_environment,deer_confidence,0.97,deepseek,100,69.0,76.0,7.0,32.9901442474666,61.0,72.1311475409836,27.868852459016395,9,2,4.5,2.21,388707,260472,math500,44
dev,per_environment,deer_confidence,0.97,qwen3,6,83.33333333333333,83.33333333333333,0.0,18.595892575039496,66.66666666666667,100.0,0.0,0,0,inf,19.5,79125,64411,aime24,42
dev,per_environment,deer_confidence,0.97,qwen3,6,83.33333333333333,83.33333333333333,0.0,16.129032258064516,66.66666666666667,100.0,0.0,0,0,inf,19.833333333333332,68510,57460,aime24,43
dev,per_environment,deer_confidence,0.97,qwen3,6,83.33333333333333,83.33333333333333,0.0,14.553912976375523,66.66666666666667,100.0,0.0,0,0,inf,21.166666666666668,90711,77509,aime24,44
dev,per_environment,deer_confidence,0.97,qwen3,8,75.0,75.0,0.0,17.321216607742283,50.0,100.0,0.0,0,0,inf,19.25,78349,64778,amc23,42
dev,per_environment,deer_confidence,0.97,qwen3,8,87.5,87.5,0.0,37.79751950015386,75.0,100.0,0.0,0,0,inf,20.125,74743,46492,amc23,43
dev,per_environment,deer_confidence,0.97,qwen3,8,87.5,87.5,0.0,33.99947300539476,75.0,100.0,0.0,0,0,inf,18.0,72107,47591,amc23,44
dev,per_environment,deer_confidence,0.97,qwen3,100,61.0,76.0,15.0,54.33611510152096,86.0,63.95348837209303,36.04651162790697,18,3,6.0,7.02,540184,246669,math500,42
dev,per_environment,deer_confidence,0.97,qwen3,100,62.0,77.0,15.0,48.503698436084484,84.0,67.85714285714286,32.142857142857146,16,1,16.0,8.09,528737,272280,math500,43
dev,per_environment,deer_confidence,0.97,qwen3,100,62.0,77.0,15.0,50.08611908872123,84.0,67.85714285714286,32.142857142857146,17,2,8.5,7.97,511501,255310,math500,44
test,per_model,deer_confidence,0.97,deepseek,342,74.56140350877193,79.82456140350877,5.2631578947368425,29.972405864538874,57.89473684210526,72.22222222222223,27.77777777777778,25,7,3.5714285714285716,2.5555555555555554,1464804,1025767,,
test,per_model,deer_confidence,0.97,qwen3,342,76.60818713450293,81.57894736842105,4.970760233918129,50.97814400824227,88.01169590643275,79.06976744186046,20.930232558139537,28,11,2.5454545454545454,8.339181286549708,1917918,940199,,
test,per_benchmark,deer_confidence,0.97,,36,77.77777777777777,77.77777777777777,0.0,9.855453029569537,25.0,100.0,0.0,0,0,inf,16.305555555555557,409002,368693,aime24,
test,per_benchmark,deer_confidence,0.97,,48,85.41666666666667,85.41666666666667,0.0,32.392600671378595,60.416666666666664,100.0,0.0,0,0,inf,6.291666666666667,282404,190926,amc23,
test,per_benchmark,deer_confidence,0.97,,600,74.66666666666667,80.5,5.833333333333333,47.74500653212034,76.83333333333333,74.40347071583514,25.59652928416486,53,18,2.9444444444444446,4.7283333333333335,2691316,1406347,math500,
test,per_seed,deer_confidence,0.97,,228,75.87719298245614,81.57894736842105,5.701754385964913,38.702777996004826,70.17543859649123,76.875,23.125,17,4,4.25,5.758771929824562,1132867,694416,,45
test,per_seed,deer_confidence,0.97,,228,77.63157894736842,81.57894736842105,3.9473684210526314,42.18575633156191,73.24561403508773,76.04790419161677,23.952095808383234,16,7,2.2857142857142856,5.364035087719298,1092345,631531,,46
test,per_seed,deer_confidence,0.97,,228,73.24561403508773,78.94736842105263,5.701754385964913,44.70725954851362,75.43859649122807,76.16279069767442,23.837209302325583,20,7,2.857142857142857,5.219298245614035,1157510,640019,,47
test,per_environment,deer_confidence,0.97,deepseek,6,83.33333333333333,83.33333333333333,0.0,-0.19149379032817596,0.0,nan,nan,0,0,inf,4.666666666666667,72065,72203,aime24,45
test,per_environment,deer_confidence,0.97,deepseek,6,83.33333333333333,83.33333333333333,0.0,-0.491786552392613,0.0,nan,nan,0,0,inf,8.166666666666666,49005,49246,aime24,46
test,per_environment,deer_confidence,0.97,deepseek,6,50.0,50.0,0.0,3.397637112166191,16.666666666666668,100.0,0.0,0,0,inf,4.5,63397,61243,aime24,47
test,per_environment,deer_confidence,0.97,deepseek,8,87.5,87.5,0.0,21.226969325766856,50.0,100.0,0.0,0,0,inf,2.5,40001,31510,amc23,45
test,per_environment,deer_confidence,0.97,deepseek,8,87.5,87.5,0.0,9.103493405818988,25.0,100.0,0.0,0,0,inf,3.5,39732,36115,amc23,46
test,per_environment,deer_confidence,0.97,deepseek,8,75.0,75.0,0.0,19.78157794206872,37.5,100.0,0.0,0,0,inf,2.0,44501,35698,amc23,47
test,per_environment,deer_confidence,0.97,deepseek,100,74.0,81.0,7.0,34.43736697416163,59.0,71.1864406779661,28.8135593220339,8,1,8.0,2.41,386673,253513,math500,45
test,per_environment,deer_confidence,0.97,deepseek,100,76.0,80.0,4.0,33.58994014319965,63.0,69.84126984126983,30.158730158730158,7,3,2.3333333333333335,2.01,367878,244308,math500,46
test,per_environment,deer_confidence,0.97,deepseek,100,72.0,79.0,7.0,39.75101605769614,66.0,71.21212121212122,28.78787878787879,10,3,3.3333333333333335,2.64,401552,241931,math500,47
test,per_environment,deer_confidence,0.97,qwen3,6,83.33333333333333,83.33333333333333,0.0,12.389078945643767,33.333333333333336,100.0,0.0,0,0,inf,27.833333333333332,76293,66841,aime24,45
test,per_environment,deer_confidence,0.97,qwen3,6,83.33333333333333,83.33333333333333,0.0,18.838825918007878,50.0,100.0,0.0,0,0,inf,26.5,74373,60362,aime24,46
test,per_environment,deer_confidence,0.97,qwen3,6,83.33333333333333,83.33333333333333,0.0,20.402333861294995,50.0,100.0,0.0,0,0,inf,26.166666666666668,73869,58798,aime24,47
test,per_environment,deer_confidence,0.97,qwen3,8,87.5,87.5,0.0,48.84547069271758,87.5,100.0,0.0,0,0,inf,9.625,51796,26496,amc23,45
test,per_environment,deer_confidence,0.97,qwen3,8,87.5,87.5,0.0,33.47357791989229,75.0,100.0,0.0,0,0,inf,12.125,53478,35577,amc23,46
test,per_environment,deer_confidence,0.97,qwen3,8,87.5,87.5,0.0,51.73548094373866,87.5,100.0,0.0,0,0,inf,8.0,52896,25530,amc23,47
test,per_environment,deer_confidence,0.97,qwen3,100,75.0,81.0,6.0,51.81142164931952,88.0,77.27272727272727,22.727272727272727,9,3,3.0,7.8,506039,243853,math500,45
test,per_environment,deer_confidence,0.97,qwen3,100,77.0,82.0,5.0,59.45431884366158,93.0,77.41935483870968,22.580645161290324,9,4,2.25,6.89,507879,205923,math500,46
test,per_environment,deer_confidence,0.97,qwen3,100,74.0,80.0,6.0,58.40761948608753,92.0,76.08695652173913,23.91304347826087,10,4,2.5,6.62,521295,216819,math500,47
train,per_model,deer_confidence,0.975,deepseek,1026,69.68810916179338,73.78167641325535,4.093567251461988,21.547775690693896,53.99610136452242,76.71480144404332,23.28519855595668,72,30,2.4,2.538011695906433,4898914,3843307,,
train,per_model,deer_confidence,0.975,qwen3,1026,69.29824561403508,76.12085769980507,6.822612085769981,43.56304761089702,83.72319688109162,76.1350407450524,23.864959254947614,106,36,2.9444444444444446,8.965886939571151,6309795,3561056,,
train,per_benchmark,deer_confidence,0.975,,108,52.77777777777778,55.55555555555556,2.7777777777777777,8.554679528353965,27.77777777777778,86.66666666666667,13.333333333333334,3,0,inf,13.657407407407407,1661161,1519054,aime24,
train,per_benchmark,deer_confidence,0.975,,144,85.41666666666667,84.02777777777777,-1.3888888888888888,21.82325565866425,56.25,97.53086419753086,2.4691358024691357,0,2,0.0,9.027777777777779,1078258,842947,amc23,
train,per_benchmark,deer_confidence,0.975,,1800,69.22222222222223,75.38888888888889,6.166666666666667,40.462990404154304,72.33333333333333,74.80798771121351,25.192012288786483,175,64,2.734375,5.015555555555555,8469290,5042362,math500,
train,per_seed,deer_confidence,0.975,,684,69.73684210526316,75.0,5.2631578947368425,32.93529681266062,68.42105263157895,76.4957264957265,23.504273504273506,59,23,2.5652173913043477,5.805555555555555,3741114,2508967,,42
train,per_seed,deer_confidence,0.975,,684,68.42105263157895,74.70760233918129,6.286549707602339,34.84758779890922,69.44444444444444,75.78947368421052,24.210526315789473,62,19,3.263157894736842,5.578947368421052,3746288,2440797,,43
train,per_seed,deer_confidence,0.975,,684,70.32163742690058,75.14619883040936,4.824561403508772,34.039330805010174,68.71345029239767,76.80851063829788,23.19148936170213,57,24,2.375,5.871345029239766,3721307,2454599,,44
train,per_environment,deer_confidence,0.975,deepseek,18,33.333333333333336,33.333333333333336,0.0,3.665910686496857,16.666666666666668,100.0,0.0,0,0,inf,5.5,309091,297760,aime24,42
train,per_environment,deer_confidence,0.975,deepseek,18,44.44444444444444,44.44444444444444,0.0,0.6772017974179948,5.555555555555555,100.0,0.0,0,0,inf,5.5,252362,250653,aime24,43
train,per_environment,deer_confidence,0.975,deepseek,18,50.0,50.0,0.0,0.5726288031521414,5.555555555555555,100.0,0.0,0,0,inf,4.222222222222222,260902,259408,aime24,44
train,per_environment,deer_confidence,0.975,deepseek,24,91.66666666666667,91.66666666666667,0.0,10.907423180239796,41.666666666666664,100.0,0.0,0,0,inf,2.9166666666666665,152630,135982,amc23,42
train,per_environment,deer_confidence,0.975,deepseek,24,70.83333333333333,70.83333333333333,0.0,4.827578752816943,29.166666666666668,100.0,0.0,0,0,inf,3.125,185041,176108,amc23,43
train,per_environment,deer_confidence,0.975,deepseek,24,87.5,87.5,0.0,4.700896116398219,29.166666666666668,100.0,0.0,0,0,inf,3.875,154779,147503,amc23,44
train,per_environment,deer_confidence,0.975,deepseek,300,69.66666666666667,74.33333333333333,4.666666666666667,24.78142927763446,56.333333333333336,74.55621301775147,25.443786982248522,24,10,2.4,2.25,1203615,905342,math500,42
train,per_environment,deer_confidence,0.975,deepseek,300,69.66666666666667,75.0,5.333333333333333,31.01619245146263,59.666666666666664,74.30167597765363,25.69832402234637,25,9,2.7777777777777777,2.223333333333333,1175486,810895,math500,43
train,per_environment,deer_confidence,0.975,deepseek,300,71.33333333333333,75.33333333333333,4.0,28.659726740403382,59.0,77.40112994350282,22.598870056497177,23,11,2.090909090909091,2.5,1205008,859656,math500,44
train,per_environment,deer_confidence,0.975,qwen3,18,72.22222222222223,77.77777777777777,5.555555555555555,17.909662503380893,50.0,88.88888888888889,11.11111111111111,1,0,inf,22.77777777777778,269899,221561,aime24,42
train,per_environment,deer_confidence,0.975,qwen3,18,50.0,55.55555555555556,5.555555555555555,13.242246298900008,44.44444444444444,87.5,12.5,1,0,inf,22.0,302275,262247,aime24,43
train,per_environment,deer_confidence,0.975,qwen3,18,66.66666666666667,72.22222222222223,5.555555555555555,14.704536589756668,44.44444444444444,75.0,25.0,1,0,inf,21.944444444444443,266632,227425,aime24,44
train,per_environment,deer_confidence,0.975,qwen3,24,87.5,83.33333333333333,-4.166666666666667,38.04797480859472,83.33333333333333,100.0,0.0,0,1,0.0,15.583333333333334,194352,120405,amc23,42
train,per_environment,deer_confidence,0.975,qwen3,24,91.66666666666667,91.66666666666667,0.0,29.984528803422354,75.0,94.44444444444444,5.555555555555555,0,0,inf,14.458333333333334,192616,134861,amc23,43
train,per_environment,deer_confidence,0.975,qwen3,24,83.33333333333333,79.16666666666667,-4.166666666666667,35.5823777911889,79.16666666666667,94.73684210526316,5.2631578947368425,0,1,0.0,14.208333333333334,198840,128088,amc23,44
train,per_environment,deer_confidence,0.975,qwen3,300,68.66666666666667,76.0,7.333333333333333,48.62531003203794,85.66666666666667,74.31906614785993,25.68093385214008,34,12,2.8333333333333335,7.81,1611527,827917,math500,42
train,per_environment,deer_confidence,0.975,qwen3,300,67.66666666666667,76.33333333333333,8.666666666666666,50.806892612059265,87.33333333333333,74.42748091603053,25.572519083969464,36,10,3.6,7.44,1638508,806033,math500,43
train,per_environment,deer_confidence,0.975,qwen3,300,68.33333333333333,75.33333333333333,7.0,49.08595318093919,86.0,74.4186046511628,25.58139534883721,33,12,2.75,7.87,1635146,832519,math500,44
dev,per_model,deer_confidence,0.975,deepseek,342,68.12865497076024,76.90058479532163,8.771929824561404,23.23328276147141,53.50877192982456,69.94535519125684,30.05464480874317,33,3,11.0,2.6198830409356724,1533791,1177441,,
dev,per_model,deer_confidence,0.975,qwen3,342,64.32748538011695,77.48538011695906,13.157894736842104,44.15066388058124,82.16374269005848,69.7508896797153,30.249110320284696,51,6,8.5,9.201754385964913,2043967,1141542,,
dev,per_benchmark,deer_confidence,0.975,,36,72.22222222222223,72.22222222222223,0.0,9.242524052861933,38.888888888888886,100.0,0.0,0,0,inf,12.527777777777779,469071,425717,aime24,
dev,per_benchmark,deer_confidence,0.975,,48,83.33333333333333,85.41666666666667,2.0833333333333335,20.621087395869274,43.75,95.23809523809524,4.761904761904762,1,0,inf,11.979166666666666,405740,322072,amc23,
dev,per_benchmark,deer_confidence,0.975,,600,64.5,76.83333333333333,12.333333333333334,41.871076273415646,71.5,67.5990675990676,32.4009324009324,83,9,9.222222222222221,5.028333333333333,2702947,1571194,math500,
dev,per_seed,deer_confidence,0.975,,228,66.2280701754386,76.75438596491227,10.526315789473685,35.24891383423627,67.10526315789474,69.28104575163398,30.718954248366014,27,3,9.0,5.5131578947368425,1230245,796597,,42
dev,per_seed,deer_confidence,0.975,,228,65.35087719298245,77.63157894736842,12.280701754385966,34.308030742294136,67.10526315789474,68.62745098039215,31.372549019607842,30,2,15.0,6.232456140350878,1158274,760893,,43
dev,per_seed,deer_confidence,0.975,,228,67.10526315789474,77.19298245614036,10.087719298245615,35.96804342945362,69.29824561403508,71.51898734177215,28.481012658227847,27,4,6.75,5.9868421052631575,1189239,761493,,44
dev,per_environment,deer_confidence,0.975,deepseek,6,50.0,50.0,0.0,1.2255121209410502,16.666666666666668,100.0,0.0,0,0,inf,5.333333333333333,89432,88336,aime24,42
dev,per_environment,deer_confidence,0.975,deepseek,6,66.66666666666667,66.66666666666667,0.0,-0.152374154048897,0.0,nan,nan,0,0,inf,4.0,72847,72958,aime24,43
dev,per_environment,deer_confidence,0.975,deepseek,6,66.66666666666667,66.66666666666667,0.0,4.9718025889022,16.666666666666668,100.0,0.0,0,0,inf,5.333333333333333,68446,65043,aime24,44
dev,per_environment,deer_confidence,0.975,deepseek,8,87.5,87.5,0.0,11.842963719399767,12.5,100.0,0.0,0,0,inf,3.5,70506,62156,amc23,42
dev,per_environment,deer_confidence,0.975,deepseek,8,87.5,87.5,0.0,2.756944975893472,12.5,100.0,0.0,0,0,inf,5.625,52268,50827,amc23,43
dev,per_environment,deer_confidence,0.975,deepseek,8,75.0,87.5,12.5,13.050703688957363,37.5,66.66666666666667,33.333333333333336,1,0,inf,5.375,57767,50228,amc23,44
dev,per_environment,deer_confidence,0.975,deepseek,100,69.0,78.0,9.0,28.11117163872706,57.0,71.9298245614035,28.07017543859649,9,0,inf,2.15,372649,267893,math500,42
dev,per_environment,deer_confidence,0.975,deepseek,100,64.0,77.0,13.0,28.142227046064306,58.0,63.793103448275865,36.206896551724135,14,1,14.0,2.56,361169,259528,math500,43
dev,per_environment,deer_confidence,0.975,deepseek,100,69.0,76.0,7.0,32.9901442474666,61.0,72.1311475409836,27.868852459016395,9,2,4.5,2.21,388707,260472,math500,44
dev,per_environment,deer_confidence,0.975,qwen3,6,83.33333333333333,83.33333333333333,0.0,18.595892575039496,66.66666666666667,100.0,0.0,0,0,inf,19.5,79125,64411,aime24,42
dev,per_environment,deer_confidence,0.975,qwen3,6,83.33333333333333,83.33333333333333,0.0,16.129032258064516,66.66666666666667,100.0,0.0,0,0,inf,19.833333333333332,68510,57460,aime24,43
dev,per_environment,deer_confidence,0.975,qwen3,6,83.33333333333333,83.33333333333333,0.0,14.553912976375523,66.66666666666667,100.0,0.0,0,0,inf,21.166666666666668,90711,77509,aime24,44
dev,per_environment,deer_confidence,0.975,qwen3,8,75.0,75.0,0.0,17.321216607742283,50.0,100.0,0.0,0,0,inf,19.25,78349,64778,amc23,42
dev,per_environment,deer_confidence,0.975,qwen3,8,87.5,87.5,0.0,37.79751950015386,75.0,100.0,0.0,0,0,inf,20.125,74743,46492,amc23,43
dev,per_environment,deer_confidence,0.975,qwen3,8,87.5,87.5,0.0,33.99947300539476,75.0,100.0,0.0,0,0,inf,18.0,72107,47591,amc23,44
dev,per_environment,deer_confidence,0.975,qwen3,100,61.0,76.0,15.0,53.90033766272233,86.0,63.95348837209303,36.04651162790697,18,3,6.0,7.11,540184,249023,math500,42
dev,per_environment,deer_confidence,0.975,qwen3,100,62.0,77.0,15.0,48.24875126953476,84.0,67.85714285714286,32.142857142857146,16,1,16.0,8.16,528737,273628,math500,43
dev,per_environment,deer_confidence,0.975,qwen3,100,62.0,77.0,15.0,49.04213285995531,83.0,67.46987951807229,32.53012048192771,17,2,8.5,7.98,511501,260650,math500,44
test,per_model,deer_confidence,0.975,deepseek,342,74.56140350877193,79.82456140350877,5.2631578947368425,28.85143677925511,57.01754385964912,71.7948717948718,28.205128205128204,25,7,3.5714285714285716,2.5789473684210527,1464804,1042187,,
test,per_model,deer_confidence,0.975,qwen3,342,76.60818713450293,81.57894736842105,4.970760233918129,50.872247927179366,88.01169590643275,79.06976744186046,20.930232558139537,28,11,2.5454545454545454,8.37719298245614,1917918,942230,,
test,per_benchmark,deer_confidence,0.975,,36,77.77777777777777,77.77777777777777,0.0,9.855453029569537,25.0,100.0,0.0,0,0,inf,16.305555555555557,409002,368693,aime24,
test,per_benchmark,deer_confidence,0.975,,48,85.41666666666667,85.41666666666667,0.0,32.392600671378595,60.416666666666664,100.0,0.0,0,0,inf,6.291666666666667,282404,190926,amc23,
test,per_benchmark,deer_confidence,0.975,,600,74.66666666666667,80.5,5.833333333333333,47.05943114818178,76.33333333333333,74.23580786026201,25.76419213973799,53,18,2.9444444444444446,4.763333333333334,2691316,1424798,math500,
test,per_seed,deer_confidence,0.975,,228,75.87719298245614,81.57894736842105,5.701754385964913,38.20669151806876,69.73684210526316,76.72955974842768,23.270440251572328,17,4,4.25,5.793859649122807,1132867,700036,,45
test,per_seed,deer_confidence,0.975,,228,77.63157894736842,81.57894736842105,3.9473684210526314,42.13458202307879,73.24561403508773,76.04790419161677,23.952095808383234,16,7,2.2857142857142856,5.37280701754386,1092345,632090,,46
test,per_seed,deer_confidence,0.975,,228,73.24561403508773,78.94736842105263,5.701754385964913,43.64705272524643,74.56140350877193,75.88235294117646,24.11764705882353,20,7,2.857142857142857,5.267543859649122,1157510,652291,,47
test,per_environment,deer_confidence,0.975,deepseek,6,83.33333333333333,83.33333333333333,0.0,-0.19149379032817596,0.0,nan,nan,0,0,inf,4.666666666666667,72065,72203,aime24,45
test,per_environment,deer_confidence,0.975,deepseek,6,83.33333333333333,83.33333333333333,0.0,-0.491786552392613,0.0,nan,nan,0,0,inf,8.166666666666666,49005,49246,aime24,46
test,per_environment,deer_confidence,0.975,deepseek,6,50.0,50.0,0.0,3.397637112166191,16.666666666666668,100.0,0.0,0,0,inf,4.5,63397,61243,aime24,47
test,per_environment,deer_confidence,0.975,deepseek,8,87.5,87.5,0.0,21.226969325766856,50.0,100.0,0.0,0,0,inf,2.5,40001,31510,amc23,45
test,per_environment,deer_confidence,0.975,deepseek,8,87.5,87.5,0.0,9.103493405818988,25.0,100.0,0.0,0,0,inf,3.5,39732,36115,amc23,46
test,per_environment,deer_confidence,0.975,deepseek,8,75.0,75.0,0.0,19.78157794206872,37.5,100.0,0.0,0,0,inf,2.0,44501,35698,amc23,47
test,per_environment,deer_confidence,0.975,deepseek,100,74.0,81.0,7.0,33.35221233445314,58.0,70.6896551724138,29.310344827586206,8,1,8.0,2.42,386673,257709,math500,45
test,per_environment,deer_confidence,0.975,deepseek,100,76.0,80.0,4.0,33.46734515246902,63.0,69.84126984126983,30.158730158730158,7,3,2.3333333333333335,2.02,367878,244759,math500,46
test,per_environment,deer_confidence,0.975,deepseek,100,72.0,79.0,7.0,36.81914173008726,64.0,70.3125,29.6875,10,3,3.3333333333333335,2.7,401552,253704,math500,47
test,per_environment,deer_confidence,0.975,qwen3,6,83.33333333333333,83.33333333333333,0.0,12.389078945643767,33.333333333333336,100.0,0.0,0,0,inf,27.833333333333332,76293,66841,aime24,45
test,per_environment,deer_confidence,0.975,qwen3,6,83.33333333333333,83.33333333333333,0.0,18.838825918007878,50.0,100.0,0.0,0,0,inf,26.5,74373,60362,aime24,46
test,per_environment,deer_confidence,0.975,qwen3,6,83.33333333333333,83.33333333333333,0.0,20.402333861294995,50.0,100.0,0.0,0,0,inf,26.166666666666668,73869,58798,aime24,47
test,per_environment,deer_confidence,0.975,qwen3,8,87.5,87.5,0.0,48.84547069271758,87.5,100.0,0.0,0,0,inf,9.625,51796,26496,amc23,45
test,per_environment,deer_confidence,0.975,qwen3,8,87.5,87.5,0.0,33.47357791989229,75.0,100.0,0.0,0,0,inf,12.125,53478,35577,amc23,46
test,per_environment,deer_confidence,0.975,qwen3,8,87.5,87.5,0.0,51.73548094373866,87.5,100.0,0.0,0,0,inf,8.0,52896,25530,amc23,47
test,per_environment,deer_confidence,0.975,qwen3,100,75.0,81.0,6.0,51.530020413446394,88.0,77.27272727272727,22.727272727272727,9,3,3.0,7.87,506039,245277,math500,45
test,per_environment,deer_confidence,0.975,qwen3,100,77.0,82.0,5.0,59.433053936075325,93.0,77.41935483870968,22.580645161290324,9,4,2.25,6.9,507879,206031,math500,46
test,per_environment,deer_confidence,0.975,qwen3,100,74.0,80.0,6.0,58.311896335088576,92.0,76.08695652173913,23.91304347826087,10,4,2.5,6.67,521295,217318,math500,47
train,per_model,deer_confidence,0.98,deepseek,1026,69.98050682261209,73.78167641325535,3.801169590643275,21.05109418128181,53.21637426900585,77.65567765567765,22.344322344322343,68,29,2.3448275862068964,2.55458089668616,4898914,3867639,,
train,per_model,deer_confidence,0.98,qwen3,1026,69.29824561403508,76.12085769980507,6.822612085769981,42.88857244965962,83.33333333333333,76.25730994152046,23.742690058479532,105,35,3.0,9.06140350877193,6309795,3603614,,
train,per_benchmark,deer_confidence,0.98,,108,52.77777777777778,55.55555555555556,2.7777777777777777,8.549382028593255,27.77777777777778,86.66666666666667,13.333333333333334,3,0,inf,13.666666666666666,1661161,1519142,aime24,
train,per_benchmark,deer_confidence,0.98,,144,85.41666666666667,84.02777777777777,-1.3888888888888888,20.414130940832344,54.861111111111114,97.46835443037975,2.5316455696202533,0,2,0.0,9.17361111111111,1078258,858141,amc23,
train,per_benchmark,deer_confidence,0.98,,1800,69.38888888888889,75.38888888888889,6.0,39.85363590100233,71.77777777777777,75.30959752321981,24.690402476780186,170,62,2.7419354838709675,5.067222222222222,8469290,5093970,math500,
train,per_seed,deer_confidence,0.98,,684,69.5906432748538,75.0,5.409356725146199,32.155235044962545,67.69005847953217,76.67386609071275,23.326133909287257,58,21,2.761904761904762,5.861111111111111,3741114,2538150,,42
train,per_seed,deer_confidence,0.98,,684,68.71345029239767,74.70760233918129,5.994152046783626,34.02157015157404,68.71345029239767,76.38297872340425,23.617021276595743,60,19,3.1578947368421053,5.6608187134502925,3746288,2471742,,43
train,per_seed,deer_confidence,0.98,,684,70.6140350877193,75.14619883040936,4.5321637426900585,33.85762045431887,68.42105263157895,77.35042735042735,22.64957264957265,55,24,2.2916666666666665,5.902046783625731,3721307,2461361,,44
train,per_environment,deer_confidence,0.98,deepseek,18,33.333333333333336,33.333333333333336,0.0,3.665910686496857,16.666666666666668,100.0,0.0,0,0,inf,5.5,309091,297760,aime24,42
train,per_environment,deer_confidence,0.98,deepseek,18,44.44444444444444,44.44444444444444,0.0,0.6772017974179948,5.555555555555555,100.0,0.0,0,0,inf,5.5,252362,250653,aime24,43
train,per_environment,deer_confidence,0.98,deepseek,18,50.0,50.0,0.0,0.5726288031521414,5.555555555555555,100.0,0.0,0,0,inf,4.222222222222222,260902,259408,aime24,44
train,per_environment,deer_confidence,0.98,deepseek,24,91.66666666666667,91.66666666666667,0.0,10.907423180239796,41.666666666666664,100.0,0.0,0,0,inf,2.9166666666666665,152630,135982,amc23,42
train,per_environment,deer_confidence,0.98,deepseek,24,70.83333333333333,70.83333333333333,0.0,4.827578752816943,29.166666666666668,100.0,0.0,0,0,inf,3.125,185041,176108,amc23,43
train,per_environment,deer_confidence,0.98,deepseek,24,87.5,87.5,0.0,4.700896116398219,29.166666666666668,100.0,0.0,0,0,inf,3.875,154779,147503,amc23,44
train,per_environment,deer_confidence,0.98,deepseek,300,69.33333333333333,74.33333333333333,5.0,23.72411443858709,55.333333333333336,74.6987951807229,25.301204819277107,24,9,2.6666666666666665,2.2666666666666666,1203615,918068,math500,42
train,per_environment,deer_confidence,0.98,deepseek,300,70.33333333333333,75.0,4.666666666666667,30.46918466064249,58.666666666666664,75.56818181818181,24.431818181818183,23,9,2.5555555555555554,2.25,1175486,817325,math500,43
train,per_environment,deer_confidence,0.98,deepseek,300,72.0,75.33333333333333,3.3333333333333335,28.230186023661254,58.333333333333336,78.85714285714286,21.142857142857142,21,11,1.9090909090909092,2.513333333333333,1205008,864832,math500,44
train,per_environment,deer_confidence,0.98,qwen3,18,72.22222222222223,77.77777777777777,5.555555555555555,17.877057714181973,50.0,88.88888888888889,11.11111111111111,1,0,inf,22.833333333333332,269899,221649,aime24,42
train,per_environment,deer_confidence,0.98,qwen3,18,50.0,55.55555555555556,5.555555555555555,13.242246298900008,44.44444444444444,87.5,12.5,1,0,inf,22.0,302275,262247,aime24,43
train,per_environment,deer_confidence,0.98,qwen3,18,66.66666666666667,72.22222222222223,5.555555555555555,14.704536589756668,44.44444444444444,75.0,25.0,1,0,inf,21.944444444444443,266632,227425,aime24,44
train,per_environment,deer_confidence,0.98,qwen3,24,87.5,83.33333333333333,-4.166666666666667,33.21807853791059,79.16666666666667,100.0,0.0,0,1,0.0,16.0,194352,129792,amc23,42
train,per_environment,deer_confidence,0.98,qwen3,24,91.66666666666667,91.66666666666667,0.0,26.969722141462807,70.83333333333333,94.11764705882354,5.882352941176471,0,0,inf,14.916666666666666,192616,140668,amc23,43
train,per_environment,deer_confidence,0.98,qwen3,24,83.33333333333333,79.16666666666667,-4.166666666666667,35.5823777911889,79.16666666666667,94.73684210526316,5.2631578947368425,0,1,0.0,14.208333333333334,198840,128088,amc23,44
train,per_environment,deer_confidence,0.98,qwen3,300,68.66666666666667,76.0,7.333333333333333,48.19205635400462,85.33333333333333,74.609375,25.390625,33,11,3.0,7.883333333333334,1611527,834899,math500,42
train,per_environment,deer_confidence,0.98,qwen3,300,67.66666666666667,76.33333333333333,8.666666666666666,49.665122172122445,87.0,74.71264367816092,25.28735632183908,36,10,3.6,7.5633333333333335,1638508,824741,math500,43
train,per_environment,deer_confidence,0.98,qwen3,300,68.33333333333333,75.33333333333333,7.0,48.988958784108576,86.0,74.4186046511628,25.58139534883721,33,12,2.75,7.926666666666667,1635146,834105,math500,44
dev,per_model,deer_confidence,0.98,deepseek,342,68.42105263157895,76.90058479532163,8.47953216374269,22.784003817990847,52.92397660818713,70.7182320441989,29.281767955801104,32,3,10.666666666666666,2.628654970760234,1533791,1184332,,
dev,per_model,deer_confidence,0.98,qwen3,342,64.32748538011695,77.48538011695906,13.157894736842104,43.50716034065129,81.87134502923976,70.0,30.0,51,6,8.5,9.286549707602338,2043967,1154695,,
dev,per_benchmark,deer_confidence,0.98,,36,72.22222222222223,72.22222222222223,0.0,9.242524052861933,38.888888888888886,100.0,0.0,0,0,inf,12.527777777777779,469071,425717,aime24,
dev,per_benchmark,deer_confidence,0.98,,48,83.33333333333333,85.41666666666667,2.0833333333333335,20.410607778380243,43.75,95.23809523809524,4.761904761904762,1,0,inf,12.104166666666666,405740,322926,amc23,
dev,per_benchmark,deer_confidence,0.98,,600,64.66666666666667,76.83333333333333,12.166666666666666,41.161110447226676,71.0,68.07511737089202,31.92488262910798,82,9,9.11111111111111,5.071666666666666,2702947,1590384,math500,
dev,per_seed,deer_confidence,0.98,,228,66.66666666666667,76.75438596491227,10.087719298245615,34.92214965311788,66.66666666666667,69.73684210526316,30.263157894736842,26,3,8.666666666666666,5.548245614035087,1230245,800617,,42
dev,per_seed,deer_confidence,0.98,,228,65.35087719298245,77.63157894736842,12.280701754385966,33.25430770266794,66.66666666666667,69.07894736842105,30.92105263157895,30,2,15.0,6.315789473684211,1158274,773098,,43
dev,per_seed,deer_confidence,0.98,,228,67.10526315789474,77.19298245614036,10.087719298245615,35.64691369859212,68.85964912280701,71.97452229299363,28.02547770700637,27,4,6.75,6.008771929824562,1189239,765312,,44
dev,per_environment,deer_confidence,0.98,deepseek,6,50.0,50.0,0.0,1.2255121209410502,16.666666666666668,100.0,0.0,0,0,inf,5.333333333333333,89432,88336,aime24,42
dev,per_environment,deer_confidence,0.98,deepseek,6,66.66666666666667,66.66666666666667,0.0,-0.152374154048897,0.0,nan,nan,0,0,inf,4.0,72847,72958,aime24,43
dev,per_environment,deer_confidence,0.98,deepseek,6,66.66666666666667,66.66666666666667,0.0,4.9718025889022,16.666666666666668,100.0,0.0,0,0,inf,5.333333333333333,68446,65043,aime24,44
dev,per_environment,deer_confidence,0.98,deepseek,8,87.5,87.5,0.0,11.842963719399767,12.5,100.0,0.0,0,0,inf,3.5,70506,62156,amc23,42
dev,per_environment,deer_confidence,0.98,deepseek,8,87.5,87.5,0.0,2.756944975893472,12.5,100.0,0.0,0,0,inf,5.625,52268,50827,amc23,43
dev,per_environment,deer_confidence,0.98,deepseek,8,75.0,87.5,12.5,13.050703688957363,37.5,66.66666666666667,33.333333333333336,1,0,inf,5.375,57767,50228,amc23,44
dev,per_environment,deer_confidence,0.98,deepseek,100,70.0,78.0,8.0,27.283583211010896,56.0,73.21428571428571,26.785714285714285,8,0,inf,2.16,372649,270977,math500,42
dev,per_environment,deer_confidence,0.98,deepseek,100,64.0,77.0,13.0,27.964747805044176,58.0,63.793103448275865,36.206896551724135,14,1,14.0,2.57,361169,260169,math500,43
dev,per_environment,deer_confidence,0.98,deepseek,100,69.0,76.0,7.0,32.17564901069443,60.0,73.33333333333333,26.666666666666668,9,2,4.5,2.22,388707,263638,math500,44
dev,per_environment,deer_confidence,0.98,qwen3,6,83.33333333333333,83.33333333333333,0.0,18.595892575039496,66.66666666666667,100.0,0.0,0,0,inf,19.5,79125,64411,aime24,42
dev,per_environment,deer_confidence,0.98,qwen3,6,83.33333333333333,83.33333333333333,0.0,16.129032258064516,66.66666666666667,100.0,0.0,0,0,inf,19.833333333333332,68510,57460,aime24,43
dev,per_environment,deer_confidence,0.98,qwen3,6,83.33333333333333,83.33333333333333,0.0,14.553912976375523,66.66666666666667,100.0,0.0,0,0,inf,21.166666666666668,90711,77509,aime24,44
dev,per_environment,deer_confidence,0.98,qwen3,8,75.0,75.0,0.0,16.231221840738236,50.0,100.0,0.0,0,0,inf,20.0,78349,65632,amc23,42
dev,per_environment,deer_confidence,0.98,qwen3,8,87.5,87.5,0.0,37.79751950015386,75.0,100.0,0.0,0,0,inf,20.125,74743,46492,amc23,43
dev,per_environment,deer_confidence,0.98,qwen3,8,87.5,87.5,0.0,33.99947300539476,75.0,100.0,0.0,0,0,inf,18.0,72107,47591,amc23,44
dev,per_environment,deer_confidence,0.98,qwen3,100,61.0,76.0,15.0,53.88515764998593,86.0,63.95348837209303,36.04651162790697,18,3,6.0,7.12,540184,249105,math500,42
dev,per_environment,deer_confidence,0.98,qwen3,100,62.0,77.0,15.0,46.061652579637894,83.0,68.67469879518072,31.325301204819276,16,1,16.0,8.34,528737,285192,math500,43
dev,per_environment,deer_confidence,0.98,qwen3,100,62.0,77.0,15.0,48.91446937542644,83.0,67.46987951807229,32.53012048192771,17,2,8.5,8.02,511501,261303,math500,44
test,per_model,deer_confidence,0.98,deepseek,342,74.26900584795321,79.82456140350877,5.555555555555555,27.960873946275406,56.72514619883041,71.64948453608247,28.350515463917525,25,6,4.166666666666667,2.6052631578947367,1464804,1055232,,
test,per_model,deer_confidence,0.98,qwen3,342,76.90058479532163,81.57894736842105,4.678362573099415,50.469467412058286,87.13450292397661,79.53020134228188,20.469798657718123,27,11,2.4545454545454546,8.423976608187134,1917918,949955,,
test,per_benchmark,deer_confidence,0.98,,36,77.77777777777777,77.77777777777777,0.0,9.855453029569537,25.0,100.0,0.0,0,0,inf,16.305555555555557,409002,368693,aime24,
test,per_benchmark,deer_confidence,0.98,,48,85.41666666666667,85.41666666666667,0.0,32.392600671378595,60.416666666666664,100.0,0.0,0,0,inf,6.291666666666667,282404,190926,amc23,
test,per_benchmark,deer_confidence,0.98,,600,74.66666666666667,80.5,5.833333333333333,46.28768973988933,75.66666666666667,74.44933920704845,25.550660792951543,52,17,3.0588235294117645,4.805,2691316,1445568,math500,
test,per_seed,deer_confidence,0.98,,228,76.3157894736842,81.57894736842105,5.2631578947368425,37.81555999071383,69.29824561403508,77.21518987341773,22.78481012658228,16,4,4.0,5.837719298245614,1132867,704467,,45
test,per_seed,deer_confidence,0.98,,228,77.63157894736842,81.57894736842105,3.9473684210526314,41.78121381065506,72.80701754385964,75.90361445783132,24.096385542168676,16,7,2.2857142857142856,5.416666666666667,1092345,635950,,46
test,per_seed,deer_confidence,0.98,,228,72.80701754385964,78.94736842105263,6.140350877192983,42.56896268714741,73.6842105263158,76.19047619047619,23.80952380952381,20,6,3.3333333333333335,5.2894736842105265,1157510,664770,,47
test,per_environment,deer_confidence,0.98,deepseek,6,83.33333333333333,83.33333333333333,0.0,-0.19149379032817596,0.0,nan,nan,0,0,inf,4.666666666666667,72065,72203,aime24,45
test,per_environment,deer_confidence,0.98,deepseek,6,83.33333333333333,83.33333333333333,0.0,-0.491786552392613,0.0,nan,nan,0,0,inf,8.166666666666666,49005,49246,aime24,46
test,per_environment,deer_confidence,0.98,deepseek,6,50.0,50.0,0.0,3.397637112166191,16.666666666666668,100.0,0.0,0,0,inf,4.5,63397,61243,aime24,47
test,per_environment,deer_confidence,0.98,deepseek,8,87.5,87.5,0.0,21.226969325766856,50.0,100.0,0.0,0,0,inf,2.5,40001,31510,amc23,45
test,per_environment,deer_confidence,0.98,deepseek,8,87.5,87.5,0.0,9.103493405818988,25.0,100.0,0.0,0,0,inf,3.5,39732,36115,amc23,46
test,per_environment,deer_confidence,0.98,deepseek,8,75.0,75.0,0.0,19.78157794206872,37.5,100.0,0.0,0,0,inf,2.0,44501,35698,amc23,47
test,per_environment,deer_confidence,0.98,deepseek,100,74.0,81.0,7.0,33.133940047533706,58.0,70.6896551724138,29.310344827586206,8,1,8.0,2.46,386673,258553,math500,45
test,per_environment,deer_confidence,0.98,deepseek,100,76.0,80.0,4.0,33.19932151419764,63.0,69.84126984126983,30.158730158730158,7,3,2.3333333333333335,2.05,367878,245745,math500,46
test,per_environment,deer_confidence,0.98,deepseek,100,71.0,79.0,8.0,34.026228234450336,63.0,69.84126984126983,30.158730158730158,10,2,5.0,2.72,401552,264919,math500,47
test,per_environment,deer_confidence,0.98,qwen3,6,83.33333333333333,83.33333333333333,0.0,12.389078945643767,33.333333333333336,100.0,0.0,0,0,inf,27.833333333333332,76293,66841,aime24,45
test,per_environment,deer_confidence,0.98,qwen3,6,83.33333333333333,83.33333333333333,0.0,18.838825918007878,50.0,100.0,0.0,0,0,inf,26.5,74373,60362,aime24,46
test,per_environment,deer_confidence,0.98,qwen3,6,83.33333333333333,83.33333333333333,0.0,20.402333861294995,50.0,100.0,0.0,0,0,inf,26.166666666666668,73869,58798,aime24,47
test,per_environment,deer_confidence,0.98,qwen3,8,87.5,87.5,0.0,48.84547069271758,87.5,100.0,0.0,0,0,inf,9.625,51796,26496,amc23,45
test,per_environment,deer_confidence,0.98,qwen3,8,87.5,87.5,0.0,33.47357791989229,75.0,100.0,0.0,0,0,inf,12.125,53478,35577,amc23,46
test,per_environment,deer_confidence,0.98,qwen3,8,87.5,87.5,0.0,51.73548094373866,87.5,100.0,0.0,0,0,inf,8.0,52896,25530,amc23,47
test,per_environment,deer_confidence,0.98,qwen3,100,76.0,81.0,5.0,50.82118176662273,87.0,78.16091954022988,21.839080459770116,8,3,2.6666666666666665,7.93,506039,248864,math500,45
test,per_environment,deer_confidence,0.98,qwen3,100,77.0,82.0,5.0,58.86717111752996,92.0,77.17391304347827,22.82608695652174,9,4,2.25,6.97,507879,208905,math500,46
test,per_environment,deer_confidence,0.98,qwen3,100,74.0,80.0,6.0,58.069423263219484,91.0,76.92307692307692,23.076923076923077,10,4,2.5,6.7,521295,218582,math500,47
train,per_model,deer_confidence,0.985,deepseek,1026,70.27290448343079,73.78167641325535,3.508771929824561,20.426506772725546,52.241715399610136,78.54477611940298,21.455223880597014,65,29,2.2413793103448274,2.577972709551657,4898914,3898237,,
train,per_model,deer_confidence,0.985,qwen3,1026,69.29824561403508,76.12085769980507,6.822612085769981,41.88814375110444,82.65107212475634,76.29716981132076,23.702830188679247,105,35,3.0,9.21150097465887,6309795,3666739,,
train,per_benchmark,deer_confidence,0.985,,108,52.77777777777778,55.55555555555556,2.7777777777777777,8.361441184809902,26.85185185185185,86.20689655172414,13.793103448275861,3,0,inf,13.731481481481481,1661161,1522264,aime24,
train,per_benchmark,deer_confidence,0.985,,144,85.41666666666667,84.02777777777777,-1.3888888888888888,19.43087832411167,53.47222222222222,97.40259740259741,2.5974025974025974,0,2,0.0,9.284722222222221,1078258,868743,amc23,
train,per_benchmark,deer_confidence,0.985,,1800,69.55555555555556,75.38888888888889,5.833333333333333,38.90905849250645,71.0,75.7433489827856,24.2566510172144,167,62,2.693548387096774,5.153333333333333,8469290,5173969,math500,
train,per_seed,deer_confidence,0.985,,684,69.73684210526316,75.0,5.2631578947368425,31.12383103000871,66.52046783625731,77.36263736263736,22.63736263736264,57,21,2.7142857142857144,5.956140350877193,3741114,2576736,,42
train,per_seed,deer_confidence,0.985,,684,68.71345029239767,74.70760233918129,5.994152046783626,33.114752523030795,68.12865497076024,76.18025751072962,23.819742489270386,60,19,3.1578947368421053,5.752923976608187,3746288,2505714,,43
train,per_seed,deer_confidence,0.985,,684,70.90643274853801,75.14619883040936,4.239766081871345,33.28886866899184,67.69005847953217,77.96976241900649,22.03023758099352,53,24,2.2083333333333335,5.9751461988304095,3721307,2482526,,44
train,per_environment,deer_confidence,0.985,deepseek,18,33.333333333333336,33.333333333333336,0.0,3.047322633140402,11.11111111111111,100.0,0.0,0,0,inf,5.5,309091,299672,aime24,42
train,per_environment,deer_confidence,0.985,deepseek,18,44.44444444444444,44.44444444444444,0.0,0.6772017974179948,5.555555555555555,100.0,0.0,0,0,inf,5.5,252362,250653,aime24,43
train,per_environment,deer_confidence,0.985,deepseek,18,50.0,50.0,0.0,0.5726288031521414,5.555555555555555,100.0,0.0,0,0,inf,4.222222222222222,260902,259408,aime24,44
train,per_environment,deer_confidence,0.985,deepseek,24,91.66666666666667,91.66666666666667,0.0,9.734652427438904,37.5,100.0,0.0,0,0,inf,2.9166666666666665,152630,137772,amc23,42
train,per_environment,deer_confidence,0.985,deepseek,24,70.83333333333333,70.83333333333333,0.0,4.827578752816943,29.166666666666668,100.0,0.0,0,0,inf,3.125,185041,176108,amc23,43
train,per_environment,deer_confidence,0.985,deepseek,24,87.5,87.5,0.0,4.624012301410398,29.166666666666668,100.0,0.0,0,0,inf,3.9166666666666665,154779,147622,amc23,44
train,per_environment,deer_confidence,0.985,deepseek,300,69.66666666666667,74.33333333333333,4.666666666666667,23.251870407065383,54.333333333333336,76.07361963190183,23.926380368098158,23,9,2.5555555555555554,2.3033333333333332,1203615,923752,math500,42
train,per_environment,deer_confidence,0.985,deepseek,300,70.33333333333333,75.0,4.666666666666667,29.755607467889877,58.333333333333336,75.42857142857143,24.571428571428573,23,9,2.5555555555555554,2.256666666666667,1175486,825713,math500,43
train,per_environment,deer_confidence,0.985,deepseek,300,72.66666666666667,75.33333333333333,2.6666666666666665,27.175836177021232,57.0,80.70175438596492,19.29824561403509,19,11,1.7272727272727273,2.546666666666667,1205008,877537,math500,44
train,per_environment,deer_confidence,0.985,qwen3,18,72.22222222222223,77.77777777777777,5.555555555555555,17.877057714181973,50.0,88.88888888888889,11.11111111111111,1,0,inf,22.833333333333332,269899,221649,aime24,42
train,per_environment,deer_confidence,0.985,qwen3,18,50.0,55.55555555555556,5.555555555555555,12.909767595732363,44.44444444444444,87.5,12.5,1,0,inf,22.333333333333332,302275,263252,aime24,43
train,per_environment,deer_confidence,0.985,qwen3,18,66.66666666666667,72.22222222222223,5.555555555555555,14.627651594707311,44.44444444444444,75.0,25.0,1,0,inf,22.0,266632,227630,aime24,44
train,per_environment,deer_confidence,0.985,qwen3,24,87.5,83.33333333333333,-4.166666666666667,29.569029389972833,75.0,100.0,0.0,0,1,0.0,16.208333333333332,194352,136884,amc23,42
train,per_environment,deer_confidence,0.985,qwen3,24,91.66666666666667,91.66666666666667,0.0,26.969722141462807,70.83333333333333,94.11764705882354,5.882352941176471,0,0,inf,14.916666666666666,192616,140668,amc23,43
train,per_environment,deer_confidence,0.985,qwen3,24,83.33333333333333,79.16666666666667,-4.166666666666667,34.77720780527057,79.16666666666667,94.73684210526316,5.2631578947368425,0,1,0.0,14.625,198840,129689,amc23,44
train,per_environment,deer_confidence,0.985,qwen3,300,68.66666666666667,76.0,7.333333333333333,46.82018979514461,84.66666666666667,75.19685039370079,24.80314960629921,33,11,3.0,8.046666666666667,1611527,857007,math500,42
train,per_environment,deer_confidence,0.985,qwen3,300,67.66666666666667,76.33333333333333,8.666666666666666,48.165037949158624,86.0,74.4186046511628,25.58139534883721,36,10,3.6,7.746666666666667,1638508,849320,math500,43
train,per_environment,deer_confidence,0.985,qwen3,300,68.33333333333333,75.33333333333333,7.0,48.58930028266589,85.66666666666667,74.31906614785993,25.68093385214008,33,12,2.75,8.02,1635146,840640,math500,44
dev,per_model,deer_confidence,0.985,deepseek,342,69.00584795321637,76.90058479532163,7.894736842105263,22.50678221478676,52.33918128654971,72.06703910614524,27.932960893854748,30,3,10.0,2.6491228070175437,1533791,1188584,,
dev,per_model,deer_confidence,0.985,qwen3,342,64.03508771929825,77.48538011695906,13.450292397660819,42.18174755267575,81.28654970760233,69.7841726618705,30.215827338129497,51,5,10.2,9.502923976608187,2043967,1181786,,
dev,per_benchmark,deer_confidence,0.985,,36,72.22222222222223,72.22222222222223,0.0,8.877334134917742,38.888888888888886,100.0,0.0,0,0,inf,13.083333333333334,469071,427430,aime24,
dev,per_benchmark,deer_confidence,0.985,,48,85.41666666666667,85.41666666666667,0.0,20.145659782126486,43.75,100.0,0.0,0,0,inf,12.125,405740,324001,amc23,
dev,per_benchmark,deer_confidence,0.985,,600,64.66666666666667,76.83333333333333,12.166666666666666,40.104670938793845,70.33333333333333,68.24644549763033,31.753554502369667,81,8,10.125,5.171666666666667,2702947,1618939,math500,
dev,per_seed,deer_confidence,0.985,,228,66.66666666666667,76.75438596491227,10.087719298245615,34.51857150405001,66.2280701754386,70.19867549668874,29.801324503311257,26,3,8.666666666666666,5.662280701754386,1230245,805582,,42
dev,per_seed,deer_confidence,0.985,,228,65.78947368421052,77.63157894736842,11.842105263157896,32.61887947066066,65.78947368421052,69.33333333333333,30.666666666666668,29,2,14.5,6.350877192982456,1158274,780458,,43
dev,per_seed,deer_confidence,0.985,,228,67.10526315789474,77.19298245614036,10.087719298245615,34.04773977308178,68.42105263157895,72.43589743589743,27.564102564102566,26,3,8.666666666666666,6.214912280701754,1189239,784330,,44
dev,per_environment,deer_confidence,0.985,deepseek,6,50.0,50.0,0.0,1.2255121209410502,16.666666666666668,100.0,0.0,0,0,inf,5.333333333333333,89432,88336,aime24,42
dev,per_environment,deer_confidence,0.985,deepseek,6,66.66666666666667,66.66666666666667,0.0,-0.152374154048897,0.0,nan,nan,0,0,inf,4.0,72847,72958,aime24,43
dev,per_environment,deer_confidence,0.985,deepseek,6,66.66666666666667,66.66666666666667,0.0,4.9718025889022,16.666666666666668,100.0,0.0,0,0,inf,5.333333333333333,68446,65043,aime24,44
dev,per_environment,deer_confidence,0.985,deepseek,8,87.5,87.5,0.0,11.842963719399767,12.5,100.0,0.0,0,0,inf,3.5,70506,62156,amc23,42
dev,per_environment,deer_confidence,0.985,deepseek,8,87.5,87.5,0.0,2.756944975893472,12.5,100.0,0.0,0,0,inf,5.625,52268,50827,amc23,43
dev,per_environment,deer_confidence,0.985,deepseek,8,87.5,87.5,0.0,11.18977963196981,37.5,100.0,0.0,0,0,inf,5.5,57767,51303,amc23,44
dev,per_environment,deer_confidence,0.985,deepseek,100,70.0,78.0,8.0,26.97900705489616,55.0,74.54545454545455,25.454545454545453,8,0,inf,2.16,372649,272112,math500,42
dev,per_environment,deer_confidence,0.985,deepseek,100,65.0,77.0,12.0,27.39936151773823,57.0,64.91228070175438,35.08771929824562,13,1,13.0,2.63,361169,262211,math500,43
dev,per_environment,deer_confidence,0.985,deepseek,100,69.0,76.0,7.0,32.17564901069443,60.0,73.33333333333333,26.666666666666668,9,2,4.5,2.22,388707,263638,math500,44
dev,per_environment,deer_confidence,0.985,qwen3,6,83.33333333333333,83.33333333333333,0.0,18.595892575039496,66.66666666666667,100.0,0.0,0,0,inf,19.5,79125,64411,aime24,42
dev,per_environment,deer_confidence,0.985,qwen3,6,83.33333333333333,83.33333333333333,0.0,16.129032258064516,66.66666666666667,100.0,0.0,0,0,inf,19.833333333333332,68510,57460,aime24,43
dev,per_environment,deer_confidence,0.985,qwen3,6,83.33333333333333,83.33333333333333,0.0,12.665498120404362,66.66666666666667,100.0,0.0,0,0,inf,24.5,90711,79222,aime24,44
dev,per_environment,deer_confidence,0.985,qwen3,8,75.0,75.0,0.0,16.231221840738236,50.0,100.0,0.0,0,0,inf,20.0,78349,65632,amc23,42
dev,per_environment,deer_confidence,0.985,qwen3,8,87.5,87.5,0.0,37.79751950015386,75.0,100.0,0.0,0,0,inf,20.125,74743,46492,amc23,43
dev,per_environment,deer_confidence,0.985,qwen3,8,87.5,87.5,0.0,33.99947300539476,75.0,100.0,0.0,0,0,inf,18.0,72107,47591,amc23,44
dev,per_environment,deer_confidence,0.985,qwen3,100,61.0,76.0,15.0,53.17613998193208,86.0,63.95348837209303,36.04651162790697,18,3,6.0,7.38,540184,252935,math500,42
dev,per_environment,deer_confidence,0.985,qwen3,100,62.0,77.0,15.0,45.05585952940687,82.0,68.29268292682927,31.70731707317073,16,1,16.0,8.36,528737,290510,math500,43
dev,per_environment,deer_confidence,0.985,qwen3,100,61.0,77.0,16.0,45.741455050918766,82.0,67.07317073170732,32.926829268292686,17,1,17.0,8.28,511501,277533,math500,44
test,per_model,deer_confidence,0.985,deepseek,342,75.14619883040936,79.82456140350877,4.678362573099415,23.870019470181678,54.97076023391813,73.40425531914893,26.595744680851062,22,6,3.6666666666666665,2.6637426900584797,1464804,1115155,,
test,per_model,deer_confidence,0.985,qwen3,342,76.90058479532163,81.57894736842105,4.678362573099415,49.543254716833566,86.54970760233918,79.39189189189189,20.60810810810811,27,11,2.4545454545454546,8.549707602339181,1917918,967719,,
test,per_benchmark,deer_confidence,0.985,,36,77.77777777777777,77.77777777777777,0.0,8.047148913697244,22.22222222222222,100.0,0.0,0,0,inf,16.47222222222222,409002,376089,aime24,
test,per_benchmark,deer_confidence,0.985,,48,85.41666666666667,85.41666666666667,0.0,31.46272715683914,60.416666666666664,100.0,0.0,0,0,inf,6.375,282404,193552,amc23,
test,per_benchmark,deer_confidence,0.985,,600,75.16666666666667,80.5,5.333333333333333,43.77349222462171,74.5,75.16778523489933,24.83221476510067,49,17,2.8823529411764706,4.8933333333333335,2691316,1513233,math500,
test,per_seed,deer_confidence,0.985,,228,76.75438596491227,81.57894736842105,4.824561403508772,37.0289716268547,68.85964912280701,77.70700636942675,22.29299363057325,15,4,3.75,5.916666666666667,1132867,713378,,45
test,per_seed,deer_confidence,0.985,,228,77.63157894736842,81.57894736842105,3.9473684210526314,40.43841460344488,72.36842105263158,75.75757575757575,24.242424242424242,16,7,2.2857142857142856,5.504385964912281,1092345,650618,,46
test,per_seed,deer_confidence,0.985,,228,73.6842105263158,78.94736842105263,5.2631578947368425,37.89444583632107,71.05263157894737,77.77777777777777,22.22222222222222,18,6,3.0,5.399122807017544,1157510,718878,,47
test,per_environment,deer_confidence,0.985,deepseek,6,83.33333333333333,83.33333333333333,0.0,-0.19149379032817596,0.0,nan,nan,0,0,inf,4.666666666666667,72065,72203,aime24,45
test,per_environment,deer_confidence,0.985,deepseek,6,83.33333333333333,83.33333333333333,0.0,-0.491786552392613,0.0,nan,nan,0,0,inf,8.166666666666666,49005,49246,aime24,46
test,per_environment,deer_confidence,0.985,deepseek,6,50.0,50.0,0.0,3.397637112166191,16.666666666666668,100.0,0.0,0,0,inf,4.5,63397,61243,aime24,47
test,per_environment,deer_confidence,0.985,deepseek,8,87.5,87.5,0.0,21.226969325766856,50.0,100.0,0.0,0,0,inf,2.5,40001,31510,amc23,45
test,per_environment,deer_confidence,0.985,deepseek,8,87.5,87.5,0.0,9.103493405818988,25.0,100.0,0.0,0,0,inf,3.5,39732,36115,amc23,46
test,per_environment,deer_confidence,0.985,deepseek,8,75.0,75.0,0.0,19.78157794206872,37.5,100.0,0.0,0,0,inf,2.0,44501,35698,amc23,47
test,per_environment,deer_confidence,0.985,deepseek,100,75.0,81.0,6.0,32.53472572432003,58.0,72.41379310344827,27.586206896551722,7,1,7.0,2.53,386673,260870,math500,45
test,per_environment,deer_confidence,0.985,deepseek,100,76.0,80.0,4.0,29.785961650329728,62.0,69.35483870967742,30.64516129032258,7,3,2.3333333333333335,2.08,367878,258302,math500,46
test,per_environment,deer_confidence,0.985,deepseek,100,73.0,79.0,6.0,22.807506873331473,58.0,74.13793103448276,25.862068965517242,8,2,4.0,2.82,401552,309968,math500,47
test,per_environment,deer_confidence,0.985,qwen3,6,83.33333333333333,83.33333333333333,0.0,12.389078945643767,33.333333333333336,100.0,0.0,0,0,inf,27.833333333333332,76293,66841,aime24,45
test,per_environment,deer_confidence,0.985,qwen3,6,83.33333333333333,83.33333333333333,0.0,18.838825918007878,50.0,100.0,0.0,0,0,inf,26.5,74373,60362,aime24,46
test,per_environment,deer_confidence,0.985,qwen3,6,83.33333333333333,83.33333333333333,0.0,10.390014755851576,33.333333333333336,100.0,0.0,0,0,inf,27.166666666666668,73869,66194,aime24,47
test,per_environment,deer_confidence,0.985,qwen3,8,87.5,87.5,0.0,43.775581125955675,87.5,100.0,0.0,0,0,inf,10.125,51796,29122,amc23,45
test,per_environment,deer_confidence,0.985,qwen3,8,87.5,87.5,0.0,33.47357791989229,75.0,100.0,0.0,0,0,inf,12.125,53478,35577,amc23,46
test,per_environment,deer_confidence,0.985,qwen3,8,87.5,87.5,0.0,51.73548094373866,87.5,100.0,0.0,0,0,inf,8.0,52896,25530,amc23,47
test,per_environment,deer_confidence,0.985,qwen3,100,76.0,81.0,5.0,50.03705248014481,86.0,77.90697674418605,22.093023255813954,8,3,2.6666666666666665,8.0,506039,252832,math500,45
test,per_environment,deer_confidence,0.985,qwen3,100,77.0,82.0,5.0,58.45152093313565,92.0,77.17391304347827,22.82608695652174,9,4,2.25,7.14,507879,211016,math500,46
test,per_environment,deer_confidence,0.985,qwen3,100,74.0,80.0,6.0,57.750410036543606,91.0,76.92307692307692,23.076923076923077,10,4,2.5,6.79,521295,220245,math500,47
train,per_model,deer_confidence,0.99,deepseek,1026,70.56530214424951,73.78167641325535,3.216374269005848,19.535962460251394,50.97465886939571,79.1586998087954,20.84130019120459,62,29,2.1379310344827585,2.6062378167641325,4898914,3941864,,
train,per_model,deer_confidence,0.99,qwen3,1026,69.20077972709552,76.12085769980507,6.920077972709552,41.15886490765548,81.96881091617934,76.69441141498217,23.305588585017837,105,34,3.088235294117647,9.337231968810917,6309795,3712755,,
train,per_benchmark,deer_confidence,0.99,,108,52.77777777777778,55.55555555555556,2.7777777777777777,7.822059390992203,25.925925925925927,85.71428571428571,14.285714285714286,3,0,inf,13.935185185185185,1661161,1531224,aime24,
train,per_benchmark,deer_confidence,0.99,,144,84.72222222222223,84.02777777777777,-0.6944444444444444,18.84817919273495,52.77777777777778,97.36842105263158,2.6315789473684212,0,1,0.0,9.381944444444445,1078258,875026,amc23,
train,per_benchmark,deer_confidence,0.99,,1800,69.72222222222223,75.38888888888889,5.666666666666667,38.03059052175566,70.0,76.26984126984127,23.73015873015873,164,62,2.6451612903225805,5.221111111111111,8469290,5248369,math500,
train,per_seed,deer_confidence,0.99,,684,69.88304093567251,75.0,5.116959064327485,30.26039837331875,65.2046783625731,77.80269058295964,22.19730941704036,56,21,2.6666666666666665,6.036549707602339,3741114,2609038,,42
train,per_seed,deer_confidence,0.99,,684,68.85964912280701,74.70760233918129,5.847953216374269,32.453110919395414,67.25146198830409,76.95652173913044,23.043478260869566,59,19,3.1052631578947367,5.8274853801169595,3746288,2530501,,43
train,per_seed,deer_confidence,0.99,,684,70.90643274853801,75.14619883040936,4.239766081871345,32.41406849797665,66.95906432748538,78.16593886462883,21.83406113537118,52,23,2.260869565217391,6.0511695906432745,3721307,2515080,,44
train,per_environment,deer_confidence,0.99,deepseek,18,33.333333333333336,33.333333333333336,0.0,0.6383233416696054,5.555555555555555,100.0,0.0,0,0,inf,6.166666666666667,309091,307118,aime24,42
train,per_environment,deer_confidence,0.99,deepseek,18,44.44444444444444,44.44444444444444,0.0,0.6772017974179948,5.555555555555555,100.0,0.0,0,0,inf,5.5,252362,250653,aime24,43
train,per_environment,deer_confidence,0.99,deepseek,18,50.0,50.0,0.0,0.5726288031521414,5.555555555555555,100.0,0.0,0,0,inf,4.222222222222222,260902,259408,aime24,44
train,per_environment,deer_confidence,0.99,deepseek,24,91.66666666666667,91.66666666666667,0.0,9.734652427438904,37.5,100.0,0.0,0,0,inf,2.9166666666666665,152630,137772,amc23,42
train,per_environment,deer_confidence,0.99,deepseek,24,70.83333333333333,70.83333333333333,0.0,4.827578752816943,29.166666666666668,100.0,0.0,0,0,inf,3.125,185041,176108,amc23,43
train,per_environment,deer_confidence,0.99,deepseek,24,87.5,87.5,0.0,4.624012301410398,29.166666666666668,100.0,0.0,0,0,inf,3.9166666666666665,154779,147622,amc23,44
train,per_environment,deer_confidence,0.99,deepseek,300,70.0,74.33333333333333,4.333333333333333,22.104576629570087,52.333333333333336,76.43312101910828,23.56687898089172,22,9,2.4444444444444446,2.32,1203615,937561,math500,42
train,per_environment,deer_confidence,0.99,deepseek,300,70.66666666666667,75.0,4.333333333333333,28.865082187282535,57.0,76.60818713450293,23.391812865497077,22,9,2.4444444444444446,2.28,1175486,836181,math500,43
train,per_environment,deer_confidence,0.99,deepseek,300,73.0,75.33333333333333,2.3333333333333335,26.187958918115065,56.333333333333336,81.06508875739645,18.93491124260355,18,11,1.6363636363636365,2.5633333333333335,1205008,889441,math500,44
train,per_environment,deer_confidence,0.99,qwen3,18,72.22222222222223,77.77777777777777,5.555555555555555,17.779613855553375,50.0,88.88888888888889,11.11111111111111,1,0,inf,22.944444444444443,269899,221912,aime24,42
train,per_environment,deer_confidence,0.99,qwen3,18,50.0,55.55555555555556,5.555555555555555,12.77809941278637,44.44444444444444,87.5,12.5,1,0,inf,22.444444444444443,302275,263650,aime24,43
train,per_environment,deer_confidence,0.99,qwen3,18,66.66666666666667,72.22222222222223,5.555555555555555,14.307735005550722,44.44444444444444,75.0,25.0,1,0,inf,22.333333333333332,266632,228483,aime24,44
train,per_environment,deer_confidence,0.99,qwen3,24,87.5,83.33333333333333,-4.166666666666667,29.428048077714664,75.0,100.0,0.0,0,1,0.0,16.291666666666668,194352,137158,amc23,42
train,per_environment,deer_confidence,0.99,qwen3,24,91.66666666666667,91.66666666666667,0.0,26.6587407068987,70.83333333333333,94.11764705882354,5.882352941176471,0,0,inf,15.125,192616,141267,amc23,43
train,per_environment,deer_confidence,0.99,qwen3,24,79.16666666666667,79.16666666666667,0.0,32.05642727821364,75.0,94.44444444444444,5.555555555555555,0,0,inf,14.916666666666666,198840,135099,amc23,44
train,per_environment,deer_confidence,0.99,qwen3,300,68.66666666666667,76.0,7.333333333333333,46.16801331904461,84.0,75.7936507936508,24.206349206349206,33,11,3.0,8.16,1611527,867517,math500,42
train,per_environment,deer_confidence,0.99,qwen3,300,67.66666666666667,76.33333333333333,8.666666666666666,47.351981192645994,85.33333333333333,75.0,25.0,36,10,3.6,7.87,1638508,862642,math500,43
train,per_environment,deer_confidence,0.99,qwen3,300,68.33333333333333,75.33333333333333,7.0,47.70944001330768,85.0,74.50980392156863,25.49019607843137,33,12,2.75,8.133333333333333,1635146,855027,math500,44
dev,per_model,deer_confidence,0.99,deepseek,342,69.29824561403508,76.90058479532163,7.60233918128655,22.22649630881913,52.046783625730995,73.03370786516854,26.96629213483146,29,3,9.666666666666666,2.681286549707602,1533791,1192883,,
dev,per_model,deer_confidence,0.99,qwen3,342,64.03508771929825,77.48538011695906,13.450292397660819,41.12336451615902,80.99415204678363,70.03610108303249,29.96389891696751,51,5,10.2,9.742690058479532,2043967,1203419,,
dev,per_benchmark,deer_confidence,0.99,,36,72.22222222222223,72.22222222222223,0.0,8.51981896130863,38.888888888888886,100.0,0.0,0,0,inf,13.222222222222221,469071,429107,aime24,
dev,per_benchmark,deer_confidence,0.99,,48,85.41666666666667,85.41666666666667,0.0,20.145659782126486,43.75,100.0,0.0,0,0,inf,12.125,405740,324001,amc23,
dev,per_benchmark,deer_confidence,0.99,,600,64.83333333333333,76.83333333333333,12.0,39.20731705061179,70.0,68.80952380952381,31.19047619047619,80,8,10.0,5.318333333333333,2702947,1643194,math500,
dev,per_seed,deer_confidence,0.99,,228,66.66666666666667,76.75438596491227,10.087719298245615,33.47243841673813,65.78947368421052,70.66666666666667,29.333333333333332,26,3,8.666666666666666,5.828947368421052,1230245,818452,,42
dev,per_seed,deer_confidence,0.99,,228,66.2280701754386,77.63157894736842,11.403508771929825,31.97438602610436,65.78947368421052,70.0,30.0,28,2,14.0,6.491228070175438,1158274,787923,,43
dev,per_seed,deer_confidence,0.99,,228,67.10526315789474,77.19298245614036,10.087719298245615,33.57710266817688,67.98245614035088,72.90322580645162,27.096774193548388,26,3,8.666666666666666,6.315789473684211,1189239,789927,,44
dev,per_environment,deer_confidence,0.99,deepseek,6,50.0,50.0,0.0,1.2255121209410502,16.666666666666668,100.0,0.0,0,0,inf,5.333333333333333,89432,88336,aime24,42
dev,per_environment,deer_confidence,0.99,deepseek,6,66.66666666666667,66.66666666666667,0.0,-0.152374154048897,0.0,nan,nan,0,0,inf,4.0,72847,72958,aime24,43
dev,per_environment,deer_confidence,0.99,deepseek,6,66.66666666666667,66.66666666666667,0.0,4.9718025889022,16.666666666666668,100.0,0.0,0,0,inf,5.333333333333333,68446,65043,aime24,44
dev,per_environment,deer_confidence,0.99,deepseek,8,87.5,87.5,0.0,11.842963719399767,12.5,100.0,0.0,0,0,inf,3.5,70506,62156,amc23,42
dev,per_environment,deer_confidence,0.99,deepseek,8,87.5,87.5,0.0,2.756944975893472,12.5,100.0,0.0,0,0,inf,5.625,52268,50827,amc23,43
dev,per_environment,deer_confidence,0.99,deepseek,8,87.5,87.5,0.0,11.18977963196981,37.5,100.0,0.0,0,0,inf,5.5,57767,51303,amc23,44
dev,per_environment,deer_confidence,0.99,deepseek,100,70.0,78.0,8.0,26.90494272089822,55.0,74.54545454545455,25.454545454545453,8,0,inf,2.18,372649,272388,math500,42
dev,per_environment,deer_confidence,0.99,deepseek,100,66.0,77.0,11.0,26.703288488214657,57.0,66.66666666666667,33.333333333333336,12,1,12.0,2.7,361169,264725,math500,43
dev,per_environment,deer_confidence,0.99,deepseek,100,69.0,76.0,7.0,31.787438867836187,59.0,74.57627118644068,25.423728813559322,9,2,4.5,2.24,388707,265147,math500,44
dev,per_environment,deer_confidence,0.99,qwen3,6,83.33333333333333,83.33333333333333,0.0,16.47646129541864,66.66666666666667,100.0,0.0,0,0,inf,20.333333333333332,79125,66088,aime24,42
dev,per_environment,deer_confidence,0.99,qwen3,6,83.33333333333333,83.33333333333333,0.0,16.129032258064516,66.66666666666667,100.0,0.0,0,0,inf,19.833333333333332,68510,57460,aime24,43
dev,per_environment,deer_confidence,0.99,qwen3,6,83.33333333333333,83.33333333333333,0.0,12.665498120404362,66.66666666666667,100.0,0.0,0,0,inf,24.5,90711,79222,aime24,44
dev,per_environment,deer_confidence,0.99,qwen3,8,75.0,75.0,0.0,16.231221840738236,50.0,100.0,0.0,0,0,inf,20.0,78349,65632,amc23,42
dev,per_environment,deer_confidence,0.99,qwen3,8,87.5,87.5,0.0,37.79751950015386,75.0,100.0,0.0,0,0,inf,20.125,74743,46492,amc23,43
dev,per_environment,deer_confidence,0.99,qwen3,8,87.5,87.5,0.0,33.99947300539476,75.0,100.0,0.0,0,0,inf,18.0,72107,47591,amc23,44
dev,per_environment,deer_confidence,0.99,qwen3,100,61.0,76.0,15.0,51.1551619448188,85.0,64.70588235294117,35.294117647058826,18,3,6.0,7.69,540184,263852,math500,42
dev,per_environment,deer_confidence,0.99,qwen3,100,62.0,77.0,15.0,44.11947716917863,82.0,68.29268292682927,31.70731707317073,16,1,16.0,8.61,528737,295461,math500,43
dev,per_environment,deer_confidence,0.99,qwen3,100,61.0,77.0,16.0,44.94223862709946,82.0,67.07317073170732,32.926829268292686,17,1,17.0,8.49,511501,281621,math500,44
test,per_model,deer_confidence,0.99,deepseek,342,75.73099415204679,79.82456140350877,4.093567251461988,23.332200075914592,54.3859649122807,74.19354838709677,25.806451612903224,20,6,3.3333333333333335,2.6783625730994154,1464804,1123033,,
test,per_model,deer_confidence,0.99,qwen3,342,76.90058479532163,81.57894736842105,4.678362573099415,47.94391626753594,85.96491228070175,79.25170068027211,20.74829931972789,27,11,2.4545454545454546,8.736842105263158,1917918,998393,,
test,per_benchmark,deer_confidence,0.99,,36,77.77777777777777,77.77777777777777,0.0,7.948616388183921,22.22222222222222,100.0,0.0,0,0,inf,16.61111111111111,409002,376492,aime24,
test,per_benchmark,deer_confidence,0.99,,48,85.41666666666667,85.41666666666667,0.0,31.02434809705245,60.416666666666664,100.0,0.0,0,0,inf,6.479166666666667,282404,194790,amc23,
test,per_benchmark,deer_confidence,0.99,,600,75.5,80.5,5.0,42.40200704785317,73.83333333333333,75.39503386004515,24.604966139954854,47,17,2.764705882352941,4.991666666666666,2691316,1550144,math500,
test,per_seed,deer_confidence,0.99,,228,76.75438596491227,81.57894736842105,4.824561403508772,35.85787210678747,68.42105263157895,77.56410256410257,22.435897435897434,15,4,3.75,5.982456140350878,1132867,726645,,45
test,per_seed,deer_confidence,0.99,,228,77.63157894736842,81.57894736842105,3.9473684210526314,40.137593892039604,72.36842105263158,75.75757575757575,24.242424242424242,16,7,2.2857142857142856,5.574561403508772,1092345,653904,,46
test,per_seed,deer_confidence,0.99,,228,74.56140350877193,78.94736842105263,4.385964912280702,35.993900700641895,69.73684210526316,78.61635220125787,21.38364779874214,16,6,2.6666666666666665,5.565789473684211,1157510,740877,,47
test,per_environment,deer_confidence,0.99,deepseek,6,83.33333333333333,83.33333333333333,0.0,-0.19149379032817596,0.0,nan,nan,0,0,inf,4.666666666666667,72065,72203,aime24,45
test,per_environment,deer_confidence,0.99,deepseek,6,83.33333333333333,83.33333333333333,0.0,-0.491786552392613,0.0,nan,nan,0,0,inf,8.166666666666666,49005,49246,aime24,46
test,per_environment,deer_confidence,0.99,deepseek,6,50.0,50.0,0.0,3.397637112166191,16.666666666666668,100.0,0.0,0,0,inf,4.5,63397,61243,aime24,47
test,per_environment,deer_confidence,0.99,deepseek,8,87.5,87.5,0.0,21.226969325766856,50.0,100.0,0.0,0,0,inf,2.5,40001,31510,amc23,45
test,per_environment,deer_confidence,0.99,deepseek,8,87.5,87.5,0.0,9.103493405818988,25.0,100.0,0.0,0,0,inf,3.5,39732,36115,amc23,46
test,per_environment,deer_confidence,0.99,deepseek,8,75.0,75.0,0.0,19.78157794206872,37.5,100.0,0.0,0,0,inf,2.0,44501,35698,amc23,47
test,per_environment,deer_confidence,0.99,deepseek,100,75.0,81.0,6.0,32.51015716121891,58.0,72.41379310344827,27.586206896551722,7,1,7.0,2.54,386673,260965,math500,45
test,per_environment,deer_confidence,0.99,deepseek,100,76.0,80.0,4.0,29.46031021153752,62.0,69.35483870967742,30.64516129032258,7,3,2.3333333333333335,2.11,367878,259500,math500,46
test,per_environment,deer_confidence,0.99,deepseek,100,75.0,79.0,4.0,21.167619635813047,56.0,76.78571428571429,23.214285714285715,6,2,3.0,2.83,401552,316553,math500,47
test,per_environment,deer_confidence,0.99,qwen3,6,83.33333333333333,83.33333333333333,0.0,12.389078945643767,33.333333333333336,100.0,0.0,0,0,inf,27.833333333333332,76293,66841,aime24,45
test,per_environment,deer_confidence,0.99,qwen3,6,83.33333333333333,83.33333333333333,0.0,18.522851034649673,50.0,100.0,0.0,0,0,inf,27.0,74373,60597,aime24,46
test,per_environment,deer_confidence,0.99,qwen3,6,83.33333333333333,83.33333333333333,0.0,10.162585116896127,33.333333333333336,100.0,0.0,0,0,inf,27.5,73869,66362,aime24,47
test,per_environment,deer_confidence,0.99,qwen3,8,87.5,87.5,0.0,43.775581125955675,87.5,100.0,0.0,0,0,inf,10.125,51796,29122,amc23,45
test,per_environment,deer_confidence,0.99,qwen3,8,87.5,87.5,0.0,33.47357791989229,75.0,100.0,0.0,0,0,inf,12.125,53478,35577,amc23,46
test,per_environment,deer_confidence,0.99,qwen3,8,87.5,87.5,0.0,49.39503932244404,87.5,100.0,0.0,0,0,inf,8.625,52896,26768,amc23,47
test,per_environment,deer_confidence,0.99,qwen3,100,76.0,81.0,5.0,47.43409104831841,85.0,77.6470588235294,22.352941176470587,8,3,2.6666666666666665,8.14,506039,266004,math500,45
test,per_environment,deer_confidence,0.99,qwen3,100,77.0,82.0,5.0,58.086670250197386,92.0,77.17391304347827,22.82608695652174,9,4,2.25,7.24,507879,212869,math500,46
test,per_environment,deer_confidence,0.99,qwen3,100,74.0,80.0,6.0,55.0632559299437,90.0,76.66666666666667,23.333333333333332,10,4,2.5,7.09,521295,234253,math500,47
train,per_model,deer_confidence,0.9925,deepseek,1026,70.76023391812865,73.78167641325535,3.021442495126706,18.80351441156142,49.61013645224172,80.15717092337917,19.842829076620824,58,27,2.1481481481481484,2.6315789473684212,4898914,3977746,,
train,per_model,deer_confidence,0.9925,qwen3,1026,69.20077972709552,76.12085769980507,6.920077972709552,39.90321397129384,81.28654970760233,76.85851318944844,23.14148681055156,105,34,3.088235294117647,9.499025341130604,6309795,3791984,,
train,per_benchmark,deer_confidence,0.9925,,108,52.77777777777778,55.55555555555556,2.7777777777777777,6.759308700360772,24.074074074074073,84.61538461538461,15.384615384615385,3,0,inf,14.064814814814815,1661161,1548878,aime24,
train,per_benchmark,deer_confidence,0.9925,,144,84.72222222222223,84.02777777777777,-0.6944444444444444,17.672950258657945,50.69444444444444,98.63013698630137,1.36986301369863,0,1,0.0,9.472222222222221,1078258,887698,amc23,
train,per_benchmark,deer_confidence,0.9925,,1800,69.83333333333333,75.38888888888889,5.555555555555555,37.029503063420904,69.11111111111111,76.7684887459807,23.231511254019292,160,60,2.6666666666666665,5.312777777777778,8469290,5333154,math500,
train,per_seed,deer_confidence,0.9925,,684,70.02923976608187,75.0,4.970760233918129,29.419525841767985,64.47368421052632,78.00453514739229,21.99546485260771,55,21,2.619047619047619,6.112573099415204,3741114,2640496,,42
train,per_seed,deer_confidence,0.9925,,684,69.15204678362574,74.70760233918129,5.555555555555555,31.18324058374583,65.64327485380117,77.95100222717149,22.048997772828507,56,18,3.111111111111111,5.944444444444445,3746288,2578074,,43
train,per_seed,deer_confidence,0.9925,,684,70.76023391812865,75.14619883040936,4.385964912280702,31.444516671158816,66.2280701754386,78.36644591611478,21.63355408388521,52,22,2.3636363636363638,6.138888888888889,3721307,2551160,,44
train,per_environment,deer_confidence,0.9925,deepseek,18,33.333333333333336,33.333333333333336,0.0,0.6383233416696054,5.555555555555555,100.0,0.0,0,0,inf,6.166666666666667,309091,307118,aime24,42
train,per_environment,deer_confidence,0.9925,deepseek,18,44.44444444444444,44.44444444444444,0.0,0.6772017974179948,5.555555555555555,100.0,0.0,0,0,inf,5.5,252362,250653,aime24,43
train,per_environment,deer_confidence,0.9925,deepseek,18,50.0,50.0,0.0,0.5726288031521414,5.555555555555555,100.0,0.0,0,0,inf,4.222222222222222,260902,259408,aime24,44
train,per_environment,deer_confidence,0.9925,deepseek,24,91.66666666666667,91.66666666666667,0.0,9.734652427438904,37.5,100.0,0.0,0,0,inf,2.9166666666666665,152630,137772,amc23,42
train,per_environment,deer_confidence,0.9925,deepseek,24,70.83333333333333,70.83333333333333,0.0,4.827578752816943,29.166666666666668,100.0,0.0,0,0,inf,3.125,185041,176108,amc23,43
train,per_environment,deer_confidence,0.9925,deepseek,24,87.5,87.5,0.0,3.0262503311172706,25.0,100.0,0.0,0,0,inf,3.9583333333333335,154779,150095,amc23,44
train,per_environment,deer_confidence,0.9925,deepseek,300,70.33333333333333,74.33333333333333,4.0,21.294184602219147,51.333333333333336,77.27272727272727,22.727272727272727,21,9,2.3333333333333335,2.3466666666666667,1203615,947315,math500,42
train,per_environment,deer_confidence,0.9925,deepseek,300,71.33333333333333,75.0,3.6666666666666665,27.251877095941595,54.333333333333336,78.52760736196319,21.47239263803681,19,8,2.375,2.316666666666667,1175486,855144,math500,43
train,per_environment,deer_confidence,0.9925,deepseek,300,72.66666666666667,75.33333333333333,2.6666666666666665,25.798583909816365,55.666666666666664,81.437125748503,18.562874251497007,18,10,1.8,2.5833333333333335,1205008,894133,math500,44
train,per_environment,deer_confidence,0.9925,qwen3,18,72.22222222222223,77.77777777777777,5.555555555555555,12.09674730176844,38.888888888888886,85.71428571428571,14.285714285714286,1,0,inf,23.11111111111111,269899,237250,aime24,42
train,per_environment,deer_confidence,0.9925,qwen3,18,50.0,55.55555555555556,5.555555555555555,12.011909684889588,44.44444444444444,87.5,12.5,1,0,inf,23.055555555555557,302275,265966,aime24,43
train,per_environment,deer_confidence,0.9925,qwen3,18,66.66666666666667,72.22222222222223,5.555555555555555,14.307735005550722,44.44444444444444,75.0,25.0,1,0,inf,22.333333333333332,266632,228483,aime24,44
train,per_environment,deer_confidence,0.9925,qwen3,24,87.5,83.33333333333333,-4.166666666666667,29.428048077714664,75.0,100.0,0.0,0,1,0.0,16.291666666666668,194352,137158,amc23,42
train,per_environment,deer_confidence,0.9925,qwen3,24,91.66666666666667,91.66666666666667,0.0,21.363749636582632,62.5,100.0,0.0,0,0,inf,15.625,192616,151466,amc23,43
train,per_environment,deer_confidence,0.9925,qwen3,24,79.16666666666667,79.16666666666667,0.0,32.05642727821364,75.0,94.44444444444444,5.555555555555555,0,0,inf,14.916666666666666,198840,135099,amc23,44
train,per_environment,deer_confidence,0.9925,qwen3,300,68.66666666666667,76.0,7.333333333333333,45.77298425654674,84.0,75.7936507936508,24.206349206349206,33,11,3.0,8.296666666666667,1611527,873883,math500,42
train,per_environment,deer_confidence,0.9925,qwen3,300,67.66666666666667,76.33333333333333,8.666666666666666,46.369685103765136,85.0,75.29411764705883,24.705882352941178,36,10,3.6,8.023333333333333,1638508,878737,math500,43
train,per_environment,deer_confidence,0.9925,qwen3,300,68.33333333333333,75.33333333333333,7.0,45.94109639139257,84.33333333333333,74.70355731225297,25.296442687747035,33,12,2.75,8.31,1635146,883942,math500,44
dev,per_model,deer_confidence,0.9925,deepseek,342,69.5906432748538,76.90058479532163,7.309941520467836,21.698914650040326,50.87719298245614,73.5632183908046,26.436781609195403,28,3,9.333333333333334,2.7017543859649122,1533791,1200975,,
dev,per_model,deer_confidence,0.9925,qwen3,342,64.03508771929825,77.48538011695906,13.450292397660819,40.78969963800785,80.70175438596492,69.92753623188406,30.07246376811594,51,5,10.2,9.833333333333334,2043967,1210239,,
dev,per_benchmark,deer_confidence,0.9925,,36,72.22222222222223,72.22222222222223,0.0,8.51981896130863,38.888888888888886,100.0,0.0,0,0,inf,13.222222222222221,469071,429107,aime24,
dev,per_benchmark,deer_confidence,0.9925,,48,85.41666666666667,85.41666666666667,0.0,19.882929955143688,43.75,100.0,0.0,0,0,inf,12.229166666666666,405740,325067,amc23,
dev,per_benchmark,deer_confidence,0.9925,,600,65.0,76.83333333333333,11.833333333333334,38.69506135340426,69.16666666666667,68.91566265060241,31.08433734939759,79,8,9.875,5.373333333333333,2702947,1657040,math500,
dev,per_seed,deer_confidence,0.9925,,228,66.66666666666667,76.75438596491227,10.087719298245615,33.10389393982499,65.35087719298245,70.46979865771812,29.530201342281877,26,3,8.666666666666666,5.894736842105263,1230245,822986,,42
dev,per_seed,deer_confidence,0.9925,,228,66.66666666666667,77.63157894736842,10.964912280701755,31.40975278733702,64.47368421052632,70.06802721088435,29.931972789115648,27,2,13.5,6.535087719298246,1158274,794463,,43
dev,per_seed,deer_confidence,0.9925,,228,67.10526315789474,77.19298245614036,10.087719298245615,33.25437527696283,67.54385964912281,73.37662337662337,26.623376623376622,26,3,8.666666666666666,6.37280701754386,1189239,793765,,44
dev,per_environment,deer_confidence,0.9925,deepseek,6,50.0,50.0,0.0,1.2255121209410502,16.666666666666668,100.0,0.0,0,0,inf,5.333333333333333,89432,88336,aime24,42
dev,per_environment,deer_confidence,0.9925,deepseek,6,66.66666666666667,66.66666666666667,0.0,-0.152374154048897,0.0,nan,nan,0,0,inf,4.0,72847,72958,aime24,43
dev,per_environment,deer_confidence,0.9925,deepseek,6,66.66666666666667,66.66666666666667,0.0,4.9718025889022,16.666666666666668,100.0,0.0,0,0,inf,5.333333333333333,68446,65043,aime24,44
dev,per_environment,deer_confidence,0.9925,deepseek,8,87.5,87.5,0.0,11.842963719399767,12.5,100.0,0.0,0,0,inf,3.5,70506,62156,amc23,42
dev,per_environment,deer_confidence,0.9925,deepseek,8,87.5,87.5,0.0,2.756944975893472,12.5,100.0,0.0,0,0,inf,5.625,52268,50827,amc23,43
dev,per_environment,deer_confidence,0.9925,deepseek,8,87.5,87.5,0.0,11.18977963196981,37.5,100.0,0.0,0,0,inf,5.5,57767,51303,amc23,44
dev,per_environment,deer_confidence,0.9925,deepseek,100,70.0,78.0,8.0,26.39749469339781,54.0,74.07407407407408,25.925925925925927,8,0,inf,2.22,372649,274279,math500,42
dev,per_environment,deer_confidence,0.9925,deepseek,100,67.0,77.0,10.0,25.45622686332437,55.0,67.27272727272727,32.72727272727273,11,1,11.0,2.71,361169,269229,math500,43
dev,per_environment,deer_confidence,0.9925,deepseek,100,69.0,76.0,7.0,31.350863246609915,58.0,75.86206896551724,24.137931034482758,9,2,4.5,2.26,388707,266844,math500,44
dev,per_environment,deer_confidence,0.9925,qwen3,6,83.33333333333333,83.33333333333333,0.0,16.47646129541864,66.66666666666667,100.0,0.0,0,0,inf,20.333333333333332,79125,66088,aime24,42
dev,per_environment,deer_confidence,0.9925,qwen3,6,83.33333333333333,83.33333333333333,0.0,16.129032258064516,66.66666666666667,100.0,0.0,0,0,inf,19.833333333333332,68510,57460,aime24,43
dev,per_environment,deer_confidence,0.9925,qwen3,6,83.33333333333333,83.33333333333333,0.0,12.665498120404362,66.66666666666667,100.0,0.0,0,0,inf,24.5,90711,79222,aime24,44
dev,per_environment,deer_confidence,0.9925,qwen3,8,75.0,75.0,0.0,16.231221840738236,50.0,100.0,0.0,0,0,inf,20.0,78349,65632,amc23,42
dev,per_environment,deer_confidence,0.9925,qwen3,8,87.5,87.5,0.0,36.743240169648,75.0,100.0,0.0,0,0,inf,20.625,74743,47280,amc23,43
dev,per_environment,deer_confidence,0.9925,qwen3,8,87.5,87.5,0.0,33.613934846824854,75.0,100.0,0.0,0,0,inf,18.125,72107,47869,amc23,44
dev,per_environment,deer_confidence,0.9925,qwen3,100,61.0,76.0,15.0,50.66588421722968,85.0,64.70588235294117,35.294117647058826,18,3,6.0,7.8,540184,266495,math500,42
dev,per_environment,deer_confidence,0.9925,qwen3,100,62.0,77.0,15.0,43.883442997180076,81.0,67.90123456790124,32.098765432098766,16,1,16.0,8.66,528737,296709,math500,43
dev,per_environment,deer_confidence,0.9925,qwen3,100,61.0,77.0,16.0,44.578016465265954,82.0,67.07317073170732,32.926829268292686,17,1,17.0,8.59,511501,283484,math500,44
test,per_model,deer_confidence,0.9925,deepseek,342,76.60818713450293,79.82456140350877,3.216374269005848,22.662554171069985,52.92397660818713,75.13812154696133,24.861878453038674,17,6,2.8333333333333335,2.6842105263157894,1464804,1132842,,
test,per_model,deer_confidence,0.9925,qwen3,342,76.90058479532163,81.57894736842105,4.678362573099415,46.64068015420889,85.38011695906432,79.45205479452055,20.54794520547945,27,11,2.4545454545454546,8.915204678362572,1917918,1023388,,
test,per_benchmark,deer_confidence,0.9925,,36,77.77777777777777,77.77777777777777,0.0,7.620500633248737,22.22222222222222,100.0,0.0,0,0,inf,16.833333333333332,409002,377834,aime24,
test,per_benchmark,deer_confidence,0.9925,,48,85.41666666666667,85.41666666666667,0.0,29.952833529270123,58.333333333333336,100.0,0.0,0,0,inf,6.583333333333333,282404,197816,amc23,
test,per_benchmark,deer_confidence,0.9925,,600,76.0,80.5,4.5,41.271110490183986,72.83333333333333,75.97254004576659,24.02745995423341,44,17,2.588235294117647,5.075,2691316,1580580,math500,
test,per_seed,deer_confidence,0.9925,,228,77.19298245614036,81.57894736842105,4.385964912280702,35.350045504017686,67.98245614035088,78.06451612903226,21.93548387096774,14,4,3.5,6.0701754385964914,1132867,732398,,45
test,per_seed,deer_confidence,0.9925,,228,78.0701754385965,81.57894736842105,3.508771929824561,39.49951709395841,71.49122807017544,76.07361963190183,23.926380368098158,15,7,2.142857142857143,5.6798245614035086,1092345,660874,,46
test,per_seed,deer_confidence,0.9925,,228,75.0,78.94736842105263,3.9473684210526314,34.08627139290373,67.98245614035088,79.35483870967742,20.64516129032258,15,6,2.5,5.649122807017544,1157510,762958,,47
test,per_environment,deer_confidence,0.9925,deepseek,6,83.33333333333333,83.33333333333333,0.0,-0.19149379032817596,0.0,nan,nan,0,0,inf,4.666666666666667,72065,72203,aime24,45
test,per_environment,deer_confidence,0.9925,deepseek,6,83.33333333333333,83.33333333333333,0.0,-0.491786552392613,0.0,nan,nan,0,0,inf,8.166666666666666,49005,49246,aime24,46
test,per_environment,deer_confidence,0.9925,deepseek,6,50.0,50.0,0.0,3.397637112166191,16.666666666666668,100.0,0.0,0,0,inf,4.5,63397,61243,aime24,47
test,per_environment,deer_confidence,0.9925,deepseek,8,87.5,87.5,0.0,21.226969325766856,50.0,100.0,0.0,0,0,inf,2.5,40001,31510,amc23,45
test,per_environment,deer_confidence,0.9925,deepseek,8,87.5,87.5,0.0,9.103493405818988,25.0,100.0,0.0,0,0,inf,3.5,39732,36115,amc23,46
test,per_environment,deer_confidence,0.9925,deepseek,8,75.0,75.0,0.0,19.78157794206872,37.5,100.0,0.0,0,0,inf,2.0,44501,35698,amc23,47
test,per_environment,deer_confidence,0.9925,deepseek,100,76.0,81.0,5.0,32.29085040848469,57.0,73.6842105263158,26.31578947368421,6,1,6.0,2.55,386673,261813,math500,45
test,per_environment,deer_confidence,0.9925,deepseek,100,77.0,80.0,3.0,29.319774490456076,61.0,70.49180327868852,29.508196721311474,6,3,2.0,2.12,367878,260017,math500,46
test,per_environment,deer_confidence,0.9925,deepseek,100,76.0,79.0,3.0,19.064778658803842,53.0,77.35849056603773,22.641509433962263,5,2,2.5,2.83,401552,324997,math500,47
test,per_environment,deer_confidence,0.9925,qwen3,6,83.33333333333333,83.33333333333333,0.0,11.651134442216193,33.333333333333336,100.0,0.0,0,0,inf,28.5,76293,67404,aime24,45
test,per_environment,deer_confidence,0.9925,qwen3,6,83.33333333333333,83.33333333333333,0.0,17.475427910666504,50.0,100.0,0.0,0,0,inf,27.666666666666668,74373,61376,aime24,46
test,per_environment,deer_confidence,0.9925,qwen3,6,83.33333333333333,83.33333333333333,0.0,10.162585116896127,33.333333333333336,100.0,0.0,0,0,inf,27.5,73869,66362,aime24,47
test,per_environment,deer_confidence,0.9925,qwen3,8,87.5,87.5,0.0,43.775581125955675,87.5,100.0,0.0,0,0,inf,10.125,51796,29122,amc23,45
test,per_environment,deer_confidence,0.9925,qwen3,8,87.5,87.5,0.0,29.105426530535922,62.5,100.0,0.0,0,0,inf,12.125,53478,37913,amc23,46
test,per_environment,deer_confidence,0.9925,qwen3,8,87.5,87.5,0.0,48.090592861464,87.5,100.0,0.0,0,0,inf,9.25,52896,27458,amc23,47
test,per_environment,deer_confidence,0.9925,qwen3,100,76.0,81.0,5.0,46.576054414778305,85.0,77.6470588235294,22.352941176470587,8,3,2.6666666666666665,8.29,506039,270346,math500,45
test,per_environment,deer_confidence,0.9925,qwen3,100,77.0,82.0,5.0,57.42942708794811,92.0,77.17391304347827,22.82608695652174,9,4,2.25,7.43,507879,216207,math500,46
test,per_environment,deer_confidence,0.9925,qwen3,100,74.0,80.0,6.0,52.57963341294277,89.0,77.52808988764045,22.471910112359552,10,4,2.5,7.23,521295,247200,math500,47
train,per_model,deer_confidence,0.995,deepseek,1026,71.05263157894737,73.78167641325535,2.729044834307992,17.772387921078018,48.148148148148145,80.97165991902834,19.02834008097166,55,27,2.037037037037037,2.655945419103314,4898914,4028260,,
train,per_model,deer_confidence,0.995,qwen3,1026,69.39571150097466,76.12085769980507,6.7251461988304095,38.80598339565707,80.50682261208577,77.11864406779661,22.88135593220339,103,34,3.0294117647058822,9.624756335282651,6309795,3861217,,
train,per_benchmark,deer_confidence,0.995,,108,52.77777777777778,55.55555555555556,2.7777777777777777,6.175259351742547,23.14814814814815,84.0,16.0,3,0,inf,14.13888888888889,1661161,1558580,aime24,
train,per_benchmark,deer_confidence,0.995,,144,84.72222222222223,84.02777777777777,-0.6944444444444444,16.89577077100286,50.0,98.61111111111111,1.3888888888888888,0,1,0.0,9.51388888888889,1078258,896078,amc23,
train,per_benchmark,deer_confidence,0.995,,1800,70.11111111111111,75.38888888888889,5.277777777777778,35.82910728053945,67.94444444444444,77.26901062959935,22.730989370400653,155,60,2.5833333333333335,5.390555555555555,8469290,5434819,math500,
train,per_seed,deer_confidence,0.995,,684,70.46783625730994,75.0,4.5321637426900585,28.166449886317285,63.45029239766082,78.57142857142857,21.428571428571427,52,21,2.4761904761904763,6.194444444444445,3741114,2687375,,42
train,per_seed,deer_confidence,0.995,,684,69.15204678362574,74.70760233918129,5.555555555555555,30.506223760693253,64.91228070175438,78.15315315315316,21.846846846846848,56,18,3.111111111111111,6.035087719298246,3746288,2603437,,43
train,per_seed,deer_confidence,0.995,,684,71.05263157894737,75.14619883040936,4.093567251461988,30.167949056608336,64.61988304093568,78.95927601809954,21.040723981900452,50,22,2.272727272727273,6.191520467836257,3721307,2598665,,44
train,per_environment,deer_confidence,0.995,deepseek,18,33.333333333333336,33.333333333333336,0.0,0.6383233416696054,5.555555555555555,100.0,0.0,0,0,inf,6.166666666666667,309091,307118,aime24,42
train,per_environment,deer_confidence,0.995,deepseek,18,44.44444444444444,44.44444444444444,0.0,0.6772017974179948,5.555555555555555,100.0,0.0,0,0,inf,5.5,252362,250653,aime24,43
train,per_environment,deer_confidence,0.995,deepseek,18,50.0,50.0,0.0,0.5726288031521414,5.555555555555555,100.0,0.0,0,0,inf,4.222222222222222,260902,259408,aime24,44
train,per_environment,deer_confidence,0.995,deepseek,24,91.66666666666667,91.66666666666667,0.0,9.734652427438904,37.5,100.0,0.0,0,0,inf,2.9166666666666665,152630,137772,amc23,42
train,per_environment,deer_confidence,0.995,deepseek,24,70.83333333333333,70.83333333333333,0.0,4.827578752816943,29.166666666666668,100.0,0.0,0,0,inf,3.125,185041,176108,amc23,43
train,per_environment,deer_confidence,0.995,deepseek,24,87.5,87.5,0.0,3.0262503311172706,25.0,100.0,0.0,0,0,inf,3.9583333333333335,154779,150095,amc23,44
train,per_environment,deer_confidence,0.995,deepseek,300,71.0,74.33333333333333,3.3333333333333335,19.551268470399588,50.0,78.66666666666667,21.333333333333332,19,9,2.111111111111111,2.3866666666666667,1203615,968293,math500,42
train,per_environment,deer_confidence,0.995,deepseek,300,71.33333333333333,75.0,3.6666666666666665,26.534386628169116,53.0,78.61635220125787,21.38364779874214,19,8,2.375,2.34,1175486,863578,math500,43
train,per_environment,deer_confidence,0.995,deepseek,300,73.0,75.33333333333333,2.3333333333333335,24.04739221648321,53.333333333333336,82.5,17.5,17,10,1.7,2.6033333333333335,1205008,915235,math500,44
train,per_environment,deer_confidence,0.995,qwen3,18,72.22222222222223,77.77777777777777,5.555555555555555,12.09674730176844,38.888888888888886,85.71428571428571,14.285714285714286,1,0,inf,23.11111111111111,269899,237250,aime24,42
train,per_environment,deer_confidence,0.995,qwen3,18,50.0,55.55555555555556,5.555555555555555,11.412455545447028,44.44444444444444,87.5,12.5,1,0,inf,23.5,302275,267778,aime24,43
train,per_environment,deer_confidence,0.995,qwen3,18,66.66666666666667,72.22222222222223,5.555555555555555,11.348600318041346,38.888888888888886,71.42857142857143,28.571428571428573,1,0,inf,22.333333333333332,266632,236373,aime24,44
train,per_environment,deer_confidence,0.995,qwen3,24,87.5,83.33333333333333,-4.166666666666667,25.19449246727587,70.83333333333333,100.0,0.0,0,1,0.0,16.5,194352,145386,amc23,42
train,per_environment,deer_confidence,0.995,qwen3,24,91.66666666666667,91.66666666666667,0.0,21.284836150683226,62.5,100.0,0.0,0,0,inf,15.666666666666666,192616,151618,amc23,43
train,per_environment,deer_confidence,0.995,qwen3,24,79.16666666666667,79.16666666666667,0.0,32.05642727821364,75.0,94.44444444444444,5.555555555555555,0,0,inf,14.916666666666666,198840,135099,amc23,44
train,per_environment,deer_confidence,0.995,qwen3,300,69.0,76.0,7.0,44.676322518952524,83.33333333333333,76.0,24.0,32,11,2.909090909090909,8.426666666666666,1611527,891556,math500,42
train,per_environment,deer_confidence,0.995,qwen3,300,67.66666666666667,76.33333333333333,8.666666666666666,45.456354195402156,84.66666666666667,75.59055118110236,24.409448818897637,36,10,3.6,8.176666666666666,1638508,893702,math500,43
train,per_environment,deer_confidence,0.995,qwen3,300,68.66666666666667,75.33333333333333,6.666666666666667,44.80890391439052,83.33333333333333,75.2,24.8,32,12,2.6666666666666665,8.41,1635146,902455,math500,44
dev,per_model,deer_confidence,0.995,deepseek,342,69.5906432748538,76.90058479532163,7.309941520467836,19.841816779469955,49.12280701754386,74.4047619047619,25.595238095238095,27,2,13.5,2.745614035087719,1533791,1229459,,
dev,per_model,deer_confidence,0.995,qwen3,342,64.32748538011695,77.48538011695906,13.157894736842104,39.786699100327944,79.82456140350877,70.32967032967034,29.67032967032967,50,5,10.0,9.932748538011696,2043967,1230740,,
dev,per_benchmark,deer_confidence,0.995,,36,72.22222222222223,72.22222222222223,0.0,8.51981896130863,38.888888888888886,100.0,0.0,0,0,inf,13.222222222222221,469071,429107,aime24,
dev,per_benchmark,deer_confidence,0.995,,48,85.41666666666667,85.41666666666667,0.0,19.52654409227584,43.75,100.0,0.0,0,0,inf,12.375,405740,326513,amc23,
dev,per_benchmark,deer_confidence,0.995,,600,65.16666666666667,76.83333333333333,11.666666666666666,36.93627732989215,67.66666666666667,69.45812807881774,30.541871921182267,77,7,11.0,5.443333333333333,2702947,1704579,math500,
dev,per_seed,deer_confidence,0.995,,228,66.66666666666667,76.75438596491227,10.087719298245615,32.06434490690879,63.1578947368421,70.83333333333333,29.166666666666668,26,3,8.666666666666666,5.93859649122807,1230245,835775,,42
dev,per_seed,deer_confidence,0.995,,228,67.10526315789474,77.63157894736842,10.526315789473685,30.12534167217774,63.59649122807018,70.34482758620689,29.655172413793103,26,2,13.0,6.614035087719298,1158274,809340,,43
dev,per_seed,deer_confidence,0.995,,228,67.10526315789474,77.19298245614036,10.087719298245615,31.461716274020613,66.66666666666667,74.34210526315789,25.657894736842106,25,2,12.5,6.464912280701754,1189239,815084,,44
dev,per_environment,deer_confidence,0.995,deepseek,6,50.0,50.0,0.0,1.2255121209410502,16.666666666666668,100.0,0.0,0,0,inf,5.333333333333333,89432,88336,aime24,42
dev,per_environment,deer_confidence,0.995,deepseek,6,66.66666666666667,66.66666666666667,0.0,-0.152374154048897,0.0,nan,nan,0,0,inf,4.0,72847,72958,aime24,43
dev,per_environment,deer_confidence,0.995,deepseek,6,66.66666666666667,66.66666666666667,0.0,4.9718025889022,16.666666666666668,100.0,0.0,0,0,inf,5.333333333333333,68446,65043,aime24,44
dev,per_environment,deer_confidence,0.995,deepseek,8,87.5,87.5,0.0,11.842963719399767,12.5,100.0,0.0,0,0,inf,3.5,70506,62156,amc23,42
dev,per_environment,deer_confidence,0.995,deepseek,8,87.5,87.5,0.0,2.756944975893472,12.5,100.0,0.0,0,0,inf,5.625,52268,50827,amc23,43
dev,per_environment,deer_confidence,0.995,deepseek,8,87.5,87.5,0.0,11.18977963196981,37.5,100.0,0.0,0,0,inf,5.5,57767,51303,amc23,44
dev,per_environment,deer_confidence,0.995,deepseek,100,70.0,78.0,8.0,23.210044841123953,49.0,75.51020408163265,24.489795918367346,8,0,inf,2.26,372649,286157,math500,42
dev,per_environment,deer_confidence,0.995,deepseek,100,67.0,77.0,10.0,25.45622686332437,55.0,67.27272727272727,32.72727272727273,11,1,11.0,2.71,361169,269229,math500,43
dev,per_environment,deer_confidence,0.995,deepseek,100,69.0,76.0,7.0,27.078750832889554,57.0,77.19298245614036,22.80701754385965,8,1,8.0,2.37,388707,283450,math500,44
dev,per_environment,deer_confidence,0.995,qwen3,6,83.33333333333333,83.33333333333333,0.0,16.47646129541864,66.66666666666667,100.0,0.0,0,0,inf,20.333333333333332,79125,66088,aime24,42
dev,per_environment,deer_confidence,0.995,qwen3,6,83.33333333333333,83.33333333333333,0.0,16.129032258064516,66.66666666666667,100.0,0.0,0,0,inf,19.833333333333332,68510,57460,aime24,43
dev,per_environment,deer_confidence,0.995,qwen3,6,83.33333333333333,83.33333333333333,0.0,12.665498120404362,66.66666666666667,100.0,0.0,0,0,inf,24.5,90711,79222,aime24,44
dev,per_environment,deer_confidence,0.995,qwen3,8,75.0,75.0,0.0,16.231221840738236,50.0,100.0,0.0,0,0,inf,20.0,78349,65632,amc23,42
dev,per_environment,deer_confidence,0.995,qwen3,8,87.5,87.5,0.0,35.866903924113295,75.0,100.0,0.0,0,0,inf,20.875,74743,47935,amc23,43
dev,per_environment,deer_confidence,0.995,qwen3,8,87.5,87.5,0.0,32.516953971181714,75.0,100.0,0.0,0,0,inf,18.75,72107,48660,amc23,44
dev,per_environment,deer_confidence,0.995,qwen3,100,61.0,76.0,15.0,50.4972379781704,85.0,64.70588235294117,35.294117647058826,18,3,6.0,7.86,540184,267406,math500,42
dev,per_environment,deer_confidence,0.995,qwen3,100,63.0,77.0,14.0,41.193636912113206,79.0,68.35443037974683,31.645569620253166,15,1,15.0,8.82,528737,310931,math500,43
dev,per_environment,deer_confidence,0.995,qwen3,100,61.0,77.0,16.0,43.811253545936374,81.0,67.90123456790124,32.098765432098766,17,1,17.0,8.64,511501,287406,math500,44
test,per_model,deer_confidence,0.995,deepseek,342,76.60818713450293,79.82456140350877,3.216374269005848,21.585413475113395,51.461988304093566,75.56818181818181,24.431818181818183,17,6,2.8333333333333335,2.7076023391812867,1464804,1148620,,
test,per_model,deer_confidence,0.995,qwen3,342,76.90058479532163,81.57894736842105,4.678362573099415,45.31080056603046,84.50292397660819,79.23875432525952,20.761245674740483,27,11,2.4545454545454546,9.067251461988304,1917918,1048894,,
test,per_benchmark,deer_confidence,0.995,,36,77.77777777777777,77.77777777777777,0.0,6.06989696871898,19.444444444444443,100.0,0.0,0,0,inf,16.944444444444443,409002,384176,aime24,
test,per_benchmark,deer_confidence,0.995,,48,85.41666666666667,85.41666666666667,0.0,29.952833529270123,58.333333333333336,100.0,0.0,0,0,inf,6.583333333333333,282404,197816,amc23,
test,per_benchmark,deer_confidence,0.995,,600,76.0,80.5,4.5,39.97278654754774,71.66666666666667,76.04651162790698,23.953488372093023,44,17,2.588235294117647,5.168333333333333,2691316,1615522,math500,
test,per_seed,deer_confidence,0.995,,228,77.19298245614036,81.57894736842105,4.385964912280702,35.00252015461656,67.98245614035088,78.06451612903226,21.93548387096774,14,4,3.5,6.140350877192983,1132867,736335,,45
test,per_seed,deer_confidence,0.995,,228,78.0701754385965,81.57894736842105,3.508771929824561,37.837587941538615,69.29824561403508,76.58227848101266,23.417721518987342,15,7,2.142857142857143,5.815789473684211,1092345,679028,,46
test,per_seed,deer_confidence,0.995,,228,75.0,78.94736842105263,3.9473684210526314,32.428143169389465,66.66666666666667,78.94736842105263,21.05263157894737,15,6,2.5,5.706140350877193,1157510,782151,,47
test,per_environment,deer_confidence,0.995,deepseek,6,83.33333333333333,83.33333333333333,0.0,-0.19149379032817596,0.0,nan,nan,0,0,inf,4.666666666666667,72065,72203,aime24,45
test,per_environment,deer_confidence,0.995,deepseek,6,83.33333333333333,83.33333333333333,0.0,-0.491786552392613,0.0,nan,nan,0,0,inf,8.166666666666666,49005,49246,aime24,46
test,per_environment,deer_confidence,0.995,deepseek,6,50.0,50.0,0.0,3.397637112166191,16.666666666666668,100.0,0.0,0,0,inf,4.5,63397,61243,aime24,47
test,per_environment,deer_confidence,0.995,deepseek,8,87.5,87.5,0.0,21.226969325766856,50.0,100.0,0.0,0,0,inf,2.5,40001,31510,amc23,45
test,per_environment,deer_confidence,0.995,deepseek,8,87.5,87.5,0.0,9.103493405818988,25.0,100.0,0.0,0,0,inf,3.5,39732,36115,amc23,46
test,per_environment,deer_confidence,0.995,deepseek,8,75.0,75.0,0.0,19.78157794206872,37.5,100.0,0.0,0,0,inf,2.0,44501,35698,amc23,47
test,per_environment,deer_confidence,0.995,deepseek,100,76.0,81.0,5.0,32.25593718723572,57.0,73.6842105263158,26.31578947368421,6,1,6.0,2.56,386673,261948,math500,45
test,per_environment,deer_confidence,0.995,deepseek,100,77.0,80.0,3.0,27.38435024654913,58.0,72.41379310344827,27.586206896551722,6,3,2.0,2.17,367878,267137,math500,46
test,per_environment,deer_confidence,0.995,deepseek,100,76.0,79.0,3.0,16.942264015619397,51.0,76.47058823529412,23.529411764705884,5,2,2.5,2.85,401552,333520,math500,47
test,per_environment,deer_confidence,0.995,qwen3,6,83.33333333333333,83.33333333333333,0.0,11.651134442216193,33.333333333333336,100.0,0.0,0,0,inf,28.5,76293,67404,aime24,45
test,per_environment,deer_confidence,0.995,qwen3,6,83.33333333333333,83.33333333333333,0.0,17.475427910666504,50.0,100.0,0.0,0,0,inf,27.666666666666668,74373,61376,aime24,46
test,per_environment,deer_confidence,0.995,qwen3,6,83.33333333333333,83.33333333333333,0.0,1.5771162463279589,16.666666666666668,100.0,0.0,0,0,inf,28.166666666666668,73869,72704,aime24,47
test,per_environment,deer_confidence,0.995,qwen3,8,87.5,87.5,0.0,43.775581125955675,87.5,100.0,0.0,0,0,inf,10.125,51796,29122,amc23,45
test,per_environment,deer_confidence,0.995,qwen3,8,87.5,87.5,0.0,29.105426530535922,62.5,100.0,0.0,0,0,inf,12.125,53478,37913,amc23,46
test,per_environment,deer_confidence,0.995,qwen3,8,87.5,87.5,0.0,48.090592861464,87.5,100.0,0.0,0,0,inf,9.25,52896,27458,amc23,47
test,per_environment,deer_confidence,0.995,qwen3,100,76.0,81.0,5.0,45.82472892405526,85.0,77.6470588235294,22.352941176470587,8,3,2.6666666666666665,8.44,506039,274148,math500,45
test,per_environment,deer_confidence,0.995,qwen3,100,77.0,82.0,5.0,55.25686236288565,90.0,76.66666666666667,23.333333333333332,9,4,2.25,7.69,507879,227241,math500,46
test,per_environment,deer_confidence,0.995,qwen3,100,74.0,80.0,6.0,51.749393337745424,89.0,77.52808988764045,22.471910112359552,10,4,2.5,7.3,521295,251528,math500,47
train,per_model,deer_confidence,0.996,deepseek,1026,71.05263157894737,73.78167641325535,2.729044834307992,17.533457415255707,47.66081871345029,80.98159509202453,19.01840490797546,54,26,2.076923076923077,2.6705653021442495,4898914,4039965,,
train,per_model,deer_confidence,0.996,qwen3,1026,69.49317738791423,76.12085769980507,6.627680311890838,38.109922747094004,80.01949317738791,77.22289890377589,22.77710109622412,102,34,3.0,9.721247563352826,6309795,3905137,,
train,per_benchmark,deer_confidence,0.996,,108,53.7037037037037,55.55555555555556,1.8518518518518519,5.307793765926361,21.296296296296298,86.95652173913044,13.043478260869565,2,0,inf,14.203703703703704,1661161,1572990,aime24,
train,per_benchmark,deer_confidence,0.996,,144,84.72222222222223,84.02777777777777,-0.6944444444444444,16.798576963954822,49.30555555555556,98.59154929577464,1.408450704225352,0,1,0.0,9.534722222222221,1078258,897126,amc23,
train,per_benchmark,deer_confidence,0.996,,1800,70.11111111111111,75.38888888888889,5.277777777777778,35.35484084262081,67.55555555555556,77.30263157894737,22.69736842105263,154,59,2.610169491525424,5.448333333333333,8469290,5474986,math500,
train,per_seed,deer_confidence,0.996,,684,70.32163742690058,75.0,4.678362573099415,27.637569985838443,62.865497076023395,78.37209302325581,21.627906976744185,52,20,2.6,6.242690058479532,3741114,2707161,,42
train,per_seed,deer_confidence,0.996,,684,69.44444444444444,74.70760233918129,5.2631578947368425,29.971881499767235,64.47368421052632,78.68480725623583,21.31519274376417,54,18,3.0,6.0964912280701755,3746288,2623455,,43
train,per_seed,deer_confidence,0.996,,684,71.05263157894737,75.14619883040936,4.093567251461988,29.742802730331036,64.18128654970761,78.81548974943053,21.184510250569478,50,22,2.272727272727273,6.248538011695906,3721307,2614486,,44
train,per_environment,deer_confidence,0.996,deepseek,18,33.333333333333336,33.333333333333336,0.0,0.6383233416696054,5.555555555555555,100.0,0.0,0,0,inf,6.166666666666667,309091,307118,aime24,42
train,per_environment,deer_confidence,0.996,deepseek,18,44.44444444444444,44.44444444444444,0.0,0.6772017974179948,5.555555555555555,100.0,0.0,0,0,inf,5.5,252362,250653,aime24,43
train,per_environment,deer_confidence,0.996,deepseek,18,50.0,50.0,0.0,0.5726288031521414,5.555555555555555,100.0,0.0,0,0,inf,4.222222222222222,260902,259408,aime24,44
train,per_environment,deer_confidence,0.996,deepseek,24,91.66666666666667,91.66666666666667,0.0,9.734652427438904,37.5,100.0,0.0,0,0,inf,2.9166666666666665,152630,137772,amc23,42
train,per_environment,deer_confidence,0.996,deepseek,24,70.83333333333333,70.83333333333333,0.0,4.827578752816943,29.166666666666668,100.0,0.0,0,0,inf,3.125,185041,176108,amc23,43
train,per_environment,deer_confidence,0.996,deepseek,24,87.5,87.5,0.0,2.411825893693589,20.833333333333332,100.0,0.0,0,0,inf,4.041666666666667,154779,151046,amc23,44
train,per_environment,deer_confidence,0.996,deepseek,300,70.66666666666667,74.33333333333333,3.6666666666666665,19.292630949265337,49.333333333333336,78.37837837837837,21.62162162162162,19,8,2.375,2.4,1203615,971406,math500,42
train,per_environment,deer_confidence,0.996,deepseek,300,71.66666666666667,75.0,3.3333333333333335,26.185424581832535,52.666666666666664,79.11392405063292,20.88607594936709,18,8,2.25,2.35,1175486,867680,math500,43
train,per_environment,deer_confidence,0.996,deepseek,300,73.0,75.33333333333333,2.3333333333333335,23.75370122024086,53.0,82.38993710691824,17.61006289308176,17,10,1.7,2.6233333333333335,1205008,918774,math500,44
train,per_environment,deer_confidence,0.996,qwen3,18,72.22222222222223,77.77777777777777,5.555555555555555,12.09674730176844,38.888888888888886,85.71428571428571,14.285714285714286,1,0,inf,23.11111111111111,269899,237250,aime24,42
train,per_environment,deer_confidence,0.996,qwen3,18,55.55555555555556,55.55555555555556,0.0,8.140600446613183,38.888888888888886,100.0,0.0,0,0,inf,23.88888888888889,302275,277668,aime24,43
train,per_environment,deer_confidence,0.996,qwen3,18,66.66666666666667,72.22222222222223,5.555555555555555,9.65337993939212,33.333333333333336,66.66666666666667,33.333333333333336,1,0,inf,22.333333333333332,266632,240893,aime24,44
train,per_environment,deer_confidence,0.996,qwen3,24,87.5,83.33333333333333,-4.166666666666667,25.14458302461513,70.83333333333333,100.0,0.0,0,1,0.0,16.541666666666668,194352,145483,amc23,42
train,per_environment,deer_confidence,0.996,qwen3,24,91.66666666666667,91.66666666666667,0.0,21.284836150683226,62.5,100.0,0.0,0,0,inf,15.666666666666666,192616,151618,amc23,43
train,per_environment,deer_confidence,0.996,qwen3,24,79.16666666666667,79.16666666666667,0.0,32.05642727821364,75.0,94.44444444444444,5.555555555555555,0,0,inf,14.916666666666666,198840,135099,amc23,44
train,per_environment,deer_confidence,0.996,qwen3,300,69.0,76.0,7.0,43.647732864544004,82.66666666666667,75.80645161290323,24.193548387096776,32,11,2.909090909090909,8.52,1611527,908132,math500,42
train,per_environment,deer_confidence,0.996,qwen3,300,67.66666666666667,76.33333333333333,8.666666666666666,45.0885805867289,84.33333333333333,75.88932806324111,24.110671936758894,36,10,3.6,8.283333333333333,1638508,899728,math500,43
train,per_environment,deer_confidence,0.996,qwen3,300,68.66666666666667,75.33333333333333,6.666666666666667,44.39236618626104,83.33333333333333,75.2,24.8,32,12,2.6666666666666665,8.513333333333334,1635146,909266,math500,44
dev,per_model,deer_confidence,0.996,deepseek,342,69.88304093567251,76.90058479532163,7.017543859649122,19.581220648706374,48.83040935672515,74.8502994011976,25.149700598802394,26,2,13.0,2.783625730994152,1533791,1233456,,
dev,per_model,deer_confidence,0.996,qwen3,342,64.32748538011695,77.48538011695906,13.157894736842104,39.4671733936996,79.82456140350877,70.32967032967034,29.67032967032967,50,5,10.0,10.026315789473685,2043967,1237271,,
dev,per_benchmark,deer_confidence,0.996,,36,72.22222222222223,72.22222222222223,0.0,8.51981896130863,38.888888888888886,100.0,0.0,0,0,inf,13.222222222222221,469071,429107,aime24,
dev,per_benchmark,deer_confidence,0.996,,48,85.41666666666667,85.41666666666667,0.0,19.52654409227584,43.75,100.0,0.0,0,0,inf,12.375,405740,326513,amc23,
dev,per_benchmark,deer_confidence,0.996,,600,65.33333333333333,76.83333333333333,11.5,36.54677653686883,67.5,69.62962962962963,30.37037037037037,76,7,10.857142857142858,5.5183333333333335,2702947,1715107,math500,
dev,per_seed,deer_confidence,0.996,,228,66.66666666666667,76.75438596491227,10.087719298245615,31.537376701388748,62.719298245614034,70.62937062937063,29.37062937062937,26,3,8.666666666666666,6.052631578947368,1230245,842258,,42
dev,per_seed,deer_confidence,0.996,,228,67.10526315789474,77.63157894736842,10.526315789473685,30.02078955411241,63.59649122807018,70.34482758620689,29.655172413793103,26,2,13.0,6.644736842105263,1158274,810551,,43
dev,per_seed,deer_confidence,0.996,,228,67.54385964912281,77.19298245614036,9.649122807017545,31.223412619330514,66.66666666666667,75.0,25.0,24,2,12.0,6.517543859649122,1189239,817918,,44
dev,per_environment,deer_confidence,0.996,deepseek,6,50.0,50.0,0.0,1.2255121209410502,16.666666666666668,100.0,0.0,0,0,inf,5.333333333333333,89432,88336,aime24,42
dev,per_environment,deer_confidence,0.996,deepseek,6,66.66666666666667,66.66666666666667,0.0,-0.152374154048897,0.0,nan,nan,0,0,inf,4.0,72847,72958,aime24,43
dev,per_environment,deer_confidence,0.996,deepseek,6,66.66666666666667,66.66666666666667,0.0,4.9718025889022,16.666666666666668,100.0,0.0,0,0,inf,5.333333333333333,68446,65043,aime24,44
dev,per_environment,deer_confidence,0.996,deepseek,8,87.5,87.5,0.0,11.842963719399767,12.5,100.0,0.0,0,0,inf,3.5,70506,62156,amc23,42
dev,per_environment,deer_confidence,0.996,deepseek,8,87.5,87.5,0.0,2.756944975893472,12.5,100.0,0.0,0,0,inf,5.625,52268,50827,amc23,43
dev,per_environment,deer_confidence,0.996,deepseek,8,87.5,87.5,0.0,11.18977963196981,37.5,100.0,0.0,0,0,inf,5.5,57767,51303,amc23,44
dev,per_environment,deer_confidence,0.996,deepseek,100,70.0,78.0,8.0,22.798665768591892,48.0,75.0,25.0,8,0,inf,2.27,372649,287690,math500,42
dev,per_environment,deer_confidence,0.996,deepseek,100,67.0,77.0,10.0,25.311142429167507,55.0,67.27272727272727,32.72727272727273,11,1,11.0,2.73,361169,269753,math500,43
dev,per_environment,deer_confidence,0.996,deepseek,100,70.0,76.0,6.0,26.579660258240782,57.0,78.94736842105263,21.05263157894737,7,1,7.0,2.47,388707,285390,math500,44
dev,per_environment,deer_confidence,0.996,qwen3,6,83.33333333333333,83.33333333333333,0.0,16.47646129541864,66.66666666666667,100.0,0.0,0,0,inf,20.333333333333332,79125,66088,aime24,42
dev,per_environment,deer_confidence,0.996,qwen3,6,83.33333333333333,83.33333333333333,0.0,16.129032258064516,66.66666666666667,100.0,0.0,0,0,inf,19.833333333333332,68510,57460,aime24,43
dev,per_environment,deer_confidence,0.996,qwen3,6,83.33333333333333,83.33333333333333,0.0,12.665498120404362,66.66666666666667,100.0,0.0,0,0,inf,24.5,90711,79222,aime24,44
dev,per_environment,deer_confidence,0.996,qwen3,8,75.0,75.0,0.0,16.231221840738236,50.0,100.0,0.0,0,0,inf,20.0,78349,65632,amc23,42
dev,per_environment,deer_confidence,0.996,qwen3,8,87.5,87.5,0.0,35.866903924113295,75.0,100.0,0.0,0,0,inf,20.875,74743,47935,amc23,43
dev,per_environment,deer_confidence,0.996,qwen3,8,87.5,87.5,0.0,32.516953971181714,75.0,100.0,0.0,0,0,inf,18.75,72107,48660,amc23,44
dev,per_environment,deer_confidence,0.996,qwen3,100,61.0,76.0,15.0,49.5808835507901,85.0,64.70588235294117,35.294117647058826,18,3,6.0,8.11,540184,272356,math500,42
dev,per_environment,deer_confidence,0.996,qwen3,100,63.0,77.0,14.0,41.06370463954669,79.0,68.35443037974683,31.645569620253166,15,1,15.0,8.87,528737,311618,math500,43
dev,per_environment,deer_confidence,0.996,qwen3,100,61.0,77.0,16.0,43.63647382898567,81.0,67.90123456790124,32.098765432098766,17,1,17.0,8.66,511501,288300,math500,44
test,per_model,deer_confidence,0.996,deepseek,342,76.60818713450293,79.82456140350877,3.216374269005848,21.5459542710151,51.461988304093566,75.56818181818181,24.431818181818183,17,6,2.8333333333333335,2.7222222222222223,1464804,1149198,,
test,per_model,deer_confidence,0.996,qwen3,342,76.90058479532163,81.57894736842105,4.678362573099415,44.66489182540651,83.91812865497076,79.09407665505226,20.905923344947734,27,11,2.4545454545454546,9.154970760233919,1917918,1061282,,
test,per_benchmark,deer_confidence,0.996,,36,77.77777777777777,77.77777777777777,0.0,5.959628559273549,19.444444444444443,100.0,0.0,0,0,inf,17.02777777777778,409002,384627,aime24,
test,per_benchmark,deer_confidence,0.996,,48,85.41666666666667,85.41666666666667,0.0,29.952833529270123,58.333333333333336,100.0,0.0,0,0,inf,6.583333333333333,282404,197816,amc23,
test,per_benchmark,deer_confidence,0.996,,600,76.0,80.5,4.5,39.50777240576729,71.33333333333333,75.93457943925233,24.065420560747665,44,17,2.588235294117647,5.221666666666667,2691316,1628037,math500,
test,per_seed,deer_confidence,0.996,,228,77.19298245614036,81.57894736842105,4.385964912280702,34.94664422213729,67.98245614035088,78.06451612903226,21.93548387096774,14,4,3.5,6.171052631578948,1132867,736968,,45
test,per_seed,deer_confidence,0.996,,228,78.0701754385965,81.57894736842105,3.508771929824561,37.40448301589699,68.85964912280701,76.43312101910828,23.56687898089172,15,7,2.142857142857143,5.87719298245614,1092345,683759,,46
test,per_seed,deer_confidence,0.996,,228,75.0,78.94736842105263,3.9473684210526314,31.771388584115904,66.2280701754386,78.80794701986756,21.192052980132452,15,6,2.5,5.767543859649122,1157510,789753,,47
test,per_environment,deer_confidence,0.996,deepseek,6,83.33333333333333,83.33333333333333,0.0,-0.19149379032817596,0.0,nan,nan,0,0,inf,4.666666666666667,72065,72203,aime24,45
test,per_environment,deer_confidence,0.996,deepseek,6,83.33333333333333,83.33333333333333,0.0,-0.491786552392613,0.0,nan,nan,0,0,inf,8.166666666666666,49005,49246,aime24,46
test,per_environment,deer_confidence,0.996,deepseek,6,50.0,50.0,0.0,3.397637112166191,16.666666666666668,100.0,0.0,0,0,inf,4.5,63397,61243,aime24,47
test,per_environment,deer_confidence,0.996,deepseek,8,87.5,87.5,0.0,21.226969325766856,50.0,100.0,0.0,0,0,inf,2.5,40001,31510,amc23,45
test,per_environment,deer_confidence,0.996,deepseek,8,87.5,87.5,0.0,9.103493405818988,25.0,100.0,0.0,0,0,inf,3.5,39732,36115,amc23,46
test,per_environment,deer_confidence,0.996,deepseek,8,75.0,75.0,0.0,19.78157794206872,37.5,100.0,0.0,0,0,inf,2.0,44501,35698,amc23,47
test,per_environment,deer_confidence,0.996,deepseek,100,76.0,81.0,5.0,32.24223051518984,57.0,73.6842105263158,26.31578947368421,6,1,6.0,2.57,386673,262001,math500,45
test,per_environment,deer_confidence,0.996,deepseek,100,77.0,80.0,3.0,27.241639891485764,58.0,72.41379310344827,27.586206896551722,6,3,2.0,2.21,367878,267662,math500,46
test,per_environment,deer_confidence,0.996,deepseek,100,76.0,79.0,3.0,16.942264015619397,51.0,76.47058823529412,23.529411764705884,5,2,2.5,2.85,401552,333520,math500,47
test,per_environment,deer_confidence,0.996,qwen3,6,83.33333333333333,83.33333333333333,0.0,11.651134442216193,33.333333333333336,100.0,0.0,0,0,inf,28.5,76293,67404,aime24,45
test,per_environment,deer_confidence,0.996,qwen3,6,83.33333333333333,83.33333333333333,0.0,16.869025049413093,50.0,100.0,0.0,0,0,inf,28.166666666666668,74373,61827,aime24,46
test,per_environment,deer_confidence,0.996,qwen3,6,83.33333333333333,83.33333333333333,0.0,1.5771162463279589,16.666666666666668,100.0,0.0,0,0,inf,28.166666666666668,73869,72704,aime24,47
test,per_environment,deer_confidence,0.996,qwen3,8,87.5,87.5,0.0,43.775581125955675,87.5,100.0,0.0,0,0,inf,10.125,51796,29122,amc23,45
test,per_environment,deer_confidence,0.996,qwen3,8,87.5,87.5,0.0,29.105426530535922,62.5,100.0,0.0,0,0,inf,12.125,53478,37913,amc23,46
test,per_environment,deer_confidence,0.996,qwen3,8,87.5,87.5,0.0,48.090592861464,87.5,100.0,0.0,0,0,inf,9.25,52896,27458,amc23,47
test,per_environment,deer_confidence,0.996,qwen3,100,76.0,81.0,5.0,45.710113252140644,85.0,77.6470588235294,22.352941176470587,8,3,2.6666666666666665,8.5,506039,274728,math500,45
test,per_environment,deer_confidence,0.996,qwen3,100,77.0,82.0,5.0,54.51751302967833,89.0,76.40449438202248,23.59550561797753,9,4,2.25,7.76,507879,230996,math500,46
test,per_environment,deer_confidence,0.996,qwen3,100,74.0,80.0,6.0,50.29110196721626,88.0,77.27272727272727,22.727272727272727,10,4,2.5,7.44,521295,259130,math500,47
train,per_model,deer_confidence,0.997,deepseek,1026,71.24756335282652,73.78167641325535,2.53411306042885,17.054392055055466,46.78362573099415,81.25,18.75,52,26,2.0,2.692982456140351,4898914,4063434,,
train,per_model,deer_confidence,0.997,qwen3,1026,69.49317738791423,76.12085769980507,6.627680311890838,37.25829444538214,79.82456140350877,77.28937728937728,22.71062271062271,102,34,3.0,9.860623781676413,6309795,3958873,,
train,per_benchmark,deer_confidence,0.997,,108,53.7037037037037,55.55555555555556,1.8518518518518519,5.054958550074316,21.296296296296298,86.95652173913044,13.043478260869565,2,0,inf,14.333333333333334,1661161,1577190,aime24,
train,per_benchmark,deer_confidence,0.997,,144,84.72222222222223,84.02777777777777,-0.6944444444444444,16.20576893470765,47.916666666666664,98.55072463768116,1.4492753623188406,0,1,0.0,9.604166666666666,1078258,903518,amc23,
train,per_benchmark,deer_confidence,0.997,,1800,70.22222222222223,75.38888888888889,5.166666666666667,34.56831682466889,67.05555555555556,77.46478873239437,22.535211267605632,152,59,2.5762711864406778,5.527222222222222,8469290,5541599,math500,
train,per_seed,deer_confidence,0.997,,684,70.32163742690058,75.0,4.678362573099415,27.014653923938162,62.280701754385966,78.40375586854461,21.5962441314554,52,20,2.6,6.3274853801169595,3741114,2730465,,42
train,per_seed,deer_confidence,0.997,,684,69.5906432748538,74.70760233918129,5.116959064327485,29.1343057447799,64.03508771929825,78.99543378995433,21.004566210045663,53,18,2.9444444444444446,6.18859649122807,3746288,2654833,,43
train,per_seed,deer_confidence,0.997,,684,71.19883040935673,75.14619883040936,3.9473684210526314,29.137558390103262,63.59649122807018,78.85057471264368,21.149425287356323,49,22,2.227272727272727,6.314327485380117,3721307,2637009,,44
train,per_environment,deer_confidence,0.997,deepseek,18,33.333333333333336,33.333333333333336,0.0,0.6383233416696054,5.555555555555555,100.0,0.0,0,0,inf,6.166666666666667,309091,307118,aime24,42
train,per_environment,deer_confidence,0.997,deepseek,18,44.44444444444444,44.44444444444444,0.0,0.6772017974179948,5.555555555555555,100.0,0.0,0,0,inf,5.5,252362,250653,aime24,43
train,per_environment,deer_confidence,0.997,deepseek,18,50.0,50.0,0.0,0.5726288031521414,5.555555555555555,100.0,0.0,0,0,inf,4.222222222222222,260902,259408,aime24,44
train,per_environment,deer_confidence,0.997,deepseek,24,91.66666666666667,91.66666666666667,0.0,7.279040817663631,33.333333333333336,100.0,0.0,0,0,inf,2.9583333333333335,152630,141520,amc23,42
train,per_environment,deer_confidence,0.997,deepseek,24,70.83333333333333,70.83333333333333,0.0,4.134759323609362,25.0,100.0,0.0,0,0,inf,3.125,185041,177390,amc23,43
train,per_environment,deer_confidence,0.997,deepseek,24,87.5,87.5,0.0,2.411825893693589,20.833333333333332,100.0,0.0,0,0,inf,4.041666666666667,154779,151046,amc23,44
train,per_environment,deer_confidence,0.997,deepseek,300,70.66666666666667,74.33333333333333,3.6666666666666665,18.8576912052442,48.666666666666664,78.76712328767124,21.232876712328768,19,8,2.375,2.433333333333333,1203615,976641,math500,42
train,per_environment,deer_confidence,0.997,deepseek,300,72.0,75.0,3.0,25.734547242587322,52.333333333333336,79.61783439490446,20.38216560509554,17,8,2.125,2.38,1175486,872980,math500,43
train,per_environment,deer_confidence,0.997,deepseek,300,73.33333333333333,75.33333333333333,2.0,23.097771964999403,51.666666666666664,82.58064516129032,17.419354838709676,16,10,1.6,2.6333333333333333,1205008,926678,math500,44
train,per_environment,deer_confidence,0.997,qwen3,18,72.22222222222223,77.77777777777777,5.555555555555555,11.566919477285948,38.888888888888886,85.71428571428571,14.285714285714286,1,0,inf,23.666666666666668,269899,238680,aime24,42
train,per_environment,deer_confidence,0.997,qwen3,18,55.55555555555556,55.55555555555556,0.0,7.224216359275494,38.888888888888886,100.0,0.0,0,0,inf,24.11111111111111,302275,280438,aime24,43
train,per_environment,deer_confidence,0.997,qwen3,18,66.66666666666667,72.22222222222223,5.555555555555555,9.65337993939212,33.333333333333336,66.66666666666667,33.333333333333336,1,0,inf,22.333333333333332,266632,240893,aime24,44
train,per_environment,deer_confidence,0.997,qwen3,24,87.5,83.33333333333333,-4.166666666666667,24.70980489009632,70.83333333333333,100.0,0.0,0,1,0.0,16.75,194352,146328,amc23,42
train,per_environment,deer_confidence,0.997,qwen3,24,91.66666666666667,91.66666666666667,0.0,21.059517381733606,62.5,100.0,0.0,0,0,inf,15.791666666666666,192616,152052,amc23,43
train,per_environment,deer_confidence,0.997,qwen3,24,79.16666666666667,79.16666666666667,0.0,32.01468517400925,75.0,94.44444444444444,5.555555555555555,0,0,inf,14.958333333333334,198840,135182,amc23,44
train,per_environment,deer_confidence,0.997,qwen3,300,69.0,76.0,7.0,42.90024306139456,82.33333333333333,75.7085020242915,24.291497975708502,32,11,2.909090909090909,8.626666666666667,1611527,920178,math500,42
train,per_environment,deer_confidence,0.997,qwen3,300,67.66666666666667,76.33333333333333,8.666666666666666,43.77079635863847,84.0,76.19047619047619,23.80952380952381,36,10,3.6,8.44,1638508,921320,math500,43
train,per_environment,deer_confidence,0.997,qwen3,300,68.66666666666667,75.33333333333333,6.666666666666667,43.5033935807567,83.33333333333333,75.2,24.8,32,12,2.6666666666666665,8.65,1635146,923802,math500,44
dev,per_model,deer_confidence,0.997,deepseek,342,69.88304093567251,76.90058479532163,7.017543859649122,19.329947822095708,48.24561403508772,74.54545454545455,25.454545454545453,26,2,13.0,2.7953216374269005,1533791,1237310,,
dev,per_model,deer_confidence,0.997,qwen3,342,64.32748538011695,77.48538011695906,13.157894736842104,38.78174158389054,78.94736842105263,70.37037037037037,29.62962962962963,50,5,10.0,10.178362573099415,2043967,1251281,,
dev,per_benchmark,deer_confidence,0.997,,36,72.22222222222223,72.22222222222223,0.0,8.51981896130863,38.888888888888886,100.0,0.0,0,0,inf,13.222222222222221,469071,429107,aime24,
dev,per_benchmark,deer_confidence,0.997,,48,85.41666666666667,85.41666666666667,0.0,19.52654409227584,43.75,100.0,0.0,0,0,inf,12.375,405740,326513,amc23,
dev,per_benchmark,deer_confidence,0.997,,600,65.33333333333333,76.83333333333333,11.5,35.8858682763665,66.66666666666667,69.5,30.5,76,7,10.857142857142858,5.611666666666666,2702947,1732971,math500,
dev,per_seed,deer_confidence,0.997,,228,66.66666666666667,76.75438596491227,10.087719298245615,31.20541030445155,62.280701754385966,70.4225352112676,29.577464788732396,26,3,8.666666666666666,6.140350877192983,1230245,846342,,42
dev,per_seed,deer_confidence,0.997,,228,67.10526315789474,77.63157894736842,10.526315789473685,29.374137725615874,63.1578947368421,70.83333333333333,29.166666666666668,26,2,13.0,6.7894736842105265,1158274,818041,,43
dev,per_seed,deer_confidence,0.997,,228,67.54385964912281,77.19298245614036,9.649122807017545,30.694502955251217,65.35087719298245,74.49664429530202,25.503355704697988,24,2,12.0,6.530701754385965,1189239,824208,,44
dev,per_environment,deer_confidence,0.997,deepseek,6,50.0,50.0,0.0,1.2255121209410502,16.666666666666668,100.0,0.0,0,0,inf,5.333333333333333,89432,88336,aime24,42
dev,per_environment,deer_confidence,0.997,deepseek,6,66.66666666666667,66.66666666666667,0.0,-0.152374154048897,0.0,nan,nan,0,0,inf,4.0,72847,72958,aime24,43
dev,per_environment,deer_confidence,0.997,deepseek,6,66.66666666666667,66.66666666666667,0.0,4.9718025889022,16.666666666666668,100.0,0.0,0,0,inf,5.333333333333333,68446,65043,aime24,44
dev,per_environment,deer_confidence,0.997,deepseek,8,87.5,87.5,0.0,11.842963719399767,12.5,100.0,0.0,0,0,inf,3.5,70506,62156,amc23,42
dev,per_environment,deer_confidence,0.997,deepseek,8,87.5,87.5,0.0,2.756944975893472,12.5,100.0,0.0,0,0,inf,5.625,52268,50827,amc23,43
dev,per_environment,deer_confidence,0.997,deepseek,8,87.5,87.5,0.0,11.18977963196981,37.5,100.0,0.0,0,0,inf,5.5,57767,51303,amc23,44
dev,per_environment,deer_confidence,0.997,deepseek,100,70.0,78.0,8.0,22.798665768591892,48.0,75.0,25.0,8,0,inf,2.27,372649,287690,math500,42
dev,per_environment,deer_confidence,0.997,deepseek,100,67.0,77.0,10.0,25.18211695909671,55.0,67.27272727272727,32.72727272727273,11,1,11.0,2.76,361169,270219,math500,43
dev,per_environment,deer_confidence,0.997,deepseek,100,70.0,76.0,6.0,25.708052594885093,55.0,78.18181818181819,21.818181818181817,7,1,7.0,2.48,388707,288778,math500,44
dev,per_environment,deer_confidence,0.997,qwen3,6,83.33333333333333,83.33333333333333,0.0,16.47646129541864,66.66666666666667,100.0,0.0,0,0,inf,20.333333333333332,79125,66088,aime24,42
dev,per_environment,deer_confidence,0.997,qwen3,6,83.33333333333333,83.33333333333333,0.0,16.129032258064516,66.66666666666667,100.0,0.0,0,0,inf,19.833333333333332,68510,57460,aime24,43
dev,per_environment,deer_confidence,0.997,qwen3,6,83.33333333333333,83.33333333333333,0.0,12.665498120404362,66.66666666666667,100.0,0.0,0,0,inf,24.5,90711,79222,aime24,44
dev,per_environment,deer_confidence,0.997,qwen3,8,75.0,75.0,0.0,16.231221840738236,50.0,100.0,0.0,0,0,inf,20.0,78349,65632,amc23,42
dev,per_environment,deer_confidence,0.997,qwen3,8,87.5,87.5,0.0,35.866903924113295,75.0,100.0,0.0,0,0,inf,20.875,74743,47935,amc23,43
dev,per_environment,deer_confidence,0.997,qwen3,8,87.5,87.5,0.0,32.516953971181714,75.0,100.0,0.0,0,0,inf,18.75,72107,48660,amc23,44
dev,per_environment,deer_confidence,0.997,qwen3,100,61.0,76.0,15.0,48.82484486767472,84.0,64.28571428571429,35.714285714285715,18,3,6.0,8.31,540184,276440,math500,42
dev,per_environment,deer_confidence,0.997,qwen3,100,63.0,77.0,14.0,39.735255902272776,78.0,69.23076923076923,30.76923076923077,15,1,15.0,9.17,528737,318642,math500,43
dev,per_environment,deer_confidence,0.997,qwen3,100,61.0,77.0,16.0,43.06912400953273,80.0,67.5,32.5,17,1,17.0,8.68,511501,291202,math500,44
test,per_model,deer_confidence,0.997,deepseek,342,76.60818713450293,79.82456140350877,3.216374269005848,19.087263551983746,49.707602339181285,76.47058823529412,23.529411764705884,16,5,3.2,2.7514619883040936,1464804,1185213,,
test,per_model,deer_confidence,0.997,qwen3,342,76.90058479532163,81.57894736842105,4.678362573099415,42.80474973382595,82.45614035087719,79.43262411347517,20.56737588652482,27,11,2.4545454545454546,9.248538011695906,1917918,1096958,,
test,per_benchmark,deer_confidence,0.997,,36,77.77777777777777,77.77777777777777,0.0,5.400951584588828,16.666666666666668,100.0,0.0,0,0,inf,17.02777777777778,409002,386912,aime24,
test,per_benchmark,deer_confidence,0.997,,48,85.41666666666667,85.41666666666667,0.0,29.366439568844633,58.333333333333336,100.0,0.0,0,0,inf,6.708333333333333,282404,199472,amc23,
test,per_benchmark,deer_confidence,0.997,,600,76.0,80.5,4.5,36.990416584303,69.66666666666667,76.55502392344498,23.444976076555022,43,16,2.6875,5.281666666666666,2691316,1695787,math500,
test,per_seed,deer_confidence,0.997,,228,77.19298245614036,81.57894736842105,4.385964912280702,32.216844519259546,65.78947368421052,79.33333333333333,20.666666666666668,14,4,3.5,6.228070175438597,1132867,767893,,45
test,per_seed,deer_confidence,0.997,,228,78.0701754385965,81.57894736842105,3.508771929824561,34.092617259199244,66.66666666666667,76.97368421052632,23.026315789473685,14,6,2.3333333333333335,5.951754385964913,1092345,719936,,46
test,per_seed,deer_confidence,0.997,,228,75.0,78.94736842105263,3.9473684210526314,31.374934125839086,65.78947368421052,78.66666666666667,21.333333333333332,15,6,2.5,5.8201754385964914,1157510,794342,,47
test,per_environment,deer_confidence,0.997,deepseek,6,83.33333333333333,83.33333333333333,0.0,-0.19149379032817596,0.0,nan,nan,0,0,inf,4.666666666666667,72065,72203,aime24,45
test,per_environment,deer_confidence,0.997,deepseek,6,83.33333333333333,83.33333333333333,0.0,-0.491786552392613,0.0,nan,nan,0,0,inf,8.166666666666666,49005,49246,aime24,46
test,per_environment,deer_confidence,0.997,deepseek,6,50.0,50.0,0.0,-0.2066343833304415,0.0,nan,nan,0,0,inf,4.5,63397,63528,aime24,47
test,per_environment,deer_confidence,0.997,deepseek,8,87.5,87.5,0.0,21.226969325766856,50.0,100.0,0.0,0,0,inf,2.5,40001,31510,amc23,45
test,per_environment,deer_confidence,0.997,deepseek,8,87.5,87.5,0.0,9.103493405818988,25.0,100.0,0.0,0,0,inf,3.5,39732,36115,amc23,46
test,per_environment,deer_confidence,0.997,deepseek,8,75.0,75.0,0.0,19.78157794206872,37.5,100.0,0.0,0,0,inf,2.0,44501,35698,amc23,47
test,per_environment,deer_confidence,0.997,deepseek,100,76.0,81.0,5.0,27.322569716530506,54.0,75.92592592592592,24.074074074074073,6,1,6.0,2.59,386673,281024,math500,45
test,per_environment,deer_confidence,0.997,deepseek,100,77.0,80.0,3.0,23.450709202507355,56.0,73.21428571428571,26.785714285714285,5,2,2.5,2.26,367878,281608,math500,46
test,per_environment,deer_confidence,0.997,deepseek,100,76.0,79.0,3.0,16.752749332589552,51.0,76.47058823529412,23.529411764705884,5,2,2.5,2.88,401552,334281,math500,47
test,per_environment,deer_confidence,0.997,qwen3,6,83.33333333333333,83.33333333333333,0.0,11.651134442216193,33.333333333333336,100.0,0.0,0,0,inf,28.5,76293,67404,aime24,45
test,per_environment,deer_confidence,0.997,qwen3,6,83.33333333333333,83.33333333333333,0.0,16.869025049413093,50.0,100.0,0.0,0,0,inf,28.166666666666668,74373,61827,aime24,46
test,per_environment,deer_confidence,0.997,qwen3,6,83.33333333333333,83.33333333333333,0.0,1.5771162463279589,16.666666666666668,100.0,0.0,0,0,inf,28.166666666666668,73869,72704,aime24,47
test,per_environment,deer_confidence,0.997,qwen3,8,87.5,87.5,0.0,41.47038381342188,87.5,100.0,0.0,0,0,inf,10.75,51796,30316,amc23,45
test,per_environment,deer_confidence,0.997,qwen3,8,87.5,87.5,0.0,29.105426530535922,62.5,100.0,0.0,0,0,inf,12.125,53478,37913,amc23,46
test,per_environment,deer_confidence,0.997,qwen3,8,87.5,87.5,0.0,47.21718088324259,87.5,100.0,0.0,0,0,inf,9.375,52896,27920,amc23,47
test,per_environment,deer_confidence,0.997,qwen3,100,76.0,81.0,5.0,43.59407081272392,83.0,78.3132530120482,21.686746987951807,8,3,2.6666666666666665,8.56,506039,285436,math500,45
test,per_environment,deer_confidence,0.997,qwen3,100,77.0,82.0,5.0,50.14028932088155,86.0,76.74418604651163,23.25581395348837,9,4,2.25,7.88,507879,253227,math500,46
test,per_environment,deer_confidence,0.997,qwen3,100,74.0,80.0,6.0,50.08373377837884,88.0,77.27272727272727,22.727272727272727,10,4,2.5,7.52,521295,260211,math500,47
train,per_model,deer_confidence,0.998,deepseek,1026,71.34502923976608,73.78167641325535,2.4366471734892787,15.912240957893934,45.32163742690059,81.72043010752688,18.27956989247312,49,24,2.0416666666666665,2.720272904483431,4898914,4119387,,
train,per_model,deer_confidence,0.998,qwen3,1026,69.88304093567251,76.12085769980507,6.237816764132553,35.447760188722455,78.46003898635477,77.88819875776397,22.111801242236027,98,34,2.8823529411764706,10.074074074074074,6309795,4073114,,
train,per_benchmark,deer_confidence,0.998,,108,55.55555555555556,55.55555555555556,0.0,3.6590673631273547,18.51851851851852,95.0,5.0,0,0,inf,14.731481481481481,1661161,1600378,aime24,
train,per_benchmark,deer_confidence,0.998,,144,84.72222222222223,84.02777777777777,-0.6944444444444444,14.94456799764064,47.22222222222222,100.0,0.0,0,1,0.0,9.666666666666666,1078258,917117,amc23,
train,per_benchmark,deer_confidence,0.998,,1800,70.38888888888889,75.38888888888889,5.0,32.99313165566417,65.66666666666667,77.834179357022,22.165820642978005,147,57,2.5789473684210527,5.635555555555555,8469290,5675006,math500,
train,per_seed,deer_confidence,0.998,,684,70.6140350877193,75.0,4.385964912280702,25.794028195879623,61.25730994152047,78.75894988066825,21.241050119331742,50,20,2.5,6.437134502923977,3741114,2776130,,42
train,per_seed,deer_confidence,0.998,,684,69.73684210526316,74.70760233918129,4.970760233918129,28.20031455136391,63.01169590643275,79.35034802784223,20.649651972157773,51,17,3.0,6.280701754385965,3746288,2689823,,43
train,per_seed,deer_confidence,0.998,,684,71.49122807017544,75.14619883040936,3.654970760233918,26.731441399486794,61.40350877192982,79.76190476190476,20.238095238095237,46,21,2.1904761904761907,6.473684210526316,3721307,2726548,,44
train,per_environment,deer_confidence,0.998,deepseek,18,33.333333333333336,33.333333333333336,0.0,0.6383233416696054,5.555555555555555,100.0,0.0,0,0,inf,6.166666666666667,309091,307118,aime24,42
train,per_environment,deer_confidence,0.998,deepseek,18,44.44444444444444,44.44444444444444,0.0,0.6772017974179948,5.555555555555555,100.0,0.0,0,0,inf,5.5,252362,250653,aime24,43
train,per_environment,deer_confidence,0.998,deepseek,18,50.0,50.0,0.0,-0.15024798583376134,0.0,nan,nan,0,0,inf,4.222222222222222,260902,261294,aime24,44
train,per_environment,deer_confidence,0.998,deepseek,24,91.66666666666667,91.66666666666667,0.0,7.279040817663631,33.333333333333336,100.0,0.0,0,0,inf,2.9583333333333335,152630,141520,amc23,42
train,per_environment,deer_confidence,0.998,deepseek,24,70.83333333333333,70.83333333333333,0.0,4.134759323609362,25.0,100.0,0.0,0,0,inf,3.125,185041,177390,amc23,43
train,per_environment,deer_confidence,0.998,deepseek,24,87.5,87.5,0.0,2.411825893693589,20.833333333333332,100.0,0.0,0,0,inf,4.041666666666667,154779,151046,amc23,44
train,per_environment,deer_confidence,0.998,deepseek,300,71.0,74.33333333333333,3.3333333333333335,18.378551280932857,47.666666666666664,79.72027972027972,20.27972027972028,18,8,2.25,2.46,1203615,982408,math500,42
train,per_environment,deer_confidence,0.998,deepseek,300,72.0,75.0,3.0,24.014152444180535,50.333333333333336,80.13245033112582,19.867549668874172,16,7,2.2857142857142856,2.4133333333333336,1175486,893203,math500,43
train,per_environment,deer_confidence,0.998,deepseek,300,73.33333333333333,75.33333333333333,2.0,20.767745940275915,50.0,82.66666666666667,17.333333333333332,15,9,1.6666666666666667,2.6666666666666665,1205008,954755,math500,44
train,per_environment,deer_confidence,0.998,qwen3,18,77.77777777777777,77.77777777777777,0.0,7.124146439964579,33.333333333333336,100.0,0.0,0,0,inf,24.666666666666668,269899,250671,aime24,42
train,per_environment,deer_confidence,0.998,qwen3,18,55.55555555555556,55.55555555555556,0.0,7.224216359275494,38.888888888888886,100.0,0.0,0,0,inf,24.11111111111111,302275,280438,aime24,43
train,per_environment,deer_confidence,0.998,qwen3,18,72.22222222222223,72.22222222222223,0.0,6.161300969125986,27.77777777777778,80.0,20.0,0,0,inf,23.72222222222222,266632,250204,aime24,44
train,per_environment,deer_confidence,0.998,qwen3,24,87.5,83.33333333333333,-4.166666666666667,24.70980489009632,70.83333333333333,100.0,0.0,0,1,0.0,16.75,194352,146328,amc23,42
train,per_environment,deer_confidence,0.998,qwen3,24,91.66666666666667,91.66666666666667,0.0,20.05596627486813,62.5,100.0,0.0,0,0,inf,15.958333333333334,192616,153985,amc23,43
train,per_environment,deer_confidence,0.998,qwen3,24,79.16666666666667,79.16666666666667,0.0,26.147656407161538,70.83333333333333,100.0,0.0,0,0,inf,15.166666666666666,198840,146848,amc23,44
train,per_environment,deer_confidence,0.998,qwen3,300,69.0,76.0,7.0,41.168531461154544,81.33333333333333,75.40983606557377,24.59016393442623,32,11,2.909090909090909,8.79,1611527,948085,math500,42
train,per_environment,deer_confidence,0.998,qwen3,300,68.0,76.33333333333333,8.333333333333334,42.98752279512825,83.66666666666667,76.49402390438247,23.50597609561753,35,10,3.5,8.603333333333333,1638508,934154,math500,43
train,per_environment,deer_confidence,0.998,qwen3,300,69.0,75.33333333333333,6.333333333333333,41.142809265961574,81.0,76.13168724279835,23.868312757201647,31,12,2.5833333333333335,8.88,1635146,962401,math500,44
dev,per_model,deer_confidence,0.998,deepseek,342,69.88304093567251,76.90058479532163,7.017543859649122,18.290301612149243,46.198830409356724,74.0506329113924,25.949367088607595,26,2,13.0,2.8216374269005846,1533791,1253256,,
dev,per_model,deer_confidence,0.998,qwen3,342,64.03508771929825,77.48538011695906,13.450292397660819,37.13396547008831,78.3625730994152,70.5223880597015,29.47761194029851,50,4,12.5,10.461988304093568,2043967,1284961,,
dev,per_benchmark,deer_confidence,0.998,,36,72.22222222222223,72.22222222222223,0.0,8.245660038672185,38.888888888888886,100.0,0.0,0,0,inf,13.5,469071,430393,aime24,
dev,per_benchmark,deer_confidence,0.998,,48,85.41666666666667,85.41666666666667,0.0,19.1795238329965,43.75,100.0,0.0,0,0,inf,12.5,405740,327921,amc23,
dev,per_benchmark,deer_confidence,0.998,,600,65.16666666666667,76.83333333333333,11.666666666666666,34.14954122296886,65.16666666666667,69.30946291560102,30.690537084398976,76,6,12.666666666666666,5.761666666666667,2702947,1779903,math500,
dev,per_seed,deer_confidence,0.998,,228,66.2280701754386,76.75438596491227,10.526315789473685,29.37479932858902,61.40350877192982,70.71428571428571,29.285714285714285,26,2,13.0,6.328947368421052,1230245,868863,,42
dev,per_seed,deer_confidence,0.998,,228,67.10526315789474,77.63157894736842,10.526315789473685,28.01642789184597,61.40350877192982,70.71428571428571,29.285714285714285,26,2,13.0,6.982456140350878,1158274,833767,,43
dev,per_seed,deer_confidence,0.998,,228,67.54385964912281,77.19298245614036,9.649122807017545,29.737672578850844,64.03508771929825,73.97260273972603,26.027397260273972,24,2,12.0,6.614035087719298,1189239,835587,,44
dev,per_environment,deer_confidence,0.998,deepseek,6,50.0,50.0,0.0,1.2255121209410502,16.666666666666668,100.0,0.0,0,0,inf,5.333333333333333,89432,88336,aime24,42
dev,per_environment,deer_confidence,0.998,deepseek,6,66.66666666666667,66.66666666666667,0.0,-0.152374154048897,0.0,nan,nan,0,0,inf,4.0,72847,72958,aime24,43
dev,per_environment,deer_confidence,0.998,deepseek,6,66.66666666666667,66.66666666666667,0.0,4.9718025889022,16.666666666666668,100.0,0.0,0,0,inf,5.333333333333333,68446,65043,aime24,44
dev,per_environment,deer_confidence,0.998,deepseek,8,87.5,87.5,0.0,11.160752276402008,12.5,100.0,0.0,0,0,inf,3.625,70506,62637,amc23,42
dev,per_environment,deer_confidence,0.998,deepseek,8,87.5,87.5,0.0,2.756944975893472,12.5,100.0,0.0,0,0,inf,5.625,52268,50827,amc23,43
dev,per_environment,deer_confidence,0.998,deepseek,8,87.5,87.5,0.0,11.18977963196981,37.5,100.0,0.0,0,0,inf,5.5,57767,51303,amc23,44
dev,per_environment,deer_confidence,0.998,deepseek,100,70.0,78.0,8.0,22.798665768591892,48.0,75.0,25.0,8,0,inf,2.27,372649,287690,math500,42
dev,per_environment,deer_confidence,0.998,deepseek,100,67.0,77.0,10.0,22.61102143317948,51.0,66.66666666666667,33.333333333333336,11,1,11.0,2.81,361169,279505,math500,43
dev,per_environment,deer_confidence,0.998,deepseek,100,70.0,76.0,6.0,24.118423388310475,52.0,76.92307692307692,23.076923076923077,7,1,7.0,2.51,388707,294957,math500,44
dev,per_environment,deer_confidence,0.998,qwen3,6,83.33333333333333,83.33333333333333,0.0,16.47646129541864,66.66666666666667,100.0,0.0,0,0,inf,20.333333333333332,79125,66088,aime24,42
dev,per_environment,deer_confidence,0.998,qwen3,6,83.33333333333333,83.33333333333333,0.0,14.251934024230039,66.66666666666667,100.0,0.0,0,0,inf,21.5,68510,58746,aime24,43
dev,per_environment,deer_confidence,0.998,qwen3,6,83.33333333333333,83.33333333333333,0.0,12.665498120404362,66.66666666666667,100.0,0.0,0,0,inf,24.5,90711,79222,aime24,44
dev,per_environment,deer_confidence,0.998,qwen3,8,75.0,75.0,0.0,16.231221840738236,50.0,100.0,0.0,0,0,inf,20.0,78349,65632,amc23,42
dev,per_environment,deer_confidence,0.998,qwen3,8,87.5,87.5,0.0,35.866903924113295,75.0,100.0,0.0,0,0,inf,20.875,74743,47935,amc23,43
dev,per_environment,deer_confidence,0.998,qwen3,8,87.5,87.5,0.0,31.231364499979197,75.0,100.0,0.0,0,0,inf,19.375,72107,49587,amc23,44
dev,per_environment,deer_confidence,0.998,qwen3,100,60.0,76.0,16.0,44.744753639500615,82.0,64.63414634146342,35.36585365853659,18,2,9.0,8.73,540184,298480,math500,42
dev,per_environment,deer_confidence,0.998,qwen3,100,63.0,77.0,14.0,38.76048016310566,78.0,69.23076923076923,30.76923076923077,15,1,15.0,9.46,528737,323796,math500,43
dev,per_environment,deer_confidence,0.998,qwen3,100,61.0,77.0,16.0,42.23373952348089,80.0,67.5,32.5,17,1,17.0,8.79,511501,295475,math500,44
test,per_model,deer_confidence,0.998,deepseek,342,76.3157894736842,79.82456140350877,3.508771929824561,18.522682898189792,48.83040935672515,76.64670658682634,23.353293413173652,16,4,4.0,2.7865497076023393,1464804,1193483,,
test,per_model,deer_confidence,0.998,qwen3,342,76.90058479532163,81.57894736842105,4.678362573099415,41.77144174047066,81.87134502923976,79.28571428571429,20.714285714285715,27,11,2.4545454545454546,9.409356725146198,1917918,1116776,,
test,per_benchmark,deer_confidence,0.998,,36,77.77777777777777,77.77777777777777,0.0,2.626393024972983,11.11111111111111,100.0,0.0,0,0,inf,17.305555555555557,409002,398260,aime24,
test,per_benchmark,deer_confidence,0.998,,48,85.41666666666667,85.41666666666667,0.0,29.320052123907594,58.333333333333336,100.0,0.0,0,0,inf,6.729166666666667,282404,199603,amc23,
test,per_benchmark,deer_confidence,0.998,,600,75.83333333333333,80.5,4.666666666666667,36.37328355347347,69.16666666666667,76.62650602409639,23.373493975903614,43,15,2.8666666666666667,5.375,2691316,1712396,math500,
test,per_seed,deer_confidence,0.998,,228,77.19298245614036,81.57894736842105,4.385964912280702,31.805587063618237,65.78947368421052,79.33333333333333,20.666666666666668,14,4,3.5,6.328947368421052,1132867,772552,,45
test,per_seed,deer_confidence,0.998,,228,78.0701754385965,81.57894736842105,3.508771929824561,32.29684760766974,64.91228070175438,77.02702702702703,22.972972972972972,14,6,2.3333333333333335,6.083333333333333,1092345,739552,,46
test,per_seed,deer_confidence,0.998,,228,74.56140350877193,78.94736842105263,4.385964912280702,31.04552012509611,65.35087719298245,78.52348993288591,21.476510067114095,15,5,3.0,5.881578947368421,1157510,798155,,47
test,per_environment,deer_confidence,0.998,deepseek,6,83.33333333333333,83.33333333333333,0.0,-0.19149379032817596,0.0,nan,nan,0,0,inf,4.666666666666667,72065,72203,aime24,45
test,per_environment,deer_confidence,0.998,deepseek,6,83.33333333333333,83.33333333333333,0.0,-0.491786552392613,0.0,nan,nan,0,0,inf,8.166666666666666,49005,49246,aime24,46
test,per_environment,deer_confidence,0.998,deepseek,6,50.0,50.0,0.0,-0.2066343833304415,0.0,nan,nan,0,0,inf,4.5,63397,63528,aime24,47
test,per_environment,deer_confidence,0.998,deepseek,8,87.5,87.5,0.0,21.226969325766856,50.0,100.0,0.0,0,0,inf,2.5,40001,31510,amc23,45
test,per_environment,deer_confidence,0.998,deepseek,8,87.5,87.5,0.0,9.103493405818988,25.0,100.0,0.0,0,0,inf,3.5,39732,36115,amc23,46
test,per_environment,deer_confidence,0.998,deepseek,8,75.0,75.0,0.0,19.78157794206872,37.5,100.0,0.0,0,0,inf,2.0,44501,35698,amc23,47
test,per_environment,deer_confidence,0.998,deepseek,100,76.0,81.0,5.0,27.142831281211773,54.0,75.92592592592592,24.074074074074073,6,1,6.0,2.61,386673,281719,math500,45
test,per_environment,deer_confidence,0.998,deepseek,100,77.0,80.0,3.0,21.786842377092405,54.0,74.07407407407408,25.925925925925927,5,2,2.5,2.36,367878,287729,math500,46
test,per_environment,deer_confidence,0.998,deepseek,100,75.0,79.0,4.0,16.390654261465514,50.0,76.0,24.0,5,1,5.0,2.88,401552,335735,math500,47
test,per_environment,deer_confidence,0.998,qwen3,6,83.33333333333333,83.33333333333333,0.0,11.651134442216193,33.333333333333336,100.0,0.0,0,0,inf,28.5,76293,67404,aime24,45
test,per_environment,deer_confidence,0.998,qwen3,6,83.33333333333333,83.33333333333333,0.0,1.610799618140992,16.666666666666668,100.0,0.0,0,0,inf,29.833333333333332,74373,73175,aime24,46
test,per_environment,deer_confidence,0.998,qwen3,6,83.33333333333333,83.33333333333333,0.0,1.5771162463279589,16.666666666666668,100.0,0.0,0,0,inf,28.166666666666668,73869,72704,aime24,47
test,per_environment,deer_confidence,0.998,qwen3,8,87.5,87.5,0.0,41.47038381342188,87.5,100.0,0.0,0,0,inf,10.75,51796,30316,amc23,45
test,per_environment,deer_confidence,0.998,qwen3,8,87.5,87.5,0.0,29.105426530535922,62.5,100.0,0.0,0,0,inf,12.125,53478,37913,amc23,46
test,per_environment,deer_confidence,0.998,qwen3,8,87.5,87.5,0.0,46.969525105868115,87.5,100.0,0.0,0,0,inf,9.5,52896,28051,amc23,47
test,per_environment,deer_confidence,0.998,qwen3,100,76.0,81.0,5.0,42.810731979155754,83.0,78.3132530120482,21.686746987951807,8,3,2.6666666666666665,8.77,506039,289400,math500,45
test,per_environment,deer_confidence,0.998,qwen3,100,77.0,82.0,5.0,49.717550833958484,86.0,76.74418604651163,23.25581395348837,9,4,2.25,7.98,507879,255374,math500,46
test,per_environment,deer_confidence,0.998,qwen3,100,74.0,80.0,6.0,49.65633662321718,88.0,77.27272727272727,22.727272727272727,10,4,2.5,7.65,521295,262439,math500,47
train,per_model,deer_confidence,0.999,deepseek,1026,71.6374269005848,73.78167641325535,2.1442495126705654,14.26199765907301,42.787524366471736,83.37129840546697,16.62870159453303,42,20,2.1,2.776803118908382,4898914,4200231,,
train,per_model,deer_confidence,0.999,qwen3,1026,69.68810916179338,76.12085769980507,6.432748538011696,34.05267524539228,77.58284600389864,77.76381909547739,22.236180904522612,98,32,3.0625,10.323586744639377,6309795,4161141,,
train,per_benchmark,deer_confidence,0.999,,108,55.55555555555556,55.55555555555556,0.0,3.548181061317958,18.51851851851852,95.0,5.0,0,0,inf,14.824074074074074,1661161,1602220,aime24,
train,per_benchmark,deer_confidence,0.999,,144,84.72222222222223,84.02777777777777,-0.6944444444444444,14.036065579851947,46.52777777777778,100.0,0.0,0,1,0.0,9.79861111111111,1078258,926913,amc23,
train,per_benchmark,deer_confidence,0.999,,1800,70.44444444444444,75.38888888888889,4.944444444444445,31.136624203445624,63.77777777777778,78.31010452961672,21.689895470383274,140,51,2.7450980392156863,5.793888888888889,8469290,5832239,math500,
train,per_seed,deer_confidence,0.999,,684,70.6140350877193,75.0,4.385964912280702,24.002182237697113,59.21052631578947,79.25925925925925,20.74074074074074,47,17,2.764705882352941,6.6535087719298245,3741114,2843165,,42
train,per_seed,deer_confidence,0.999,,684,69.88304093567251,74.70760233918129,4.824561403508772,26.77068607645755,61.69590643274854,79.62085308056872,20.379146919431278,49,16,3.0625,6.423976608187134,3746288,2743381,,43
train,per_seed,deer_confidence,0.999,,684,71.49122807017544,75.14619883040936,3.654970760233918,25.43410151325865,59.64912280701754,80.3921568627451,19.607843137254903,44,19,2.3157894736842106,6.573099415204679,3721307,2774826,,44
train,per_environment,deer_confidence,0.999,deepseek,18,33.333333333333336,33.333333333333336,0.0,0.6383233416696054,5.555555555555555,100.0,0.0,0,0,inf,6.166666666666667,309091,307118,aime24,42
train,per_environment,deer_confidence,0.999,deepseek,18,44.44444444444444,44.44444444444444,0.0,0.6772017974179948,5.555555555555555,100.0,0.0,0,0,inf,5.5,252362,250653,aime24,43
train,per_environment,deer_confidence,0.999,deepseek,18,50.0,50.0,0.0,-0.15024798583376134,0.0,nan,nan,0,0,inf,4.222222222222222,260902,261294,aime24,44
train,per_environment,deer_confidence,0.999,deepseek,24,91.66666666666667,91.66666666666667,0.0,7.279040817663631,33.333333333333336,100.0,0.0,0,0,inf,2.9583333333333335,152630,141520,amc23,42
train,per_environment,deer_confidence,0.999,deepseek,24,70.83333333333333,70.83333333333333,0.0,4.134759323609362,25.0,100.0,0.0,0,0,inf,3.125,185041,177390,amc23,43
train,per_environment,deer_confidence,0.999,deepseek,24,87.5,87.5,0.0,2.411825893693589,20.833333333333332,100.0,0.0,0,0,inf,4.041666666666667,154779,151046,amc23,44
train,per_environment,deer_confidence,0.999,deepseek,300,71.33333333333333,74.33333333333333,3.0,15.758942851327044,44.333333333333336,81.203007518797,18.796992481203006,15,6,2.5,2.54,1203615,1013938,math500,42
train,per_environment,deer_confidence,0.999,deepseek,300,72.33333333333333,75.0,2.6666666666666665,21.666953073026818,48.333333333333336,81.37931034482759,18.620689655172413,14,6,2.3333333333333335,2.49,1175486,920794,math500,43
train,per_environment,deer_confidence,0.999,deepseek,300,73.66666666666667,75.33333333333333,1.6666666666666667,18.965019319373813,46.666666666666664,85.0,15.0,13,8,1.625,2.703333333333333,1205008,976478,math500,44
train,per_environment,deer_confidence,0.999,qwen3,18,77.77777777777777,77.77777777777777,0.0,7.124146439964579,33.333333333333336,100.0,0.0,0,0,inf,24.666666666666668,269899,250671,aime24,42
train,per_environment,deer_confidence,0.999,qwen3,18,55.55555555555556,55.55555555555556,0.0,6.614837482424944,38.888888888888886,100.0,0.0,0,0,inf,24.666666666666668,302275,282280,aime24,43
train,per_environment,deer_confidence,0.999,qwen3,18,72.22222222222223,72.22222222222223,0.0,6.161300969125986,27.77777777777778,80.0,20.0,0,0,inf,23.72222222222222,266632,250204,aime24,44
train,per_environment,deer_confidence,0.999,qwen3,24,87.5,83.33333333333333,-4.166666666666667,24.378447353255947,70.83333333333333,100.0,0.0,0,1,0.0,16.833333333333332,194352,146972,amc23,42
train,per_environment,deer_confidence,0.999,qwen3,24,91.66666666666667,91.66666666666667,0.0,19.869585081197823,62.5,100.0,0.0,0,0,inf,16.166666666666668,192616,154344,amc23,43
train,per_environment,deer_confidence,0.999,qwen3,24,79.16666666666667,79.16666666666667,0.0,21.725507946087305,66.66666666666667,100.0,0.0,0,0,inf,15.666666666666666,198840,155641,amc23,44
train,per_environment,deer_confidence,0.999,qwen3,300,68.66666666666667,76.0,7.333333333333333,39.00530366540554,80.0,75.41666666666667,24.583333333333332,32,10,3.2,9.196666666666667,1611527,982946,math500,42
train,per_environment,deer_confidence,0.999,qwen3,300,68.0,76.33333333333333,8.333333333333334,41.53705688345739,82.66666666666667,76.20967741935483,23.79032258064516,35,10,3.5,8.803333333333333,1638508,957920,math500,43
train,per_environment,deer_confidence,0.999,qwen3,300,68.66666666666667,75.33333333333333,6.666666666666667,40.05654540940075,80.66666666666667,76.03305785123968,23.96694214876033,31,11,2.8181818181818183,9.03,1635146,980163,math500,44
dev,per_model,deer_confidence,0.999,deepseek,342,70.17543859649123,76.90058479532163,6.7251461988304095,17.158400329640738,44.73684210526316,73.85620915032679,26.143790849673202,25,2,12.5,2.847953216374269,1533791,1270617,,
dev,per_model,deer_confidence,0.999,qwen3,342,64.03508771929825,77.48538011695906,13.450292397660819,35.34621645065698,77.48538011695906,70.56603773584905,29.433962264150942,50,4,12.5,10.710526315789474,2043967,1321502,,
dev,per_benchmark,deer_confidence,0.999,,36,72.22222222222223,72.22222222222223,0.0,7.995378098411541,38.888888888888886,100.0,0.0,0,0,inf,13.555555555555555,469071,431567,aime24,
dev,per_benchmark,deer_confidence,0.999,,48,85.41666666666667,85.41666666666667,0.0,17.417558042095923,41.666666666666664,100.0,0.0,0,0,inf,12.6875,405740,335070,amc23,
dev,per_benchmark,deer_confidence,0.999,,600,65.33333333333333,76.83333333333333,11.5,32.4632706449664,64.0,69.27083333333333,30.729166666666668,75,6,12.5,5.9,2702947,1825482,math500,
dev,per_seed,deer_confidence,0.999,,228,66.2280701754386,76.75438596491227,10.526315789473685,27.76999703311129,60.526315789473685,71.01449275362319,28.985507246376812,26,2,13.0,6.504385964912281,1230245,888606,,42
dev,per_seed,deer_confidence,0.999,,228,67.54385964912281,77.63157894736842,10.087719298245615,26.89873035223099,60.526315789473685,71.01449275362319,28.985507246376812,25,2,12.5,7.118421052631579,1158274,846713,,43
dev,per_seed,deer_confidence,0.999,,228,67.54385964912281,77.19298245614036,9.649122807017545,27.953926838928087,62.280701754385966,73.2394366197183,26.760563380281692,24,2,12.0,6.714912280701754,1189239,856800,,44
dev,per_environment,deer_confidence,0.999,deepseek,6,50.0,50.0,0.0,1.2255121209410502,16.666666666666668,100.0,0.0,0,0,inf,5.333333333333333,89432,88336,aime24,42
dev,per_environment,deer_confidence,0.999,deepseek,6,66.66666666666667,66.66666666666667,0.0,-0.152374154048897,0.0,nan,nan,0,0,inf,4.0,72847,72958,aime24,43
dev,per_environment,deer_confidence,0.999,deepseek,6,66.66666666666667,66.66666666666667,0.0,4.9718025889022,16.666666666666668,100.0,0.0,0,0,inf,5.333333333333333,68446,65043,aime24,44
dev,per_environment,deer_confidence,0.999,deepseek,8,87.5,87.5,0.0,11.160752276402008,12.5,100.0,0.0,0,0,inf,3.625,70506,62637,amc23,42
dev,per_environment,deer_confidence,0.999,deepseek,8,87.5,87.5,0.0,2.756944975893472,12.5,100.0,0.0,0,0,inf,5.625,52268,50827,amc23,43
dev,per_environment,deer_confidence,0.999,deepseek,8,87.5,87.5,0.0,11.18977963196981,37.5,100.0,0.0,0,0,inf,5.5,57767,51303,amc23,44
dev,per_environment,deer_confidence,0.999,deepseek,100,70.0,78.0,8.0,22.45625239836951,47.0,74.46808510638297,25.53191489361702,8,0,inf,2.29,372649,288966,math500,42
dev,per_environment,deer_confidence,0.999,deepseek,100,68.0,77.0,9.0,22.017393519377354,50.0,68.0,32.0,10,1,10.0,2.86,361169,281649,math500,43
dev,per_environment,deer_confidence,0.999,deepseek,100,70.0,76.0,6.0,20.531917356775153,49.0,75.51020408163265,24.489795918367346,7,1,7.0,2.53,388707,308898,math500,44
dev,per_environment,deer_confidence,0.999,qwen3,6,83.33333333333333,83.33333333333333,0.0,16.47646129541864,66.66666666666667,100.0,0.0,0,0,inf,20.333333333333332,79125,66088,aime24,42
dev,per_environment,deer_confidence,0.999,qwen3,6,83.33333333333333,83.33333333333333,0.0,13.100277331776383,66.66666666666667,100.0,0.0,0,0,inf,21.666666666666668,68510,59535,aime24,43
dev,per_environment,deer_confidence,0.999,qwen3,6,83.33333333333333,83.33333333333333,0.0,12.241073298717906,66.66666666666667,100.0,0.0,0,0,inf,24.666666666666668,90711,79607,aime24,44
dev,per_environment,deer_confidence,0.999,qwen3,8,75.0,75.0,0.0,16.231221840738236,50.0,100.0,0.0,0,0,inf,20.0,78349,65632,amc23,42
dev,per_environment,deer_confidence,0.999,qwen3,8,87.5,87.5,0.0,26.348955755053986,62.5,100.0,0.0,0,0,inf,21.75,74743,55049,amc23,43
dev,per_environment,deer_confidence,0.999,qwen3,8,87.5,87.5,0.0,31.182825523180828,75.0,100.0,0.0,0,0,inf,19.625,72107,49622,amc23,44
dev,per_environment,deer_confidence,0.999,qwen3,100,60.0,76.0,16.0,41.3261036979992,81.0,65.4320987654321,34.5679012345679,18,2,9.0,9.11,540184,316947,math500,42
dev,per_environment,deer_confidence,0.999,qwen3,100,63.0,77.0,14.0,38.21219245106735,78.0,69.23076923076923,30.76923076923077,15,1,15.0,9.64,528737,326695,math500,43
dev,per_environment,deer_confidence,0.999,qwen3,100,61.0,77.0,16.0,40.894152699603715,79.0,67.0886075949367,32.91139240506329,17,1,17.0,8.97,511501,302327,math500,44
test,per_model,deer_confidence,0.999,deepseek,342,76.90058479532163,79.82456140350877,2.9239766081871346,17.17833921807969,46.49122807017544,77.9874213836478,22.0125786163522,14,4,3.5,2.8128654970760234,1464804,1213175,,
test,per_model,deer_confidence,0.999,qwen3,342,77.19298245614036,81.57894736842105,4.385964912280702,38.7851305425988,79.23976608187135,78.96678966789668,21.03321033210332,26,11,2.3636363636363638,9.75438596491228,1917918,1174051,,
test,per_benchmark,deer_confidence,0.999,,36,77.77777777777777,77.77777777777777,0.0,1.314419000396086,8.333333333333334,100.0,0.0,0,0,inf,17.444444444444443,409002,403626,aime24,
test,per_benchmark,deer_confidence,0.999,,48,85.41666666666667,85.41666666666667,0.0,27.327516607413493,56.25,100.0,0.0,0,0,inf,6.770833333333333,282404,205230,amc23,
test,per_benchmark,deer_confidence,0.999,,600,76.33333333333333,80.5,4.166666666666667,33.921917753247854,66.66666666666667,77.0,23.0,40,15,2.6666666666666665,5.575,2691316,1778370,math500,
test,per_seed,deer_confidence,0.999,,228,78.0701754385965,81.57894736842105,3.508771929824561,29.08523242357664,61.8421052631579,80.1418439716312,19.858156028368793,12,4,3.0,6.508771929824562,1132867,803370,,45
test,per_seed,deer_confidence,0.999,,228,78.0701754385965,81.57894736842105,3.508771929824561,30.196686944143107,63.1578947368421,77.08333333333333,22.916666666666668,14,6,2.3333333333333335,6.3464912280701755,1092345,762493,,46
test,per_seed,deer_confidence,0.999,,228,75.0,78.94736842105263,3.9473684210526314,29.040526647717947,63.59649122807018,78.62068965517241,21.379310344827587,14,5,2.8,5.995614035087719,1157510,821363,,47
test,per_environment,deer_confidence,0.999,deepseek,6,83.33333333333333,83.33333333333333,0.0,-0.19149379032817596,0.0,nan,nan,0,0,inf,4.666666666666667,72065,72203,aime24,45
test,per_environment,deer_confidence,0.999,deepseek,6,83.33333333333333,83.33333333333333,0.0,-0.491786552392613,0.0,nan,nan,0,0,inf,8.166666666666666,49005,49246,aime24,46
test,per_environment,deer_confidence,0.999,deepseek,6,50.0,50.0,0.0,-0.2066343833304415,0.0,nan,nan,0,0,inf,4.5,63397,63528,aime24,47
test,per_environment,deer_confidence,0.999,deepseek,8,87.5,87.5,0.0,8.104797380065499,37.5,100.0,0.0,0,0,inf,2.625,40001,36759,amc23,45
test,per_environment,deer_confidence,0.999,deepseek,8,87.5,87.5,0.0,9.103493405818988,25.0,100.0,0.0,0,0,inf,3.5,39732,36115,amc23,46
test,per_environment,deer_confidence,0.999,deepseek,8,75.0,75.0,0.0,19.78157794206872,37.5,100.0,0.0,0,0,inf,2.0,44501,35698,amc23,47
test,per_environment,deer_confidence,0.999,deepseek,100,78.0,81.0,3.0,24.124001417218167,49.0,79.59183673469387,20.408163265306122,4,1,4.0,2.65,386673,293392,math500,45
test,per_environment,deer_confidence,0.999,deepseek,100,77.0,80.0,3.0,21.584329587526298,53.0,75.47169811320755,24.528301886792452,5,2,2.5,2.37,367878,288474,math500,46
test,per_environment,deer_confidence,0.999,deepseek,100,75.0,79.0,4.0,15.886360919631828,49.0,75.51020408163265,24.489795918367346,5,1,5.0,2.91,401552,337760,math500,47
test,per_environment,deer_confidence,0.999,qwen3,6,83.33333333333333,83.33333333333333,0.0,4.617723775444667,16.666666666666668,100.0,0.0,0,0,inf,29.333333333333332,76293,72770,aime24,45
test,per_environment,deer_confidence,0.999,qwen3,6,83.33333333333333,83.33333333333333,0.0,1.610799618140992,16.666666666666668,100.0,0.0,0,0,inf,29.833333333333332,74373,73175,aime24,46
test,per_environment,deer_confidence,0.999,qwen3,6,83.33333333333333,83.33333333333333,0.0,1.5771162463279589,16.666666666666668,100.0,0.0,0,0,inf,28.166666666666668,73869,72704,aime24,47
test,per_environment,deer_confidence,0.999,qwen3,8,87.5,87.5,0.0,41.47038381342188,87.5,100.0,0.0,0,0,inf,10.75,51796,30316,amc23,45
test,per_environment,deer_confidence,0.999,qwen3,8,87.5,87.5,0.0,29.105426530535922,62.5,100.0,0.0,0,0,inf,12.125,53478,37913,amc23,46
test,per_environment,deer_confidence,0.999,qwen3,8,87.5,87.5,0.0,46.25491530550514,87.5,100.0,0.0,0,0,inf,9.625,52896,28429,amc23,47
test,per_environment,deer_confidence,0.999,qwen3,100,76.0,81.0,5.0,41.12509114910116,81.0,77.77777777777777,22.22222222222222,8,3,2.6666666666666665,9.08,506039,297930,math500,45
test,per_environment,deer_confidence,0.999,qwen3,100,77.0,82.0,5.0,45.34721853039799,83.0,75.90361445783132,24.096385542168676,9,4,2.25,8.57,507879,277570,math500,46
test,per_environment,deer_confidence,0.999,qwen3,100,75.0,80.0,5.0,45.66531426543512,85.0,77.6470588235294,22.352941176470587,9,4,2.25,7.87,521295,283244,math500,47
train,per_model,deer_confidence,0.9995,deepseek,1026,71.83235867446393,73.78167641325535,1.949317738791423,12.649619895348234,39.473684210526315,84.44444444444444,15.555555555555555,38,18,2.111111111111111,2.834307992202729,4898914,4279220,,
train,per_model,deer_confidence,0.9995,qwen3,1026,69.78557504873294,76.12085769980507,6.3352826510721245,32.02108784833739,76.12085769980507,77.72087067861716,22.279129321382843,96,31,3.096774193548387,10.599415204678362,6309795,4289330,,
train,per_benchmark,deer_confidence,0.9995,,108,55.55555555555556,55.55555555555556,0.0,3.524884102143019,18.51851851851852,95.0,5.0,0,0,inf,14.851851851851851,1661161,1602607,aime24,
train,per_benchmark,deer_confidence,0.9995,,144,84.72222222222223,84.02777777777777,-0.6944444444444444,13.56048366902912,45.833333333333336,100.0,0.0,0,1,0.0,9.86111111111111,1078258,932041,amc23,
train,per_benchmark,deer_confidence,0.9995,,1800,70.61111111111111,75.38888888888889,4.777777777777778,28.75551551546824,61.111111111111114,78.54545454545455,21.454545454545453,134,48,2.7916666666666665,5.977222222222222,8469290,6033902,math500,
train,per_seed,deer_confidence,0.9995,,684,70.76023391812865,75.0,4.239766081871345,21.762875977583146,55.994152046783626,79.89556135770235,20.10443864229765,45,16,2.8125,6.85233918128655,3741114,2926940,,42
train,per_seed,deer_confidence,0.9995,,684,69.88304093567251,74.70760233918129,4.824561403508772,24.717827353369522,59.50292397660819,79.85257985257985,20.147420147420146,47,14,3.357142857142857,6.605263157894737,3746288,2820287,,43
train,per_seed,deer_confidence,0.9995,,684,71.78362573099415,75.14619883040936,3.3625730994152048,24.184621155954076,57.89473684210526,80.3030303030303,19.696969696969695,42,19,2.210526315789474,6.692982456140351,3721307,2821323,,44
train,per_environment,deer_confidence,0.9995,deepseek,18,33.333333333333336,33.333333333333336,0.0,0.6383233416696054,5.555555555555555,100.0,0.0,0,0,inf,6.166666666666667,309091,307118,aime24,42
train,per_environment,deer_confidence,0.9995,deepseek,18,44.44444444444444,44.44444444444444,0.0,0.6772017974179948,5.555555555555555,100.0,0.0,0,0,inf,5.5,252362,250653,aime24,43
train,per_environment,deer_confidence,0.9995,deepseek,18,50.0,50.0,0.0,-0.15024798583376134,0.0,nan,nan,0,0,inf,4.222222222222222,260902,261294,aime24,44
train,per_environment,deer_confidence,0.9995,deepseek,24,91.66666666666667,91.66666666666667,0.0,6.893795453056411,33.333333333333336,100.0,0.0,0,0,inf,3.0416666666666665,152630,142108,amc23,42
train,per_environment,deer_confidence,0.9995,deepseek,24,70.83333333333333,70.83333333333333,0.0,4.134759323609362,25.0,100.0,0.0,0,0,inf,3.125,185041,177390,amc23,43
train,per_environment,deer_confidence,0.9995,deepseek,24,87.5,87.5,0.0,2.411825893693589,20.833333333333332,100.0,0.0,0,0,inf,4.041666666666667,154779,151046,amc23,44
train,per_environment,deer_confidence,0.9995,deepseek,300,71.33333333333333,74.33333333333333,3.0,12.601454784129476,38.666666666666664,82.75862068965517,17.24137931034483,14,5,2.8,2.6233333333333335,1203615,1051942,math500,42
train,per_environment,deer_confidence,0.9995,deepseek,300,72.33333333333333,75.0,2.6666666666666665,19.5106534658856,44.666666666666664,82.08955223880596,17.91044776119403,13,5,2.6,2.5566666666666666,1175486,946141,math500,43
train,per_environment,deer_confidence,0.9995,deepseek,300,74.33333333333333,75.33333333333333,1.0,17.716064955585356,44.666666666666664,85.82089552238806,14.17910447761194,11,8,1.375,2.743333333333333,1205008,991528,math500,44
train,per_environment,deer_confidence,0.9995,qwen3,18,77.77777777777777,77.77777777777777,0.0,7.124146439964579,33.333333333333336,100.0,0.0,0,0,inf,24.666666666666668,269899,250671,aime24,42
train,per_environment,deer_confidence,0.9995,qwen3,18,55.55555555555556,55.55555555555556,0.0,6.614837482424944,38.888888888888886,100.0,0.0,0,0,inf,24.666666666666668,302275,282280,aime24,43
train,per_environment,deer_confidence,0.9995,qwen3,18,72.22222222222223,72.22222222222223,0.0,6.016157100423055,27.77777777777778,80.0,20.0,0,0,inf,23.88888888888889,266632,250591,aime24,44
train,per_environment,deer_confidence,0.9995,qwen3,24,87.5,83.33333333333333,-4.166666666666667,22.99538980818309,66.66666666666667,100.0,0.0,0,1,0.0,16.875,194352,149660,amc23,42
train,per_environment,deer_confidence,0.9995,qwen3,24,91.66666666666667,91.66666666666667,0.0,19.037878473231714,62.5,100.0,0.0,0,0,inf,16.333333333333332,192616,155946,amc23,43
train,per_environment,deer_confidence,0.9995,qwen3,24,79.16666666666667,79.16666666666667,0.0,21.599778716556024,66.66666666666667,100.0,0.0,0,0,inf,15.75,198840,155891,amc23,44
train,per_environment,deer_confidence,0.9995,qwen3,300,69.0,76.0,7.0,36.36836366998505,78.66666666666667,75.84745762711864,24.152542372881356,31,10,3.1,9.556666666666667,1611527,1025441,math500,42
train,per_environment,deer_confidence,0.9995,qwen3,300,68.0,76.33333333333333,8.333333333333334,38.48812456210162,81.33333333333333,76.22950819672131,23.770491803278688,34,9,3.7777777777777777,9.136666666666667,1638508,1007877,math500,43
train,per_environment,deer_confidence,0.9995,qwen3,300,68.66666666666667,75.33333333333333,6.666666666666667,38.17230999556003,78.66666666666667,75.42372881355932,24.576271186440678,31,11,2.8181818181818183,9.246666666666666,1635146,1010973,math500,44
dev,per_model,deer_confidence,0.9995,deepseek,342,71.05263157894737,76.90058479532163,5.847953216374269,15.713092592145866,42.69005847953216,76.02739726027397,23.972602739726028,22,2,11.0,2.874269005847953,1533791,1292785,,
dev,per_model,deer_confidence,0.9995,qwen3,342,64.03508771929825,77.48538011695906,13.450292397660819,34.43817830718402,76.90058479532163,70.34220532319392,29.657794676806084,50,4,12.5,10.897660818713451,2043967,1340062,,
dev,per_benchmark,deer_confidence,0.9995,,36,72.22222222222223,72.22222222222223,0.0,7.995378098411541,38.888888888888886,100.0,0.0,0,0,inf,13.555555555555555,469071,431567,aime24,
dev,per_benchmark,deer_confidence,0.9995,,48,85.41666666666667,85.41666666666667,0.0,17.058954009957116,41.666666666666664,100.0,0.0,0,0,inf,12.8125,405740,336525,amc23,
dev,per_benchmark,deer_confidence,0.9995,,600,65.83333333333333,76.83333333333333,11.0,31.010300978894517,62.5,69.86666666666666,30.133333333333333,72,6,12.0,6.011666666666667,2702947,1864755,math500,
dev,per_seed,deer_confidence,0.9995,,228,67.10526315789474,76.75438596491227,9.649122807017545,25.955155273949497,58.333333333333336,72.18045112781955,27.81954887218045,24,2,12.0,6.614035087719298,1230245,910933,,42
dev,per_seed,deer_confidence,0.9995,,228,67.98245614035088,77.63157894736842,9.649122807017545,25.919773732294775,59.64912280701754,71.32352941176471,28.676470588235293,24,2,12.0,7.223684210526316,1158274,858052,,43
dev,per_seed,deer_confidence,0.9995,,228,67.54385964912281,77.19298245614036,9.649122807017545,27.360101712103287,61.40350877192982,73.57142857142857,26.428571428571427,24,2,12.0,6.8201754385964914,1189239,863862,,44
dev,per_environment,deer_confidence,0.9995,deepseek,6,50.0,50.0,0.0,1.2255121209410502,16.666666666666668,100.0,0.0,0,0,inf,5.333333333333333,89432,88336,aime24,42
dev,per_environment,deer_confidence,0.9995,deepseek,6,66.66666666666667,66.66666666666667,0.0,-0.152374154048897,0.0,nan,nan,0,0,inf,4.0,72847,72958,aime24,43
dev,per_environment,deer_confidence,0.9995,deepseek,6,66.66666666666667,66.66666666666667,0.0,4.9718025889022,16.666666666666668,100.0,0.0,0,0,inf,5.333333333333333,68446,65043,aime24,44
dev,per_environment,deer_confidence,0.9995,deepseek,8,87.5,87.5,0.0,11.160752276402008,12.5,100.0,0.0,0,0,inf,3.625,70506,62637,amc23,42
dev,per_environment,deer_confidence,0.9995,deepseek,8,87.5,87.5,0.0,2.756944975893472,12.5,100.0,0.0,0,0,inf,5.625,52268,50827,amc23,43
dev,per_environment,deer_confidence,0.9995,deepseek,8,87.5,87.5,0.0,10.128620146450396,37.5,100.0,0.0,0,0,inf,5.625,57767,51916,amc23,44
dev,per_environment,deer_confidence,0.9995,deepseek,100,72.0,78.0,6.0,17.72955247431229,42.0,78.57142857142857,21.428571428571427,6,0,inf,2.33,372649,306580,math500,42
dev,per_environment,deer_confidence,0.9995,deepseek,100,69.0,77.0,8.0,21.527318236061234,49.0,69.38775510204081,30.612244897959183,9,1,9.0,2.88,361169,283419,math500,43
dev,per_environment,deer_confidence,0.9995,deepseek,100,70.0,76.0,6.0,19.973398986897585,48.0,77.08333333333333,22.916666666666668,7,1,7.0,2.55,388707,311069,math500,44
dev,per_environment,deer_confidence,0.9995,qwen3,6,83.33333333333333,83.33333333333333,0.0,16.47646129541864,66.66666666666667,100.0,0.0,0,0,inf,20.333333333333332,79125,66088,aime24,42
dev,per_environment,deer_confidence,0.9995,qwen3,6,83.33333333333333,83.33333333333333,0.0,13.100277331776383,66.66666666666667,100.0,0.0,0,0,inf,21.666666666666668,68510,59535,aime24,43
dev,per_environment,deer_confidence,0.9995,qwen3,6,83.33333333333333,83.33333333333333,0.0,12.241073298717906,66.66666666666667,100.0,0.0,0,0,inf,24.666666666666668,90711,79607,aime24,44
dev,per_environment,deer_confidence,0.9995,qwen3,8,75.0,75.0,0.0,16.06146855735236,50.0,100.0,0.0,0,0,inf,20.125,78349,65765,amc23,42
dev,per_environment,deer_confidence,0.9995,qwen3,8,87.5,87.5,0.0,26.348955755053986,62.5,100.0,0.0,0,0,inf,21.75,74743,55049,amc23,43
dev,per_environment,deer_confidence,0.9995,qwen3,8,87.5,87.5,0.0,30.199564536036725,75.0,100.0,0.0,0,0,inf,20.125,72107,50331,amc23,44
dev,per_environment,deer_confidence,0.9995,qwen3,100,60.0,76.0,16.0,40.47824445003925,81.0,65.4320987654321,34.5679012345679,18,2,9.0,9.31,540184,321527,math500,42
dev,per_environment,deer_confidence,0.9995,qwen3,100,63.0,77.0,14.0,36.40240800246625,77.0,68.83116883116882,31.16883116883117,15,1,15.0,9.86,528737,336264,math500,43
dev,per_environment,deer_confidence,0.9995,qwen3,100,61.0,77.0,16.0,40.19640235307458,78.0,66.66666666666667,33.333333333333336,17,1,17.0,9.14,511501,305896,math500,44
test,per_model,deer_confidence,0.9995,deepseek,342,77.19298245614036,79.82456140350877,2.6315789473684212,15.539280340577989,43.567251461988306,78.52348993288591,21.476510067114095,13,4,3.25,2.8508771929824563,1464804,1237184,,
test,per_model,deer_confidence,0.9995,qwen3,342,76.90058479532163,81.57894736842105,4.678362573099415,36.93963975519287,77.48538011695906,78.49056603773585,21.50943396226415,26,10,2.6,9.976608187134502,1917918,1209446,,
test,per_benchmark,deer_confidence,0.9995,,36,77.77777777777777,77.77777777777777,0.0,1.219553938611547,8.333333333333334,100.0,0.0,0,0,inf,17.5,409002,404014,aime24,
test,per_benchmark,deer_confidence,0.9995,,48,85.41666666666667,85.41666666666667,0.0,27.099120409059363,56.25,100.0,0.0,0,0,inf,6.8125,282404,205875,amc23,
test,per_benchmark,deer_confidence,0.9995,,600,76.33333333333333,80.5,4.166666666666667,31.753053153178595,64.0,76.82291666666667,23.177083333333332,39,14,2.7857142857142856,5.716666666666667,2691316,1836741,math500,
test,per_seed,deer_confidence,0.9995,,228,78.0701754385965,81.57894736842105,3.508771929824561,27.643756945872727,59.64912280701754,79.41176470588235,20.58823529411765,12,4,3.0,6.62719298245614,1132867,819700,,45
test,per_seed,deer_confidence,0.9995,,228,77.63157894736842,81.57894736842105,3.9473684210526314,28.547665801555368,61.8421052631579,76.59574468085107,23.404255319148938,14,5,2.8,6.447368421052632,1092345,780506,,46
test,per_seed,deer_confidence,0.9995,,228,75.43859649122807,78.94736842105263,3.508771929824561,26.875448160275074,60.08771929824562,79.56204379562044,20.437956204379564,13,5,2.6,6.166666666666667,1157510,846424,,47
test,per_environment,deer_confidence,0.9995,deepseek,6,83.33333333333333,83.33333333333333,0.0,-0.19149379032817596,0.0,nan,nan,0,0,inf,4.666666666666667,72065,72203,aime24,45
test,per_environment,deer_confidence,0.9995,deepseek,6,83.33333333333333,83.33333333333333,0.0,-0.491786552392613,0.0,nan,nan,0,0,inf,8.166666666666666,49005,49246,aime24,46
test,per_environment,deer_confidence,0.9995,deepseek,6,50.0,50.0,0.0,-0.2066343833304415,0.0,nan,nan,0,0,inf,4.5,63397,63528,aime24,47
test,per_environment,deer_confidence,0.9995,deepseek,8,87.5,87.5,0.0,8.104797380065499,37.5,100.0,0.0,0,0,inf,2.625,40001,36759,amc23,45
test,per_environment,deer_confidence,0.9995,deepseek,8,87.5,87.5,0.0,9.103493405818988,25.0,100.0,0.0,0,0,inf,3.5,39732,36115,amc23,46
test,per_environment,deer_confidence,0.9995,deepseek,8,75.0,75.0,0.0,19.78157794206872,37.5,100.0,0.0,0,0,inf,2.0,44501,35698,amc23,47
test,per_environment,deer_confidence,0.9995,deepseek,100,78.0,81.0,3.0,21.795677484592925,45.0,77.77777777777777,22.22222222222222,4,1,4.0,2.68,386673,302395,math500,45
test,per_environment,deer_confidence,0.9995,deepseek,100,77.0,80.0,3.0,20.741115261037628,52.0,75.0,25.0,5,2,2.5,2.38,367878,291576,math500,46
test,per_environment,deer_confidence,0.9995,deepseek,100,76.0,79.0,3.0,12.92186317089692,44.0,79.54545454545455,20.454545454545453,4,1,4.0,3.0,401552,349664,math500,47
test,per_environment,deer_confidence,0.9995,qwen3,6,83.33333333333333,83.33333333333333,0.0,4.109158114112697,16.666666666666668,100.0,0.0,0,0,inf,29.666666666666668,76293,73158,aime24,45
test,per_environment,deer_confidence,0.9995,qwen3,6,83.33333333333333,83.33333333333333,0.0,1.610799618140992,16.666666666666668,100.0,0.0,0,0,inf,29.833333333333332,74373,73175,aime24,46
test,per_environment,deer_confidence,0.9995,qwen3,6,83.33333333333333,83.33333333333333,0.0,1.5771162463279589,16.666666666666668,100.0,0.0,0,0,inf,28.166666666666668,73869,72704,aime24,47
test,per_environment,deer_confidence,0.9995,qwen3,8,87.5,87.5,0.0,41.47038381342188,87.5,100.0,0.0,0,0,inf,10.75,51796,30316,amc23,45
test,per_environment,deer_confidence,0.9995,qwen3,8,87.5,87.5,0.0,28.626725008414674,62.5,100.0,0.0,0,0,inf,12.25,53478,38169,amc23,46
test,per_environment,deer_confidence,0.9995,qwen3,8,87.5,87.5,0.0,45.51950998185118,87.5,100.0,0.0,0,0,inf,9.75,52896,28818,amc23,47
test,per_environment,deer_confidence,0.9995,qwen3,100,76.0,81.0,5.0,39.75385296390199,80.0,77.5,22.5,8,3,2.6666666666666665,9.3,506039,304869,math500,45
test,per_environment,deer_confidence,0.9995,qwen3,100,76.0,82.0,6.0,42.46168870931856,81.0,75.30864197530865,24.691358024691358,9,3,3.0,8.78,507879,292225,math500,46
test,per_environment,deer_confidence,0.9995,qwen3,100,75.0,80.0,5.0,43.21602931161818,82.0,76.82926829268293,23.170731707317074,9,4,2.25,8.16,521295,296012,math500,47
train,per_model,deer_confidence,0.9999,deepseek,1026,71.9298245614035,73.78167641325535,1.8518518518518519,8.566000546243515,30.019493177387915,83.76623376623377,16.233766233766232,31,12,2.5833333333333335,2.9366471734892787,4898914,4479273,,
train,per_model,deer_confidence,0.9999,qwen3,1026,70.17543859649123,76.12085769980507,5.94541910331384,28.581023630720175,73.00194931773879,77.4365821094793,22.563417890520693,91,30,3.033333333333333,11.163742690058479,6309795,4506391,,
train,per_benchmark,deer_confidence,0.9999,,108,55.55555555555556,55.55555555555556,0.0,2.9046552381135844,16.666666666666668,94.44444444444444,5.555555555555555,0,0,inf,15.018518518518519,1661161,1612910,aime24,
train,per_benchmark,deer_confidence,0.9999,,144,84.02777777777777,84.02777777777777,0.0,11.66223668175891,42.361111111111114,100.0,0.0,0,0,inf,10.097222222222221,1078258,952509,amc23,
train,per_benchmark,deer_confidence,0.9999,,1800,70.94444444444444,75.38888888888889,4.444444444444445,24.193822622675572,54.333333333333336,77.70961145194273,22.29038854805726,122,42,2.9047619047619047,6.328333333333333,8469290,6420245,math500,
train,per_seed,deer_confidence,0.9999,,684,71.05263157894737,75.0,3.9473684210526314,18.73081119687879,51.0233918128655,79.08309455587393,20.916905444126076,41,14,2.9285714285714284,7.138888888888889,3741114,3040373,,42
train,per_seed,deer_confidence,0.9999,,684,70.02923976608187,74.70760233918129,4.678362573099415,20.51558769640775,52.77777777777778,79.50138504155125,20.498614958448755,43,11,3.909090909090909,6.9298245614035086,3746288,2977715,,43
train,per_seed,deer_confidence,0.9999,,684,72.07602339181287,75.14619883040936,3.0701754385964914,20.25446973334906,50.73099415204678,79.2507204610951,20.7492795389049,38,17,2.235294117647059,7.081871345029239,3721307,2967576,,44
train,per_environment,deer_confidence,0.9999,deepseek,18,33.333333333333336,33.333333333333336,0.0,0.6383233416696054,5.555555555555555,100.0,0.0,0,0,inf,6.166666666666667,309091,307118,aime24,42
train,per_environment,deer_confidence,0.9999,deepseek,18,44.44444444444444,44.44444444444444,0.0,0.6772017974179948,5.555555555555555,100.0,0.0,0,0,inf,5.5,252362,250653,aime24,43
train,per_environment,deer_confidence,0.9999,deepseek,18,50.0,50.0,0.0,-0.15024798583376134,0.0,nan,nan,0,0,inf,4.222222222222222,260902,261294,aime24,44
train,per_environment,deer_confidence,0.9999,deepseek,24,91.66666666666667,91.66666666666667,0.0,6.893795453056411,33.333333333333336,100.0,0.0,0,0,inf,3.0416666666666665,152630,142108,amc23,42
train,per_environment,deer_confidence,0.9999,deepseek,24,70.83333333333333,70.83333333333333,0.0,3.586232240422393,20.833333333333332,100.0,0.0,0,0,inf,3.1666666666666665,185041,178405,amc23,43
train,per_environment,deer_confidence,0.9999,deepseek,24,87.5,87.5,0.0,2.001563519598912,16.666666666666668,100.0,0.0,0,0,inf,4.041666666666667,154779,151681,amc23,44
train,per_environment,deer_confidence,0.9999,deepseek,300,71.33333333333333,74.33333333333333,3.0,8.841946968091957,30.666666666666668,79.34782608695652,20.652173913043477,13,4,3.25,2.7066666666666666,1203615,1097192,math500,42
train,per_environment,deer_confidence,0.9999,deepseek,300,72.33333333333333,75.0,2.6666666666666665,12.984671871889585,34.0,83.33333333333333,16.666666666666668,10,2,5.0,2.6866666666666665,1175486,1022853,math500,43
train,per_environment,deer_confidence,0.9999,deepseek,300,74.66666666666667,75.33333333333333,0.6666666666666666,11.37245561855191,31.666666666666668,85.26315789473684,14.736842105263158,8,6,1.3333333333333333,2.8766666666666665,1205008,1067969,math500,44
train,per_environment,deer_confidence,0.9999,qwen3,18,77.77777777777777,77.77777777777777,0.0,5.439071652729354,27.77777777777778,100.0,0.0,0,0,inf,25.11111111111111,269899,255219,aime24,42
train,per_environment,deer_confidence,0.9999,qwen3,18,55.55555555555556,55.55555555555556,0.0,4.710942022992309,33.333333333333336,100.0,0.0,0,0,inf,25.22222222222222,302275,288035,aime24,43
train,per_environment,deer_confidence,0.9999,qwen3,18,72.22222222222223,72.22222222222223,0.0,6.016157100423055,27.77777777777778,80.0,20.0,0,0,inf,23.88888888888889,266632,250591,aime24,44
train,per_environment,deer_confidence,0.9999,qwen3,24,83.33333333333333,83.33333333333333,0.0,17.262492796575287,62.5,100.0,0.0,0,0,inf,17.375,194352,160802,amc23,42
train,per_environment,deer_confidence,0.9999,qwen3,24,91.66666666666667,91.66666666666667,0.0,17.080097188187896,58.333333333333336,100.0,0.0,0,0,inf,16.833333333333332,192616,159717,amc23,43
train,per_environment,deer_confidence,0.9999,qwen3,24,79.16666666666667,79.16666666666667,0.0,19.63588815127741,62.5,100.0,0.0,0,0,inf,16.125,198840,159796,amc23,44
train,per_environment,deer_confidence,0.9999,qwen3,300,70.0,76.0,6.0,33.11101830748104,76.0,76.3157894736842,23.68421052631579,28,10,2.8,10.06,1611527,1077934,math500,42
train,per_environment,deer_confidence,0.9999,qwen3,300,68.33333333333333,76.33333333333333,8.0,34.20526478967451,77.66666666666667,75.53648068669528,24.463519313304722,33,9,3.6666666666666665,9.67,1638508,1078052,math500,43
train,per_environment,deer_confidence,0.9999,qwen3,300,69.0,75.33333333333333,6.333333333333333,34.18049519737075,76.0,75.0,25.0,30,11,2.727272727272727,9.97,1635146,1076245,math500,44
dev,per_model,deer_confidence,0.9999,deepseek,342,72.51461988304094,76.90058479532163,4.385964912280702,10.636586079850515,33.333333333333336,76.3157894736842,23.68421052631579,17,2,8.5,2.9883040935672516,1533791,1370648,,
dev,per_model,deer_confidence,0.9999,qwen3,342,64.91228070175438,77.48538011695906,12.573099415204679,31.178976959999844,74.56140350877193,71.37254901960785,28.627450980392158,47,4,11.75,11.38888888888889,2043967,1406679,,
dev,per_benchmark,deer_confidence,0.9999,,36,72.22222222222223,72.22222222222223,0.0,6.35234324867664,33.333333333333336,100.0,0.0,0,0,inf,13.63888888888889,469071,439274,aime24,
dev,per_benchmark,deer_confidence,0.9999,,48,85.41666666666667,85.41666666666667,0.0,13.413762508010056,35.416666666666664,100.0,0.0,0,0,inf,13.1875,405740,351315,amc23,
dev,per_benchmark,deer_confidence,0.9999,,600,67.16666666666667,76.83333333333333,9.666666666666666,26.49733790562671,56.666666666666664,70.58823529411765,29.41176470588235,64,6,10.666666666666666,6.321666666666666,2702947,1986738,math500,
dev,per_seed,deer_confidence,0.9999,,228,67.98245614035088,76.75438596491227,8.771929824561404,22.01463936045259,51.75438596491228,71.1864406779661,28.8135593220339,22,2,11.0,6.868421052631579,1230245,959411,,42
dev,per_seed,deer_confidence,0.9999,,228,68.42105263157895,77.63157894736842,9.210526315789474,22.193194356430343,54.3859649122807,70.96774193548387,29.032258064516128,23,2,11.5,7.548245614035087,1158274,901216,,43
dev,per_seed,deer_confidence,0.9999,,228,69.73684210526316,77.19298245614036,7.456140350877193,22.917092359063233,55.70175438596491,76.37795275590551,23.62204724409449,19,2,9.5,7.149122807017544,1189239,916700,,44
dev,per_environment,deer_confidence,0.9999,deepseek,6,50.0,50.0,0.0,1.2255121209410502,16.666666666666668,100.0,0.0,0,0,inf,5.333333333333333,89432,88336,aime24,42
dev,per_environment,deer_confidence,0.9999,deepseek,6,66.66666666666667,66.66666666666667,0.0,-0.152374154048897,0.0,nan,nan,0,0,inf,4.0,72847,72958,aime24,43
dev,per_environment,deer_confidence,0.9999,deepseek,6,66.66666666666667,66.66666666666667,0.0,-0.2337609210180288,0.0,nan,nan,0,0,inf,5.5,68446,68606,aime24,44
dev,per_environment,deer_confidence,0.9999,deepseek,8,87.5,87.5,0.0,-0.18296315207216407,0.0,nan,nan,0,0,inf,3.75,70506,70635,amc23,42
dev,per_environment,deer_confidence,0.9999,deepseek,8,87.5,87.5,0.0,-0.4285604959057167,0.0,nan,nan,0,0,inf,6.125,52268,52492,amc23,43
dev,per_environment,deer_confidence,0.9999,deepseek,8,87.5,87.5,0.0,5.421780601381411,25.0,100.0,0.0,0,0,inf,5.75,57767,54635,amc23,44
dev,per_environment,deer_confidence,0.9999,deepseek,100,74.0,78.0,4.0,12.375989201634782,31.0,77.41935483870968,22.580645161290324,4,0,inf,2.4,372649,326530,math500,42
dev,per_environment,deer_confidence,0.9999,deepseek,100,70.0,77.0,7.0,14.280018495496568,39.0,69.23076923076923,30.76923076923077,8,1,8.0,3.0,361169,309594,math500,43
dev,per_environment,deer_confidence,0.9999,deepseek,100,72.0,76.0,4.0,15.910441540800655,41.0,80.48780487804878,19.51219512195122,5,1,5.0,2.68,388707,326862,math500,44
dev,per_environment,deer_confidence,0.9999,qwen3,6,83.33333333333333,83.33333333333333,0.0,11.239178515007898,50.0,100.0,0.0,0,0,inf,20.666666666666668,79125,70232,aime24,42
dev,per_environment,deer_confidence,0.9999,qwen3,6,83.33333333333333,83.33333333333333,0.0,13.100277331776383,66.66666666666667,100.0,0.0,0,0,inf,21.666666666666668,68510,59535,aime24,43
dev,per_environment,deer_confidence,0.9999,qwen3,6,83.33333333333333,83.33333333333333,0.0,12.241073298717906,66.66666666666667,100.0,0.0,0,0,inf,24.666666666666668,90711,79607,aime24,44
dev,per_environment,deer_confidence,0.9999,qwen3,8,75.0,75.0,0.0,15.24971601424396,50.0,100.0,0.0,0,0,inf,20.5,78349,66401,amc23,42
dev,per_environment,deer_confidence,0.9999,qwen3,8,87.5,87.5,0.0,25.412413202574154,62.5,100.0,0.0,0,0,inf,22.5,74743,55749,amc23,43
dev,per_environment,deer_confidence,0.9999,qwen3,8,87.5,87.5,0.0,28.712885018098103,75.0,100.0,0.0,0,0,inf,20.5,72107,51403,amc23,44
dev,per_environment,deer_confidence,0.9999,qwen3,100,60.0,76.0,16.0,37.56257127201102,79.0,65.82278481012658,34.177215189873415,18,2,9.0,9.76,540184,337277,math500,42
dev,per_environment,deer_confidence,0.9999,qwen3,100,63.0,77.0,14.0,33.6365716793037,76.0,68.42105263157895,31.57894736842105,15,1,15.0,10.38,528737,350888,math500,43
dev,per_environment,deer_confidence,0.9999,qwen3,100,64.0,77.0,13.0,34.39172161931257,74.0,70.27027027027027,29.72972972972973,14,1,14.0,9.71,511501,335587,math500,44
test,per_model,deer_confidence,0.9999,deepseek,342,77.48538011695906,79.82456140350877,2.3391812865497075,10.585443513261843,33.91812865497076,78.44827586206897,21.551724137931036,11,3,3.6666666666666665,2.982456140350877,1464804,1309748,,
test,per_model,deer_confidence,0.9999,qwen3,342,76.60818713450293,81.57894736842105,4.970760233918129,33.3028836477889,74.26900584795321,77.95275590551181,22.04724409448819,26,9,2.888888888888889,10.470760233918128,1917918,1279196,,
test,per_benchmark,deer_confidence,0.9999,,36,77.77777777777777,77.77777777777777,0.0,1.033491278771253,8.333333333333334,100.0,0.0,0,0,inf,17.52777777777778,409002,404775,aime24,
test,per_benchmark,deer_confidence,0.9999,,48,85.41666666666667,85.41666666666667,0.0,22.962847551734395,47.916666666666664,100.0,0.0,0,0,inf,7.020833333333333,282404,217556,amc23,
test,per_benchmark,deer_confidence,0.9999,,600,76.33333333333333,80.5,4.166666666666667,26.92745853701312,57.333333333333336,76.45348837209302,23.546511627906977,37,12,3.0833333333333335,6.055,2691316,1966613,math500,
test,per_seed,deer_confidence,0.9999,,228,78.0701754385965,81.57894736842105,3.508771929824561,22.30014644260977,52.63157894736842,78.33333333333333,21.666666666666668,12,4,3.0,6.942982456140351,1132867,880236,,45
test,per_seed,deer_confidence,0.9999,,228,77.19298245614036,81.57894736842105,4.385964912280702,24.254882843790195,55.70175438596491,76.37795275590551,23.62204724409449,13,3,4.333333333333333,6.855263157894737,1092345,827398,,46
test,per_seed,deer_confidence,0.9999,,228,75.87719298245614,78.94736842105263,3.0701754385964914,23.861564910886297,53.94736842105263,79.67479674796748,20.32520325203252,12,5,2.4,6.381578947368421,1157510,881310,,47
test,per_environment,deer_confidence,0.9999,deepseek,6,83.33333333333333,83.33333333333333,0.0,-0.19149379032817596,0.0,nan,nan,0,0,inf,4.666666666666667,72065,72203,aime24,45
test,per_environment,deer_confidence,0.9999,deepseek,6,83.33333333333333,83.33333333333333,0.0,-0.491786552392613,0.0,nan,nan,0,0,inf,8.166666666666666,49005,49246,aime24,46
test,per_environment,deer_confidence,0.9999,deepseek,6,50.0,50.0,0.0,-0.2066343833304415,0.0,nan,nan,0,0,inf,4.5,63397,63528,aime24,47
test,per_environment,deer_confidence,0.9999,deepseek,8,87.5,87.5,0.0,1.3424664383390414,12.5,100.0,0.0,0,0,inf,2.875,40001,39464,amc23,45
test,per_environment,deer_confidence,0.9999,deepseek,8,87.5,87.5,0.0,9.103493405818988,25.0,100.0,0.0,0,0,inf,3.5,39732,36115,amc23,46
test,per_environment,deer_confidence,0.9999,deepseek,8,75.0,75.0,0.0,2.12579492595672,12.5,100.0,0.0,0,0,inf,2.125,44501,43555,amc23,47
test,per_environment,deer_confidence,0.9999,deepseek,100,78.0,81.0,3.0,15.974479728349277,37.0,78.37837837837837,21.62162162162162,4,1,4.0,2.82,386673,324904,math500,45
test,per_environment,deer_confidence,0.9999,deepseek,100,77.0,80.0,3.0,13.035299746111482,39.0,74.35897435897436,25.641025641025642,4,1,4.0,2.57,367878,319924,math500,46
test,per_environment,deer_confidence,0.9999,deepseek,100,77.0,79.0,2.0,10.146382037693748,36.0,80.55555555555556,19.444444444444443,3,1,3.0,3.09,401552,360809,math500,47
test,per_environment,deer_confidence,0.9999,qwen3,6,83.33333333333333,83.33333333333333,0.0,4.109158114112697,16.666666666666668,100.0,0.0,0,0,inf,29.666666666666668,76293,73158,aime24,45
test,per_environment,deer_confidence,0.9999,qwen3,6,83.33333333333333,83.33333333333333,0.0,0.5875788256490931,16.666666666666668,100.0,0.0,0,0,inf,30.0,74373,73936,aime24,46
test,per_environment,deer_confidence,0.9999,qwen3,6,83.33333333333333,83.33333333333333,0.0,1.5771162463279589,16.666666666666668,100.0,0.0,0,0,inf,28.166666666666668,73869,72704,aime24,47
test,per_environment,deer_confidence,0.9999,qwen3,8,87.5,87.5,0.0,40.18843153911499,87.5,100.0,0.0,0,0,inf,11.375,51796,30980,amc23,45
test,per_environment,deer_confidence,0.9999,qwen3,8,87.5,87.5,0.0,28.435992370694493,62.5,100.0,0.0,0,0,inf,12.375,53478,38271,amc23,46
test,per_environment,deer_confidence,0.9999,qwen3,8,87.5,87.5,0.0,44.852162734422265,87.5,100.0,0.0,0,0,inf,9.875,52896,29171,amc23,47
test,per_environment,deer_confidence,0.9999,qwen3,100,76.0,81.0,5.0,32.90497372732141,74.0,75.67567567567568,24.324324324324323,8,3,2.6666666666666665,9.81,506039,339527,math500,45
test,per_environment,deer_confidence,0.9999,qwen3,100,75.0,82.0,7.0,38.98034768123904,80.0,75.0,25.0,9,2,4.5,9.5,507879,309906,math500,46
test,per_environment,deer_confidence,0.9999,qwen3,100,75.0,80.0,5.0,40.23671817301144,78.0,76.92307692307692,23.076923076923077,9,4,2.25,8.54,521295,311543,math500,47
train,per_model,deer_confidence,0.99995,deepseek,1026,71.73489278752437,73.78167641325535,2.046783625730994,6.78691236465878,23.489278752436647,83.40248962655602,16.597510373443985,29,8,3.625,2.982456140350877,4898914,4566429,,
train,per_model,deer_confidence,0.99995,qwen3,1026,70.76023391812865,76.12085769980507,5.360623781676413,26.29820778646533,70.9551656920078,78.2967032967033,21.703296703296704,85,30,2.8333333333333335,11.414230019493177,6309795,4650432,,
train,per_benchmark,deer_confidence,0.99995,,108,55.55555555555556,55.55555555555556,0.0,2.102023825505174,15.74074074074074,94.11764705882354,5.882352941176471,0,0,inf,15.36111111111111,1661161,1626243,aime24,
train,per_benchmark,deer_confidence,0.99995,,144,84.02777777777777,84.02777777777777,0.0,10.63446781753532,40.97222222222222,100.0,0.0,0,0,inf,10.270833333333334,1078258,963591,amc23,
train,per_benchmark,deer_confidence,0.99995,,1800,71.16666666666667,75.38888888888889,4.222222222222222,21.752272032248275,49.611111111111114,77.93952967525196,22.06047032474804,114,38,3.0,6.462777777777778,8469290,6627027,math500,
train,per_seed,deer_confidence,0.99995,,684,70.90643274853801,75.0,4.093567251461988,16.90330741057343,46.78362573099415,78.75,21.25,39,11,3.5454545454545454,7.271929824561403,3741114,3108742,,42
train,per_seed,deer_confidence,0.99995,,684,70.6140350877193,74.70760233918129,4.093567251461988,17.874092968826744,47.66081871345029,79.75460122699387,20.245398773006134,39,11,3.5454545454545454,7.114035087719298,3746288,3076673,,43
train,per_seed,deer_confidence,0.99995,,684,72.22222222222223,75.14619883040936,2.9239766081871346,18.538137272737778,47.22222222222222,80.18575851393189,19.814241486068113,36,16,2.25,7.20906432748538,3721307,3031446,,44
train,per_environment,deer_confidence,0.99995,deepseek,18,33.333333333333336,33.333333333333336,0.0,0.6383233416696054,5.555555555555555,100.0,0.0,0,0,inf,6.166666666666667,309091,307118,aime24,42
train,per_environment,deer_confidence,0.99995,deepseek,18,44.44444444444444,44.44444444444444,0.0,0.6772017974179948,5.555555555555555,100.0,0.0,0,0,inf,5.5,252362,250653,aime24,43
train,per_environment,deer_confidence,0.99995,deepseek,18,50.0,50.0,0.0,-0.15024798583376134,0.0,nan,nan,0,0,inf,4.222222222222222,260902,261294,aime24,44
train,per_environment,deer_confidence,0.99995,deepseek,24,91.66666666666667,91.66666666666667,0.0,6.453515036362445,29.166666666666668,100.0,0.0,0,0,inf,3.0416666666666665,152630,142780,amc23,42
train,per_environment,deer_confidence,0.99995,deepseek,24,70.83333333333333,70.83333333333333,0.0,3.586232240422393,20.833333333333332,100.0,0.0,0,0,inf,3.1666666666666665,185041,178405,amc23,43
train,per_environment,deer_confidence,0.99995,deepseek,24,87.5,87.5,0.0,2.001563519598912,16.666666666666668,100.0,0.0,0,0,inf,4.041666666666667,154779,151681,amc23,44
train,per_environment,deer_confidence,0.99995,deepseek,300,71.0,74.33333333333333,3.3333333333333335,7.030985821878258,23.333333333333332,78.57142857142857,21.428571428571427,11,1,11.0,2.756666666666667,1203615,1118989,math500,42
train,per_environment,deer_confidence,0.99995,deepseek,300,72.33333333333333,75.0,2.6666666666666665,8.935623223075392,24.333333333333332,80.82191780821918,19.17808219178082,10,2,5.0,2.763333333333333,1175486,1070449,math500,43
train,per_environment,deer_confidence,0.99995,deepseek,300,74.33333333333333,75.33333333333333,1.0,9.954124785893537,26.666666666666668,86.25,13.75,8,5,1.6,2.9066666666666667,1205008,1085060,math500,44
train,per_environment,deer_confidence,0.99995,qwen3,18,77.77777777777777,77.77777777777777,0.0,5.014468375207022,27.77777777777778,100.0,0.0,0,0,inf,25.38888888888889,269899,256365,aime24,42
train,per_environment,deer_confidence,0.99995,qwen3,18,55.55555555555556,55.55555555555556,0.0,3.952692085021917,33.333333333333336,100.0,0.0,0,0,inf,25.666666666666668,302275,290327,aime24,43
train,per_environment,deer_confidence,0.99995,qwen3,18,72.22222222222223,72.22222222222223,0.0,2.3050496564553393,22.22222222222222,75.0,25.0,0,0,inf,25.22222222222222,266632,260486,aime24,44
train,per_environment,deer_confidence,0.99995,qwen3,24,83.33333333333333,83.33333333333333,0.0,16.233432123157982,62.5,100.0,0.0,0,0,inf,17.666666666666668,194352,162802,amc23,42
train,per_environment,deer_confidence,0.99995,qwen3,24,91.66666666666667,91.66666666666667,0.0,16.270195622378203,58.333333333333336,100.0,0.0,0,0,inf,17.25,192616,161277,amc23,43
train,per_environment,deer_confidence,0.99995,qwen3,24,79.16666666666667,79.16666666666667,0.0,16.190907262120298,58.333333333333336,100.0,0.0,0,0,inf,16.458333333333332,198840,166646,amc23,44
train,per_environment,deer_confidence,0.99995,qwen3,300,70.0,76.0,6.0,30.458006598710416,74.0,76.12612612612612,23.873873873873872,28,10,2.8,10.273333333333333,1611527,1120688,math500,42
train,per_environment,deer_confidence,0.99995,qwen3,300,69.66666666666667,76.33333333333333,6.666666666666667,31.305675651263222,75.66666666666667,77.09251101321586,22.90748898678414,29,9,3.2222222222222223,9.953333333333333,1638508,1125562,math500,43
train,per_environment,deer_confidence,0.99995,qwen3,300,69.66666666666667,75.33333333333333,5.666666666666667,32.343717319432024,73.66666666666667,76.47058823529412,23.529411764705884,28,11,2.5454545454545454,10.123333333333333,1635146,1106279,math500,44
dev,per_model,deer_confidence,0.99995,deepseek,342,73.39181286549707,76.90058479532163,3.508771929824561,7.913072902370662,25.146198830409357,75.5813953488372,24.41860465116279,14,2,7.0,3.046783625730994,1533791,1412421,,
dev,per_model,deer_confidence,0.99995,qwen3,342,65.49707602339181,77.48538011695906,11.988304093567251,28.511761686954827,70.76023391812865,72.31404958677686,27.68595041322314,45,4,11.25,11.716374269005849,2043967,1461196,,
dev,per_benchmark,deer_confidence,0.99995,,36,72.22222222222223,72.22222222222223,0.0,6.044713913245543,33.333333333333336,100.0,0.0,0,0,inf,13.972222222222221,469071,440717,aime24,
dev,per_benchmark,deer_confidence,0.99995,,48,85.41666666666667,85.41666666666667,0.0,13.31098733178883,35.416666666666664,100.0,0.0,0,0,inf,13.208333333333334,405740,351732,amc23,
dev,per_benchmark,deer_confidence,0.99995,,600,68.0,76.83333333333333,8.833333333333334,23.003743691607717,49.833333333333336,70.5685618729097,29.431438127090303,59,6,9.833333333333334,6.52,2702947,2081168,math500,
dev,per_seed,deer_confidence,0.99995,,228,68.42105263157895,76.75438596491227,8.333333333333334,18.43974167747075,45.6140350877193,70.1923076923077,29.807692307692307,21,2,10.5,7.192982456140351,1230245,1003391,,42
dev,per_seed,deer_confidence,0.99995,,228,68.85964912280701,77.63157894736842,8.771929824561404,20.264894144218033,49.12280701754386,70.53571428571429,29.464285714285715,22,2,11.0,7.697368421052632,1158274,923551,,43
dev,per_seed,deer_confidence,0.99995,,228,71.05263157894737,77.19298245614036,6.140350877192983,20.396572934456405,49.12280701754386,78.57142857142857,21.428571428571427,16,2,8.0,7.254385964912281,1189239,946675,,44
dev,per_environment,deer_confidence,0.99995,deepseek,6,50.0,50.0,0.0,1.2255121209410502,16.666666666666668,100.0,0.0,0,0,inf,5.333333333333333,89432,88336,aime24,42
dev,per_environment,deer_confidence,0.99995,deepseek,6,66.66666666666667,66.66666666666667,0.0,-0.152374154048897,0.0,nan,nan,0,0,inf,4.0,72847,72958,aime24,43
dev,per_environment,deer_confidence,0.99995,deepseek,6,66.66666666666667,66.66666666666667,0.0,-0.2337609210180288,0.0,nan,nan,0,0,inf,5.5,68446,68606,aime24,44
dev,per_environment,deer_confidence,0.99995,deepseek,8,87.5,87.5,0.0,-0.18296315207216407,0.0,nan,nan,0,0,inf,3.75,70506,70635,amc23,42
dev,per_environment,deer_confidence,0.99995,deepseek,8,87.5,87.5,0.0,-0.4285604959057167,0.0,nan,nan,0,0,inf,6.125,52268,52492,amc23,43
dev,per_environment,deer_confidence,0.99995,deepseek,8,87.5,87.5,0.0,5.421780601381411,25.0,100.0,0.0,0,0,inf,5.75,57767,54635,amc23,44
dev,per_environment,deer_confidence,0.99995,deepseek,100,74.0,78.0,4.0,9.152043880434404,22.0,72.72727272727273,27.272727272727273,4,0,inf,2.45,372649,338544,math500,42
dev,per_environment,deer_confidence,0.99995,deepseek,100,71.0,77.0,6.0,11.033892720582331,30.0,66.66666666666667,33.333333333333336,7,1,7.0,3.06,361169,321318,math500,43
dev,per_environment,deer_confidence,0.99995,deepseek,100,74.0,76.0,2.0,11.27070003884674,31.0,83.87096774193549,16.129032258064516,3,1,3.0,2.77,388707,344897,math500,44
dev,per_environment,deer_confidence,0.99995,qwen3,6,83.33333333333333,83.33333333333333,0.0,9.62780410742496,50.0,100.0,0.0,0,0,inf,22.333333333333332,79125,71507,aime24,42
dev,per_environment,deer_confidence,0.99995,qwen3,6,83.33333333333333,83.33333333333333,0.0,13.100277331776383,66.66666666666667,100.0,0.0,0,0,inf,21.666666666666668,68510,59535,aime24,43
dev,per_environment,deer_confidence,0.99995,qwen3,6,83.33333333333333,83.33333333333333,0.0,12.055869740163818,66.66666666666667,100.0,0.0,0,0,inf,25.0,90711,79775,aime24,44
dev,per_environment,deer_confidence,0.99995,qwen3,8,75.0,75.0,0.0,14.717482035507793,50.0,100.0,0.0,0,0,inf,20.625,78349,66818,amc23,42
dev,per_environment,deer_confidence,0.99995,qwen3,8,87.5,87.5,0.0,25.412413202574154,62.5,100.0,0.0,0,0,inf,22.5,74743,55749,amc23,43
dev,per_environment,deer_confidence,0.99995,qwen3,8,87.5,87.5,0.0,28.712885018098103,75.0,100.0,0.0,0,0,inf,20.5,72107,51403,amc23,44
dev,per_environment,deer_confidence,0.99995,qwen3,100,61.0,76.0,15.0,31.95818461857441,74.0,66.21621621621621,33.78378378378378,17,2,8.5,10.34,540184,367551,math500,42
dev,per_environment,deer_confidence,0.99995,qwen3,100,63.0,77.0,14.0,31.629713827479446,73.0,68.4931506849315,31.506849315068493,15,1,15.0,10.66,528737,361499,math500,43
dev,per_environment,deer_confidence,0.99995,qwen3,100,65.0,77.0,12.0,32.090259843089264,69.0,72.46376811594203,27.536231884057973,13,1,13.0,9.84,511501,347359,math500,44
test,per_model,deer_confidence,0.99995,deepseek,342,77.77777777777777,79.82456140350877,2.046783625730994,8.82944066236848,27.485380116959064,77.65957446808511,22.340425531914892,10,3,3.3333333333333335,3.026315789473684,1464804,1335470,,
test,per_model,deer_confidence,0.99995,qwen3,342,76.60818713450293,81.57894736842105,4.970760233918129,31.32594824179136,73.39181286549707,77.68924302788845,22.310756972111555,26,9,2.888888888888889,10.836257309941521,1917918,1317112,,
test,per_benchmark,deer_confidence,0.99995,,36,77.77777777777777,77.77777777777777,0.0,0.9652764534158758,8.333333333333334,100.0,0.0,0,0,inf,17.583333333333332,409002,405054,aime24,
test,per_benchmark,deer_confidence,0.99995,,48,85.41666666666667,85.41666666666667,0.0,19.18173963541593,43.75,100.0,0.0,0,0,inf,7.458333333333333,282404,228234,amc23,
test,per_benchmark,deer_confidence,0.99995,,600,76.5,80.5,4.0,24.97001466940337,53.5,76.01246105919003,23.98753894080997,36,12,3.0,6.25,2691316,2019294,math500,
test,per_seed,deer_confidence,0.99995,,228,78.0701754385965,81.57894736842105,3.508771929824561,21.28581731129956,50.0,78.0701754385965,21.92982456140351,12,4,3.0,7.109649122807017,1132867,891727,,45
test,per_seed,deer_confidence,0.99995,,228,77.19298245614036,81.57894736842105,4.385964912280702,22.12387112130325,50.87719298245614,75.86206896551724,24.137931034482758,13,3,4.333333333333333,7.035087719298246,1092345,850676,,46
test,per_seed,deer_confidence,0.99995,,228,76.3157894736842,78.94736842105263,2.6315789473684212,21.367504384411365,50.43859649122807,79.1304347826087,20.869565217391305,11,5,2.2,6.649122807017544,1157510,910179,,47
test,per_environment,deer_confidence,0.99995,deepseek,6,83.33333333333333,83.33333333333333,0.0,-0.19149379032817596,0.0,nan,nan,0,0,inf,4.666666666666667,72065,72203,aime24,45
test,per_environment,deer_confidence,0.99995,deepseek,6,83.33333333333333,83.33333333333333,0.0,-0.491786552392613,0.0,nan,nan,0,0,inf,8.166666666666666,49005,49246,aime24,46
test,per_environment,deer_confidence,0.99995,deepseek,6,50.0,50.0,0.0,-0.2066343833304415,0.0,nan,nan,0,0,inf,4.5,63397,63528,aime24,47
test,per_environment,deer_confidence,0.99995,deepseek,8,87.5,87.5,0.0,1.3424664383390414,12.5,100.0,0.0,0,0,inf,2.875,40001,39464,amc23,45
test,per_environment,deer_confidence,0.99995,deepseek,8,87.5,87.5,0.0,3.256820698681164,12.5,100.0,0.0,0,0,inf,3.5,39732,38438,amc23,46
test,per_environment,deer_confidence,0.99995,deepseek,8,75.0,75.0,0.0,2.12579492595672,12.5,100.0,0.0,0,0,inf,2.125,44501,43555,amc23,47
test,per_environment,deer_confidence,0.99995,deepseek,100,78.0,81.0,3.0,14.694328282553993,31.0,77.41935483870968,22.580645161290324,4,1,4.0,2.85,386673,329854,math500,45
test,per_environment,deer_confidence,0.99995,deepseek,100,77.0,80.0,3.0,10.249593615274629,30.0,73.33333333333333,26.666666666666668,4,1,4.0,2.65,367878,330172,math500,46
test,per_environment,deer_confidence,0.99995,deepseek,100,78.0,79.0,1.0,8.104056261704587,30.0,80.0,20.0,2,1,2.0,3.13,401552,369010,math500,47
test,per_environment,deer_confidence,0.99995,qwen3,6,83.33333333333333,83.33333333333333,0.0,3.8692933820927213,16.666666666666668,100.0,0.0,0,0,inf,29.833333333333332,76293,73341,aime24,45
test,per_environment,deer_confidence,0.99995,qwen3,6,83.33333333333333,83.33333333333333,0.0,0.5875788256490931,16.666666666666668,100.0,0.0,0,0,inf,30.0,74373,73936,aime24,46
test,per_environment,deer_confidence,0.99995,qwen3,6,83.33333333333333,83.33333333333333,0.0,1.4471564526391314,16.666666666666668,100.0,0.0,0,0,inf,28.333333333333332,73869,72800,aime24,47
test,per_environment,deer_confidence,0.99995,qwen3,8,87.5,87.5,0.0,38.34659047030659,87.5,100.0,0.0,0,0,inf,11.875,51796,31934,amc23,45
test,per_environment,deer_confidence,0.99995,qwen3,8,87.5,87.5,0.0,16.072029619656682,50.0,100.0,0.0,0,0,inf,14.125,53478,44883,amc23,46
test,per_environment,deer_confidence,0.99995,qwen3,8,87.5,87.5,0.0,43.36055656382335,87.5,100.0,0.0,0,0,inf,10.25,52896,29960,amc23,47
test,per_environment,deer_confidence,0.99995,qwen3,100,76.0,81.0,5.0,31.8370718462411,74.0,75.67567567567568,24.324324324324323,8,3,2.6666666666666665,10.11,506039,344931,math500,45
test,per_environment,deer_confidence,0.99995,qwen3,100,75.0,82.0,7.0,38.174053268593504,80.0,75.0,25.0,9,2,4.5,9.69,507879,314001,math500,46
test,per_environment,deer_confidence,0.99995,qwen3,100,75.0,80.0,5.0,36.44174603631341,76.0,76.3157894736842,23.68421052631579,9,4,2.25,9.07,521295,331326,math500,47
train,per_model,deer_confidence,0.99999,deepseek,1026,72.70955165692008,73.78167641325535,1.0721247563352827,1.7462849929596642,7.309941520467836,74.66666666666667,25.333333333333332,14,3,4.666666666666667,3.098440545808967,4898914,4813365,,
train,per_model,deer_confidence,0.99999,qwen3,1026,71.15009746588694,76.12085769980507,4.970760233918129,22.097722667693642,65.39961013645224,78.53949329359165,21.460506706408346,80,29,2.7586206896551726,11.995126705653021,6309795,4915474,,
train,per_benchmark,deer_confidence,0.99999,,108,55.55555555555556,55.55555555555556,0.0,1.7566027615625457,14.814814814814815,93.75,6.25,0,0,inf,15.564814814814815,1661161,1631981,aime24,
train,per_benchmark,deer_confidence,0.99999,,144,84.02777777777777,84.02777777777777,0.0,6.7734252841156755,28.47222222222222,100.0,0.0,0,0,inf,10.54861111111111,1078258,1005223,amc23,
train,per_benchmark,deer_confidence,0.99999,,1800,71.94444444444444,75.38888888888889,3.4444444444444446,16.266475702213526,38.27777777777778,76.48766328011611,23.51233671988389,94,32,2.9375,6.825555555555556,8469290,7091635,math500,
train,per_seed,deer_confidence,0.99999,,684,71.49122807017544,75.0,3.508771929824561,12.86900105155844,36.54970760233918,75.6,24.4,34,10,3.4,7.543859649122807,3741114,3259670,,42
train,per_seed,deer_confidence,0.99999,,684,71.78362573099415,74.70760233918129,2.9239766081871346,13.593162084708917,36.69590643274854,80.87649402390439,19.12350597609562,30,10,3.0,7.426900584795321,3746288,3237049,,43
train,per_seed,deer_confidence,0.99999,,684,72.51461988304094,75.14619883040936,2.6315789473684212,13.145569553922856,35.8187134502924,77.95918367346938,22.040816326530614,30,12,2.5,7.669590643274854,3721307,3232120,,44
train,per_environment,deer_confidence,0.99999,deepseek,18,33.333333333333336,33.333333333333336,0.0,-0.18149994661766275,0.0,nan,nan,0,0,inf,6.166666666666667,309091,309652,aime24,42
train,per_environment,deer_confidence,0.99999,deepseek,18,44.44444444444444,44.44444444444444,0.0,0.5337570632662604,5.555555555555555,100.0,0.0,0,0,inf,5.611111111111111,252362,251015,aime24,43
train,per_environment,deer_confidence,0.99999,deepseek,18,50.0,50.0,0.0,-0.15024798583376134,0.0,nan,nan,0,0,inf,4.222222222222222,260902,261294,aime24,44
train,per_environment,deer_confidence,0.99999,deepseek,24,91.66666666666667,91.66666666666667,0.0,0.3439690755421608,4.166666666666667,100.0,0.0,0,0,inf,3.0833333333333335,152630,152105,amc23,42
train,per_environment,deer_confidence,0.99999,deepseek,24,70.83333333333333,70.83333333333333,0.0,2.348668673429132,8.333333333333334,100.0,0.0,0,0,inf,3.1666666666666665,185041,180695,amc23,43
train,per_environment,deer_confidence,0.99999,deepseek,24,87.5,87.5,0.0,0.22289845521679297,4.166666666666667,100.0,0.0,0,0,inf,4.041666666666667,154779,154434,amc23,44
train,per_environment,deer_confidence,0.99999,deepseek,300,72.33333333333333,74.33333333333333,2.0,2.2483102985589247,8.666666666666666,61.53846153846154,38.46153846153846,7,1,7.0,2.85,1203615,1176554,math500,42
train,per_environment,deer_confidence,0.99999,deepseek,300,74.0,75.0,1.0,2.5968833316602664,6.666666666666667,80.0,20.0,4,1,4.0,2.87,1175486,1144960,math500,43
train,per_environment,deer_confidence,0.99999,deepseek,300,74.66666666666667,75.33333333333333,0.6666666666666666,1.854925444478377,8.0,79.16666666666667,20.833333333333332,3,1,3.0,3.0933333333333333,1205008,1182656,math500,44
train,per_environment,deer_confidence,0.99999,qwen3,18,77.77777777777777,77.77777777777777,0.0,4.3023501383850995,27.77777777777778,100.0,0.0,0,0,inf,26.11111111111111,269899,258287,aime24,42
train,per_environment,deer_confidence,0.99999,qwen3,18,55.55555555555556,55.55555555555556,0.0,3.952692085021917,33.333333333333336,100.0,0.0,0,0,inf,25.666666666666668,302275,290327,aime24,43
train,per_environment,deer_confidence,0.99999,qwen3,18,72.22222222222223,72.22222222222223,0.0,1.9600048006240811,22.22222222222222,75.0,25.0,0,0,inf,25.61111111111111,266632,261406,aime24,44
train,per_environment,deer_confidence,0.99999,qwen3,24,83.33333333333333,83.33333333333333,0.0,11.342306742405531,54.166666666666664,100.0,0.0,0,0,inf,17.916666666666668,194352,172308,amc23,42
train,per_environment,deer_confidence,0.99999,qwen3,24,91.66666666666667,91.66666666666667,0.0,11.662582547659593,50.0,100.0,0.0,0,0,inf,17.916666666666668,192616,170152,amc23,43
train,per_environment,deer_confidence,0.99999,qwen3,24,79.16666666666667,79.16666666666667,0.0,11.723496278414807,50.0,100.0,0.0,0,0,inf,17.166666666666668,198840,175529,amc23,44
train,per_environment,deer_confidence,0.99999,qwen3,300,70.0,76.0,6.0,26.10958426386899,68.33333333333333,75.1219512195122,24.878048780487806,27,9,3.0,10.733333333333333,1611527,1190764,math500,42
train,per_environment,deer_confidence,0.99999,qwen3,300,70.66666666666667,76.33333333333333,5.666666666666667,26.768743271317565,70.0,79.04761904761905,20.952380952380953,26,9,2.888888888888889,10.5,1638508,1199900,math500,43
train,per_environment,deer_confidence,0.99999,qwen3,300,70.0,75.33333333333333,5.333333333333333,26.80769790587507,68.0,76.47058823529412,23.529411764705884,27,11,2.4545454545454546,10.906666666666666,1635146,1196801,math500,44
dev,per_model,deer_confidence,0.99999,deepseek,342,73.9766081871345,76.90058479532163,2.9239766081871346,1.7749484773349171,8.187134502923977,53.57142857142857,46.42857142857143,10,0,inf,3.181286549707602,1533791,1506567,,
dev,per_model,deer_confidence,0.99999,qwen3,342,65.78947368421052,77.48538011695906,11.695906432748538,25.385341348465996,67.54385964912281,72.2943722943723,27.705627705627705,44,4,11.0,12.181286549707602,2043967,1525099,,
dev,per_benchmark,deer_confidence,0.99999,,36,72.22222222222223,72.22222222222223,0.0,4.296364516245942,27.77777777777778,100.0,0.0,0,0,inf,14.166666666666666,469071,448918,aime24,
dev,per_benchmark,deer_confidence,0.99999,,48,85.41666666666667,85.41666666666667,0.0,10.42219155123971,29.166666666666668,100.0,0.0,0,0,inf,13.5625,405740,363453,amc23,
dev,per_benchmark,deer_confidence,0.99999,,600,68.5,76.83333333333333,8.333333333333334,17.89350660593789,39.166666666666664,67.23404255319149,32.765957446808514,54,4,13.5,6.821666666666666,2702947,2219295,math500,
dev,per_seed,deer_confidence,0.99999,,228,68.42105263157895,76.75438596491227,8.333333333333334,15.785148486683546,39.473684210526315,67.77777777777777,32.22222222222222,21,2,10.5,7.4035087719298245,1230245,1036049,,42
dev,per_seed,deer_confidence,0.99999,,228,69.29824561403508,77.63157894736842,8.333333333333334,15.808953667266985,37.719298245614034,66.27906976744185,33.72093023255814,20,1,20.0,8.013157894736842,1158274,975163,,43
dev,per_seed,deer_confidence,0.99999,,228,71.9298245614035,77.19298245614036,5.2631578947368425,14.192689610751078,36.40350877192982,77.10843373493977,22.89156626506024,13,1,13.0,7.62719298245614,1189239,1020454,,44
dev,per_environment,deer_confidence,0.99999,deepseek,6,50.0,50.0,0.0,1.2255121209410502,16.666666666666668,100.0,0.0,0,0,inf,5.333333333333333,89432,88336,aime24,42
dev,per_environment,deer_confidence,0.99999,deepseek,6,66.66666666666667,66.66666666666667,0.0,-0.152374154048897,0.0,nan,nan,0,0,inf,4.0,72847,72958,aime24,43
dev,per_environment,deer_confidence,0.99999,deepseek,6,66.66666666666667,66.66666666666667,0.0,-0.2337609210180288,0.0,nan,nan,0,0,inf,5.5,68446,68606,aime24,44
dev,per_environment,deer_confidence,0.99999,deepseek,8,87.5,87.5,0.0,-0.18296315207216407,0.0,nan,nan,0,0,inf,3.75,70506,70635,amc23,42
dev,per_environment,deer_confidence,0.99999,deepseek,8,87.5,87.5,0.0,-0.4285604959057167,0.0,nan,nan,0,0,inf,6.125,52268,52492,amc23,43
dev,per_environment,deer_confidence,0.99999,deepseek,8,87.5,87.5,0.0,2.5464365468173873,12.5,100.0,0.0,0,0,inf,5.75,57767,56296,amc23,44
dev,per_environment,deer_confidence,0.99999,deepseek,100,74.0,78.0,4.0,1.935064900214411,9.0,44.44444444444444,55.55555555555556,4,0,inf,2.58,372649,365438,math500,42
dev,per_environment,deer_confidence,0.99999,deepseek,100,72.0,77.0,5.0,3.9120190271036552,9.0,22.22222222222222,77.77777777777777,5,0,inf,3.14,361169,347040,math500,43
dev,per_environment,deer_confidence,0.99999,deepseek,100,75.0,76.0,1.0,1.0138742034488701,8.0,87.5,12.5,1,0,inf,3.02,388707,384766,math500,44
dev,per_environment,deer_confidence,0.99999,qwen3,6,83.33333333333333,83.33333333333333,0.0,9.62780410742496,50.0,100.0,0.0,0,0,inf,22.333333333333332,79125,71507,aime24,42
dev,per_environment,deer_confidence,0.99999,qwen3,6,83.33333333333333,83.33333333333333,0.0,6.542110640782368,50.0,100.0,0.0,0,0,inf,22.666666666666668,68510,64028,aime24,43
dev,per_environment,deer_confidence,0.99999,qwen3,6,83.33333333333333,83.33333333333333,0.0,7.968162626362845,50.0,100.0,0.0,0,0,inf,25.166666666666668,90711,83483,aime24,44
dev,per_environment,deer_confidence,0.99999,qwen3,8,75.0,75.0,0.0,13.451352282734943,50.0,100.0,0.0,0,0,inf,20.875,78349,67810,amc23,42
dev,per_environment,deer_confidence,0.99999,qwen3,8,87.5,87.5,0.0,18.35088235687623,50.0,100.0,0.0,0,0,inf,24.125,74743,61027,amc23,43
dev,per_environment,deer_confidence,0.99999,qwen3,8,87.5,87.5,0.0,23.456807244788994,62.5,100.0,0.0,0,0,inf,20.75,72107,55193,amc23,44
dev,per_environment,deer_confidence,0.99999,qwen3,100,61.0,76.0,15.0,31.074781926158494,73.0,67.12328767123287,32.87671232876713,17,2,8.5,10.67,540184,372323,math500,42
dev,per_environment,deer_confidence,0.99999,qwen3,100,63.0,77.0,14.0,28.581128235776955,70.0,68.57142857142857,31.428571428571427,15,1,15.0,11.11,528737,377618,math500,43
dev,per_environment,deer_confidence,0.99999,qwen3,100,66.0,77.0,11.0,27.251364122455282,66.0,72.72727272727273,27.272727272727273,12,1,12.0,10.41,511501,372110,math500,44
test,per_model,deer_confidence,0.99999,deepseek,342,78.94736842105263,79.82456140350877,0.8771929824561403,2.6275870355351296,11.11111111111111,78.94736842105263,21.05263157894737,4,1,4.0,3.125730994152047,1464804,1426315,,
test,per_model,deer_confidence,0.99999,qwen3,342,76.0233918128655,81.57894736842105,5.555555555555555,27.04234487605831,68.12865497076024,77.6824034334764,22.317596566523605,26,7,3.7142857142857144,11.397660818713451,1917918,1399268,,
test,per_benchmark,deer_confidence,0.99999,,36,77.77777777777777,77.77777777777777,0.0,0.9652764534158758,8.333333333333334,100.0,0.0,0,0,inf,17.583333333333332,409002,405054,aime24,
test,per_benchmark,deer_confidence,0.99999,,48,85.41666666666667,85.41666666666667,0.0,17.031982549822242,41.666666666666664,100.0,0.0,0,0,inf,8.0,282404,234305,amc23,
test,per_benchmark,deer_confidence,0.99999,,600,76.83333333333333,80.5,3.6666666666666665,18.767472864576288,41.333333333333336,75.80645161290323,24.193548387096776,30,8,3.75,6.583333333333333,2691316,2186224,math500,
test,per_seed,deer_confidence,0.99999,,228,78.50877192982456,81.57894736842105,3.0701754385964914,15.412224029828744,37.719298245614034,79.06976744186046,20.930232558139537,9,2,4.5,7.407894736842105,1132867,958267,,45
test,per_seed,deer_confidence,0.99999,,228,78.0701754385965,81.57894736842105,3.508771929824561,16.62835459493109,39.473684210526315,77.77777777777777,22.22222222222222,10,2,5.0,7.447368421052632,1092345,910706,,46
test,per_seed,deer_confidence,0.99999,,228,75.87719298245614,78.94736842105263,3.0701754385964914,17.356221544522292,41.666666666666664,76.84210526315789,23.157894736842106,11,4,2.75,6.9298245614035086,1157510,956610,,47
test,per_environment,deer_confidence,0.99999,deepseek,6,83.33333333333333,83.33333333333333,0.0,-0.19149379032817596,0.0,nan,nan,0,0,inf,4.666666666666667,72065,72203,aime24,45
test,per_environment,deer_confidence,0.99999,deepseek,6,83.33333333333333,83.33333333333333,0.0,-0.491786552392613,0.0,nan,nan,0,0,inf,8.166666666666666,49005,49246,aime24,46
test,per_environment,deer_confidence,0.99999,deepseek,6,50.0,50.0,0.0,-0.2066343833304415,0.0,nan,nan,0,0,inf,4.5,63397,63528,aime24,47
test,per_environment,deer_confidence,0.99999,deepseek,8,87.5,87.5,0.0,1.3424664383390414,12.5,100.0,0.0,0,0,inf,2.875,40001,39464,amc23,45
test,per_environment,deer_confidence,0.99999,deepseek,8,87.5,87.5,0.0,1.0092620557736838,12.5,100.0,0.0,0,0,inf,3.75,39732,39331,amc23,46
test,per_environment,deer_confidence,0.99999,deepseek,8,75.0,75.0,0.0,2.12579492595672,12.5,100.0,0.0,0,0,inf,2.125,44501,43555,amc23,47
test,per_environment,deer_confidence,0.99999,deepseek,100,80.0,81.0,1.0,4.009589498103049,9.0,88.88888888888889,11.11111111111111,1,0,inf,2.93,386673,371169,math500,45
test,per_environment,deer_confidence,0.99999,deepseek,100,79.0,80.0,1.0,2.5133332246016344,10.0,80.0,20.0,1,0,inf,2.75,367878,358632,math500,46
test,per_environment,deer_confidence,0.99999,deepseek,100,78.0,79.0,1.0,3.079302307048651,16.0,68.75,31.25,2,1,2.0,3.27,401552,389187,math500,47
test,per_environment,deer_confidence,0.99999,qwen3,6,83.33333333333333,83.33333333333333,0.0,3.8692933820927213,16.666666666666668,100.0,0.0,0,0,inf,29.833333333333332,76293,73341,aime24,45
test,per_environment,deer_confidence,0.99999,qwen3,6,83.33333333333333,83.33333333333333,0.0,0.5875788256490931,16.666666666666668,100.0,0.0,0,0,inf,30.0,74373,73936,aime24,46
test,per_environment,deer_confidence,0.99999,qwen3,6,83.33333333333333,83.33333333333333,0.0,1.4471564526391314,16.666666666666668,100.0,0.0,0,0,inf,28.333333333333332,73869,72800,aime24,47
test,per_environment,deer_confidence,0.99999,qwen3,8,87.5,87.5,0.0,36.887018302571626,87.5,100.0,0.0,0,0,inf,12.125,51796,32690,amc23,45
test,per_environment,deer_confidence,0.99999,qwen3,8,87.5,87.5,0.0,7.803208796140469,37.5,100.0,0.0,0,0,inf,16.875,53478,49305,amc23,46
test,per_environment,deer_confidence,0.99999,qwen3,8,87.5,87.5,0.0,43.36055656382335,87.5,100.0,0.0,0,0,inf,10.25,52896,29960,amc23,47
test,per_environment,deer_confidence,0.99999,qwen3,100,75.0,81.0,6.0,27.00167378403641,68.0,75.0,25.0,8,2,4.0,10.69,506039,369400,math500,45
test,per_environment,deer_confidence,0.99999,qwen3,100,75.0,82.0,7.0,33.00451485491623,75.0,76.0,24.0,9,2,4.5,10.29,507879,340256,math500,46
test,per_environment,deer_confidence,0.99999,qwen3,100,74.0,80.0,6.0,31.40544221601972,70.0,75.71428571428571,24.285714285714285,9,3,3.0,9.57,521295,357580,math500,47
train,per_model,deer_confidence,0.999995,deepseek,1026,73.19688109161794,73.78167641325535,0.5847953216374269,0.24672815240275703,2.8265107212475633,72.41379310344827,27.586206896551722,6,0,inf,3.1169590643274856,4898914,4886827,,
train,per_model,deer_confidence,0.999995,qwen3,1026,71.53996101364523,76.12085769980507,4.580896686159844,20.465149818654965,62.865497076023395,79.84496124031008,20.155038759689923,76,29,2.6206896551724137,12.223196881091617,6309795,5018486,,
train,per_benchmark,deer_confidence,0.999995,,108,55.55555555555556,55.55555555555556,0.0,1.607490183070756,13.88888888888889,93.33333333333333,6.666666666666667,0,0,inf,15.574074074074074,1661161,1634458,aime24,
train,per_benchmark,deer_confidence,0.999995,,144,84.02777777777777,84.02777777777777,0.0,5.862604311769539,25.694444444444443,100.0,0.0,0,0,inf,10.708333333333334,1078258,1015044,amc23,
train,per_benchmark,deer_confidence,0.999995,,1800,72.44444444444444,75.38888888888889,2.9444444444444446,14.32798971342344,34.55555555555556,77.97427652733118,22.025723472668812,82,29,2.8275862068965516,6.9527777777777775,8469290,7255811,math500,
train,per_seed,deer_confidence,0.999995,,684,72.36842105263158,75.0,2.6315789473684212,11.21187432406497,32.16374269005848,77.72727272727273,22.272727272727273,27,9,3.0,7.665204678362573,3741114,3321665,,42
train,per_seed,deer_confidence,0.999995,,684,72.07602339181287,74.70760233918129,2.6315789473684212,11.597052869400324,33.62573099415204,81.73913043478261,18.26086956521739,27,9,3.0,7.5774853801169595,3746288,3311829,,43
train,per_seed,deer_confidence,0.999995,,684,72.6608187134503,75.14619883040936,2.4853801169590644,12.078766949354085,32.748538011695906,79.01785714285714,20.982142857142858,28,11,2.5454545454545454,7.767543859649122,3721307,3271819,,44
train,per_environment,deer_confidence,0.999995,deepseek,18,33.333333333333336,33.333333333333336,0.0,-0.18149994661766275,0.0,nan,nan,0,0,inf,6.166666666666667,309091,309652,aime24,42
train,per_environment,deer_confidence,0.999995,deepseek,18,44.44444444444444,44.44444444444444,0.0,-0.20209064756183578,0.0,nan,nan,0,0,inf,5.611111111111111,252362,252872,aime24,43
train,per_environment,deer_confidence,0.999995,deepseek,18,50.0,50.0,0.0,-0.15024798583376134,0.0,nan,nan,0,0,inf,4.222222222222222,260902,261294,aime24,44
train,per_environment,deer_confidence,0.999995,deepseek,24,91.66666666666667,91.66666666666667,0.0,-0.19786411583568106,0.0,nan,nan,0,0,inf,3.0833333333333335,152630,152932,amc23,42
train,per_environment,deer_confidence,0.999995,deepseek,24,70.83333333333333,70.83333333333333,0.0,-0.16590917688512274,0.0,nan,nan,0,0,inf,3.1666666666666665,185041,185348,amc23,43
train,per_environment,deer_confidence,0.999995,deepseek,24,87.5,87.5,0.0,-0.29590577533127876,0.0,nan,nan,0,0,inf,4.041666666666667,154779,155237,amc23,44
train,per_environment,deer_confidence,0.999995,deepseek,300,73.66666666666667,74.33333333333333,0.6666666666666666,0.1464754094955613,3.0,55.55555555555556,44.44444444444444,2,0,inf,2.88,1203615,1201852,math500,42
train,per_environment,deer_confidence,0.999995,deepseek,300,74.33333333333333,75.0,0.6666666666666666,0.4436462875780741,3.0,77.77777777777777,22.22222222222222,2,0,inf,2.8933333333333335,1175486,1170271,math500,43
train,per_environment,deer_confidence,0.999995,deepseek,300,74.66666666666667,75.33333333333333,0.6666666666666666,0.6339376999986722,3.6666666666666665,81.81818181818181,18.181818181818183,2,0,inf,3.1033333333333335,1205008,1197369,math500,44
train,per_environment,deer_confidence,0.999995,qwen3,18,77.77777777777777,77.77777777777777,0.0,4.3023501383850995,27.77777777777778,100.0,0.0,0,0,inf,26.11111111111111,269899,258287,aime24,42
train,per_environment,deer_confidence,0.999995,qwen3,18,55.55555555555556,55.55555555555556,0.0,3.952692085021917,33.333333333333336,100.0,0.0,0,0,inf,25.666666666666668,302275,290327,aime24,43
train,per_environment,deer_confidence,0.999995,qwen3,18,72.22222222222223,72.22222222222223,0.0,1.7274745716943203,22.22222222222222,75.0,25.0,0,0,inf,25.666666666666668,266632,262026,aime24,44
train,per_environment,deer_confidence,0.999995,qwen3,24,83.33333333333333,83.33333333333333,0.0,10.809767843912077,54.166666666666664,100.0,0.0,0,0,inf,18.041666666666668,194352,173343,amc23,42
train,per_environment,deer_confidence,0.999995,qwen3,24,91.66666666666667,91.66666666666667,0.0,11.396768700419488,50.0,100.0,0.0,0,0,inf,18.083333333333332,192616,170664,amc23,43
train,per_environment,deer_confidence,0.999995,qwen3,24,79.16666666666667,79.16666666666667,0.0,10.72218869442768,50.0,100.0,0.0,0,0,inf,17.833333333333332,198840,177520,amc23,44
train,per_environment,deer_confidence,0.999995,qwen3,300,70.66666666666667,76.0,5.333333333333333,23.947969844749732,64.33333333333333,76.6839378238342,23.316062176165804,25,9,2.7777777777777777,10.97,1611527,1225599,math500,42
train,per_environment,deer_confidence,0.999995,qwen3,300,71.0,76.33333333333333,5.333333333333333,24.178154760306327,67.66666666666667,80.29556650246306,19.704433497536947,25,9,2.7777777777777777,10.806666666666667,1638508,1242347,math500,43
train,per_environment,deer_confidence,0.999995,qwen3,300,70.33333333333333,75.33333333333333,5.0,25.488427333094414,65.66666666666667,77.66497461928934,22.33502538071066,26,11,2.3636363636363638,11.063333333333333,1635146,1218373,math500,44
dev,per_model,deer_confidence,0.999995,deepseek,342,75.43859649122807,76.90058479532163,1.4619883040935673,0.3461358164182734,3.508771929824561,58.333333333333336,41.666666666666664,5,0,inf,3.198830409356725,1533791,1528482,,
dev,per_model,deer_confidence,0.999995,qwen3,342,66.66666666666667,77.48538011695906,10.818713450292398,23.06397314633749,65.2046783625731,73.09417040358744,26.905829596412556,41,4,10.25,12.45906432748538,2043967,1572547,,
dev,per_benchmark,deer_confidence,0.999995,,36,72.22222222222223,72.22222222222223,0.0,4.296364516245942,27.77777777777778,100.0,0.0,0,0,inf,14.166666666666666,469071,448918,aime24,
dev,per_benchmark,deer_confidence,0.999995,,48,85.41666666666667,85.41666666666667,0.0,9.876028984078474,29.166666666666668,100.0,0.0,0,0,inf,13.854166666666666,405740,365669,amc23,
dev,per_benchmark,deer_confidence,0.999995,,600,69.83333333333333,76.83333333333333,7.0,15.409292154082193,35.166666666666664,69.19431279620854,30.805687203791468,46,4,11.5,6.966666666666667,2702947,2286442,math500,
dev,per_seed,deer_confidence,0.999995,,228,68.85964912280701,76.75438596491227,7.894736842105263,14.420623534336656,36.40350877192982,67.46987951807229,32.53012048192771,20,2,10.0,7.5394736842105265,1230245,1052836,,42
dev,per_seed,deer_confidence,0.999995,,228,71.49122807017544,77.63157894736842,6.140350877192983,12.761315543645113,33.771929824561404,72.72727272727273,27.272727272727273,15,1,15.0,8.179824561403509,1158274,1010463,,43
dev,per_seed,deer_confidence,0.999995,,228,72.80701754385964,77.19298245614036,4.385964912280702,12.739995913352994,32.89473684210526,77.33333333333333,22.666666666666668,11,1,11.0,7.767543859649122,1189239,1037730,,44
dev,per_environment,deer_confidence,0.999995,deepseek,6,50.0,50.0,0.0,1.2255121209410502,16.666666666666668,100.0,0.0,0,0,inf,5.333333333333333,89432,88336,aime24,42
dev,per_environment,deer_confidence,0.999995,deepseek,6,66.66666666666667,66.66666666666667,0.0,-0.152374154048897,0.0,nan,nan,0,0,inf,4.0,72847,72958,aime24,43
dev,per_environment,deer_confidence,0.999995,deepseek,6,66.66666666666667,66.66666666666667,0.0,-0.2337609210180288,0.0,nan,nan,0,0,inf,5.5,68446,68606,aime24,44
dev,per_environment,deer_confidence,0.999995,deepseek,8,87.5,87.5,0.0,-0.18296315207216407,0.0,nan,nan,0,0,inf,3.75,70506,70635,amc23,42
dev,per_environment,deer_confidence,0.999995,deepseek,8,87.5,87.5,0.0,-0.4285604959057167,0.0,nan,nan,0,0,inf,6.125,52268,52492,amc23,43
dev,per_environment,deer_confidence,0.999995,deepseek,8,87.5,87.5,0.0,2.5464365468173873,12.5,100.0,0.0,0,0,inf,5.75,57767,56296,amc23,44
dev,per_environment,deer_confidence,0.999995,deepseek,100,74.0,78.0,4.0,1.1249191598528374,6.0,33.333333333333336,66.66666666666667,4,0,inf,2.61,372649,368457,math500,42
dev,per_environment,deer_confidence,0.999995,deepseek,100,76.0,77.0,1.0,-0.015228328012647818,2.0,50.0,50.0,1,0,inf,3.17,361169,361224,math500,43
dev,per_environment,deer_confidence,0.999995,deepseek,100,76.0,76.0,0.0,-0.19834991394546536,2.0,100.0,0.0,0,0,inf,3.02,388707,389478,math500,44
dev,per_environment,deer_confidence,0.999995,qwen3,6,83.33333333333333,83.33333333333333,0.0,9.62780410742496,50.0,100.0,0.0,0,0,inf,22.333333333333332,79125,71507,aime24,42
dev,per_environment,deer_confidence,0.999995,qwen3,6,83.33333333333333,83.33333333333333,0.0,6.542110640782368,50.0,100.0,0.0,0,0,inf,22.666666666666668,68510,64028,aime24,43
dev,per_environment,deer_confidence,0.999995,qwen3,6,83.33333333333333,83.33333333333333,0.0,7.968162626362845,50.0,100.0,0.0,0,0,inf,25.166666666666668,90711,83483,aime24,44
dev,per_environment,deer_confidence,0.999995,qwen3,8,75.0,75.0,0.0,13.451352282734943,50.0,100.0,0.0,0,0,inf,20.875,78349,67810,amc23,42
dev,per_environment,deer_confidence,0.999995,qwen3,8,87.5,87.5,0.0,17.748819287424908,50.0,100.0,0.0,0,0,inf,24.625,74743,61477,amc23,43
dev,per_environment,deer_confidence,0.999995,qwen3,8,87.5,87.5,0.0,21.007669158334142,62.5,100.0,0.0,0,0,inf,22.0,72107,56959,amc23,44
dev,per_environment,deer_confidence,0.999995,qwen3,100,62.0,76.0,14.0,28.52602076329547,69.0,66.66666666666667,33.333333333333336,16,2,8.0,10.95,540184,386091,math500,42
dev,per_environment,deer_confidence,0.999995,qwen3,100,64.0,77.0,13.0,24.672568781832933,68.0,70.58823529411765,29.41176470588235,14,1,14.0,11.42,528737,398284,math500,43
dev,per_environment,deer_confidence,0.999995,qwen3,100,67.0,77.0,10.0,25.140322306310253,64.0,73.4375,26.5625,11,1,11.0,10.63,511501,382908,math500,44
test,per_model,deer_confidence,0.999995,deepseek,342,79.53216374269006,79.82456140350877,0.29239766081871343,1.1463649744266127,4.678362573099415,87.5,12.5,1,0,inf,3.152046783625731,1464804,1448012,,
test,per_model,deer_confidence,0.999995,qwen3,342,76.0233918128655,81.57894736842105,5.555555555555555,25.164631647442697,66.37426900584795,77.09251101321586,22.90748898678414,26,7,3.7142857142857144,11.850877192982455,1917918,1435281,,
test,per_benchmark,deer_confidence,0.999995,,36,77.77777777777777,77.77777777777777,0.0,0.6963291133050694,8.333333333333334,100.0,0.0,0,0,inf,17.63888888888889,409002,406154,aime24,
test,per_benchmark,deer_confidence,0.999995,,48,85.41666666666667,85.41666666666667,0.0,15.600345604169913,35.416666666666664,100.0,0.0,0,0,inf,8.145833333333334,282404,238348,amc23,
test,per_benchmark,deer_confidence,0.999995,,600,77.16666666666667,80.5,3.3333333333333335,16.814264842924427,37.166666666666664,75.7847533632287,24.2152466367713,27,7,3.857142857142857,6.841666666666667,2691316,2238791,math500,
test,per_seed,deer_confidence,0.999995,,228,78.94736842105263,81.57894736842105,2.6315789473684212,13.813978163367809,34.21052631578947,78.2051282051282,21.794871794871796,8,2,4.0,7.583333333333333,1132867,976373,,45
test,per_seed,deer_confidence,0.999995,,228,78.0701754385965,81.57894736842105,3.508771929824561,15.10035748779003,35.96491228070175,76.82926829268293,23.170731707317074,10,2,5.0,7.671052631578948,1092345,927397,,46
test,per_seed,deer_confidence,0.999995,,228,76.3157894736842,78.94736842105263,2.6315789473684212,15.37671380808805,36.40350877192982,78.3132530120482,21.686746987951807,9,3,3.0,7.25,1157510,979523,,47
test,per_environment,deer_confidence,0.999995,deepseek,6,83.33333333333333,83.33333333333333,0.0,-0.19149379032817596,0.0,nan,nan,0,0,inf,4.666666666666667,72065,72203,aime24,45
test,per_environment,deer_confidence,0.999995,deepseek,6,83.33333333333333,83.33333333333333,0.0,-0.491786552392613,0.0,nan,nan,0,0,inf,8.166666666666666,49005,49246,aime24,46
test,per_environment,deer_confidence,0.999995,deepseek,6,50.0,50.0,0.0,-0.2066343833304415,0.0,nan,nan,0,0,inf,4.5,63397,63528,aime24,47
test,per_environment,deer_confidence,0.999995,deepseek,8,87.5,87.5,0.0,-0.2174945626359341,0.0,nan,nan,0,0,inf,2.875,40001,40088,amc23,45
test,per_environment,deer_confidence,0.999995,deepseek,8,87.5,87.5,0.0,-0.2844055169636565,0.0,nan,nan,0,0,inf,3.75,39732,39845,amc23,46
test,per_environment,deer_confidence,0.999995,deepseek,8,75.0,75.0,0.0,-0.16404125749983148,0.0,nan,nan,0,0,inf,2.125,44501,44574,amc23,47
test,per_environment,deer_confidence,0.999995,deepseek,100,81.0,81.0,0.0,2.9340036671813134,5.0,100.0,0.0,0,0,inf,2.93,386673,375328,math500,45
test,per_environment,deer_confidence,0.999995,deepseek,100,79.0,80.0,1.0,0.6793012901016098,4.0,75.0,25.0,1,0,inf,2.82,367878,365379,math500,46
test,per_environment,deer_confidence,0.999995,deepseek,100,79.0,79.0,0.0,0.9291449177192493,7.0,85.71428571428571,14.285714285714286,0,0,inf,3.29,401552,397821,math500,47
test,per_environment,deer_confidence,0.999995,qwen3,6,83.33333333333333,83.33333333333333,0.0,3.8692933820927213,16.666666666666668,100.0,0.0,0,0,inf,29.833333333333332,76293,73341,aime24,45
test,per_environment,deer_confidence,0.999995,qwen3,6,83.33333333333333,83.33333333333333,0.0,0.5875788256490931,16.666666666666668,100.0,0.0,0,0,inf,30.0,74373,73936,aime24,46
test,per_environment,deer_confidence,0.999995,qwen3,6,83.33333333333333,83.33333333333333,0.0,-0.04196618337868389,16.666666666666668,100.0,0.0,0,0,inf,28.666666666666668,73869,73900,aime24,47
test,per_environment,deer_confidence,0.999995,qwen3,8,87.5,87.5,0.0,34.48721909027724,87.5,100.0,0.0,0,0,inf,12.75,51796,33933,amc23,45
test,per_environment,deer_confidence,0.999995,qwen3,8,87.5,87.5,0.0,6.673772392385654,37.5,100.0,0.0,0,0,inf,17.0,53478,49909,amc23,46
test,per_environment,deer_confidence,0.999995,qwen3,8,87.5,87.5,0.0,43.28682698124622,87.5,100.0,0.0,0,0,inf,10.375,52896,29999,amc23,47
test,per_environment,deer_confidence,0.999995,qwen3,100,75.0,81.0,6.0,24.614505996573385,65.0,73.84615384615384,26.153846153846153,8,2,4.0,11.04,506039,381480,math500,45
test,per_environment,deer_confidence,0.999995,qwen3,100,75.0,82.0,7.0,31.266699351617216,74.0,75.67567567567568,24.324324324324323,9,2,4.5,10.72,507879,349082,math500,46
test,per_environment,deer_confidence,0.999995,qwen3,100,74.0,80.0,6.0,29.080271247566156,68.0,75.0,25.0,9,3,3.0,10.25,521295,369701,math500,47
train,per_model,deer_confidence,0.999999,deepseek,1026,73.58674463937622,73.78167641325535,0.1949317738791423,-0.28463451287366953,0.4873294346978557,40.0,60.0,2,0,inf,3.1267056530214425,4898914,4912858,,
train,per_model,deer_confidence,0.999999,qwen3,1026,71.83235867446393,76.12085769980507,4.288499025341131,16.154185674811938,56.432748538011694,80.13816925734024,19.86183074265976,71,27,2.6296296296296298,12.734892787524366,6309795,5290499,,
train,per_benchmark,deer_confidence,0.999999,,108,55.55555555555556,55.55555555555556,0.0,0.7281654216538914,12.037037037037036,92.3076923076923,7.6923076923076925,0,0,inf,15.703703703703704,1661161,1649065,aime24,
train,per_benchmark,deer_confidence,0.999999,,144,84.02777777777777,84.02777777777777,0.0,4.236277402996315,23.61111111111111,100.0,0.0,0,0,inf,10.958333333333334,1078258,1032580,amc23,
train,per_benchmark,deer_confidence,0.999999,,1800,72.83333333333333,75.38888888888889,2.5555555555555554,11.18839949984001,29.833333333333332,78.2122905027933,21.787709497206706,73,27,2.7037037037037037,7.222222222222222,8469290,7521712,math500,
train,per_seed,deer_confidence,0.999999,,684,72.953216374269,75.0,2.046783625730994,8.599550828977678,27.63157894736842,78.83597883597884,21.164021164021165,23,9,2.5555555555555554,7.89766081871345,3741114,3419395,,42
train,per_seed,deer_confidence,0.999999,,684,72.36842105263158,74.70760233918129,2.3391812865497075,8.985294243261597,29.678362573099417,81.2807881773399,18.7192118226601,25,9,2.7777777777777777,7.869883040935672,3746288,3409673,,43
train,per_seed,deer_confidence,0.999999,,684,72.80701754385964,75.14619883040936,2.3391812865497075,9.325164518810192,28.07017543859649,79.16666666666667,20.833333333333332,25,9,2.7777777777777777,8.024853801169591,3721307,3374289,,44
train,per_environment,deer_confidence,0.999999,deepseek,18,33.333333333333336,33.333333333333336,0.0,-0.18149994661766275,0.0,nan,nan,0,0,inf,6.166666666666667,309091,309652,aime24,42
train,per_environment,deer_confidence,0.999999,deepseek,18,44.44444444444444,44.44444444444444,0.0,-0.20209064756183578,0.0,nan,nan,0,0,inf,5.611111111111111,252362,252872,aime24,43
train,per_environment,deer_confidence,0.999999,deepseek,18,50.0,50.0,0.0,-0.15024798583376134,0.0,nan,nan,0,0,inf,4.222222222222222,260902,261294,aime24,44
train,per_environment,deer_confidence,0.999999,deepseek,24,91.66666666666667,91.66666666666667,0.0,-0.19786411583568106,0.0,nan,nan,0,0,inf,3.0833333333333335,152630,152932,amc23,42
train,per_environment,deer_confidence,0.999999,deepseek,24,70.83333333333333,70.83333333333333,0.0,-0.16590917688512274,0.0,nan,nan,0,0,inf,3.1666666666666665,185041,185348,amc23,43
train,per_environment,deer_confidence,0.999999,deepseek,24,87.5,87.5,0.0,-0.29590577533127876,0.0,nan,nan,0,0,inf,4.041666666666667,154779,155237,amc23,44
train,per_environment,deer_confidence,0.999999,deepseek,300,74.0,74.33333333333333,0.3333333333333333,-0.28439326528831893,0.6666666666666666,0.0,100.0,1,0,inf,2.8866666666666667,1203615,1207038,math500,42
train,per_environment,deer_confidence,0.999999,deepseek,300,74.66666666666667,75.0,0.3333333333333333,-0.3398594283555908,0.3333333333333333,0.0,100.0,1,0,inf,2.9,1175486,1179481,math500,43
train,per_environment,deer_confidence,0.999999,deepseek,300,75.33333333333333,75.33333333333333,0.0,-0.33161605566104124,0.6666666666666666,100.0,0.0,0,0,inf,3.1233333333333335,1205008,1209004,math500,44
train,per_environment,deer_confidence,0.999999,qwen3,18,77.77777777777777,77.77777777777777,0.0,1.274921359471506,22.22222222222222,100.0,0.0,0,0,inf,26.61111111111111,269899,266458,aime24,42
train,per_environment,deer_confidence,0.999999,qwen3,18,55.55555555555556,55.55555555555556,0.0,2.505996195517327,27.77777777777778,100.0,0.0,0,0,inf,25.77777777777778,302275,294700,aime24,43
train,per_environment,deer_confidence,0.999999,qwen3,18,72.22222222222223,72.22222222222223,0.0,0.9537489873683579,22.22222222222222,75.0,25.0,0,0,inf,25.833333333333332,266632,264089,aime24,44
train,per_environment,deer_confidence,0.999999,qwen3,24,83.33333333333333,83.33333333333333,0.0,9.629949781839137,54.166666666666664,100.0,0.0,0,0,inf,18.708333333333332,194352,175636,amc23,42
train,per_environment,deer_confidence,0.999999,qwen3,24,91.66666666666667,91.66666666666667,0.0,8.871537151638494,45.833333333333336,100.0,0.0,0,0,inf,18.166666666666668,192616,175528,amc23,43
train,per_environment,deer_confidence,0.999999,qwen3,24,79.16666666666667,79.16666666666667,0.0,5.502414001207001,41.666666666666664,100.0,0.0,0,0,inf,18.583333333333332,198840,187899,amc23,44
train,per_environment,deer_confidence,0.999999,qwen3,300,71.66666666666667,76.0,4.333333333333333,18.854663930545378,56.666666666666664,77.6470588235294,22.352941176470587,22,9,2.4444444444444446,11.41,1611527,1307679,math500,42
train,per_environment,deer_confidence,0.999999,qwen3,300,71.33333333333333,76.33333333333333,5.0,19.332465877493426,62.0,80.10752688172043,19.892473118279568,24,9,2.6666666666666665,11.453333333333333,1638508,1321744,math500,43
train,per_environment,deer_confidence,0.999999,qwen3,300,70.0,75.33333333333333,5.333333333333333,20.69417654447982,58.666666666666664,77.8409090909091,22.15909090909091,25,9,2.7777777777777777,11.56,1635146,1296766,math500,44
dev,per_model,deer_confidence,0.999999,deepseek,342,76.60818713450293,76.90058479532163,0.29239766081871343,-0.32051302948054855,0.5847953216374269,50.0,50.0,1,0,inf,3.216374269005848,1533791,1538707,,
dev,per_model,deer_confidence,0.999999,qwen3,342,67.25146198830409,77.48538011695906,10.23391812865497,17.752732798523656,58.47953216374269,74.0,26.0,39,4,9.75,13.157894736842104,2043967,1681107,,
dev,per_benchmark,deer_confidence,0.999999,,36,72.22222222222223,72.22222222222223,0.0,2.480861106314396,22.22222222222222,100.0,0.0,0,0,inf,14.833333333333334,469071,457434,aime24,
dev,per_benchmark,deer_confidence,0.999999,,48,85.41666666666667,85.41666666666667,0.0,6.335091437866614,22.916666666666668,100.0,0.0,0,0,inf,14.354166666666666,405740,380036,amc23,
dev,per_benchmark,deer_confidence,0.999999,,600,70.83333333333333,76.83333333333333,6.0,11.861238862619208,30.5,71.03825136612022,28.961748633879782,40,4,10.0,7.295,2702947,2382344,math500,
dev,per_seed,deer_confidence,0.999999,,228,71.05263157894737,76.75438596491227,5.701754385964913,10.486529105991083,30.263157894736842,72.46376811594203,27.536231884057973,15,2,7.5,7.9298245614035086,1230245,1101235,,42
dev,per_seed,deer_confidence,0.999999,,228,71.9298245614035,77.63157894736842,5.701754385964913,10.356616828142563,30.263157894736842,72.46376811594203,27.536231884057973,14,1,14.0,8.486842105263158,1158274,1038316,,43
dev,per_seed,deer_confidence,0.999999,,228,72.80701754385964,77.19298245614036,4.385964912280702,9.163507083101042,28.07017543859649,76.5625,23.4375,11,1,11.0,8.144736842105264,1189239,1080263,,44
dev,per_environment,deer_confidence,0.999999,deepseek,6,50.0,50.0,0.0,-0.20015207084712408,0.0,nan,nan,0,0,inf,5.833333333333333,89432,89611,aime24,42
dev,per_environment,deer_confidence,0.999999,deepseek,6,66.66666666666667,66.66666666666667,0.0,-0.152374154048897,0.0,nan,nan,0,0,inf,4.0,72847,72958,aime24,43
dev,per_environment,deer_confidence,0.999999,deepseek,6,66.66666666666667,66.66666666666667,0.0,-0.2337609210180288,0.0,nan,nan,0,0,inf,5.5,68446,68606,aime24,44
dev,per_environment,deer_confidence,0.999999,deepseek,8,87.5,87.5,0.0,-0.18296315207216407,0.0,nan,nan,0,0,inf,3.75,70506,70635,amc23,42
dev,per_environment,deer_confidence,0.999999,deepseek,8,87.5,87.5,0.0,-0.4285604959057167,0.0,nan,nan,0,0,inf,6.125,52268,52492,amc23,43
dev,per_environment,deer_confidence,0.999999,deepseek,8,87.5,87.5,0.0,-0.3479495213530216,0.0,nan,nan,0,0,inf,5.75,57767,57968,amc23,44
dev,per_environment,deer_confidence,0.999999,deepseek,100,78.0,78.0,0.0,-0.16396126113313064,1.0,100.0,0.0,0,0,inf,2.63,372649,373260,math500,42
dev,per_environment,deer_confidence,0.999999,deepseek,100,76.0,77.0,1.0,-0.35357408858456846,1.0,0.0,100.0,1,0,inf,3.18,361169,362446,math500,43
dev,per_environment,deer_confidence,0.999999,deepseek,100,76.0,76.0,0.0,-0.5207006820046977,0.0,nan,nan,0,0,inf,3.02,388707,390731,math500,44
dev,per_environment,deer_confidence,0.999999,qwen3,6,83.33333333333333,83.33333333333333,0.0,1.435703001579779,33.333333333333336,100.0,0.0,0,0,inf,24.833333333333332,79125,77989,aime24,42
dev,per_environment,deer_confidence,0.999999,qwen3,6,83.33333333333333,83.33333333333333,0.0,5.967012115019705,50.0,100.0,0.0,0,0,inf,23.166666666666668,68510,64422,aime24,43
dev,per_environment,deer_confidence,0.999999,qwen3,6,83.33333333333333,83.33333333333333,0.0,7.565785847361401,50.0,100.0,0.0,0,0,inf,25.666666666666668,90711,83848,aime24,44
dev,per_environment,deer_confidence,0.999999,qwen3,8,75.0,75.0,0.0,10.487689696103333,50.0,100.0,0.0,0,0,inf,21.25,78349,70132,amc23,42
dev,per_environment,deer_confidence,0.999999,qwen3,8,87.5,87.5,0.0,13.202574154101388,37.5,100.0,0.0,0,0,inf,26.0,74743,64875,amc23,43
dev,per_environment,deer_confidence,0.999999,qwen3,8,87.5,87.5,0.0,11.334544496373445,50.0,100.0,0.0,0,0,inf,23.25,72107,63934,amc23,44
dev,per_environment,deer_confidence,0.999999,qwen3,100,63.0,76.0,13.0,22.32128311834486,62.0,69.35483870967742,30.64516129032258,15,2,7.5,11.61,540184,419608,math500,42
dev,per_environment,deer_confidence,0.999999,qwen3,100,65.0,77.0,12.0,20.35302995629207,62.0,70.96774193548387,29.032258064516128,13,1,13.0,11.97,528737,421123,math500,43
dev,per_environment,deer_confidence,0.999999,qwen3,100,67.0,77.0,10.0,18.831830240801093,57.0,73.6842105263158,26.31578947368421,11,1,11.0,11.36,511501,415176,math500,44
test,per_model,deer_confidence,0.999999,deepseek,342,79.82456140350877,79.82456140350877,0.0,-0.35977509619034354,0.29239766081871343,100.0,0.0,0,0,inf,3.1608187134502925,1464804,1470074,,
test,per_model,deer_confidence,0.999999,qwen3,342,75.73099415204679,81.57894736842105,5.847953216374269,19.526069414855066,59.64912280701754,76.47058823529412,23.529411764705884,25,5,5.0,12.532163742690058,1917918,1543424,,
test,per_benchmark,deer_confidence,0.999999,,36,77.77777777777777,77.77777777777777,0.0,-2.3552452066249066,0.0,nan,nan,0,0,inf,17.75,409002,418635,aime24,
test,per_benchmark,deer_confidence,0.999999,,48,85.41666666666667,85.41666666666667,0.0,14.789804676987577,35.416666666666664,100.0,0.0,0,0,inf,8.354166666666666,282404,240637,amc23,
test,per_benchmark,deer_confidence,0.999999,,600,77.16666666666667,80.5,3.3333333333333335,12.525099245127663,31.333333333333332,74.46808510638297,25.53191489361702,25,5,5.0,7.211666666666667,2691316,2354226,math500,
test,per_seed,deer_confidence,0.999999,,228,78.94736842105263,81.57894736842105,2.6315789473684212,9.138054158166845,27.19298245614035,77.41935483870968,22.580645161290324,7,1,7.0,7.973684210526316,1132867,1029345,,45
test,per_seed,deer_confidence,0.999999,,228,78.50877192982456,81.57894736842105,3.0701754385964914,12.045095642860085,30.70175438596491,75.71428571428571,24.285714285714285,9,2,4.5,7.947368421052632,1092345,960771,,46
test,per_seed,deer_confidence,0.999999,,228,75.87719298245614,78.94736842105263,3.0701754385964914,11.587632072293111,32.01754385964912,76.71232876712328,23.28767123287671,9,2,4.5,7.618421052631579,1157510,1023382,,47
test,per_environment,deer_confidence,0.999999,deepseek,6,83.33333333333333,83.33333333333333,0.0,-0.19149379032817596,0.0,nan,nan,0,0,inf,4.666666666666667,72065,72203,aime24,45
test,per_environment,deer_confidence,0.999999,deepseek,6,83.33333333333333,83.33333333333333,0.0,-0.491786552392613,0.0,nan,nan,0,0,inf,8.166666666666666,49005,49246,aime24,46
test,per_environment,deer_confidence,0.999999,deepseek,6,50.0,50.0,0.0,-0.2066343833304415,0.0,nan,nan,0,0,inf,4.5,63397,63528,aime24,47
test,per_environment,deer_confidence,0.999999,deepseek,8,87.5,87.5,0.0,-0.2174945626359341,0.0,nan,nan,0,0,inf,2.875,40001,40088,amc23,45
test,per_environment,deer_confidence,0.999999,deepseek,8,87.5,87.5,0.0,-0.2844055169636565,0.0,nan,nan,0,0,inf,3.75,39732,39845,amc23,46
test,per_environment,deer_confidence,0.999999,deepseek,8,75.0,75.0,0.0,-0.16404125749983148,0.0,nan,nan,0,0,inf,2.125,44501,44574,amc23,47
test,per_environment,deer_confidence,0.999999,deepseek,100,81.0,81.0,0.0,-0.4722336444489271,0.0,nan,nan,0,0,inf,2.95,386673,388499,math500,45
test,per_environment,deer_confidence,0.999999,deepseek,100,80.0,80.0,0.0,-0.44552813704543354,0.0,nan,nan,0,0,inf,2.82,367878,369517,math500,46
test,per_environment,deer_confidence,0.999999,deepseek,100,79.0,79.0,0.0,-0.25451249153285255,1.0,100.0,0.0,0,0,inf,3.3,401552,402574,math500,47
test,per_environment,deer_confidence,0.999999,qwen3,6,83.33333333333333,83.33333333333333,0.0,-4.14716946508854,0.0,nan,nan,0,0,inf,30.0,76293,79457,aime24,45
test,per_environment,deer_confidence,0.999999,qwen3,6,83.33333333333333,83.33333333333333,0.0,-4.005485861804687,0.0,nan,nan,0,0,inf,30.0,74373,77352,aime24,46
test,per_environment,deer_confidence,0.999999,qwen3,6,83.33333333333333,83.33333333333333,0.0,-4.034168595757354,0.0,nan,nan,0,0,inf,29.166666666666668,73869,76849,aime24,47
test,per_environment,deer_confidence,0.999999,qwen3,8,87.5,87.5,0.0,33.66090045563364,87.5,100.0,0.0,0,0,inf,13.0,51796,34361,amc23,45
test,per_environment,deer_confidence,0.999999,qwen3,8,87.5,87.5,0.0,5.361083062193799,37.5,100.0,0.0,0,0,inf,17.25,53478,50611,amc23,46
test,per_environment,deer_confidence,0.999999,qwen3,8,87.5,87.5,0.0,41.09573502722323,87.5,100.0,0.0,0,0,inf,11.125,52896,31158,amc23,47
test,per_environment,deer_confidence,0.999999,qwen3,100,75.0,81.0,6.0,18.042482891634833,55.0,74.54545454545455,25.454545454545453,7,1,7.0,11.88,506039,414737,math500,45
test,per_environment,deer_confidence,0.999999,qwen3,100,75.0,82.0,7.0,26.321033159473025,67.0,74.6268656716418,25.37313432835821,9,2,4.5,11.33,507879,374200,math500,46
test,per_environment,deer_confidence,0.999999,qwen3,100,73.0,80.0,7.0,22.366606240228663,65.0,73.84615384615384,26.153846153846153,9,2,4.5,10.99,521295,404699,math500,47
train,per_model,deer_confidence,0.9999995,deepseek,1026,73.78167641325535,73.78167641325535,0.0,-0.3533640312934663,0.09746588693957114,100.0,0.0,0,0,inf,3.1267056530214425,4898914,4916225,,
train,per_model,deer_confidence,0.9999995,qwen3,1026,72.22222222222223,76.12085769980507,3.898635477582846,13.926648964031319,52.826510721247566,80.99630996309963,19.00369003690037,65,25,2.6,13.005847953216374,6309795,5431052,,
train,per_benchmark,deer_confidence,0.9999995,,108,55.55555555555556,55.55555555555556,0.0,0.49627940940101534,12.037037037037036,92.3076923076923,7.6923076923076925,0,0,inf,15.768518518518519,1661161,1652917,aime24,
train,per_benchmark,deer_confidence,0.9999995,,144,84.02777777777777,84.02777777777777,0.0,4.1028214026698615,23.61111111111111,100.0,0.0,0,0,inf,11.0,1078258,1034019,amc23,
train,per_benchmark,deer_confidence,0.9999995,,1800,73.16666666666667,75.38888888888889,2.2222222222222223,9.551556269769957,27.555555555555557,79.43548387096774,20.56451612903226,65,25,2.6,7.3694444444444445,8469290,7660341,math500,
train,per_seed,deer_confidence,0.9999995,,684,73.39181286549707,75.0,1.608187134502924,7.176258194751616,24.853801169590643,81.17647058823529,18.823529411764707,20,9,2.2222222222222223,8.023391812865498,3741114,3472642,,42
train,per_seed,deer_confidence,0.9999995,,684,72.51461988304094,74.70760233918129,2.192982456140351,7.9153284531248,27.923976608187136,82.19895287958116,17.801047120418847,22,7,3.142857142857143,7.997076023391813,3746288,3449757,,43
train,per_seed,deer_confidence,0.9999995,,684,73.09941520467837,75.14619883040936,2.046783625730994,7.96572279578116,26.608187134502923,79.67032967032966,20.32967032967033,23,9,2.5555555555555554,8.178362573099415,3721307,3424878,,44
train,per_environment,deer_confidence,0.9999995,deepseek,18,33.333333333333336,33.333333333333336,0.0,-0.18149994661766275,0.0,nan,nan,0,0,inf,6.166666666666667,309091,309652,aime24,42
train,per_environment,deer_confidence,0.9999995,deepseek,18,44.44444444444444,44.44444444444444,0.0,-0.20209064756183578,0.0,nan,nan,0,0,inf,5.611111111111111,252362,252872,aime24,43
train,per_environment,deer_confidence,0.9999995,deepseek,18,50.0,50.0,0.0,-0.15024798583376134,0.0,nan,nan,0,0,inf,4.222222222222222,260902,261294,aime24,44
train,per_environment,deer_confidence,0.9999995,deepseek,24,91.66666666666667,91.66666666666667,0.0,-0.19786411583568106,0.0,nan,nan,0,0,inf,3.0833333333333335,152630,152932,amc23,42
train,per_environment,deer_confidence,0.9999995,deepseek,24,70.83333333333333,70.83333333333333,0.0,-0.16590917688512274,0.0,nan,nan,0,0,inf,3.1666666666666665,185041,185348,amc23,43
train,per_environment,deer_confidence,0.9999995,deepseek,24,87.5,87.5,0.0,-0.29590577533127876,0.0,nan,nan,0,0,inf,4.041666666666667,154779,155237,amc23,44
train,per_environment,deer_confidence,0.9999995,deepseek,300,74.33333333333333,74.33333333333333,0.0,-0.4263821903183327,0.0,nan,nan,0,0,inf,2.8866666666666667,1203615,1208747,math500,42
train,per_environment,deer_confidence,0.9999995,deepseek,300,75.0,75.0,0.0,-0.42858868587120563,0.0,nan,nan,0,0,inf,2.9,1175486,1180524,math500,43
train,per_environment,deer_confidence,0.9999995,deepseek,300,75.33333333333333,75.33333333333333,0.0,-0.3826530612244898,0.3333333333333333,100.0,0.0,0,0,inf,3.1233333333333335,1205008,1209619,math500,44
train,per_environment,deer_confidence,0.9999995,qwen3,18,77.77777777777777,77.77777777777777,0.0,0.33123501754359963,22.22222222222222,100.0,0.0,0,0,inf,26.77777777777778,269899,269005,aime24,42
train,per_environment,deer_confidence,0.9999995,qwen3,18,55.55555555555556,55.55555555555556,0.0,2.0914729964436356,27.77777777777778,100.0,0.0,0,0,inf,25.944444444444443,302275,295953,aime24,43
train,per_environment,deer_confidence,0.9999995,qwen3,18,72.22222222222223,72.22222222222223,0.0,0.934246452038765,22.22222222222222,75.0,25.0,0,0,inf,25.88888888888889,266632,264141,aime24,44
train,per_environment,deer_confidence,0.9999995,qwen3,24,83.33333333333333,83.33333333333333,0.0,9.580554869515106,54.166666666666664,100.0,0.0,0,0,inf,18.75,194352,175732,amc23,42
train,per_environment,deer_confidence,0.9999995,qwen3,24,91.66666666666667,91.66666666666667,0.0,8.462433027370519,45.833333333333336,100.0,0.0,0,0,inf,18.333333333333332,192616,176316,amc23,43
train,per_environment,deer_confidence,0.9999995,qwen3,24,79.16666666666667,79.16666666666667,0.0,5.2232951116475554,41.666666666666664,100.0,0.0,0,0,inf,18.625,198840,188454,amc23,44
train,per_environment,deer_confidence,0.9999995,qwen3,300,72.33333333333333,76.0,3.6666666666666665,15.820585072418892,51.0,79.08496732026144,20.915032679738562,20,9,2.2222222222222223,11.683333333333334,1611527,1356574,math500,42
train,per_environment,deer_confidence,0.9999995,qwen3,300,71.33333333333333,76.33333333333333,5.0,17.07431394903168,58.333333333333336,80.57142857142857,19.428571428571427,22,7,3.142857142857143,11.72,1638508,1358744,math500,43
train,per_environment,deer_confidence,0.9999995,qwen3,300,70.66666666666667,75.33333333333333,4.666666666666667,17.675057762426107,55.666666666666664,78.44311377245509,21.55688622754491,23,9,2.5555555555555554,11.903333333333334,1635146,1346133,math500,44
dev,per_model,deer_confidence,0.9999995,deepseek,342,76.90058479532163,76.90058479532163,0.0,-0.38232066820055666,0.29239766081871343,100.0,0.0,0,0,inf,3.216374269005848,1533791,1539655,,
dev,per_model,deer_confidence,0.9999995,qwen3,342,67.25146198830409,77.48538011695906,10.23391812865497,16.358581131691462,56.14035087719298,72.91666666666667,27.083333333333332,39,4,9.75,13.38888888888889,2043967,1709603,,
dev,per_benchmark,deer_confidence,0.9999995,,36,72.22222222222223,72.22222222222223,0.0,2.154684472073524,22.22222222222222,100.0,0.0,0,0,inf,15.083333333333334,469071,458964,aime24,
dev,per_benchmark,deer_confidence,0.9999995,,48,85.41666666666667,85.41666666666667,0.0,6.2715039187657124,22.916666666666668,100.0,0.0,0,0,inf,14.375,405740,380294,amc23,
dev,per_benchmark,deer_confidence,0.9999995,,600,71.0,76.83333333333333,5.833333333333333,10.838059347815552,29.0,70.11494252873563,29.885057471264368,39,4,9.75,7.41,2702947,2410000,math500,
dev,per_seed,deer_confidence,0.9999995,,228,71.05263157894737,76.75438596491227,5.701754385964913,9.697580563221146,29.385964912280702,71.64179104477611,28.35820895522388,15,2,7.5,8.039473684210526,1230245,1110941,,42
dev,per_seed,deer_confidence,0.9999995,,228,72.36842105263158,77.63157894736842,5.2631578947368425,9.451994951108286,28.50877192982456,72.3076923076923,27.692307692307693,13,1,13.0,8.631578947368421,1158274,1048794,,43
dev,per_seed,deer_confidence,0.9999995,,228,72.80701754385964,77.19298245614036,4.385964912280702,8.384857879702903,26.75438596491228,75.40983606557377,24.59016393442623,11,1,11.0,8.236842105263158,1189239,1089523,,44
dev,per_environment,deer_confidence,0.9999995,deepseek,6,50.0,50.0,0.0,-0.20015207084712408,0.0,nan,nan,0,0,inf,5.833333333333333,89432,89611,aime24,42
dev,per_environment,deer_confidence,0.9999995,deepseek,6,66.66666666666667,66.66666666666667,0.0,-0.152374154048897,0.0,nan,nan,0,0,inf,4.0,72847,72958,aime24,43
dev,per_environment,deer_confidence,0.9999995,deepseek,6,66.66666666666667,66.66666666666667,0.0,-0.2337609210180288,0.0,nan,nan,0,0,inf,5.5,68446,68606,aime24,44
dev,per_environment,deer_confidence,0.9999995,deepseek,8,87.5,87.5,0.0,-0.18296315207216407,0.0,nan,nan,0,0,inf,3.75,70506,70635,amc23,42
dev,per_environment,deer_confidence,0.9999995,deepseek,8,87.5,87.5,0.0,-0.4285604959057167,0.0,nan,nan,0,0,inf,6.125,52268,52492,amc23,43
dev,per_environment,deer_confidence,0.9999995,deepseek,8,87.5,87.5,0.0,-0.3479495213530216,0.0,nan,nan,0,0,inf,5.75,57767,57968,amc23,44
dev,per_environment,deer_confidence,0.9999995,deepseek,100,78.0,78.0,0.0,-0.16396126113313064,1.0,100.0,0.0,0,0,inf,2.63,372649,373260,math500,42
dev,per_environment,deer_confidence,0.9999995,deepseek,100,77.0,77.0,0.0,-0.616055087784389,0.0,nan,nan,0,0,inf,3.18,361169,363394,math500,43
dev,per_environment,deer_confidence,0.9999995,deepseek,100,76.0,76.0,0.0,-0.5207006820046977,0.0,nan,nan,0,0,inf,3.02,388707,390731,math500,44
dev,per_environment,deer_confidence,0.9999995,qwen3,6,83.33333333333333,83.33333333333333,0.0,1.435703001579779,33.333333333333336,100.0,0.0,0,0,inf,24.833333333333332,79125,77989,aime24,42
dev,per_environment,deer_confidence,0.9999995,qwen3,6,83.33333333333333,83.33333333333333,0.0,3.7337614946723106,50.0,100.0,0.0,0,0,inf,24.666666666666668,68510,65952,aime24,43
dev,per_environment,deer_confidence,0.9999995,qwen3,6,83.33333333333333,83.33333333333333,0.0,7.565785847361401,50.0,100.0,0.0,0,0,inf,25.666666666666668,90711,83848,aime24,44
dev,per_environment,deer_confidence,0.9999995,qwen3,8,75.0,75.0,0.0,10.487689696103333,50.0,100.0,0.0,0,0,inf,21.25,78349,70132,amc23,42
dev,per_environment,deer_confidence,0.9999995,qwen3,8,87.5,87.5,0.0,12.857391327615964,37.5,100.0,0.0,0,0,inf,26.125,74743,65133,amc23,43
dev,per_environment,deer_confidence,0.9999995,qwen3,8,87.5,87.5,0.0,11.334544496373445,50.0,100.0,0.0,0,0,inf,23.25,72107,63934,amc23,44
dev,per_environment,deer_confidence,0.9999995,qwen3,100,63.0,76.0,13.0,20.524487952253306,60.0,68.33333333333333,31.666666666666668,15,2,7.5,11.86,540184,429314,math500,42
dev,per_environment,deer_confidence,0.9999995,qwen3,100,65.0,77.0,12.0,18.888785918140776,59.0,69.49152542372882,30.508474576271187,13,1,13.0,12.2,528737,428865,math500,43
dev,per_environment,deer_confidence,0.9999995,qwen3,100,67.0,77.0,10.0,17.021472098783775,54.0,72.22222222222223,27.77777777777778,11,1,11.0,11.57,511501,424436,math500,44
test,per_model,deer_confidence,0.9999995,deepseek,342,79.82456140350877,79.82456140350877,0.0,-0.4251763375850967,0.0,nan,nan,0,0,inf,3.1608187134502925,1464804,1471032,,
test,per_model,deer_confidence,0.9999995,qwen3,342,76.0233918128655,81.57894736842105,5.555555555555555,16.912089046559863,54.97076023391813,76.59574468085107,23.404255319148938,23,4,5.75,12.807017543859649,1917918,1593558,,
test,per_benchmark,deer_confidence,0.9999995,,36,77.77777777777777,77.77777777777777,0.0,-2.3552452066249066,0.0,nan,nan,0,0,inf,17.75,409002,418635,aime24,
test,per_benchmark,deer_confidence,0.9999995,,48,85.41666666666667,85.41666666666667,0.0,12.793728134162405,31.25,100.0,0.0,0,0,inf,8.770833333333334,282404,246274,amc23,
test,per_benchmark,deer_confidence,0.9999995,,600,77.33333333333333,80.5,3.1666666666666665,10.836148560778444,28.833333333333332,74.56647398843931,25.433526011560694,23,4,5.75,7.335,2691316,2399681,math500,
test,per_seed,deer_confidence,0.9999995,,228,78.94736842105263,81.57894736842105,2.6315789473684212,8.24571639918896,25.43859649122807,77.58620689655173,22.413793103448278,7,1,7.0,8.078947368421053,1132867,1039454,,45
test,per_seed,deer_confidence,0.9999995,,228,78.50877192982456,81.57894736842105,3.0701754385964914,10.507943918816858,28.94736842105263,74.24242424242425,25.757575757575758,9,2,4.5,8.035087719298245,1092345,977562,,46
test,per_seed,deer_confidence,0.9999995,,228,76.3157894736842,78.94736842105263,2.6315789473684212,9.497628530207082,28.07017543859649,78.125,21.875,7,1,7.0,7.837719298245614,1157510,1047574,,47
test,per_environment,deer_confidence,0.9999995,deepseek,6,83.33333333333333,83.33333333333333,0.0,-0.19149379032817596,0.0,nan,nan,0,0,inf,4.666666666666667,72065,72203,aime24,45
test,per_environment,deer_confidence,0.9999995,deepseek,6,83.33333333333333,83.33333333333333,0.0,-0.491786552392613,0.0,nan,nan,0,0,inf,8.166666666666666,49005,49246,aime24,46
test,per_environment,deer_confidence,0.9999995,deepseek,6,50.0,50.0,0.0,-0.2066343833304415,0.0,nan,nan,0,0,inf,4.5,63397,63528,aime24,47
test,per_environment,deer_confidence,0.9999995,deepseek,8,87.5,87.5,0.0,-0.2174945626359341,0.0,nan,nan,0,0,inf,2.875,40001,40088,amc23,45
test,per_environment,deer_confidence,0.9999995,deepseek,8,87.5,87.5,0.0,-0.2844055169636565,0.0,nan,nan,0,0,inf,3.75,39732,39845,amc23,46
test,per_environment,deer_confidence,0.9999995,deepseek,8,75.0,75.0,0.0,-0.16404125749983148,0.0,nan,nan,0,0,inf,2.125,44501,44574,amc23,47
test,per_environment,deer_confidence,0.9999995,deepseek,100,81.0,81.0,0.0,-0.4722336444489271,0.0,nan,nan,0,0,inf,2.95,386673,388499,math500,45
test,per_environment,deer_confidence,0.9999995,deepseek,100,80.0,80.0,0.0,-0.44552813704543354,0.0,nan,nan,0,0,inf,2.82,367878,369517,math500,46
test,per_environment,deer_confidence,0.9999995,deepseek,100,79.0,79.0,0.0,-0.49308682312627006,0.0,nan,nan,0,0,inf,3.3,401552,403532,math500,47
test,per_environment,deer_confidence,0.9999995,qwen3,6,83.33333333333333,83.33333333333333,0.0,-4.14716946508854,0.0,nan,nan,0,0,inf,30.0,76293,79457,aime24,45
test,per_environment,deer_confidence,0.9999995,qwen3,6,83.33333333333333,83.33333333333333,0.0,-4.005485861804687,0.0,nan,nan,0,0,inf,30.0,74373,77352,aime24,46
test,per_environment,deer_confidence,0.9999995,qwen3,6,83.33333333333333,83.33333333333333,0.0,-4.034168595757354,0.0,nan,nan,0,0,inf,29.166666666666668,73869,76849,aime24,47
test,per_environment,deer_confidence,0.9999995,qwen3,8,87.5,87.5,0.0,31.46381959996911,75.0,100.0,0.0,0,0,inf,13.625,51796,35499,amc23,45
test,per_environment,deer_confidence,0.9999995,qwen3,8,87.5,87.5,0.0,5.361083062193799,37.5,100.0,0.0,0,0,inf,17.25,53478,50611,amc23,46
test,per_environment,deer_confidence,0.9999995,qwen3,8,87.5,87.5,0.0,32.59036600120992,75.0,100.0,0.0,0,0,inf,13.0,52896,35657,amc23,47
test,per_environment,deer_confidence,0.9999995,qwen3,100,75.0,81.0,6.0,16.269694628279638,52.0,75.0,25.0,7,1,7.0,12.07,506039,423708,math500,45
test,per_environment,deer_confidence,0.9999995,qwen3,100,75.0,82.0,7.0,23.014930721687644,63.0,73.01587301587301,26.984126984126984,9,2,4.5,11.53,507879,390991,math500,46
test,per_environment,deer_confidence,0.9999995,qwen3,100,74.0,80.0,6.0,18.772671903624627,58.0,75.86206896551724,24.137931034482758,7,1,7.0,11.34,521295,423434,math500,47
train,per_model,deer_confidence,0.9999999,deepseek,1026,73.78167641325535,73.78167641325535,0.0,-0.3695512923884763,0.0,nan,nan,0,0,inf,3.1267056530214425,4898914,4917018,,
train,per_model,deer_confidence,0.9999999,qwen3,1026,72.31968810916179,76.12085769980507,3.801169590643275,8.754848612355868,42.787524366471736,80.86560364464692,19.134396355353076,57,18,3.1666666666666665,13.599415204678362,6309795,5757382,,
train,per_benchmark,deer_confidence,0.9999999,,108,55.55555555555556,55.55555555555556,0.0,-0.5735145479577235,4.62962962962963,100.0,0.0,0,0,inf,15.898148148148149,1661161,1670688,aime24,
train,per_benchmark,deer_confidence,0.9999999,,144,84.02777777777777,84.02777777777777,0.0,2.1362234270462173,18.055555555555557,100.0,0.0,0,0,inf,11.291666666666666,1078258,1055224,amc23,
train,per_benchmark,deer_confidence,0.9999999,,1800,73.22222222222223,75.38888888888889,2.1666666666666665,6.149299409985961,22.666666666666668,79.41176470588235,20.58823529411765,57,18,3.1666666666666665,7.676666666666667,8469290,7948488,math500,
train,per_seed,deer_confidence,0.9999999,,684,72.953216374269,75.0,2.046783625730994,3.855081668187604,19.005847953216374,80.0,20.0,19,5,3.8,8.375730994152047,3741114,3596891,,42
train,per_seed,deer_confidence,0.9999999,,684,72.953216374269,74.70760233918129,1.7543859649122806,5.1554498746492525,22.80701754385965,82.05128205128206,17.94871794871795,18,6,3.0,8.301169590643275,3746288,3553150,,43
train,per_seed,deer_confidence,0.9999999,,684,73.24561403508773,75.14619883040936,1.9005847953216375,5.29244160720951,22.36842105263158,80.3921568627451,19.607843137254903,20,7,2.857142857142857,8.412280701754385,3721307,3524359,,44
train,per_environment,deer_confidence,0.9999999,deepseek,18,33.333333333333336,33.333333333333336,0.0,-0.18149994661766275,0.0,nan,nan,0,0,inf,6.166666666666667,309091,309652,aime24,42
train,per_environment,deer_confidence,0.9999999,deepseek,18,44.44444444444444,44.44444444444444,0.0,-0.20209064756183578,0.0,nan,nan,0,0,inf,5.611111111111111,252362,252872,aime24,43
train,per_environment,deer_confidence,0.9999999,deepseek,18,50.0,50.0,0.0,-0.15024798583376134,0.0,nan,nan,0,0,inf,4.222222222222222,260902,261294,aime24,44
train,per_environment,deer_confidence,0.9999999,deepseek,24,91.66666666666667,91.66666666666667,0.0,-0.19786411583568106,0.0,nan,nan,0,0,inf,3.0833333333333335,152630,152932,amc23,42
train,per_environment,deer_confidence,0.9999999,deepseek,24,70.83333333333333,70.83333333333333,0.0,-0.16590917688512274,0.0,nan,nan,0,0,inf,3.1666666666666665,185041,185348,amc23,43
train,per_environment,deer_confidence,0.9999999,deepseek,24,87.5,87.5,0.0,-0.29590577533127876,0.0,nan,nan,0,0,inf,4.041666666666667,154779,155237,amc23,44
train,per_environment,deer_confidence,0.9999999,deepseek,300,74.33333333333333,74.33333333333333,0.0,-0.4263821903183327,0.0,nan,nan,0,0,inf,2.8866666666666667,1203615,1208747,math500,42
train,per_environment,deer_confidence,0.9999999,deepseek,300,75.0,75.0,0.0,-0.42858868587120563,0.0,nan,nan,0,0,inf,2.9,1175486,1180524,math500,43
train,per_environment,deer_confidence,0.9999999,deepseek,300,75.33333333333333,75.33333333333333,0.0,-0.44846175295101776,0.0,nan,nan,0,0,inf,3.1233333333333335,1205008,1210412,math500,44
train,per_environment,deer_confidence,0.9999999,qwen3,18,77.77777777777777,77.77777777777777,0.0,-1.6028217963015794,5.555555555555555,100.0,0.0,0,0,inf,26.833333333333332,269899,274225,aime24,42
train,per_environment,deer_confidence,0.9999999,qwen3,18,55.55555555555556,55.55555555555556,0.0,-0.25936647092879,11.11111111111111,100.0,0.0,0,0,inf,26.666666666666668,302275,303059,aime24,43
train,per_environment,deer_confidence,0.9999999,qwen3,18,72.22222222222223,72.22222222222223,0.0,-1.107894026223409,11.11111111111111,100.0,0.0,0,0,inf,25.88888888888889,266632,269586,aime24,44
train,per_environment,deer_confidence,0.9999999,qwen3,24,83.33333333333333,83.33333333333333,0.0,4.378138635053923,33.333333333333336,100.0,0.0,0,0,inf,19.583333333333332,194352,185843,amc23,42
train,per_environment,deer_confidence,0.9999999,qwen3,24,91.66666666666667,91.66666666666667,0.0,4.132574656311002,37.5,100.0,0.0,0,0,inf,19.083333333333332,192616,184656,amc23,43
train,per_environment,deer_confidence,0.9999999,qwen3,24,79.16666666666667,79.16666666666667,0.0,3.8382619191309595,37.5,100.0,0.0,0,0,inf,18.791666666666668,198840,191208,amc23,44
train,per_environment,deer_confidence,0.9999999,qwen3,300,71.33333333333333,76.0,4.666666666666667,9.061902158635878,40.333333333333336,78.51239669421487,21.487603305785125,19,5,3.8,12.416666666666666,1611527,1465492,math500,42
train,per_environment,deer_confidence,0.9999999,qwen3,300,72.33333333333333,76.33333333333333,4.0,11.70680887734451,48.333333333333336,80.6896551724138,19.310344827586206,18,6,3.0,12.31,1638508,1446691,math500,43
train,per_environment,deer_confidence,0.9999999,qwen3,300,71.0,75.33333333333333,4.333333333333333,12.141056517277356,47.333333333333336,78.87323943661971,21.12676056338028,20,7,2.857142857142857,12.423333333333334,1635146,1436622,math500,44
dev,per_model,deer_confidence,0.9999999,deepseek,342,76.90058479532163,76.90058479532163,0.0,-0.4413247958815771,0.0,nan,nan,0,0,inf,3.2251461988304095,1533791,1540560,,
dev,per_model,deer_confidence,0.9999999,qwen3,342,68.42105263157895,77.48538011695906,9.064327485380117,10.803648004101827,45.90643274853801,73.88535031847134,26.11464968152866,34,3,11.333333333333334,14.137426900584796,2043967,1823144,,
dev,per_benchmark,deer_confidence,0.9999999,,36,72.22222222222223,72.22222222222223,0.0,2.154684472073524,22.22222222222222,100.0,0.0,0,0,inf,15.083333333333334,469071,458964,aime24,
dev,per_benchmark,deer_confidence,0.9999999,,48,85.41666666666667,85.41666666666667,0.0,5.705377828165821,22.916666666666668,100.0,0.0,0,0,inf,14.770833333333334,405740,382591,amc23,
dev,per_benchmark,deer_confidence,0.9999999,,600,71.66666666666667,76.83333333333333,5.166666666666667,6.688921388395703,23.0,70.28985507246377,29.71014492753623,34,3,11.333333333333334,7.81,2702947,2522149,math500,
dev,per_seed,deer_confidence,0.9999999,,228,71.9298245614035,76.75438596491227,4.824561403508772,7.2461176432336645,24.56140350877193,69.64285714285714,30.357142857142858,13,2,6.5,8.37280701754386,1230245,1141100,,42
dev,per_seed,deer_confidence,0.9999999,,228,72.80701754385964,77.63157894736842,4.824561403508772,5.049237054444803,21.49122807017544,75.51020408163265,24.489795918367346,11,0,inf,9.035087719298245,1158274,1099790,,43
dev,per_seed,deer_confidence,0.9999999,,228,73.24561403508773,77.19298245614036,3.9473684210526314,5.585504679883522,22.80701754385965,76.92307692307692,23.076923076923077,10,1,10.0,8.635964912280702,1189239,1122814,,44
dev,per_environment,deer_confidence,0.9999999,deepseek,6,50.0,50.0,0.0,-0.20015207084712408,0.0,nan,nan,0,0,inf,5.833333333333333,89432,89611,aime24,42
dev,per_environment,deer_confidence,0.9999999,deepseek,6,66.66666666666667,66.66666666666667,0.0,-0.152374154048897,0.0,nan,nan,0,0,inf,4.0,72847,72958,aime24,43
dev,per_environment,deer_confidence,0.9999999,deepseek,6,66.66666666666667,66.66666666666667,0.0,-0.2337609210180288,0.0,nan,nan,0,0,inf,5.5,68446,68606,aime24,44
dev,per_environment,deer_confidence,0.9999999,deepseek,8,87.5,87.5,0.0,-0.18296315207216407,0.0,nan,nan,0,0,inf,3.75,70506,70635,amc23,42
dev,per_environment,deer_confidence,0.9999999,deepseek,8,87.5,87.5,0.0,-0.4285604959057167,0.0,nan,nan,0,0,inf,6.125,52268,52492,amc23,43
dev,per_environment,deer_confidence,0.9999999,deepseek,8,87.5,87.5,0.0,-0.3479495213530216,0.0,nan,nan,0,0,inf,5.75,57767,57968,amc23,44
dev,per_environment,deer_confidence,0.9999999,deepseek,100,78.0,78.0,0.0,-0.4068171389162456,0.0,nan,nan,0,0,inf,2.66,372649,374165,math500,42
dev,per_environment,deer_confidence,0.9999999,deepseek,100,77.0,77.0,0.0,-0.616055087784389,0.0,nan,nan,0,0,inf,3.18,361169,363394,math500,43
dev,per_environment,deer_confidence,0.9999999,deepseek,100,76.0,76.0,0.0,-0.5207006820046977,0.0,nan,nan,0,0,inf,3.02,388707,390731,math500,44
dev,per_environment,deer_confidence,0.9999999,qwen3,6,83.33333333333333,83.33333333333333,0.0,1.435703001579779,33.333333333333336,100.0,0.0,0,0,inf,24.833333333333332,79125,77989,aime24,42
dev,per_environment,deer_confidence,0.9999999,qwen3,6,83.33333333333333,83.33333333333333,0.0,3.7337614946723106,50.0,100.0,0.0,0,0,inf,24.666666666666668,68510,65952,aime24,43
dev,per_environment,deer_confidence,0.9999999,qwen3,6,83.33333333333333,83.33333333333333,0.0,7.565785847361401,50.0,100.0,0.0,0,0,inf,25.666666666666668,90711,83848,aime24,44
dev,per_environment,deer_confidence,0.9999999,qwen3,8,75.0,75.0,0.0,10.055010274540837,50.0,100.0,0.0,0,0,inf,21.375,78349,70471,amc23,42
dev,per_environment,deer_confidence,0.9999999,qwen3,8,87.5,87.5,0.0,12.826619215177342,37.5,100.0,0.0,0,0,inf,26.25,74743,65156,amc23,43
dev,per_environment,deer_confidence,0.9999999,qwen3,8,87.5,87.5,0.0,8.651032493377897,50.0,100.0,0.0,0,0,inf,25.375,72107,65869,amc23,44
dev,per_environment,deer_confidence,0.9999999,qwen3,100,65.0,76.0,11.0,15.171682241606563,50.0,66.0,34.0,13,2,6.5,12.58,540184,458229,math500,42
dev,per_environment,deer_confidence,0.9999999,qwen3,100,66.0,77.0,11.0,9.248265205574794,43.0,72.09302325581395,27.906976744186046,11,0,inf,13.11,528737,479838,math500,43
dev,per_environment,deer_confidence,0.9999999,qwen3,100,68.0,77.0,9.0,10.891278804929023,45.0,73.33333333333333,26.666666666666668,10,1,10.0,12.31,511501,455792,math500,44
test,per_model,deer_confidence,0.9999999,deepseek,342,79.82456140350877,79.82456140350877,0.0,-0.4251763375850967,0.0,nan,nan,0,0,inf,3.1608187134502925,1464804,1471032,,
test,per_model,deer_confidence,0.9999999,qwen3,342,76.60818713450293,81.57894736842105,4.970760233918129,12.733078265077026,45.02923976608187,75.32467532467533,24.675324675324674,20,3,6.666666666666667,13.239766081871345,1917918,1673708,,
test,per_benchmark,deer_confidence,0.9999999,,36,77.77777777777777,77.77777777777777,0.0,-2.3552452066249066,0.0,nan,nan,0,0,inf,17.75,409002,418635,aime24,
test,per_benchmark,deer_confidence,0.9999999,,48,85.41666666666667,85.41666666666667,0.0,8.786348635288451,25.0,100.0,0.0,0,0,inf,9.583333333333334,282404,257591,amc23,
test,per_benchmark,deer_confidence,0.9999999,,600,77.66666666666667,80.5,2.8333333333333335,8.278552202714211,23.666666666666668,73.2394366197183,26.760563380281692,20,3,6.666666666666667,7.516666666666667,2691316,2468514,math500,
test,per_seed,deer_confidence,0.9999999,,228,79.3859649122807,81.57894736842105,2.192982456140351,6.206553814348904,21.05263157894737,77.08333333333333,22.916666666666668,6,1,6.0,8.241228070175438,1132867,1062555,,45
test,per_seed,deer_confidence,0.9999999,,228,78.94736842105263,81.57894736842105,2.6315789473684212,8.255084245362042,24.56140350877193,75.0,25.0,7,1,7.0,8.223684210526315,1092345,1002171,,46
test,per_seed,deer_confidence,0.9999999,,228,76.3157894736842,78.94736842105263,2.6315789473684212,6.69506094979741,21.92982456140351,74.0,26.0,7,1,7.0,8.135964912280702,1157510,1080014,,47
test,per_environment,deer_confidence,0.9999999,deepseek,6,83.33333333333333,83.33333333333333,0.0,-0.19149379032817596,0.0,nan,nan,0,0,inf,4.666666666666667,72065,72203,aime24,45
test,per_environment,deer_confidence,0.9999999,deepseek,6,83.33333333333333,83.33333333333333,0.0,-0.491786552392613,0.0,nan,nan,0,0,inf,8.166666666666666,49005,49246,aime24,46
test,per_environment,deer_confidence,0.9999999,deepseek,6,50.0,50.0,0.0,-0.2066343833304415,0.0,nan,nan,0,0,inf,4.5,63397,63528,aime24,47
test,per_environment,deer_confidence,0.9999999,deepseek,8,87.5,87.5,0.0,-0.2174945626359341,0.0,nan,nan,0,0,inf,2.875,40001,40088,amc23,45
test,per_environment,deer_confidence,0.9999999,deepseek,8,87.5,87.5,0.0,-0.2844055169636565,0.0,nan,nan,0,0,inf,3.75,39732,39845,amc23,46
test,per_environment,deer_confidence,0.9999999,deepseek,8,75.0,75.0,0.0,-0.16404125749983148,0.0,nan,nan,0,0,inf,2.125,44501,44574,amc23,47
test,per_environment,deer_confidence,0.9999999,deepseek,100,81.0,81.0,0.0,-0.4722336444489271,0.0,nan,nan,0,0,inf,2.95,386673,388499,math500,45
test,per_environment,deer_confidence,0.9999999,deepseek,100,80.0,80.0,0.0,-0.44552813704543354,0.0,nan,nan,0,0,inf,2.82,367878,369517,math500,46
test,per_environment,deer_confidence,0.9999999,deepseek,100,79.0,79.0,0.0,-0.49308682312627006,0.0,nan,nan,0,0,inf,3.3,401552,403532,math500,47
test,per_environment,deer_confidence,0.9999999,qwen3,6,83.33333333333333,83.33333333333333,0.0,-4.14716946508854,0.0,nan,nan,0,0,inf,30.0,76293,79457,aime24,45
test,per_environment,deer_confidence,0.9999999,qwen3,6,83.33333333333333,83.33333333333333,0.0,-4.005485861804687,0.0,nan,nan,0,0,inf,30.0,74373,77352,aime24,46
test,per_environment,deer_confidence,0.9999999,qwen3,6,83.33333333333333,83.33333333333333,0.0,-4.034168595757354,0.0,nan,nan,0,0,inf,29.166666666666668,73869,76849,aime24,47
test,per_environment,deer_confidence,0.9999999,qwen3,8,87.5,87.5,0.0,30.272607923391767,62.5,100.0,0.0,0,0,inf,13.625,51796,36116,amc23,45
test,per_environment,deer_confidence,0.9999999,qwen3,8,87.5,87.5,0.0,3.2031863570066195,37.5,100.0,0.0,0,0,inf,17.75,53478,51765,amc23,46
test,per_environment,deer_confidence,0.9999999,qwen3,8,87.5,87.5,0.0,14.543632788868724,50.0,100.0,0.0,0,0,inf,17.375,52896,45203,amc23,47
test,per_environment,deer_confidence,0.9999999,qwen3,100,76.0,81.0,5.0,11.826558822541346,43.0,74.4186046511628,25.58139534883721,6,1,6.0,12.44,506039,446192,math500,45
test,per_environment,deer_confidence,0.9999999,qwen3,100,76.0,82.0,6.0,18.3967047269133,53.0,73.58490566037736,26.41509433962264,7,1,7.0,11.92,507879,414446,math500,46
test,per_environment,deer_confidence,0.9999999,qwen3,100,74.0,80.0,6.0,14.380916755388023,46.0,71.73913043478261,28.26086956521739,7,1,7.0,11.67,521295,446328,math500,47
train,per_model,deer_confidence,0.99999999,deepseek,1026,73.78167641325535,73.78167641325535,0.0,-0.3695512923884763,0.0,nan,nan,0,0,inf,3.1267056530214425,4898914,4917018,,
train,per_model,deer_confidence,0.99999999,qwen3,1026,76.12085769980507,76.12085769980507,0.0,-2.8178411501483014,1.8518518518518519,89.47368421052632,10.526315789473685,1,1,1.0,14.574074074074074,6309795,6487595,,
train,per_benchmark,deer_confidence,0.99999999,,108,55.55555555555556,55.55555555555556,0.0,-1.4820357569194076,0.9259259259259259,100.0,0.0,0,0,inf,16.055555555555557,1661161,1685780,aime24,
train,per_benchmark,deer_confidence,0.99999999,,144,84.02777777777777,84.02777777777777,0.0,-1.8966703701711465,0.6944444444444444,100.0,0.0,0,0,inf,11.73611111111111,1078258,1098709,amc23,
train,per_benchmark,deer_confidence,0.99999999,,1800,75.38888888888889,75.38888888888889,0.0,-1.7809521223148577,0.9444444444444444,88.23529411764706,11.764705882352942,1,1,1.0,8.187222222222223,8469290,8620124,math500,
train,per_seed,deer_confidence,0.99999999,,684,75.14619883040936,75.0,-0.14619883040935672,-1.7540497295725284,1.023391812865497,100.0,0.0,0,1,0.0,8.783625730994151,3741114,3806735,,42
train,per_seed,deer_confidence,0.99999999,,684,74.70760233918129,74.70760233918129,0.0,-1.6662360181598426,1.023391812865497,100.0,0.0,0,0,inf,8.747076023391813,3746288,3808710,,43
train,per_seed,deer_confidence,0.99999999,,684,75.0,75.14619883040936,0.14619883040935672,-1.8235797261553535,0.7309941520467836,60.0,40.0,1,0,inf,9.02046783625731,3721307,3789168,,44
train,per_environment,deer_confidence,0.99999999,deepseek,18,33.333333333333336,33.333333333333336,0.0,-0.18149994661766275,0.0,nan,nan,0,0,inf,6.166666666666667,309091,309652,aime24,42
train,per_environment,deer_confidence,0.99999999,deepseek,18,44.44444444444444,44.44444444444444,0.0,-0.20209064756183578,0.0,nan,nan,0,0,inf,5.611111111111111,252362,252872,aime24,43
train,per_environment,deer_confidence,0.99999999,deepseek,18,50.0,50.0,0.0,-0.15024798583376134,0.0,nan,nan,0,0,inf,4.222222222222222,260902,261294,aime24,44
train,per_environment,deer_confidence,0.99999999,deepseek,24,91.66666666666667,91.66666666666667,0.0,-0.19786411583568106,0.0,nan,nan,0,0,inf,3.0833333333333335,152630,152932,amc23,42
train,per_environment,deer_confidence,0.99999999,deepseek,24,70.83333333333333,70.83333333333333,0.0,-0.16590917688512274,0.0,nan,nan,0,0,inf,3.1666666666666665,185041,185348,amc23,43
train,per_environment,deer_confidence,0.99999999,deepseek,24,87.5,87.5,0.0,-0.29590577533127876,0.0,nan,nan,0,0,inf,4.041666666666667,154779,155237,amc23,44
train,per_environment,deer_confidence,0.99999999,deepseek,300,74.33333333333333,74.33333333333333,0.0,-0.4263821903183327,0.0,nan,nan,0,0,inf,2.8866666666666667,1203615,1208747,math500,42
train,per_environment,deer_confidence,0.99999999,deepseek,300,75.0,75.0,0.0,-0.42858868587120563,0.0,nan,nan,0,0,inf,2.9,1175486,1180524,math500,43
train,per_environment,deer_confidence,0.99999999,deepseek,300,75.33333333333333,75.33333333333333,0.0,-0.44846175295101776,0.0,nan,nan,0,0,inf,3.1233333333333335,1205008,1210412,math500,44
train,per_environment,deer_confidence,0.99999999,qwen3,18,77.77777777777777,77.77777777777777,0.0,-3.0822641062026905,0.0,nan,nan,0,0,inf,27.166666666666668,269899,278218,aime24,42
train,per_environment,deer_confidence,0.99999999,qwen3,18,55.55555555555556,55.55555555555556,0.0,-2.2833512529980977,5.555555555555555,100.0,0.0,0,0,inf,26.72222222222222,302275,309177,aime24,43
train,per_environment,deer_confidence,0.99999999,qwen3,18,72.22222222222223,72.22222222222223,0.0,-2.9760118815446006,0.0,nan,nan,0,0,inf,26.444444444444443,266632,274567,aime24,44
train,per_environment,deer_confidence,0.99999999,qwen3,24,83.33333333333333,83.33333333333333,0.0,-2.841751049641887,4.166666666666667,100.0,0.0,0,0,inf,20.625,194352,199875,amc23,42
train,per_environment,deer_confidence,0.99999999,qwen3,24,91.66666666666667,91.66666666666667,0.0,-3.566681895584998,0.0,nan,nan,0,0,inf,19.833333333333332,192616,199486,amc23,43
train,per_environment,deer_confidence,0.99999999,qwen3,24,79.16666666666667,79.16666666666667,0.0,-3.515892174612754,0.0,nan,nan,0,0,inf,19.666666666666668,198840,205831,amc23,44
train,per_environment,deer_confidence,0.99999999,qwen3,300,76.33333333333333,76.0,-0.3333333333333333,-2.841032139082994,2.0,100.0,0.0,0,1,0.0,13.243333333333334,1611527,1657311,math500,42
train,per_environment,deer_confidence,0.99999999,qwen3,300,76.33333333333333,76.33333333333333,0.0,-2.611827345365418,2.0,100.0,0.0,0,0,inf,13.263333333333334,1638508,1681303,math500,43
train,per_environment,deer_confidence,0.99999999,qwen3,300,75.0,75.33333333333333,0.3333333333333333,-2.8548521049496496,1.6666666666666667,60.0,40.0,1,0,inf,13.706666666666667,1635146,1681827,math500,44
dev,per_model,deer_confidence,0.99999999,deepseek,342,76.90058479532163,76.90058479532163,0.0,-0.4413247958815771,0.0,nan,nan,0,0,inf,3.2251461988304095,1533791,1540560,,
dev,per_model,deer_confidence,0.99999999,qwen3,342,76.3157894736842,77.48538011695906,1.1695906432748537,-2.802980674345525,3.216374269005848,45.45454545454545,54.54545454545455,4,0,inf,15.25438596491228,2043967,2101259,,
dev,per_benchmark,deer_confidence,0.99999999,,36,72.22222222222223,72.22222222222223,0.0,-1.6897228777733009,0.0,nan,nan,0,0,inf,15.666666666666666,469071,476997,aime24,
dev,per_benchmark,deer_confidence,0.99999999,,48,85.41666666666667,85.41666666666667,0.0,-2.4648789865431064,0.0,nan,nan,0,0,inf,15.375,405740,415741,amc23,
dev,per_benchmark,deer_confidence,0.99999999,,600,76.16666666666667,76.83333333333333,0.6666666666666666,-1.7068037220115673,1.8333333333333333,45.45454545454545,54.54545454545455,4,0,inf,8.363333333333333,2702947,2749081,math500,
dev,per_seed,deer_confidence,0.99999999,,228,76.3157894736842,76.75438596491227,0.43859649122807015,-1.6274807050628126,1.3157894736842106,33.333333333333336,66.66666666666667,1,0,inf,8.99561403508772,1230245,1250267,,42
dev,per_seed,deer_confidence,0.99999999,,228,77.19298245614036,77.63157894736842,0.43859649122807015,-2.1247994861319515,0.8771929824561403,50.0,50.0,1,0,inf,9.421052631578947,1158274,1182885,,43
dev,per_seed,deer_confidence,0.99999999,,228,76.3157894736842,77.19298245614036,0.8771929824561403,-1.6336497541705242,2.6315789473684212,50.0,50.0,2,0,inf,9.302631578947368,1189239,1208667,,44
dev,per_environment,deer_confidence,0.99999999,deepseek,6,50.0,50.0,0.0,-0.20015207084712408,0.0,nan,nan,0,0,inf,5.833333333333333,89432,89611,aime24,42
dev,per_environment,deer_confidence,0.99999999,deepseek,6,66.66666666666667,66.66666666666667,0.0,-0.152374154048897,0.0,nan,nan,0,0,inf,4.0,72847,72958,aime24,43
dev,per_environment,deer_confidence,0.99999999,deepseek,6,66.66666666666667,66.66666666666667,0.0,-0.2337609210180288,0.0,nan,nan,0,0,inf,5.5,68446,68606,aime24,44
dev,per_environment,deer_confidence,0.99999999,deepseek,8,87.5,87.5,0.0,-0.18296315207216407,0.0,nan,nan,0,0,inf,3.75,70506,70635,amc23,42
dev,per_environment,deer_confidence,0.99999999,deepseek,8,87.5,87.5,0.0,-0.4285604959057167,0.0,nan,nan,0,0,inf,6.125,52268,52492,amc23,43
dev,per_environment,deer_confidence,0.99999999,deepseek,8,87.5,87.5,0.0,-0.3479495213530216,0.0,nan,nan,0,0,inf,5.75,57767,57968,amc23,44
dev,per_environment,deer_confidence,0.99999999,deepseek,100,78.0,78.0,0.0,-0.4068171389162456,0.0,nan,nan,0,0,inf,2.66,372649,374165,math500,42
dev,per_environment,deer_confidence,0.99999999,deepseek,100,77.0,77.0,0.0,-0.616055087784389,0.0,nan,nan,0,0,inf,3.18,361169,363394,math500,43
dev,per_environment,deer_confidence,0.99999999,deepseek,100,76.0,76.0,0.0,-0.5207006820046977,0.0,nan,nan,0,0,inf,3.02,388707,390731,math500,44
dev,per_environment,deer_confidence,0.99999999,qwen3,6,83.33333333333333,83.33333333333333,0.0,-3.1153238546603474,0.0,nan,nan,0,0,inf,25.166666666666668,79125,81590,aime24,42
dev,per_environment,deer_confidence,0.99999999,qwen3,6,83.33333333333333,83.33333333333333,0.0,-3.243322142752883,0.0,nan,nan,0,0,inf,24.833333333333332,68510,70732,aime24,43
dev,per_environment,deer_confidence,0.99999999,qwen3,6,83.33333333333333,83.33333333333333,0.0,-3.0745995524247336,0.0,nan,nan,0,0,inf,28.666666666666668,90711,93500,aime24,44
dev,per_environment,deer_confidence,0.99999999,qwen3,8,75.0,75.0,0.0,-3.982182286946866,0.0,nan,nan,0,0,inf,23.25,78349,81469,amc23,42
dev,per_environment,deer_confidence,0.99999999,qwen3,8,87.5,87.5,0.0,-4.66130607548533,0.0,nan,nan,0,0,inf,27.375,74743,78227,amc23,43
dev,per_environment,deer_confidence,0.99999999,qwen3,8,87.5,87.5,0.0,-3.942751743936095,0.0,nan,nan,0,0,inf,26.0,72107,74950,amc23,44
dev,per_environment,deer_confidence,0.99999999,qwen3,100,75.0,76.0,1.0,-2.334945129807621,3.0,33.333333333333336,66.66666666666667,1,0,inf,13.83,540184,552797,math500,42
dev,per_environment,deer_confidence,0.99999999,qwen3,100,76.0,77.0,1.0,-3.091328959388127,2.0,50.0,50.0,1,0,inf,13.89,528737,545082,math500,43
dev,per_environment,deer_confidence,0.99999999,qwen3,100,75.0,77.0,2.0,-2.230885179110109,6.0,50.0,50.0,2,0,inf,13.6,511501,522912,math500,44
test,per_model,deer_confidence,0.99999999,deepseek,342,79.82456140350877,79.82456140350877,0.0,-0.4251763375850967,0.0,nan,nan,0,0,inf,3.1608187134502925,1464804,1471032,,
test,per_model,deer_confidence,0.99999999,qwen3,342,80.99415204678363,81.57894736842105,0.5847953216374269,-2.6509475379030802,2.3391812865497075,75.0,25.0,2,0,inf,14.578947368421053,1917918,1968761,,
test,per_benchmark,deer_confidence,0.99999999,,36,77.77777777777777,77.77777777777777,0.0,-2.3552452066249066,0.0,nan,nan,0,0,inf,17.75,409002,418635,aime24,
test,per_benchmark,deer_confidence,0.99999999,,48,85.41666666666667,85.41666666666667,0.0,-1.5608844067364485,2.0833333333333335,100.0,0.0,0,0,inf,10.458333333333334,282404,286812,amc23,
test,per_benchmark,deer_confidence,0.99999999,,600,80.16666666666667,80.5,0.3333333333333333,-1.598846066385367,1.1666666666666667,71.42857142857143,28.571428571428573,2,0,inf,8.21,2691316,2734346,math500,
test,per_seed,deer_confidence,0.99999999,,228,81.14035087719299,81.57894736842105,0.43859649122807015,-1.9660736873790128,0.8771929824561403,50.0,50.0,1,0,inf,8.960526315789474,1132867,1155140,,45
test,per_seed,deer_confidence,0.99999999,,228,81.57894736842105,81.57894736842105,0.0,-1.5124342584073713,1.3157894736842106,100.0,0.0,0,0,inf,8.87719298245614,1092345,1108866,,46
test,per_seed,deer_confidence,0.99999999,,228,78.50877192982456,78.94736842105263,0.43859649122807015,-1.578992838074833,1.3157894736842106,66.66666666666667,33.333333333333336,1,0,inf,8.771929824561404,1157510,1175787,,47
test,per_environment,deer_confidence,0.99999999,deepseek,6,83.33333333333333,83.33333333333333,0.0,-0.19149379032817596,0.0,nan,nan,0,0,inf,4.666666666666667,72065,72203,aime24,45
test,per_environment,deer_confidence,0.99999999,deepseek,6,83.33333333333333,83.33333333333333,0.0,-0.491786552392613,0.0,nan,nan,0,0,inf,8.166666666666666,49005,49246,aime24,46
test,per_environment,deer_confidence,0.99999999,deepseek,6,50.0,50.0,0.0,-0.2066343833304415,0.0,nan,nan,0,0,inf,4.5,63397,63528,aime24,47
test,per_environment,deer_confidence,0.99999999,deepseek,8,87.5,87.5,0.0,-0.2174945626359341,0.0,nan,nan,0,0,inf,2.875,40001,40088,amc23,45
test,per_environment,deer_confidence,0.99999999,deepseek,8,87.5,87.5,0.0,-0.2844055169636565,0.0,nan,nan,0,0,inf,3.75,39732,39845,amc23,46
test,per_environment,deer_confidence,0.99999999,deepseek,8,75.0,75.0,0.0,-0.16404125749983148,0.0,nan,nan,0,0,inf,2.125,44501,44574,amc23,47
test,per_environment,deer_confidence,0.99999999,deepseek,100,81.0,81.0,0.0,-0.4722336444489271,0.0,nan,nan,0,0,inf,2.95,386673,388499,math500,45
test,per_environment,deer_confidence,0.99999999,deepseek,100,80.0,80.0,0.0,-0.44552813704543354,0.0,nan,nan,0,0,inf,2.82,367878,369517,math500,46
test,per_environment,deer_confidence,0.99999999,deepseek,100,79.0,79.0,0.0,-0.49308682312627006,0.0,nan,nan,0,0,inf,3.3,401552,403532,math500,47
test,per_environment,deer_confidence,0.99999999,qwen3,6,83.33333333333333,83.33333333333333,0.0,-4.14716946508854,0.0,nan,nan,0,0,inf,30.0,76293,79457,aime24,45
test,per_environment,deer_confidence,0.99999999,qwen3,6,83.33333333333333,83.33333333333333,0.0,-4.005485861804687,0.0,nan,nan,0,0,inf,30.0,74373,77352,aime24,46
test,per_environment,deer_confidence,0.99999999,qwen3,6,83.33333333333333,83.33333333333333,0.0,-4.034168595757354,0.0,nan,nan,0,0,inf,29.166666666666668,73869,76849,aime24,47
test,per_environment,deer_confidence,0.99999999,qwen3,8,87.5,87.5,0.0,-3.1990887327206736,0.0,nan,nan,0,0,inf,16.375,51796,53453,amc23,45
test,per_environment,deer_confidence,0.99999999,qwen3,8,87.5,87.5,0.0,-1.510901679195183,12.5,100.0,0.0,0,0,inf,18.125,53478,54286,amc23,46
test,per_environment,deer_confidence,0.99999999,qwen3,8,87.5,87.5,0.0,-3.1571385359951605,0.0,nan,nan,0,0,inf,19.5,52896,54566,amc23,47
test,per_environment,deer_confidence,0.99999999,qwen3,100,80.0,81.0,1.0,-3.0434413157879137,2.0,50.0,50.0,1,0,inf,13.86,506039,521440,math500,45
test,per_environment,deer_confidence,0.99999999,qwen3,100,82.0,82.0,0.0,-2.1148738183701234,2.0,100.0,0.0,0,0,inf,13.38,507879,518620,math500,46
test,per_environment,deer_confidence,0.99999999,qwen3,100,79.0,80.0,1.0,-2.1951102542706145,3.0,66.66666666666667,33.333333333333336,1,0,inf,12.95,521295,532738,math500,47
train,per_model,answer_persistence,2,deepseek,1026,60.916179337231966,73.78167641325535,12.865497076023392,50.67100585966604,54.09356725146199,50.270270270270274,49.729729729729726,157,25,6.28,2.039961013645224,4898914,2416585,,
train,per_model,answer_persistence,2,qwen3,1026,69.10331384015595,76.12085769980507,7.017543859649122,43.675998982534296,79.0448343079922,74.47595561035759,25.524044389642416,105,33,3.1818181818181817,8.962962962962964,6309795,3553929,,
train,per_benchmark,answer_persistence,2,,108,36.111111111111114,55.55555555555556,19.444444444444443,43.19828120212309,61.111111111111114,31.818181818181817,68.18181818181819,21,0,inf,11.842592592592593,1661161,943568,aime24,
train,per_benchmark,answer_persistence,2,,144,76.38888888888889,84.02777777777777,7.638888888888889,44.852716140292955,63.888888888888886,71.73913043478261,28.26086956521739,15,4,3.75,8.215277777777779,1078258,594630,amc23,
train,per_benchmark,answer_persistence,2,,1800,65.83333333333333,75.38888888888889,9.555555555555555,47.66602631389408,67.11111111111111,65.89403973509934,34.10596026490066,226,54,4.185185185185185,4.903888888888889,8469290,4432316,math500,
train,per_seed,answer_persistence,2,,684,64.76608187134502,75.0,10.23391812865497,44.49744113651709,64.91228070175438,63.288288288288285,36.711711711711715,87,17,5.117647058823529,5.638888888888889,3741114,2076414,,42
train,per_seed,answer_persistence,2,,684,64.47368421052632,74.70760233918129,10.23391812865497,48.82761282634971,68.27485380116958,65.73875802997858,34.261241970021416,89,19,4.684210526315789,5.369883040935672,3746288,1917065,,43
train,per_seed,answer_persistence,2,,684,65.78947368421052,75.14619883040936,9.35672514619883,46.872563859955655,66.52046783625731,64.83516483516483,35.16483516483517,86,22,3.909090909090909,5.495614035087719,3721307,1977035,,44
train,per_environment,answer_persistence,2,deepseek,18,16.666666666666668,33.333333333333336,16.666666666666668,54.81654270101685,61.111111111111114,9.090909090909092,90.9090909090909,3,0,inf,3.0,309091,139658,aime24,42
train,per_environment,answer_persistence,2,deepseek,18,11.11111111111111,44.44444444444444,33.333333333333336,84.21632416924894,88.88888888888889,6.25,93.75,6,0,inf,2.888888888888889,252362,39832,aime24,43
train,per_environment,answer_persistence,2,deepseek,18,22.22222222222222,50.0,27.77777777777778,50.49022238235046,55.55555555555556,0.0,100.0,5,0,inf,2.4444444444444446,260902,129172,aime24,44
train,per_environment,answer_persistence,2,deepseek,24,66.66666666666667,91.66666666666667,25.0,51.01225185088121,50.0,33.333333333333336,66.66666666666667,6,0,inf,2.3333333333333335,152630,74770,amc23,42
train,per_environment,answer_persistence,2,deepseek,24,62.5,70.83333333333333,8.333333333333334,53.74916910306364,41.666666666666664,30.0,70.0,3,1,3.0,2.0833333333333335,185041,85583,amc23,43
train,per_environment,answer_persistence,2,deepseek,24,66.66666666666667,87.5,20.833333333333332,61.00504590416013,54.166666666666664,38.46153846153846,61.53846153846154,5,0,inf,2.3333333333333335,154779,60356,amc23,44
train,per_environment,answer_persistence,2,deepseek,300,62.333333333333336,74.33333333333333,12.0,43.553628028896284,50.0,50.0,50.0,43,7,6.142857142857143,1.9366666666666668,1203615,679397,math500,42
train,per_environment,answer_persistence,2,deepseek,300,62.666666666666664,75.0,12.333333333333334,49.93713238609392,56.666666666666664,58.23529411764706,41.76470588235294,45,8,5.625,1.9966666666666666,1175486,588482,math500,43
train,per_environment,answer_persistence,2,deepseek,300,64.66666666666667,75.33333333333333,10.666666666666666,48.60324578757983,54.333333333333336,55.828220858895705,44.171779141104295,41,9,4.555555555555555,2.0033333333333334,1205008,619335,math500,44
train,per_environment,answer_persistence,2,qwen3,18,66.66666666666667,77.77777777777777,11.11111111111111,22.72739061648987,55.55555555555556,80.0,20.0,2,0,inf,21.944444444444443,269899,208558,aime24,42
train,per_environment,answer_persistence,2,qwen3,18,38.888888888888886,55.55555555555556,16.666666666666668,21.167149119179555,55.55555555555556,60.0,40.0,3,0,inf,20.61111111111111,302275,238292,aime24,43
train,per_environment,answer_persistence,2,qwen3,18,61.111111111111114,72.22222222222223,11.11111111111111,29.469831078040144,50.0,55.55555555555556,44.44444444444444,2,0,inf,20.166666666666668,266632,188056,aime24,44
train,per_environment,answer_persistence,2,qwen3,24,91.66666666666667,83.33333333333333,-8.333333333333334,40.654585494360745,83.33333333333333,100.0,0.0,0,2,0.0,14.5,194352,115339,amc23,42
train,per_environment,answer_persistence,2,qwen3,24,91.66666666666667,91.66666666666667,0.0,28.806537359305562,75.0,94.44444444444444,5.555555555555555,0,0,inf,14.166666666666666,192616,137130,amc23,43
train,per_environment,answer_persistence,2,qwen3,24,79.16666666666667,79.16666666666667,0.0,38.91973445986723,79.16666666666667,89.47368421052632,10.526315789473685,1,1,1.0,13.875,198840,121452,amc23,44
train,per_environment,answer_persistence,2,qwen3,300,67.66666666666667,76.0,8.333333333333334,46.715630578947795,80.33333333333333,71.78423236514523,28.21576763485477,33,8,4.125,8.076666666666666,1611527,858692,math500,42
train,per_environment,answer_persistence,2,qwen3,300,69.0,76.33333333333333,7.333333333333333,49.481723616851426,81.0,74.48559670781893,25.51440329218107,32,10,3.2,7.536666666666667,1638508,827746,math500,43
train,per_environment,answer_persistence,2,qwen3,300,68.66666666666667,75.33333333333333,6.666666666666667,47.48701339207631,80.33333333333333,73.44398340248962,26.556016597510375,32,12,2.6666666666666665,7.873333333333333,1635146,858664,math500,44
dev,per_model,answer_persistence,2,deepseek,342,57.60233918128655,76.90058479532163,19.29824561403509,53.98545173364559,56.432748538011694,42.487046632124354,57.512953367875646,69,3,23.0,2.064327485380117,1533791,705767,,
dev,per_model,answer_persistence,2,qwen3,342,63.74269005847953,77.48538011695906,13.742690058479532,45.357777302666825,78.3625730994152,67.91044776119404,32.08955223880597,53,6,8.833333333333334,9.31578947368421,2043967,1116869,,
dev,per_benchmark,answer_persistence,2,,36,50.0,72.22222222222223,22.22222222222222,46.489550622400444,69.44444444444444,44.0,56.0,8,0,inf,10.972222222222221,469071,251002,aime24,
dev,per_benchmark,answer_persistence,2,,48,68.75,85.41666666666667,16.666666666666668,50.95652388228915,75.0,69.44444444444444,30.555555555555557,9,1,9.0,10.583333333333334,405740,198989,amc23,
dev,per_benchmark,answer_persistence,2,,600,60.666666666666664,76.83333333333333,16.166666666666668,49.21672530020012,66.66666666666667,57.0,43.0,105,8,13.125,4.9816666666666665,2702947,1372645,math500,
dev,per_seed,answer_persistence,2,,228,60.08771929824562,76.75438596491227,16.666666666666668,48.513995179821904,66.66666666666667,55.921052631578945,44.078947368421055,41,3,13.666666666666666,5.495614035087719,1230245,633404,,42
dev,per_seed,answer_persistence,2,,228,60.08771929824562,77.63157894736842,17.54385964912281,47.57492614010157,65.35087719298245,54.36241610738255,45.63758389261745,41,1,41.0,5.815789473684211,1158274,607226,,43
dev,per_seed,answer_persistence,2,,228,61.8421052631579,77.19298245614036,15.350877192982455,51.06063625562229,70.17543859649123,61.25,38.75,40,5,8.0,5.758771929824562,1189239,582006,,44
dev,per_environment,answer_persistence,2,deepseek,6,16.666666666666668,50.0,33.333333333333336,58.06758207353073,83.33333333333333,20.0,80.0,2,0,inf,2.8333333333333335,89432,37501,aime24,42
dev,per_environment,answer_persistence,2,deepseek,6,50.0,66.66666666666667,16.666666666666668,43.82884676101967,33.333333333333336,0.0,100.0,1,0,inf,2.3333333333333335,72847,40919,aime24,43
dev,per_environment,answer_persistence,2,deepseek,6,16.666666666666668,66.66666666666667,50.0,90.93592028752593,83.33333333333333,0.0,100.0,3,0,inf,2.6666666666666665,68446,6204,aime24,44
dev,per_environment,answer_persistence,2,deepseek,8,50.0,87.5,37.5,64.06688792443197,75.0,33.333333333333336,66.66666666666667,3,0,inf,2.375,70506,25335,amc23,42
dev,per_environment,answer_persistence,2,deepseek,8,50.0,87.5,37.5,63.361904033060384,75.0,33.333333333333336,66.66666666666667,3,0,inf,2.625,52268,19150,amc23,43
dev,per_environment,answer_persistence,2,deepseek,8,62.5,87.5,25.0,82.82583481918742,87.5,57.142857142857146,42.857142857142854,3,1,3.0,2.25,57767,9921,amc23,44
dev,per_environment,answer_persistence,2,deepseek,100,60.0,78.0,18.0,45.36816146024812,50.0,44.0,56.0,18,0,inf,1.92,372649,203585,math500,42
dev,per_environment,answer_persistence,2,deepseek,100,58.0,77.0,19.0,51.038433531117015,52.0,40.38461538461539,59.61538461538461,19,0,inf,2.06,361169,176834,math500,43
dev,per_environment,answer_persistence,2,deepseek,100,61.0,76.0,15.0,52.067238305458865,60.0,50.0,50.0,17,2,8.5,2.03,388707,186318,math500,44
dev,per_environment,answer_persistence,2,qwen3,6,66.66666666666667,83.33333333333333,16.666666666666668,41.56714060031596,83.33333333333333,80.0,20.0,1,0,inf,20.0,79125,46235,aime24,42
dev,per_environment,answer_persistence,2,qwen3,6,66.66666666666667,83.33333333333333,16.666666666666668,38.98263027295285,66.66666666666667,50.0,50.0,1,0,inf,16.666666666666668,68510,41803,aime24,43
dev,per_environment,answer_persistence,2,qwen3,6,83.33333333333333,83.33333333333333,0.0,13.63781680281333,66.66666666666667,100.0,0.0,0,0,inf,21.333333333333332,90711,78340,aime24,44
dev,per_environment,answer_persistence,2,qwen3,8,75.0,75.0,0.0,25.108169855390624,62.5,100.0,0.0,0,0,inf,18.875,78349,58677,amc23,42
dev,per_environment,answer_persistence,2,qwen3,8,87.5,87.5,0.0,33.12818591707585,62.5,100.0,0.0,0,0,inf,21.125,74743,49982,amc23,43
dev,per_environment,answer_persistence,2,qwen3,8,87.5,87.5,0.0,50.179594214153965,87.5,100.0,0.0,0,0,inf,16.25,72107,35924,amc23,44
dev,per_environment,answer_persistence,2,qwen3,100,62.0,76.0,14.0,51.48486441656917,81.0,62.96296296296296,37.03703703703704,17,3,5.666666666666667,7.54,540184,262071,math500,42
dev,per_environment,answer_persistence,2,qwen3,100,61.0,77.0,16.0,47.320123237072494,80.0,63.75,36.25,17,1,17.0,8.16,528737,278538,math500,43
dev,per_environment,answer_persistence,2,qwen3,100,62.0,77.0,15.0,48.13323923120385,77.0,68.83116883116882,31.16883116883117,17,2,8.5,8.18,511501,265299,math500,44
test,per_model,answer_persistence,2,deepseek,342,62.865497076023395,79.82456140350877,16.95906432748538,54.809585446244,57.89473684210526,49.494949494949495,50.505050505050505,64,6,10.666666666666666,2.073099415204678,1464804,661951,,
test,per_model,answer_persistence,2,qwen3,342,75.43859649122807,81.57894736842105,6.140350877192983,53.40379515704008,83.91812865497076,75.60975609756098,24.390243902439025,32,11,2.909090909090909,8.131578947368421,1917918,893677,,
test,per_benchmark,answer_persistence,2,,36,36.111111111111114,77.77777777777777,41.666666666666664,60.911682583459246,77.77777777777777,25.0,75.0,15,0,inf,12.222222222222221,409002,159872,aime24,
test,per_benchmark,answer_persistence,2,,48,81.25,85.41666666666667,4.166666666666667,38.593645982351525,62.5,86.66666666666667,13.333333333333334,2,0,inf,6.354166666666667,282404,173414,amc23,
test,per_benchmark,answer_persistence,2,,600,70.16666666666667,80.5,10.333333333333334,54.58199631704341,71.16666666666667,66.04215456674473,33.95784543325527,79,17,4.647058823529412,4.575,2691316,1222342,math500,
test,per_seed,answer_persistence,2,,228,70.6140350877193,81.57894736842105,10.964912280701755,52.17744007019359,69.29824561403508,65.82278481012658,34.177215189873415,30,5,6.0,5.350877192982456,1132867,541766,,45
test,per_seed,answer_persistence,2,,228,69.29824561403508,81.57894736842105,12.280701754385966,55.59003794588706,74.56140350877193,65.29411764705883,34.705882352941174,33,5,6.6,5.135964912280702,1092345,485110,,46
test,per_seed,answer_persistence,2,,228,67.54385964912281,78.94736842105263,11.403508771929825,54.31987628616599,68.85964912280701,63.69426751592356,36.30573248407644,33,7,4.714285714285714,4.8201754385964914,1157510,528752,,47
test,per_environment,answer_persistence,2,deepseek,6,0.0,83.33333333333333,83.33333333333333,90.97897731214876,100.0,0.0,100.0,5,0,inf,2.8333333333333335,72065,6501,aime24,45
test,per_environment,answer_persistence,2,deepseek,6,0.0,83.33333333333333,83.33333333333333,88.62360983573105,100.0,0.0,100.0,5,0,inf,3.1666666666666665,49005,5575,aime24,46
test,per_environment,answer_persistence,2,deepseek,6,0.0,50.0,50.0,43.349054371657964,66.66666666666667,0.0,100.0,3,0,inf,3.3333333333333335,63397,35915,aime24,47
test,per_environment,answer_persistence,2,deepseek,8,87.5,87.5,0.0,61.24846878828029,62.5,80.0,20.0,0,0,inf,2.125,40001,15501,amc23,45
test,per_environment,answer_persistence,2,deepseek,8,75.0,87.5,12.5,46.02083962549079,37.5,33.333333333333336,66.66666666666667,1,0,inf,1.875,39732,21447,amc23,46
test,per_environment,answer_persistence,2,deepseek,8,62.5,75.0,12.5,7.5436507044785515,37.5,66.66666666666667,33.333333333333336,1,0,inf,2.125,44501,41144,amc23,47
test,per_environment,answer_persistence,2,deepseek,100,67.0,81.0,14.0,46.055969772908895,53.0,52.83018867924528,47.16981132075472,16,2,8.0,2.02,386673,208587,math500,45
test,per_environment,answer_persistence,2,deepseek,100,66.0,80.0,14.0,55.54776311712035,61.0,57.377049180327866,42.622950819672134,15,1,15.0,1.96,367878,163530,math500,46
test,per_environment,answer_persistence,2,deepseek,100,64.0,79.0,15.0,59.2204745587122,57.0,49.12280701754386,50.87719298245614,18,3,6.0,2.06,401552,163751,math500,47
test,per_environment,answer_persistence,2,qwen3,6,83.33333333333333,83.33333333333333,0.0,41.47431612336649,50.0,66.66666666666667,33.333333333333336,0,0,inf,24.166666666666668,76293,44651,aime24,45
test,per_environment,answer_persistence,2,qwen3,6,66.66666666666667,83.33333333333333,16.666666666666668,50.18487892111384,66.66666666666667,50.0,50.0,1,0,inf,20.333333333333332,74373,37049,aime24,46
test,per_environment,answer_persistence,2,qwen3,6,66.66666666666667,83.33333333333333,16.666666666666668,59.142536111223926,83.33333333333333,60.0,40.0,1,0,inf,19.5,73869,30181,aime24,47
test,per_environment,answer_persistence,2,qwen3,8,87.5,87.5,0.0,46.94571009344351,87.5,100.0,0.0,0,0,inf,10.125,51796,27480,amc23,45
test,per_environment,answer_persistence,2,qwen3,8,87.5,87.5,0.0,27.615094057369387,62.5,100.0,0.0,0,0,inf,12.25,53478,38710,amc23,46
test,per_environment,answer_persistence,2,qwen3,8,87.5,87.5,0.0,44.925892316999395,87.5,100.0,0.0,0,0,inf,9.625,52896,29132,amc23,47
test,per_environment,answer_persistence,2,qwen3,100,75.0,81.0,6.0,52.76134843361875,84.0,75.0,25.0,9,3,3.0,7.58,506039,239046,math500,45
test,per_environment,answer_persistence,2,qwen3,100,75.0,82.0,7.0,56.919069305877976,91.0,74.72527472527473,25.274725274725274,11,4,2.75,7.21,507879,218799,math500,46
test,per_environment,answer_persistence,2,qwen3,100,74.0,80.0,6.0,56.14210763579163,81.0,74.07407407407408,25.925925925925927,10,4,2.5,6.62,521295,228629,math500,47
train,per_model,answer_persistence,3,deepseek,1026,67.93372319688109,73.78167641325535,5.847953216374269,29.317007810302446,28.460038986354775,49.657534246575345,50.342465753424655,76,16,4.75,2.5116959064327484,4898914,3462699,,
train,per_model,answer_persistence,3,qwen3,1026,71.15009746588694,76.12085769980507,4.970760233918129,36.226596902118054,67.05653021442495,75.87209302325581,24.127906976744185,83,32,2.59375,9.811890838206628,6309795,4023971,,
train,per_benchmark,answer_persistence,3,,108,45.370370370370374,55.55555555555556,10.185185185185185,26.230389468570475,43.51851851851852,44.680851063829785,55.319148936170215,11,0,inf,12.898148148148149,1661161,1225432,aime24,
train,per_benchmark,answer_persistence,3,,144,81.25,84.02777777777777,2.7777777777777777,27.532371658731027,45.833333333333336,81.81818181818181,18.181818181818183,8,4,2.0,8.993055555555555,1078258,781388,amc23,
train,per_benchmark,answer_persistence,3,,1800,70.05555555555556,75.38888888888889,5.333333333333333,35.29740981829646,48.166666666666664,68.28143021914649,31.718569780853517,140,44,3.1818181818181817,5.5311111111111115,8469290,5479850,math500,
train,per_seed,answer_persistence,3,,684,70.17543859649123,75.0,4.824561403508772,33.06467004213184,46.49122807017544,67.61006289308176,32.38993710691824,48,15,3.2,6.318713450292398,3741114,2504127,,42
train,per_seed,answer_persistence,3,,684,68.85964912280701,74.70760233918129,5.847953216374269,34.9376235890033,48.9766081871345,68.65671641791045,31.34328358208955,55,15,3.6666666666666665,6.010233918128655,3746288,2437424,,43
train,per_seed,answer_persistence,3,,684,69.5906432748538,75.14619883040936,5.555555555555555,31.60685210868117,47.80701754385965,67.88990825688073,32.11009174311926,56,18,3.111111111111111,6.156432748538012,3721307,2545119,,44
train,per_environment,answer_persistence,3,deepseek,18,22.22222222222222,33.333333333333336,11.11111111111111,28.7481680152447,38.888888888888886,14.285714285714286,85.71428571428571,2,0,inf,4.5,309091,220233,aime24,42
train,per_environment,answer_persistence,3,deepseek,18,27.77777777777778,44.44444444444444,16.666666666666668,49.788002948145916,50.0,11.11111111111111,88.88888888888889,3,0,inf,3.7777777777777777,252362,126716,aime24,43
train,per_environment,answer_persistence,3,deepseek,18,44.44444444444444,50.0,5.555555555555555,20.36013522318725,22.22222222222222,0.0,100.0,1,0,inf,3.3333333333333335,260902,207782,aime24,44
train,per_environment,answer_persistence,3,deepseek,24,83.33333333333333,91.66666666666667,8.333333333333334,19.168577605975234,16.666666666666668,25.0,75.0,2,0,inf,2.8333333333333335,152630,123373,amc23,42
train,per_environment,answer_persistence,3,deepseek,24,70.83333333333333,70.83333333333333,0.0,28.06459109062316,20.833333333333332,40.0,60.0,1,1,1.0,2.6666666666666665,185041,133110,amc23,43
train,per_environment,answer_persistence,3,deepseek,24,70.83333333333333,87.5,16.666666666666668,24.94266017999858,29.166666666666668,42.857142857142854,57.142857142857146,4,0,inf,3.1666666666666665,154779,116173,amc23,44
train,per_environment,answer_persistence,3,deepseek,300,69.0,74.33333333333333,5.333333333333333,32.062993565218115,28.0,48.80952380952381,51.19047619047619,22,6,3.6666666666666665,2.3566666666666665,1203615,817700,math500,42
train,per_environment,answer_persistence,3,deepseek,300,69.66666666666667,75.0,5.333333333333333,29.106429170572852,28.333333333333332,58.8235294117647,41.1764705882353,20,4,5.0,2.39,1175486,833344,math500,43
train,per_environment,answer_persistence,3,deepseek,300,70.0,75.33333333333333,5.333333333333333,26.617250673854446,29.0,52.87356321839081,47.12643678160919,21,5,4.2,2.453333333333333,1205008,884268,math500,44
train,per_environment,answer_persistence,3,qwen3,18,72.22222222222223,77.77777777777777,5.555555555555555,19.75294462002453,55.55555555555556,90.0,10.0,1,0,inf,23.27777777777778,269899,216586,aime24,42
train,per_environment,answer_persistence,3,qwen3,18,38.888888888888886,55.55555555555556,16.666666666666668,19.054503349598875,50.0,55.55555555555556,44.44444444444444,3,0,inf,21.11111111111111,302275,244678,aime24,43
train,per_environment,answer_persistence,3,qwen3,18,66.66666666666667,72.22222222222223,5.555555555555555,21.45091361877044,44.44444444444444,62.5,37.5,1,0,inf,21.38888888888889,266632,209437,aime24,44
train,per_environment,answer_persistence,3,qwen3,24,91.66666666666667,83.33333333333333,-8.333333333333334,34.360335885403806,70.83333333333333,100.0,0.0,0,2,0.0,15.416666666666666,194352,127572,amc23,42
train,per_environment,answer_persistence,3,qwen3,24,91.66666666666667,91.66666666666667,0.0,26.205507330647507,75.0,94.44444444444444,5.555555555555555,0,0,inf,15.25,192616,142140,amc23,43
train,per_environment,answer_persistence,3,qwen3,24,79.16666666666667,79.16666666666667,0.0,30.084490042245022,62.5,93.33333333333333,6.666666666666667,1,1,1.0,14.625,198840,139020,amc23,44
train,per_environment,answer_persistence,3,qwen3,300,71.33333333333333,76.0,4.666666666666667,38.03001749272585,65.33333333333333,74.48979591836735,25.510204081632654,21,7,3.0,8.923333333333334,1611527,998663,math500,42
train,per_environment,answer_persistence,3,qwen3,300,70.33333333333333,76.33333333333333,6.0,41.566595951927,69.66666666666667,74.16267942583733,25.83732057416268,28,10,2.8,8.386666666666667,1638508,957436,math500,43
train,per_environment,answer_persistence,3,qwen3,300,70.0,75.33333333333333,5.333333333333333,39.55041323527073,68.66666666666667,74.75728155339806,25.24271844660194,28,12,2.3333333333333335,8.676666666666666,1635146,988439,math500,44
dev,per_model,answer_persistence,3,deepseek,342,68.42105263157895,76.90058479532163,8.47953216374269,34.26620706471742,28.65497076023392,44.89795918367347,55.10204081632653,30,1,30.0,2.6169590643274856,1533791,1008219,,
dev,per_model,answer_persistence,3,qwen3,342,66.08187134502924,77.48538011695906,11.403508771929825,36.60734248644915,66.66666666666667,68.42105263157895,31.57894736842105,45,6,7.5,10.269005847953217,2043967,1295725,,
dev,per_benchmark,answer_persistence,3,,36,58.333333333333336,72.22222222222223,13.88888888888889,38.117257302199455,55.55555555555556,50.0,50.0,5,0,inf,11.777777777777779,469071,290274,aime24,
dev,per_benchmark,answer_persistence,3,,48,72.91666666666667,85.41666666666667,12.5,33.64100162665746,60.416666666666664,72.41379310344827,27.586206896551722,6,0,inf,12.145833333333334,405740,269245,amc23,
dev,per_benchmark,answer_persistence,3,,600,67.33333333333333,76.83333333333333,9.5,35.462108580005456,46.166666666666664,61.01083032490975,38.98916967509025,64,7,9.142857142857142,5.666666666666667,2702947,1744425,math500,
dev,per_seed,answer_persistence,3,,228,67.10526315789474,76.75438596491227,9.649122807017545,32.64853748643563,48.24561403508772,64.54545454545455,35.45454545454545,25,3,8.333333333333334,6.328947368421052,1230245,828588,,42
dev,per_seed,answer_persistence,3,,228,66.66666666666667,77.63157894736842,10.964912280701755,37.74443698123242,48.68421052631579,54.95495495495496,45.04504504504504,26,1,26.0,6.557017543859649,1158274,721090,,43
dev,per_seed,answer_persistence,3,,228,67.98245614035088,77.19298245614036,9.210526315789474,36.57574297512947,46.05263157894737,64.76190476190476,35.23809523809524,24,3,8.0,6.442982456140351,1189239,754266,,44
dev,per_environment,answer_persistence,3,deepseek,6,16.666666666666668,50.0,33.333333333333336,48.880713838447086,66.66666666666667,25.0,75.0,2,0,inf,4.0,89432,45717,aime24,42
dev,per_environment,answer_persistence,3,deepseek,6,50.0,66.66666666666667,16.666666666666668,43.469188847859215,33.333333333333336,0.0,100.0,1,0,inf,2.6666666666666665,72847,41181,aime24,43
dev,per_environment,answer_persistence,3,deepseek,6,50.0,66.66666666666667,16.666666666666668,79.07693656313006,50.0,0.0,100.0,1,0,inf,3.6666666666666665,68446,14321,aime24,44
dev,per_environment,answer_persistence,3,deepseek,8,75.0,87.5,12.5,40.839077525316995,50.0,50.0,50.0,1,0,inf,3.0,70506,41712,amc23,42
dev,per_environment,answer_persistence,3,deepseek,8,62.5,87.5,25.0,48.054258819928066,62.5,40.0,60.0,2,0,inf,4.25,52268,27151,amc23,43
dev,per_environment,answer_persistence,3,deepseek,8,50.0,87.5,37.5,53.523638063254104,75.0,50.0,50.0,3,0,inf,4.25,57767,26848,amc23,44
dev,per_environment,answer_persistence,3,deepseek,100,72.0,78.0,6.0,21.57553086148091,25.0,64.0,36.0,6,0,inf,2.32,372649,292248,math500,42
dev,per_environment,answer_persistence,3,deepseek,100,70.0,77.0,7.0,32.68386821681816,24.0,33.333333333333336,66.66666666666667,7,0,inf,2.58,361169,243125,math500,43
dev,per_environment,answer_persistence,3,deepseek,100,70.0,76.0,6.0,29.016971652169886,25.0,48.0,52.0,7,1,7.0,2.51,388707,275916,math500,44
dev,per_environment,answer_persistence,3,qwen3,6,83.33333333333333,83.33333333333333,0.0,14.272353870458137,50.0,100.0,0.0,0,0,inf,20.5,79125,67832,aime24,42
dev,per_environment,answer_persistence,3,qwen3,6,66.66666666666667,83.33333333333333,16.666666666666668,38.18274704422712,66.66666666666667,50.0,50.0,1,0,inf,17.833333333333332,68510,42351,aime24,43
dev,per_environment,answer_persistence,3,qwen3,6,83.33333333333333,83.33333333333333,0.0,13.051338867392047,66.66666666666667,100.0,0.0,0,0,inf,22.0,90711,78872,aime24,44
dev,per_environment,answer_persistence,3,qwen3,8,75.0,75.0,0.0,13.342863342225172,50.0,100.0,0.0,0,0,inf,21.0,78349,67895,amc23,42
dev,per_environment,answer_persistence,3,qwen3,8,87.5,87.5,0.0,23.123235620727023,50.0,100.0,0.0,0,0,inf,22.125,74743,57460,amc23,43
dev,per_environment,answer_persistence,3,qwen3,8,87.5,87.5,0.0,33.18401819518216,75.0,100.0,0.0,0,0,inf,18.25,72107,48179,amc23,44
dev,per_environment,answer_persistence,3,qwen3,100,63.0,76.0,13.0,42.02271818491477,70.0,64.28571428571429,35.714285714285715,16,3,5.333333333333333,8.72,540184,313184,math500,42
dev,per_environment,answer_persistence,3,qwen3,100,63.0,77.0,14.0,41.40338202168564,72.0,62.5,37.5,15,1,15.0,9.03,528737,309822,math500,43
dev,per_environment,answer_persistence,3,qwen3,100,66.0,77.0,11.0,39.36864248554744,61.0,70.49180327868852,29.508196721311474,13,2,6.5,8.84,511501,310130,math500,44
test,per_model,answer_persistence,3,deepseek,342,71.6374269005848,79.82456140350877,8.187134502923977,28.033375113667084,28.07017543859649,54.166666666666664,45.833333333333336,31,3,10.333333333333334,2.628654970760234,1464804,1054170,,
test,per_model,answer_persistence,3,qwen3,342,77.19298245614036,81.57894736842105,4.385964912280702,45.71895148801982,70.76023391812865,74.3801652892562,25.619834710743802,26,11,2.3636363636363638,9.134502923976608,1917918,1041066,,
test,per_benchmark,answer_persistence,3,,36,58.333333333333336,77.77777777777777,19.444444444444443,35.15263984039198,44.44444444444444,31.25,68.75,7,0,inf,14.13888888888889,409002,265227,aime24,
test,per_benchmark,answer_persistence,3,,48,85.41666666666667,85.41666666666667,0.0,31.727950029036418,47.916666666666664,91.30434782608695,8.695652173913043,0,0,inf,6.875,282404,192803,amc23,
test,per_benchmark,answer_persistence,3,,600,74.5,80.5,6.0,39.16708405850521,49.833333333333336,68.89632107023411,31.103678929765888,50,14,3.5714285714285716,5.306666666666667,2691316,1637206,math500,
test,per_seed,answer_persistence,3,,228,75.87719298245614,81.57894736842105,5.701754385964913,35.81338321268075,47.36842105263158,69.44444444444444,30.555555555555557,18,5,3.6,6.0,1132867,727149,,45
test,per_seed,answer_persistence,3,,228,75.43859649122807,81.57894736842105,6.140350877192983,41.39296650783406,54.824561403508774,68.8,31.2,19,5,3.8,6.008771929824562,1092345,640191,,46
test,per_seed,answer_persistence,3,,228,71.9298245614035,78.94736842105263,7.017543859649122,37.11535969451668,46.05263157894737,67.61904761904762,32.38095238095238,20,4,5.0,5.635964912280702,1157510,727896,,47
test,per_environment,answer_persistence,3,deepseek,6,50.0,83.33333333333333,33.333333333333336,28.23007007562617,33.333333333333336,0.0,100.0,2,0,inf,4.5,72065,51721,aime24,45
test,per_environment,answer_persistence,3,deepseek,6,33.333333333333336,83.33333333333333,50.0,55.61269258238955,66.66666666666667,0.0,100.0,3,0,inf,6.833333333333333,49005,21752,aime24,46
test,per_environment,answer_persistence,3,deepseek,6,33.333333333333336,50.0,16.666666666666668,8.973610738678486,16.666666666666668,0.0,100.0,1,0,inf,3.6666666666666665,63397,57708,aime24,47
test,per_environment,answer_persistence,3,deepseek,8,87.5,87.5,0.0,43.69890752731182,37.5,66.66666666666667,33.333333333333336,0,0,inf,2.5,40001,22521,amc23,45
test,per_environment,answer_persistence,3,deepseek,8,87.5,87.5,0.0,40.39816772374912,25.0,50.0,50.0,0,0,inf,2.375,39732,23681,amc23,46
test,per_environment,answer_persistence,3,deepseek,8,75.0,75.0,0.0,-0.16404125749983148,0.0,nan,nan,0,0,inf,2.125,44501,44574,amc23,47
test,per_environment,answer_persistence,3,deepseek,100,75.0,81.0,6.0,21.488958370509447,21.0,57.142857142857146,42.857142857142854,8,2,4.0,2.41,386673,303581,math500,45
test,per_environment,answer_persistence,3,deepseek,100,74.0,80.0,6.0,32.4493446196837,35.0,62.857142857142854,37.142857142857146,7,1,7.0,2.48,367878,248504,math500,46
test,per_environment,answer_persistence,3,deepseek,100,69.0,79.0,10.0,30.23867394509304,28.0,53.57142857142857,46.42857142857143,10,0,inf,2.64,401552,280128,math500,47
test,per_environment,answer_persistence,3,qwen3,6,83.33333333333333,83.33333333333333,0.0,41.292123785930556,50.0,66.66666666666667,33.333333333333336,0,0,inf,24.666666666666668,76293,44790,aime24,45
test,per_environment,answer_persistence,3,qwen3,6,66.66666666666667,83.33333333333333,16.666666666666668,43.11779812566388,50.0,33.333333333333336,66.66666666666667,1,0,inf,22.0,74373,42305,aime24,46
test,per_environment,answer_persistence,3,qwen3,6,83.33333333333333,83.33333333333333,0.0,36.44018465120686,50.0,66.66666666666667,33.333333333333336,0,0,inf,23.166666666666668,73869,46951,aime24,47
test,per_environment,answer_persistence,3,qwen3,8,87.5,87.5,0.0,41.43949339717353,87.5,100.0,0.0,0,0,inf,11.0,51796,30332,amc23,45
test,per_environment,answer_persistence,3,qwen3,8,87.5,87.5,0.0,24.49231459665657,62.5,100.0,0.0,0,0,inf,12.875,53478,40380,amc23,46
test,per_environment,answer_persistence,3,qwen3,8,87.5,87.5,0.0,40.79892619479734,75.0,100.0,0.0,0,0,inf,10.375,52896,31315,amc23,47
test,per_environment,answer_persistence,3,qwen3,100,76.0,81.0,5.0,45.813662583318674,72.0,72.22222222222223,27.77777777777778,8,3,2.6666666666666665,8.44,506039,274204,math500,45
test,per_environment,answer_persistence,3,qwen3,100,78.0,82.0,4.0,48.10397752220509,76.0,75.0,25.0,8,4,2.0,8.27,507879,263569,math500,46
test,per_environment,answer_persistence,3,qwen3,100,75.0,80.0,5.0,48.73919757526928,67.0,71.64179104477611,28.35820895522388,9,4,2.25,7.6,521295,267220,math500,47
train,per_model,answer_persistence,4,deepseek,1026,70.85769980506822,73.78167641325535,2.9239766081871346,18.771711444618134,16.08187134502924,48.484848484848484,51.515151515151516,39,9,4.333333333333333,2.7641325536062378,4898914,3979304,,
train,per_model,answer_persistence,4,qwen3,1026,71.53996101364523,76.12085769980507,4.580896686159844,30.133181822864294,57.50487329434698,75.42372881355932,24.576271186440678,74,27,2.740740740740741,10.598440545808966,6309795,4408453,,
train,per_benchmark,answer_persistence,4,,108,50.0,55.55555555555556,5.555555555555555,17.93986254192098,32.407407407407405,54.285714285714285,45.714285714285715,6,0,inf,13.472222222222221,1661161,1363151,aime24,
train,per_benchmark,answer_persistence,4,,144,82.63888888888889,84.02777777777777,1.3888888888888888,21.851912992994254,38.19444444444444,83.63636363636364,16.363636363636363,5,3,1.6666666666666667,9.465277777777779,1078258,842638,amc23,
train,per_benchmark,answer_persistence,4,,1800,71.55555555555556,75.38888888888889,3.8333333333333335,27.007246180022175,36.94444444444444,69.17293233082707,30.827067669172934,102,33,3.090909090909091,6.051111111111111,8469290,6181968,math500,
train,per_seed,answer_persistence,4,,684,71.9298245614035,75.0,3.0701754385964914,26.43415838170128,36.54970760233918,68.8,31.2,33,12,2.75,6.773391812865497,3741114,2752182,,42
train,per_seed,answer_persistence,4,,684,70.76023391812865,74.70760233918129,3.9473684210526314,26.04778383295678,37.134502923976605,70.07874015748031,29.921259842519685,38,11,3.4545454545454546,6.538011695906433,3746288,2770463,,43
train,per_seed,answer_persistence,4,,684,70.90643274853801,75.14619883040936,4.239766081871345,23.007910930218873,36.69590643274854,69.7211155378486,30.278884462151396,42,13,3.230769230769231,6.732456140350878,3721307,2865112,,44
train,per_environment,answer_persistence,4,deepseek,18,33.333333333333336,33.333333333333336,0.0,25.41193370237244,27.77777777777778,20.0,80.0,0,0,inf,4.777777777777778,309091,230545,aime24,42
train,per_environment,answer_persistence,4,deepseek,18,38.888888888888886,44.44444444444444,5.555555555555555,38.13846775663531,27.77777777777778,0.0,100.0,1,0,inf,4.277777777777778,252362,156115,aime24,43
train,per_environment,answer_persistence,4,deepseek,18,50.0,50.0,0.0,4.826716544909583,5.555555555555555,0.0,100.0,0,0,inf,3.5,260902,248309,aime24,44
train,per_environment,answer_persistence,4,deepseek,24,87.5,91.66666666666667,4.166666666666667,14.083731900674834,12.5,33.333333333333336,66.66666666666667,1,0,inf,2.9583333333333335,152630,131134,amc23,42
train,per_environment,answer_persistence,4,deepseek,24,66.66666666666667,70.83333333333333,4.166666666666667,18.68288649542534,12.5,0.0,100.0,1,0,inf,2.8333333333333335,185041,150470,amc23,43
train,per_environment,answer_persistence,4,deepseek,24,79.16666666666667,87.5,8.333333333333334,9.773289658157761,12.5,33.333333333333336,66.66666666666667,2,0,inf,3.4166666666666665,154779,139652,amc23,44
train,per_environment,answer_persistence,4,deepseek,300,72.0,74.33333333333333,2.3333333333333335,21.50995127179372,15.0,48.888888888888886,51.111111111111114,10,3,3.3333333333333335,2.546666666666667,1203615,944718,math500,42
train,per_environment,answer_persistence,4,deepseek,300,73.0,75.0,2.0,16.079136629445184,15.333333333333334,60.869565217391305,39.130434782608695,9,3,3.0,2.64,1175486,986478,math500,43
train,per_environment,answer_persistence,4,deepseek,300,71.33333333333333,75.33333333333333,4.0,17.686604570260116,18.0,50.0,50.0,15,3,5.0,2.776666666666667,1205008,991883,math500,44
train,per_environment,answer_persistence,4,qwen3,18,72.22222222222223,77.77777777777777,5.555555555555555,17.420590665397057,55.55555555555556,90.0,10.0,1,0,inf,24.22222222222222,269899,222881,aime24,42
train,per_environment,answer_persistence,4,qwen3,18,38.888888888888886,55.55555555555556,16.666666666666668,12.839632784715905,44.44444444444444,62.5,37.5,3,0,inf,21.61111111111111,302275,263464,aime24,43
train,per_environment,answer_persistence,4,qwen3,18,66.66666666666667,72.22222222222223,5.555555555555555,9.299333913408743,33.333333333333336,66.66666666666667,33.333333333333336,1,0,inf,22.444444444444443,266632,241837,aime24,44
train,per_environment,answer_persistence,4,qwen3,24,91.66666666666667,83.33333333333333,-8.333333333333334,31.764530336708653,66.66666666666667,100.0,0.0,0,2,0.0,16.291666666666668,194352,132617,amc23,42
train,per_environment,answer_persistence,4,qwen3,24,91.66666666666667,91.66666666666667,0.0,24.18698342816796,66.66666666666667,93.75,6.25,0,0,inf,15.916666666666666,192616,146028,amc23,43
train,per_environment,answer_persistence,4,qwen3,24,79.16666666666667,79.16666666666667,0.0,28.21514785757393,58.333333333333336,92.85714285714286,7.142857142857143,1,1,1.0,15.375,198840,142737,amc23,44
train,per_environment,answer_persistence,4,qwen3,300,71.33333333333333,76.0,4.666666666666667,32.34447824951118,57.0,71.9298245614035,28.07017543859649,21,7,3.0,9.616666666666667,1611527,1090287,math500,42
train,per_environment,answer_persistence,4,qwen3,300,71.0,76.33333333333333,5.333333333333333,34.82436460487224,58.666666666666664,73.86363636363636,26.136363636363637,24,8,3.0,9.213333333333333,1638508,1067908,math500,43
train,per_environment,answer_persistence,4,qwen3,300,70.66666666666667,75.33333333333333,4.666666666666667,32.68527703336583,57.666666666666664,75.14450867052022,24.85549132947977,23,9,2.5555555555555554,9.513333333333334,1635146,1100694,math500,44
dev,per_model,answer_persistence,4,deepseek,342,72.22222222222223,76.90058479532163,4.678362573099415,18.931784056628317,15.2046783625731,40.38461538461539,59.61538461538461,17,1,17.0,2.8625730994152048,1533791,1243417,,
dev,per_model,answer_persistence,4,qwen3,342,68.42105263157895,77.48538011695906,9.064327485380117,30.40416014544266,55.26315789473684,67.72486772486772,32.27513227513227,36,5,7.2,11.064327485380117,2043967,1422516,,
dev,per_benchmark,answer_persistence,4,,36,61.111111111111114,72.22222222222223,11.11111111111111,24.8518880937001,44.44444444444444,56.25,43.75,4,0,inf,12.555555555555555,469071,352498,aime24,
dev,per_benchmark,answer_persistence,4,,48,77.08333333333333,85.41666666666667,8.333333333333334,22.801794252476956,43.75,71.42857142857143,28.571428571428573,4,0,inf,12.8125,405740,313224,amc23,
dev,per_benchmark,answer_persistence,4,,600,70.33333333333333,76.83333333333333,6.5,25.99888196105954,34.0,61.27450980392157,38.72549019607843,45,6,7.5,6.16,2702947,2000211,math500,
dev,per_seed,answer_persistence,4,,228,68.85964912280701,76.75438596491227,7.894736842105263,22.26946665095164,35.08771929824562,61.25,38.75,20,2,10.0,6.864035087719298,1230245,956276,,42
dev,per_seed,answer_persistence,4,,228,70.17543859649123,77.63157894736842,7.456140350877193,27.64190511053516,38.1578947368421,58.62068965517241,41.37931034482759,18,1,18.0,7.105263157894737,1158274,838105,,43
dev,per_seed,answer_persistence,4,,228,71.9298245614035,77.19298245614036,5.2631578947368425,26.71346970625753,32.45614035087719,66.21621621621621,33.78378378378378,15,3,5.0,6.921052631578948,1189239,871552,,44
dev,per_environment,answer_persistence,4,deepseek,6,16.666666666666668,50.0,33.333333333333336,14.698318275337687,50.0,33.333333333333336,66.66666666666667,2,0,inf,5.333333333333333,89432,76287,aime24,42
dev,per_environment,answer_persistence,4,deepseek,6,66.66666666666667,66.66666666666667,0.0,28.238637143602343,16.666666666666668,0.0,100.0,0,0,inf,3.3333333333333335,72847,52276,aime24,43
dev,per_environment,answer_persistence,4,deepseek,6,50.0,66.66666666666667,16.666666666666668,53.60284019519037,33.333333333333336,0.0,100.0,1,0,inf,4.666666666666667,68446,31757,aime24,44
dev,per_environment,answer_persistence,4,deepseek,8,75.0,87.5,12.5,25.6432076702692,25.0,0.0,100.0,1,0,inf,3.625,70506,52426,amc23,42
dev,per_environment,answer_persistence,4,deepseek,8,75.0,87.5,12.5,34.37858728093671,37.5,33.333333333333336,66.66666666666667,1,0,inf,4.875,52268,34299,amc23,43
dev,per_environment,answer_persistence,4,deepseek,8,62.5,87.5,25.0,14.662350476915886,25.0,0.0,100.0,2,0,inf,5.25,57767,49297,amc23,44
dev,per_environment,answer_persistence,4,deepseek,100,74.0,78.0,4.0,12.821985299839795,12.0,50.0,50.0,4,0,inf,2.44,372649,324868,math500,42
dev,per_environment,answer_persistence,4,deepseek,100,72.0,77.0,5.0,15.944613186624544,16.0,43.75,56.25,5,0,inf,2.76,361169,303582,math500,43
dev,per_environment,answer_persistence,4,deepseek,100,76.0,76.0,0.0,18.029518377595465,11.0,54.54545454545455,45.45454545454545,1,1,1.0,2.69,388707,318625,math500,44
dev,per_environment,answer_persistence,4,qwen3,6,83.33333333333333,83.33333333333333,0.0,14.037282780410742,50.0,100.0,0.0,0,0,inf,21.0,79125,68018,aime24,42
dev,per_environment,answer_persistence,4,qwen3,6,66.66666666666667,83.33333333333333,16.666666666666668,37.29236607794483,66.66666666666667,50.0,50.0,1,0,inf,18.5,68510,42961,aime24,43
dev,per_environment,answer_persistence,4,qwen3,6,83.33333333333333,83.33333333333333,0.0,10.48604910099106,50.0,100.0,0.0,0,0,inf,22.5,90711,81199,aime24,44
dev,per_environment,answer_persistence,4,qwen3,8,75.0,75.0,0.0,11.707871191719104,50.0,100.0,0.0,0,0,inf,21.5,78349,69176,amc23,42
dev,per_environment,answer_persistence,4,qwen3,8,87.5,87.5,0.0,21.959247019787806,50.0,100.0,0.0,0,0,inf,22.625,74743,58330,amc23,43
dev,per_environment,answer_persistence,4,qwen3,8,87.5,87.5,0.0,31.08020025794999,75.0,100.0,0.0,0,0,inf,19.0,72107,49696,amc23,44
dev,per_environment,answer_persistence,4,qwen3,100,65.0,76.0,11.0,32.33768493698444,56.0,62.5,37.5,13,2,6.5,9.62,540184,365501,math500,42
dev,per_environment,answer_persistence,4,qwen3,100,67.0,77.0,10.0,34.436780478763545,59.0,62.71186440677966,37.28813559322034,11,1,11.0,9.93,528737,346657,math500,43
dev,per_environment,answer_persistence,4,qwen3,100,68.0,77.0,9.0,33.33776473555282,50.0,68.0,32.0,11,2,5.5,9.52,511501,340978,math500,44
test,per_model,answer_persistence,4,deepseek,342,74.85380116959064,79.82456140350877,4.970760233918129,18.34504821122826,16.374269005847953,50.0,50.0,18,1,18.0,2.8421052631578947,1464804,1196085,,
test,per_model,answer_persistence,4,qwen3,342,78.94736842105263,81.57894736842105,2.6315789473684212,38.503105972205276,59.35672514619883,76.84729064039409,23.15270935960591,20,11,1.8181818181818181,9.847953216374268,1917918,1179460,,
test,per_benchmark,answer_persistence,4,,36,69.44444444444444,77.77777777777777,8.333333333333334,23.69303817585244,30.555555555555557,45.45454545454545,54.54545454545455,3,0,inf,15.027777777777779,409002,312097,aime24,
test,per_benchmark,answer_persistence,4,,48,85.41666666666667,85.41666666666667,0.0,29.939731731845157,43.75,90.47619047619048,9.523809523809524,0,0,inf,7.3125,282404,197853,amc23,
test,per_benchmark,answer_persistence,4,,600,76.66666666666667,80.5,3.8333333333333335,30.68093824731098,37.833333333333336,70.48458149779735,29.515418502202643,35,12,2.9166666666666665,5.746666666666667,2691316,1865595,math500,
test,per_seed,answer_persistence,4,,228,78.50877192982456,81.57894736842105,3.0701754385964914,28.42363666696973,36.40350877192982,74.6987951807229,25.301204819277107,11,4,2.75,6.456140350877193,1132867,810865,,45
test,per_seed,answer_persistence,4,,228,77.63157894736842,81.57894736842105,3.9473684210526314,30.31066192457511,39.91228070175438,68.13186813186813,31.86813186813187,13,4,3.25,6.526315789473684,1092345,761248,,46
test,per_seed,answer_persistence,4,,228,74.56140350877193,78.94736842105263,4.385964912280702,30.589627735397535,37.280701754385966,70.58823529411765,29.41176470588235,14,4,3.5,6.052631578947368,1157510,803432,,47
test,per_environment,answer_persistence,4,deepseek,6,83.33333333333333,83.33333333333333,0.0,-0.19149379032817596,0.0,nan,nan,0,0,inf,4.666666666666667,72065,72203,aime24,45
test,per_environment,answer_persistence,4,deepseek,6,50.0,83.33333333333333,33.333333333333336,26.495255586164678,33.333333333333336,0.0,100.0,2,0,inf,7.333333333333333,49005,36021,aime24,46
test,per_environment,answer_persistence,4,deepseek,6,33.333333333333336,50.0,16.666666666666668,8.743315929775857,16.666666666666668,0.0,100.0,1,0,inf,3.8333333333333335,63397,57854,aime24,47
test,per_environment,answer_persistence,4,deepseek,8,87.5,87.5,0.0,41.13147171320717,25.0,50.0,50.0,0,0,inf,2.75,40001,23548,amc23,45
test,per_environment,answer_persistence,4,deepseek,8,87.5,87.5,0.0,37.571730594986406,12.5,0.0,100.0,0,0,inf,2.5,39732,24804,amc23,46
test,per_environment,answer_persistence,4,deepseek,8,75.0,75.0,0.0,-0.16404125749983148,0.0,nan,nan,0,0,inf,2.125,44501,44574,amc23,47
test,per_environment,answer_persistence,4,deepseek,100,78.0,81.0,3.0,16.761966829853648,14.0,64.28571428571429,35.714285714285715,4,1,4.0,2.67,386673,321859,math500,45
test,per_environment,answer_persistence,4,deepseek,100,76.0,80.0,4.0,19.78346082125052,17.0,47.05882352941177,52.94117647058823,4,0,inf,2.65,367878,295099,math500,46
test,per_environment,answer_persistence,4,deepseek,100,72.0,79.0,7.0,20.278569151691435,19.0,52.63157894736842,47.36842105263158,7,0,inf,2.86,401552,320123,math500,47
test,per_environment,answer_persistence,4,qwen3,6,83.33333333333333,83.33333333333333,0.0,40.65772744550614,50.0,66.66666666666667,33.333333333333336,0,0,inf,25.166666666666668,76293,45274,aime24,45
test,per_environment,answer_persistence,4,qwen3,6,83.33333333333333,83.33333333333333,0.0,29.030696623774755,33.333333333333336,50.0,50.0,0,0,inf,24.833333333333332,74373,52782,aime24,46
test,per_environment,answer_persistence,4,qwen3,6,83.33333333333333,83.33333333333333,0.0,35.07019182607048,50.0,66.66666666666667,33.333333333333336,0,0,inf,24.333333333333332,73869,47963,aime24,47
test,per_environment,answer_persistence,4,qwen3,8,87.5,87.5,0.0,38.0550621669627,87.5,100.0,0.0,0,0,inf,11.875,51796,32085,amc23,45
test,per_environment,answer_persistence,4,qwen3,8,87.5,87.5,0.0,23.121657504020344,62.5,100.0,0.0,0,0,inf,13.5,53478,41113,amc23,46
test,per_environment,answer_persistence,4,qwen3,8,87.5,87.5,0.0,40.01625831820932,75.0,100.0,0.0,0,0,inf,11.125,52896,31729,amc23,47
test,per_environment,answer_persistence,4,qwen3,100,77.0,81.0,4.0,37.57477190493223,57.0,75.43859649122807,24.56140350877193,7,3,2.3333333333333335,9.09,506039,315896,math500,45
test,per_environment,answer_persistence,4,qwen3,100,79.0,82.0,3.0,38.68047310481433,64.0,75.0,25.0,7,4,1.75,9.02,507879,311429,math500,46
test,per_environment,answer_persistence,4,qwen3,100,78.0,80.0,2.0,42.22292559874927,56.0,75.0,25.0,6,4,1.5,8.19,521295,301189,math500,47
train,per_model,answer_persistence,5,deepseek,1026,72.70955165692008,73.78167641325535,1.0721247563352827,10.705372660144677,8.771929824561404,47.77777777777778,52.22222222222222,19,8,2.375,2.9200779727095516,4898914,4374467,,
train,per_model,answer_persistence,5,qwen3,1026,72.80701754385964,76.12085769980507,3.313840155945419,25.40817887110437,49.12280701754386,75.39682539682539,24.603174603174605,58,24,2.4166666666666665,11.26608187134503,6309795,4706591,,
train,per_benchmark,answer_persistence,5,,108,50.925925925925924,55.55555555555556,4.62962962962963,11.576421550951412,25.0,59.25925925925926,40.74074074074074,5,0,inf,14.018518518518519,1661161,1468858,aime24,
train,per_benchmark,answer_persistence,5,,144,84.72222222222223,84.02777777777777,-0.6944444444444444,15.184213796698007,29.166666666666668,90.47619047619048,9.523809523809524,2,3,0.6666666666666666,9.92361111111111,1078258,914533,amc23,
train,per_benchmark,answer_persistence,5,,1800,73.11111111111111,75.38888888888889,2.2777777777777777,20.918199754642952,29.166666666666668,70.28571428571429,29.714285714285715,70,29,2.413793103448276,6.4511111111111115,8469290,6697667,math500,
train,per_seed,answer_persistence,5,,684,73.24561403508773,75.0,1.7543859649122806,19.224434219326117,27.63157894736842,70.8994708994709,29.1005291005291,22,10,2.2,7.157894736842105,3741114,3021906,,42
train,per_seed,answer_persistence,5,,684,72.22222222222223,74.70760233918129,2.4853801169590644,19.70713410180958,29.678362573099417,71.42857142857143,28.571428571428573,28,11,2.5454545454545454,6.969298245614035,3746288,3008002,,43
train,per_seed,answer_persistence,5,,684,72.80701754385964,75.14619883040936,2.3391812865497075,18.008645887049898,29.53216374269006,71.2871287128713,28.712871287128714,27,11,2.4545454545454546,7.152046783625731,3721307,3051150,,44
train,per_environment,answer_persistence,5,deepseek,18,33.333333333333336,33.333333333333336,0.0,13.599231294343737,16.666666666666668,33.333333333333336,66.66666666666667,0,0,inf,5.0,309091,267057,aime24,42
train,per_environment,answer_persistence,5,deepseek,18,38.888888888888886,44.44444444444444,5.555555555555555,20.708347532512818,16.666666666666668,0.0,100.0,1,0,inf,4.833333333333333,252362,200102,aime24,43
train,per_environment,answer_persistence,5,deepseek,18,50.0,50.0,0.0,4.807552261002216,5.555555555555555,0.0,100.0,0,0,inf,3.5555555555555554,260902,248359,aime24,44
train,per_environment,answer_persistence,5,deepseek,24,87.5,91.66666666666667,4.166666666666667,3.9494201664155146,8.333333333333334,50.0,50.0,1,0,inf,3.0416666666666665,152630,146602,amc23,42
train,per_environment,answer_persistence,5,deepseek,24,66.66666666666667,70.83333333333333,4.166666666666667,10.872725504077474,8.333333333333334,0.0,100.0,1,0,inf,3.0416666666666665,185041,164922,amc23,43
train,per_environment,answer_persistence,5,deepseek,24,87.5,87.5,0.0,-0.29590577533127876,0.0,nan,nan,0,0,inf,4.041666666666667,154779,155237,amc23,44
train,per_environment,answer_persistence,5,deepseek,300,73.66666666666667,74.33333333333333,0.6666666666666666,12.227497995621523,7.333333333333333,45.45454545454545,54.54545454545455,5,3,1.6666666666666667,2.69,1203615,1056443,math500,42
train,per_environment,answer_persistence,5,deepseek,300,74.66666666666667,75.0,0.3333333333333333,9.574507905666252,8.666666666666666,61.53846153846154,38.46153846153846,4,3,1.3333333333333333,2.76,1175486,1062939,math500,43
train,per_environment,answer_persistence,5,deepseek,300,73.66666666666667,75.33333333333333,1.6666666666666667,10.971047495120365,10.333333333333334,48.38709677419355,51.61290322580645,7,2,3.5,2.9233333333333333,1205008,1072806,math500,44
train,per_environment,answer_persistence,5,qwen3,18,72.22222222222223,77.77777777777777,5.555555555555555,10.453169518968206,38.888888888888886,85.71428571428571,14.285714285714286,1,0,inf,24.666666666666668,269899,241686,aime24,42
train,per_environment,answer_persistence,5,qwen3,18,44.44444444444444,55.55555555555556,11.11111111111111,11.32247125961459,38.888888888888886,71.42857142857143,28.571428571428573,2,0,inf,23.0,302275,268050,aime24,43
train,per_environment,answer_persistence,5,qwen3,18,66.66666666666667,72.22222222222223,5.555555555555555,8.636622760958925,33.333333333333336,66.66666666666667,33.333333333333336,1,0,inf,23.055555555555557,266632,243604,aime24,44
train,per_environment,answer_persistence,5,qwen3,24,91.66666666666667,83.33333333333333,-8.333333333333334,29.759920144891744,62.5,100.0,0.0,0,2,0.0,16.916666666666668,194352,136513,amc23,42
train,per_environment,answer_persistence,5,qwen3,24,91.66666666666667,91.66666666666667,0.0,21.44525896083399,54.166666666666664,92.3076923076923,7.6923076923076925,0,0,inf,16.458333333333332,192616,151309,amc23,43
train,per_environment,answer_persistence,5,qwen3,24,83.33333333333333,79.16666666666667,-4.166666666666667,19.558438945886138,41.666666666666664,100.0,0.0,0,1,0.0,16.041666666666668,198840,159950,amc23,44
train,per_environment,answer_persistence,5,qwen3,300,72.66666666666667,76.0,3.3333333333333335,27.174350786552132,46.666666666666664,72.14285714285714,27.857142857142858,15,5,3.0,10.253333333333334,1611527,1173605,math500,42
train,per_environment,answer_persistence,5,qwen3,300,72.33333333333333,76.33333333333333,4.0,29.162384315487017,50.666666666666664,73.6842105263158,26.31578947368421,20,8,2.5,9.9,1638508,1160680,math500,43
train,per_environment,answer_persistence,5,qwen3,300,71.66666666666667,75.33333333333333,3.6666666666666665,28.373735434022404,51.333333333333336,74.67532467532467,25.324675324675326,19,8,2.375,10.18,1635146,1171194,math500,44
dev,per_model,answer_persistence,5,deepseek,342,73.6842105263158,76.90058479532163,3.216374269005848,12.69729708936876,9.35672514619883,34.375,65.625,12,1,12.0,2.97953216374269,1533791,1339041,,
dev,per_model,answer_persistence,5,qwen3,342,70.17543859649123,77.48538011695906,7.309941520467836,26.3623629931403,47.36842105263158,68.51851851851852,31.48148148148148,30,5,6.0,11.678362573099415,2043967,1505129,,
dev,per_benchmark,answer_persistence,5,,36,69.44444444444444,72.22222222222223,2.7777777777777777,20.082460864133573,33.333333333333336,66.66666666666667,33.333333333333336,1,0,inf,13.222222222222221,469071,374870,aime24,
dev,per_benchmark,answer_persistence,5,,48,79.16666666666667,85.41666666666667,6.25,17.08951545324592,39.583333333333336,78.94736842105263,21.05263157894737,3,0,inf,13.354166666666666,405740,336401,amc23,
dev,per_benchmark,answer_persistence,5,,600,71.5,76.83333333333333,5.333333333333333,21.08986968667902,27.166666666666668,60.736196319018404,39.263803680981596,38,6,6.333333333333333,6.493333333333333,2702947,2132899,math500,
dev,per_seed,answer_persistence,5,,228,71.05263157894737,76.75438596491227,5.701754385964913,16.51158915500571,27.63157894736842,63.492063492063494,36.507936507936506,15,2,7.5,7.192982456140351,1230245,1027112,,42
dev,per_seed,answer_persistence,5,,228,71.49122807017544,77.63157894736842,6.140350877192983,23.56402716455692,30.70175438596491,60.0,40.0,15,1,15.0,7.535087719298246,1158274,885338,,43
dev,per_seed,answer_persistence,5,,228,73.24561403508773,77.19298245614036,3.9473684210526314,21.654099806683096,26.75438596491228,65.57377049180327,34.42622950819672,12,3,4.0,7.258771929824562,1189239,931720,,44
dev,per_environment,answer_persistence,5,deepseek,6,33.333333333333336,50.0,16.666666666666668,4.472671974237409,16.666666666666668,0.0,100.0,1,0,inf,5.666666666666667,89432,85432,aime24,42
dev,per_environment,answer_persistence,5,deepseek,6,66.66666666666667,66.66666666666667,0.0,28.078026548794046,16.666666666666668,0.0,100.0,0,0,inf,3.5,72847,52393,aime24,43
dev,per_environment,answer_persistence,5,deepseek,6,66.66666666666667,66.66666666666667,0.0,45.62574876545013,16.666666666666668,0.0,100.0,0,0,inf,4.833333333333333,68446,37217,aime24,44
dev,per_environment,answer_persistence,5,deepseek,8,87.5,87.5,0.0,-0.18296315207216407,0.0,nan,nan,0,0,inf,3.75,70506,70635,amc23,42
dev,per_environment,answer_persistence,5,deepseek,8,75.0,87.5,12.5,33.8849774240453,37.5,33.333333333333336,66.66666666666667,1,0,inf,5.25,52268,34557,amc23,43
dev,per_environment,answer_persistence,5,deepseek,8,62.5,87.5,25.0,14.146485017397476,25.0,0.0,100.0,2,0,inf,5.5,57767,49595,amc23,44
dev,per_environment,answer_persistence,5,deepseek,100,74.0,78.0,4.0,7.238715252154172,8.0,37.5,62.5,4,0,inf,2.53,372649,345674,math500,42
dev,per_environment,answer_persistence,5,deepseek,100,73.0,77.0,4.0,11.54805645002755,9.0,33.333333333333336,66.66666666666667,4,0,inf,2.89,361169,319461,math500,43
dev,per_environment,answer_persistence,5,deepseek,100,77.0,76.0,-1.0,11.48165584874983,7.0,57.142857142857146,42.857142857142854,0,1,0.0,2.77,388707,344077,math500,44
dev,per_environment,answer_persistence,5,qwen3,6,83.33333333333333,83.33333333333333,0.0,12.165560821484991,50.0,100.0,0.0,0,0,inf,21.5,79125,69499,aime24,42
dev,per_environment,answer_persistence,5,qwen3,6,83.33333333333333,83.33333333333333,0.0,28.560794044665013,50.0,66.66666666666667,33.333333333333336,0,0,inf,20.833333333333332,68510,48943,aime24,43
dev,per_environment,answer_persistence,5,qwen3,6,83.33333333333333,83.33333333333333,0.0,10.27989990188621,50.0,100.0,0.0,0,0,inf,23.0,90711,81386,aime24,44
dev,per_environment,answer_persistence,5,qwen3,8,75.0,75.0,0.0,9.01096376469387,50.0,100.0,0.0,0,0,inf,22.0,78349,71289,amc23,42
dev,per_environment,answer_persistence,5,qwen3,8,87.5,87.5,0.0,20.933063965856334,50.0,100.0,0.0,0,0,inf,23.125,74743,59097,amc23,43
dev,per_environment,answer_persistence,5,qwen3,8,87.5,87.5,0.0,28.95557990208995,75.0,100.0,0.0,0,0,inf,20.5,72107,51228,amc23,44
dev,per_environment,answer_persistence,5,qwen3,100,68.0,76.0,8.0,28.805184899960015,47.0,63.829787234042556,36.170212765957444,10,2,5.0,10.18,540184,384583,math500,42
dev,per_environment,answer_persistence,5,qwen3,100,68.0,77.0,9.0,29.854161899015956,50.0,64.0,36.0,10,1,10.0,10.56,528737,370887,math500,43
dev,per_environment,answer_persistence,5,qwen3,100,69.0,77.0,8.0,28.012457453651116,42.0,64.28571428571429,35.714285714285715,10,2,5.0,10.03,511501,368217,math500,44
test,per_model,answer_persistence,5,deepseek,342,77.77777777777777,79.82456140350877,2.046783625730994,11.03055425845369,7.894736842105263,44.44444444444444,55.55555555555556,8,1,8.0,2.961988304093567,1464804,1303228,,
test,per_model,answer_persistence,5,qwen3,342,80.11695906432749,81.57894736842105,1.4619883040935673,30.527634653827743,50.292397660818715,79.06976744186046,20.930232558139537,16,11,1.4545454545454546,10.660818713450292,1917918,1332423,,
test,per_benchmark,answer_persistence,5,,36,75.0,77.77777777777777,2.7777777777777777,16.51238869247583,22.22222222222222,62.5,37.5,1,0,inf,15.777777777777779,409002,341466,aime24,
test,per_benchmark,answer_persistence,5,,48,85.41666666666667,85.41666666666667,0.0,27.370008923386354,39.583333333333336,89.47368421052632,10.526315789473685,0,0,inf,7.708333333333333,282404,205110,amc23,
test,per_benchmark,answer_persistence,5,,600,78.66666666666667,80.5,1.8333333333333333,22.37719390811038,28.666666666666668,73.25581395348837,26.74418604651163,23,12,1.9166666666666667,6.201666666666667,2691316,2089075,math500,
test,per_seed,answer_persistence,5,,228,79.82456140350877,81.57894736842105,1.7543859649122806,20.55766475676315,28.07017543859649,75.0,25.0,8,4,2.0,6.894736842105263,1132867,899976,,45
test,per_seed,answer_persistence,5,,228,79.82456140350877,81.57894736842105,1.7543859649122806,23.164201786065757,30.70175438596491,70.0,30.0,8,4,2.0,6.973684210526316,1092345,839312,,46
test,per_seed,answer_persistence,5,,228,77.19298245614036,78.94736842105263,1.7543859649122806,22.561100984008778,28.50877192982456,78.46153846153847,21.53846153846154,8,4,2.0,6.565789473684211,1157510,896363,,47
test,per_environment,answer_persistence,5,deepseek,6,83.33333333333333,83.33333333333333,0.0,-0.19149379032817596,0.0,nan,nan,0,0,inf,4.666666666666667,72065,72203,aime24,45
test,per_environment,answer_persistence,5,deepseek,6,66.66666666666667,83.33333333333333,16.666666666666668,17.91653912866034,16.666666666666668,0.0,100.0,1,0,inf,8.166666666666666,49005,40225,aime24,46
test,per_environment,answer_persistence,5,deepseek,6,50.0,50.0,0.0,-0.2066343833304415,0.0,nan,nan,0,0,inf,4.5,63397,63528,aime24,47
test,per_environment,answer_persistence,5,deepseek,8,87.5,87.5,0.0,36.56908577285568,12.5,0.0,100.0,0,0,inf,2.875,40001,25373,amc23,45
test,per_environment,answer_persistence,5,deepseek,8,87.5,87.5,0.0,36.27302929628511,12.5,0.0,100.0,0,0,inf,2.625,39732,25320,amc23,46
test,per_environment,answer_persistence,5,deepseek,8,75.0,75.0,0.0,-0.16404125749983148,0.0,nan,nan,0,0,inf,2.125,44501,44574,amc23,47
test,per_environment,answer_persistence,5,deepseek,100,80.0,81.0,1.0,11.382744592976495,7.0,57.142857142857146,42.857142857142854,2,1,2.0,2.75,386673,342659,math500,45
test,per_environment,answer_persistence,5,deepseek,100,78.0,80.0,2.0,7.620189301888126,7.0,28.571428571428573,71.42857142857143,2,0,inf,2.77,367878,339845,math500,46
test,per_environment,answer_persistence,5,deepseek,100,76.0,79.0,3.0,12.962455671992668,10.0,60.0,40.0,3,0,inf,2.96,401552,349501,math500,47
test,per_environment,answer_persistence,5,qwen3,6,83.33333333333333,83.33333333333333,0.0,15.617422306109342,33.333333333333336,100.0,0.0,0,0,inf,27.333333333333332,76293,64378,aime24,45
test,per_environment,answer_persistence,5,qwen3,6,83.33333333333333,83.33333333333333,0.0,28.783295012975138,33.333333333333336,50.0,50.0,0,0,inf,25.166666666666668,74373,52966,aime24,46
test,per_environment,answer_persistence,5,qwen3,6,83.33333333333333,83.33333333333333,0.0,34.79538101233264,50.0,66.66666666666667,33.333333333333336,0,0,inf,24.833333333333332,73869,48166,aime24,47
test,per_environment,answer_persistence,5,qwen3,8,87.5,87.5,0.0,34.1049501892038,87.5,100.0,0.0,0,0,inf,12.75,51796,34131,amc23,45
test,per_environment,answer_persistence,5,qwen3,8,87.5,87.5,0.0,22.12685590336213,62.5,100.0,0.0,0,0,inf,14.125,53478,41645,amc23,46
test,per_environment,answer_persistence,5,qwen3,8,87.5,87.5,0.0,35.59626436781609,62.5,100.0,0.0,0,0,inf,11.75,52896,34067,amc23,47
test,per_environment,answer_persistence,5,qwen3,100,78.0,81.0,3.0,28.615778625758093,47.0,74.46808510638297,25.53191489361702,6,3,2.0,9.8,506039,361232,math500,45
test,per_environment,answer_persistence,5,qwen3,100,81.0,82.0,1.0,33.19058279629597,54.0,75.92592592592592,24.074074074074073,5,4,1.25,9.79,507879,339311,math500,46
test,per_environment,answer_persistence,5,qwen3,100,79.0,80.0,1.0,31.607439165923324,47.0,80.85106382978724,19.148936170212767,5,4,1.25,9.14,521295,356527,math500,47
train,per_model,answer_persistence,6,deepseek,1026,73.39181286549707,73.78167641325535,0.3898635477582846,6.448633309341622,4.970760233918129,49.01960784313726,50.98039215686274,7,3,2.3333333333333335,3.0194931773879143,4898914,4583001,,
train,per_model,answer_persistence,6,qwen3,1026,73.39181286549707,76.12085769980507,2.729044834307992,21.41660703715414,42.49512670565302,75.45871559633028,24.541284403669724,49,21,2.3333333333333335,11.839181286549708,6309795,4958451,,
train,per_benchmark,answer_persistence,6,,108,51.851851851851855,55.55555555555556,3.7037037037037037,7.233434928944274,18.51851851851852,65.0,35.0,4,0,inf,14.37962962962963,1661161,1541002,aime24,
train,per_benchmark,answer_persistence,6,,144,84.72222222222223,84.02777777777777,-0.6944444444444444,12.616368253238093,25.0,91.66666666666667,8.333333333333334,1,2,0.5,10.3125,1078258,942221,amc23,
train,per_benchmark,answer_persistence,6,,1800,73.77777777777777,75.38888888888889,1.6111111111111112,16.66091254402671,23.944444444444443,71.46171693735499,28.53828306264501,51,22,2.3181818181818183,6.781666666666666,8469290,7058229,math500,
train,per_seed,answer_persistence,6,,684,73.09941520467837,75.0,1.9005847953216375,15.541573980370552,23.538011695906434,70.80745341614907,29.19254658385093,21,8,2.625,7.444444444444445,3741114,3159686,,42
train,per_seed,answer_persistence,6,,684,73.09941520467837,74.70760233918129,1.608187134502924,15.241780663953225,24.12280701754386,72.72727272727273,27.272727272727273,19,8,2.375,7.3011695906432745,3746288,3175287,,43
train,per_seed,answer_persistence,6,,684,73.9766081871345,75.14619883040936,1.1695906432748537,13.834601660115652,23.538011695906434,74.53416149068323,25.46583850931677,16,8,2.0,7.542397660818714,3721307,3206479,,44
train,per_environment,answer_persistence,6,deepseek,18,33.333333333333336,33.333333333333336,0.0,9.210879643858929,11.11111111111111,50.0,50.0,0,0,inf,5.333333333333333,309091,280621,aime24,42
train,per_environment,answer_persistence,6,deepseek,18,44.44444444444444,44.44444444444444,0.0,6.8782146281928345,5.555555555555555,0.0,100.0,0,0,inf,5.055555555555555,252362,235004,aime24,43
train,per_environment,answer_persistence,6,deepseek,18,50.0,50.0,0.0,4.463745007704042,5.555555555555555,0.0,100.0,0,0,inf,3.9444444444444446,260902,249256,aime24,44
train,per_environment,answer_persistence,6,deepseek,24,87.5,91.66666666666667,4.166666666666667,1.30184105352814,4.166666666666667,0.0,100.0,1,0,inf,3.0833333333333335,152630,150643,amc23,42
train,per_environment,answer_persistence,6,deepseek,24,70.83333333333333,70.83333333333333,0.0,8.130090088142628,4.166666666666667,0.0,100.0,0,0,inf,3.0833333333333335,185041,169997,amc23,43
train,per_environment,answer_persistence,6,deepseek,24,87.5,87.5,0.0,-0.29590577533127876,0.0,nan,nan,0,0,inf,4.041666666666667,154779,155237,amc23,44
train,per_environment,answer_persistence,6,deepseek,300,73.0,74.33333333333333,1.3333333333333333,8.27349276969795,5.333333333333333,37.5,62.5,5,1,5.0,2.7733333333333334,1203615,1104034,math500,42
train,per_environment,answer_persistence,6,deepseek,300,75.33333333333333,75.0,-0.3333333333333333,5.650003487919039,4.666666666666667,64.28571428571429,35.714285714285715,0,1,0.0,2.84,1175486,1109071,math500,43
train,per_environment,answer_persistence,6,deepseek,300,75.33333333333333,75.33333333333333,0.0,6.29622375951031,5.0,60.0,40.0,1,1,1.0,3.0366666666666666,1205008,1129138,math500,44
train,per_environment,answer_persistence,6,qwen3,18,72.22222222222223,77.77777777777777,5.555555555555555,6.175272972482299,27.77777777777778,80.0,20.0,1,0,inf,24.944444444444443,269899,253232,aime24,42
train,per_environment,answer_persistence,6,qwen3,18,44.44444444444444,55.55555555555556,11.11111111111111,9.207840542552312,33.333333333333336,66.66666666666667,33.333333333333336,2,0,inf,23.333333333333332,302275,274442,aime24,43
train,per_environment,answer_persistence,6,qwen3,18,66.66666666666667,72.22222222222223,5.555555555555555,6.820261634012422,27.77777777777778,80.0,20.0,1,0,inf,23.666666666666668,266632,248447,aime24,44
train,per_environment,answer_persistence,6,qwen3,24,91.66666666666667,83.33333333333333,-8.333333333333334,26.925887050300485,54.166666666666664,100.0,0.0,0,2,0.0,17.708333333333332,194352,142021,amc23,42
train,per_environment,answer_persistence,6,qwen3,24,91.66666666666667,91.66666666666667,0.0,19.983801968683807,50.0,91.66666666666667,8.333333333333334,0,0,inf,16.958333333333332,192616,154124,amc23,43
train,per_environment,answer_persistence,6,qwen3,24,79.16666666666667,79.16666666666667,0.0,14.404043452021726,37.5,100.0,0.0,0,0,inf,17.0,198840,170199,amc23,44
train,per_environment,answer_persistence,6,qwen3,300,73.0,76.0,3.0,23.72855062310467,41.333333333333336,72.58064516129032,27.419354838709676,14,5,2.8,10.72,1611527,1229135,math500,42
train,per_environment,answer_persistence,6,qwen3,300,73.0,76.33333333333333,3.3333333333333335,24.77003469009611,43.666666666666664,73.2824427480916,26.717557251908396,17,7,2.4285714285714284,10.5,1638508,1232649,math500,43
train,per_environment,answer_persistence,6,qwen3,300,73.0,75.33333333333333,2.3333333333333335,23.2972468513515,43.666666666666664,74.80916030534351,25.19083969465649,14,7,2.0,10.82,1635146,1254202,math500,44
dev,per_model,answer_persistence,6,deepseek,342,74.26900584795321,76.90058479532163,2.6315789473684212,11.590105822762032,7.309941520467836,28.0,72.0,10,1,10.0,3.06140350877193,1533791,1356023,,
dev,per_model,answer_persistence,6,qwen3,342,71.34502923976608,77.48538011695906,6.140350877192983,22.61328093848873,39.76608187134503,66.91176470588235,33.088235294117645,26,5,5.2,12.301169590643275,2043967,1581759,,
dev,per_benchmark,answer_persistence,6,,36,69.44444444444444,72.22222222222223,2.7777777777777777,18.948517388625604,30.555555555555557,63.63636363636363,36.36363636363637,1,0,inf,14.11111111111111,469071,380189,aime24,
dev,per_benchmark,answer_persistence,6,,48,79.16666666666667,85.41666666666667,6.25,14.300537289890077,31.25,73.33333333333333,26.666666666666668,3,0,inf,13.666666666666666,405740,347717,amc23,
dev,per_benchmark,answer_persistence,6,,600,72.5,76.83333333333333,4.333333333333333,18.241978107598854,22.5,59.25925925925926,40.74074074074074,32,6,5.333333333333333,6.816666666666666,2702947,2209876,math500,
dev,per_seed,answer_persistence,6,,228,71.05263157894737,76.75438596491227,5.701754385964913,14.290324285000143,22.80701754385965,59.61538461538461,40.38461538461539,15,2,7.5,7.521929824561403,1230245,1054439,,42
dev,per_seed,answer_persistence,6,,228,73.24561403508773,77.63157894736842,4.385964912280702,20.991492513861143,24.56140350877193,58.92857142857143,41.07142857142857,11,1,11.0,7.907894736842105,1158274,915135,,43
dev,per_seed,answer_persistence,6,,228,74.12280701754386,77.19298245614036,3.0701754385964914,18.585919230701315,23.24561403508772,64.15094339622641,35.84905660377358,10,3,3.3333333333333335,7.614035087719298,1189239,968208,,44
dev,per_environment,answer_persistence,6,deepseek,6,33.333333333333336,50.0,16.666666666666668,4.452544950353341,16.666666666666668,0.0,100.0,1,0,inf,5.833333333333333,89432,85450,aime24,42
dev,per_environment,answer_persistence,6,deepseek,6,66.66666666666667,66.66666666666667,0.0,28.067044627781513,16.666666666666668,0.0,100.0,0,0,inf,3.6666666666666665,72847,52401,aime24,43
dev,per_environment,answer_persistence,6,deepseek,6,66.66666666666667,66.66666666666667,0.0,45.32478157963942,16.666666666666668,0.0,100.0,0,0,inf,5.0,68446,37423,aime24,44
dev,per_environment,answer_persistence,6,deepseek,8,87.5,87.5,0.0,-0.18296315207216407,0.0,nan,nan,0,0,inf,3.75,70506,70635,amc23,42
dev,per_environment,answer_persistence,6,deepseek,8,75.0,87.5,12.5,31.200734675135838,25.0,0.0,100.0,1,0,inf,5.5,52268,35960,amc23,43
dev,per_environment,answer_persistence,6,deepseek,8,62.5,87.5,25.0,13.587342254228192,25.0,0.0,100.0,2,0,inf,5.75,57767,49918,amc23,44
dev,per_environment,answer_persistence,6,deepseek,100,74.0,78.0,4.0,6.0620047283100185,6.0,33.333333333333336,66.66666666666667,4,0,inf,2.59,372649,350059,math500,42
dev,per_environment,answer_persistence,6,deepseek,100,75.0,77.0,2.0,9.780186007104707,7.0,42.857142857142854,57.142857142857146,2,0,inf,2.99,361169,325846,math500,43
dev,per_environment,answer_persistence,6,deepseek,100,77.0,76.0,-1.0,10.387258269081853,5.0,40.0,60.0,0,1,0.0,2.82,388707,348331,math500,44
dev,per_environment,answer_persistence,6,qwen3,6,83.33333333333333,83.33333333333333,0.0,10.166192733017377,33.333333333333336,100.0,0.0,0,0,inf,21.833333333333332,79125,71081,aime24,42
dev,per_environment,answer_persistence,6,qwen3,6,83.33333333333333,83.33333333333333,0.0,27.728798715515982,50.0,66.66666666666667,33.333333333333336,0,0,inf,21.333333333333332,68510,49513,aime24,43
dev,per_environment,answer_persistence,6,qwen3,6,83.33333333333333,83.33333333333333,0.0,7.044349637860899,50.0,100.0,0.0,0,0,inf,27.0,90711,84321,aime24,44
dev,per_environment,answer_persistence,6,qwen3,8,75.0,75.0,0.0,3.176811446221394,25.0,100.0,0.0,0,0,inf,22.25,78349,75860,amc23,42
dev,per_environment,answer_persistence,6,qwen3,8,87.5,87.5,0.0,20.15171989350173,50.0,100.0,0.0,0,0,inf,23.625,74743,59681,amc23,43
dev,per_environment,answer_persistence,6,qwen3,8,87.5,87.5,0.0,22.804998127782323,62.5,100.0,0.0,0,0,inf,21.125,72107,55663,amc23,44
dev,per_environment,answer_persistence,6,qwen3,100,68.0,76.0,8.0,25.70050205115294,41.0,60.97560975609756,39.02439024390244,10,2,5.0,10.82,540184,401354,math500,42
dev,per_environment,answer_persistence,6,qwen3,100,70.0,77.0,7.0,25.911369924934323,39.0,61.53846153846154,38.46153846153846,8,1,8.0,11.21,528737,391734,math500,43
dev,per_environment,answer_persistence,6,qwen3,100,71.0,77.0,6.0,23.25489099728055,37.0,64.86486486486487,35.13513513513514,8,2,4.0,10.47,511501,392552,math500,44
test,per_model,answer_persistence,6,deepseek,342,78.94736842105263,79.82456140350877,0.8771929824561403,7.482707584086335,3.801169590643275,30.76923076923077,69.23076923076923,4,1,4.0,3.002923976608187,1464804,1355197,,
test,per_model,answer_persistence,6,qwen3,342,80.4093567251462,81.57894736842105,1.1695906432748537,26.97044399187035,43.85964912280702,81.33333333333333,18.666666666666668,13,9,1.4444444444444444,11.166666666666666,1917918,1400647,,
test,per_benchmark,answer_persistence,6,,36,77.77777777777777,77.77777777777777,0.0,13.015339778289592,19.444444444444443,71.42857142857143,28.571428571428573,0,0,inf,16.22222222222222,409002,355769,aime24,
test,per_benchmark,answer_persistence,6,,48,85.41666666666667,85.41666666666667,0.0,20.17358111074914,31.25,93.33333333333333,6.666666666666667,0,0,inf,8.020833333333334,282404,225433,amc23,
test,per_benchmark,answer_persistence,6,,600,79.33333333333333,80.5,1.1666666666666667,19.19781995128034,23.5,75.88652482269504,24.113475177304963,17,10,1.7,6.461666666666667,2691316,2174642,math500,
test,per_seed,answer_persistence,6,,228,79.82456140350877,81.57894736842105,1.7543859649122806,16.04124756039323,23.68421052631579,75.92592592592592,24.074074074074073,7,3,2.3333333333333335,7.223684210526316,1132867,951141,,45
test,per_seed,answer_persistence,6,,228,81.14035087719299,81.57894736842105,0.43859649122807015,18.82683584398702,23.24561403508772,75.47169811320755,24.528301886792452,4,3,1.3333333333333333,7.2105263157894735,1092345,886691,,46
test,per_seed,answer_persistence,6,,228,78.0701754385965,78.94736842105263,0.8771929824561403,20.69079316809358,24.56140350877193,80.35714285714286,19.642857142857142,6,4,1.5,6.8201754385964914,1157510,918012,,47
test,per_environment,answer_persistence,6,deepseek,6,83.33333333333333,83.33333333333333,0.0,-0.19149379032817596,0.0,nan,nan,0,0,inf,4.666666666666667,72065,72203,aime24,45
test,per_environment,answer_persistence,6,deepseek,6,83.33333333333333,83.33333333333333,0.0,-0.491786552392613,0.0,nan,nan,0,0,inf,8.166666666666666,49005,49246,aime24,46
test,per_environment,answer_persistence,6,deepseek,6,50.0,50.0,0.0,-0.2066343833304415,0.0,nan,nan,0,0,inf,4.5,63397,63528,aime24,47
test,per_environment,answer_persistence,6,deepseek,8,87.5,87.5,0.0,-0.2174945626359341,0.0,nan,nan,0,0,inf,2.875,40001,40088,amc23,45
test,per_environment,answer_persistence,6,deepseek,8,87.5,87.5,0.0,35.736937481123526,12.5,0.0,100.0,0,0,inf,2.75,39732,25533,amc23,46
test,per_environment,answer_persistence,6,deepseek,8,75.0,75.0,0.0,-0.16404125749983148,0.0,nan,nan,0,0,inf,2.125,44501,44574,amc23,47
test,per_environment,answer_persistence,6,deepseek,100,80.0,81.0,1.0,8.59227305759647,5.0,40.0,60.0,2,1,2.0,2.8,386673,353449,math500,45
test,per_environment,answer_persistence,6,deepseek,100,80.0,80.0,0.0,4.59690440852674,2.0,0.0,100.0,0,0,inf,2.8,367878,350967,math500,46
test,per_environment,answer_persistence,6,deepseek,100,77.0,79.0,2.0,11.441357532772841,5.0,40.0,60.0,2,0,inf,3.01,401552,355609,math500,47
test,per_environment,answer_persistence,6,qwen3,6,83.33333333333333,83.33333333333333,0.0,9.968149109354725,33.333333333333336,100.0,0.0,0,0,inf,29.166666666666668,76293,68688,aime24,45
test,per_environment,answer_persistence,6,qwen3,6,83.33333333333333,83.33333333333333,0.0,28.28042434754548,33.333333333333336,50.0,50.0,0,0,inf,25.5,74373,53340,aime24,46
test,per_environment,answer_persistence,6,qwen3,6,83.33333333333333,83.33333333333333,0.0,33.98583979747932,50.0,66.66666666666667,33.333333333333336,0,0,inf,25.333333333333332,73869,48764,aime24,47
test,per_environment,answer_persistence,6,qwen3,8,87.5,87.5,0.0,28.816897057687854,62.5,100.0,0.0,0,0,inf,13.375,51796,36870,amc23,45
test,per_environment,answer_persistence,6,qwen3,8,87.5,87.5,0.0,18.387000261789893,50.0,100.0,0.0,0,0,inf,14.625,53478,43645,amc23,46
test,per_environment,answer_persistence,6,qwen3,8,87.5,87.5,0.0,34.35609497882638,62.5,100.0,0.0,0,0,inf,12.375,52896,34723,amc23,47
test,per_environment,answer_persistence,6,qwen3,100,78.0,81.0,3.0,24.937998849891017,42.0,76.19047619047619,23.80952380952381,5,2,2.5,10.34,506039,379843,math500,45
test,per_environment,answer_persistence,6,qwen3,100,81.0,82.0,1.0,28.337261434318016,44.0,79.54545454545455,20.454545454545453,4,3,1.3333333333333333,10.23,507879,363960,math500,46
test,per_environment,answer_persistence,6,qwen3,100,80.0,80.0,0.0,28.866764499947248,43.0,83.72093023255815,16.27906976744186,4,4,1.0,9.59,521295,370814,math500,47
train,per_model,answer_persistence,7,deepseek,1026,73.78167641325535,73.78167641325535,0.0,4.081537254991616,3.1189083820662766,50.0,50.0,3,3,1.0,3.06140350877193,4898914,4698963,,
train,per_model,answer_persistence,7,qwen3,1026,73.78167641325535,76.12085769980507,2.3391812865497075,18.473722204921078,36.54970760233918,75.2,24.8,42,18,2.3333333333333335,12.23391812865497,6309795,5144141,,
train,per_benchmark,answer_persistence,7,,108,51.851851851851855,55.55555555555556,3.7037037037037037,7.0190065863573725,18.51851851851852,65.0,35.0,4,0,inf,14.564814814814815,1661161,1544564,aime24,
train,per_benchmark,answer_persistence,7,,144,84.72222222222223,84.02777777777777,-0.6944444444444444,10.728972101296721,22.22222222222222,93.75,6.25,0,1,0.0,10.534722222222221,1078258,962572,amc23,
train,per_benchmark,answer_persistence,7,,1800,74.22222222222223,75.38888888888889,1.1666666666666667,13.381546741226241,19.72222222222222,71.83098591549296,28.169014084507044,41,20,2.05,7.001666666666667,8469290,7335968,math500,
train,per_seed,answer_persistence,7,,684,73.53801169590643,75.0,1.4619883040935673,12.19054003700502,19.5906432748538,71.64179104477611,28.35820895522388,16,6,2.6666666666666665,7.66374269005848,3741114,3285052,,42
train,per_seed,answer_persistence,7,,684,73.39181286549707,74.70760233918129,1.3157894736842106,12.965847793869559,20.321637426900583,71.94244604316546,28.057553956834532,16,7,2.2857142857142856,7.526315789473684,3746288,3260550,,43
train,per_seed,answer_persistence,7,,684,74.41520467836257,75.14619883040936,0.7309941520467836,11.388606207442708,19.5906432748538,76.11940298507463,23.880597014925375,13,8,1.625,7.752923976608187,3721307,3297502,,44
train,per_environment,answer_persistence,7,deepseek,18,33.333333333333336,33.333333333333336,0.0,9.051703220087289,11.11111111111111,50.0,50.0,0,0,inf,5.444444444444445,309091,281113,aime24,42
train,per_environment,answer_persistence,7,deepseek,18,44.44444444444444,44.44444444444444,0.0,6.873855810304246,5.555555555555555,0.0,100.0,0,0,inf,5.111111111111111,252362,235015,aime24,43
train,per_environment,answer_persistence,7,deepseek,18,50.0,50.0,0.0,4.44534729515297,5.555555555555555,0.0,100.0,0,0,inf,4.0,260902,249304,aime24,44
train,per_environment,answer_persistence,7,deepseek,24,91.66666666666667,91.66666666666667,0.0,-0.19786411583568106,0.0,nan,nan,0,0,inf,3.0833333333333335,152630,152932,amc23,42
train,per_environment,answer_persistence,7,deepseek,24,70.83333333333333,70.83333333333333,0.0,8.083073481012317,4.166666666666667,0.0,100.0,0,0,inf,3.125,185041,170084,amc23,43
train,per_environment,answer_persistence,7,deepseek,24,87.5,87.5,0.0,-0.29590577533127876,0.0,nan,nan,0,0,inf,4.041666666666667,154779,155237,amc23,44
train,per_environment,answer_persistence,7,deepseek,300,73.66666666666667,74.33333333333333,0.6666666666666666,5.158709387968744,4.0,41.666666666666664,58.333333333333336,3,1,3.0,2.8133333333333335,1203615,1141524,math500,42
train,per_environment,answer_persistence,7,deepseek,300,75.33333333333333,75.0,-0.3333333333333333,3.175197322639317,2.6666666666666665,62.5,37.5,0,1,0.0,2.87,1175486,1138162,math500,43
train,per_environment,answer_persistence,7,deepseek,300,75.66666666666667,75.33333333333333,-0.3333333333333333,2.4411456189502476,2.3333333333333335,71.42857142857143,28.571428571428573,0,1,0.0,3.0933333333333333,1205008,1175592,math500,44
train,per_environment,answer_persistence,7,qwen3,18,72.22222222222223,77.77777777777777,5.555555555555555,5.845890499779547,27.77777777777778,80.0,20.0,1,0,inf,25.22222222222222,269899,254121,aime24,42
train,per_environment,answer_persistence,7,qwen3,18,44.44444444444444,55.55555555555556,11.11111111111111,8.74137788437681,33.333333333333336,66.66666666666667,33.333333333333336,2,0,inf,23.666666666666668,302275,275852,aime24,43
train,per_environment,answer_persistence,7,qwen3,18,66.66666666666667,72.22222222222223,5.555555555555555,6.553226919499535,27.77777777777778,80.0,20.0,1,0,inf,23.944444444444443,266632,249159,aime24,44
train,per_environment,answer_persistence,7,qwen3,24,87.5,83.33333333333333,-4.166666666666667,19.43689799950605,45.833333333333336,100.0,0.0,0,1,0.0,18.166666666666668,194352,156576,amc23,42
train,per_environment,answer_persistence,7,qwen3,24,91.66666666666667,91.66666666666667,0.0,19.165593720147857,50.0,91.66666666666667,8.333333333333334,0,0,inf,17.458333333333332,192616,155700,amc23,43
train,per_environment,answer_persistence,7,qwen3,24,79.16666666666667,79.16666666666667,0.0,13.476664654998995,33.333333333333336,100.0,0.0,0,0,inf,17.333333333333332,198840,172043,amc23,44
train,per_environment,answer_persistence,7,qwen3,300,73.33333333333333,76.0,2.6666666666666665,19.406500790864815,34.666666666666664,72.11538461538461,27.884615384615383,12,4,3.0,11.12,1611527,1298786,math500,42
train,per_environment,answer_persistence,7,qwen3,300,73.66666666666667,76.33333333333333,2.6666666666666665,21.530013890685918,37.0,72.07207207207207,27.92792792792793,14,6,2.3333333333333335,10.916666666666666,1638508,1285737,math500,43
train,per_environment,answer_persistence,7,qwen3,300,73.66666666666667,75.33333333333333,1.6666666666666667,20.730809358919633,37.666666666666664,75.22123893805309,24.778761061946902,12,7,1.7142857142857142,11.196666666666667,1635146,1296167,math500,44
dev,per_model,answer_persistence,7,deepseek,342,76.3157894736842,76.90058479532163,0.5847953216374269,7.5046730617144055,3.801169590643275,23.076923076923077,76.92307692307692,3,1,3.0,3.125730994152047,1533791,1418685,,
dev,per_model,answer_persistence,7,qwen3,342,73.9766081871345,77.48538011695906,3.508771929824561,18.813121738266812,33.04093567251462,69.02654867256638,30.97345132743363,17,5,3.4,12.719298245614034,2043967,1659433,,
dev,per_benchmark,answer_persistence,7,,36,72.22222222222223,72.22222222222223,0.0,12.857541822026942,25.0,77.77777777777777,22.22222222222222,0,0,inf,14.694444444444445,469071,408760,aime24,
dev,per_benchmark,answer_persistence,7,,48,85.41666666666667,85.41666666666667,0.0,9.721989451372801,22.916666666666668,90.9090909090909,9.090909090909092,0,0,inf,14.145833333333334,405740,366294,amc23,
dev,per_benchmark,answer_persistence,7,,600,74.5,76.83333333333333,2.3333333333333335,14.794333740173226,17.666666666666668,60.37735849056604,39.62264150943396,20,6,3.3333333333333335,7.0183333333333335,2702947,2303064,math500,
dev,per_seed,answer_persistence,7,,228,74.12280701754386,76.75438596491227,2.6315789473684212,10.898235717275828,16.666666666666668,63.1578947368421,36.8421052631579,8,2,4.0,7.745614035087719,1230245,1096170,,42
dev,per_seed,answer_persistence,7,,228,75.0,77.63157894736842,2.6315789473684212,15.418458844798382,20.17543859649123,63.04347826086956,36.95652173913044,7,1,7.0,8.153508771929825,1158274,979686,,43
dev,per_seed,answer_persistence,7,,228,76.3157894736842,77.19298245614036,0.8771929824561403,15.722407354619214,18.42105263157895,66.66666666666667,33.333333333333336,5,3,1.6666666666666667,7.868421052631579,1189239,1002262,,44
dev,per_environment,answer_persistence,7,deepseek,6,50.0,50.0,0.0,-0.20015207084712408,0.0,nan,nan,0,0,inf,5.833333333333333,89432,89611,aime24,42
dev,per_environment,answer_persistence,7,deepseek,6,66.66666666666667,66.66666666666667,0.0,-0.152374154048897,0.0,nan,nan,0,0,inf,4.0,72847,72958,aime24,43
dev,per_environment,answer_persistence,7,deepseek,6,66.66666666666667,66.66666666666667,0.0,45.21520614791222,16.666666666666668,0.0,100.0,0,0,inf,5.166666666666667,68446,37498,aime24,44
dev,per_environment,answer_persistence,7,deepseek,8,87.5,87.5,0.0,-0.18296315207216407,0.0,nan,nan,0,0,inf,3.75,70506,70635,amc23,42
dev,per_environment,answer_persistence,7,deepseek,8,87.5,87.5,0.0,24.32463457564858,12.5,0.0,100.0,0,0,inf,6.125,52268,39554,amc23,43
dev,per_environment,answer_persistence,7,deepseek,8,87.5,87.5,0.0,-0.3479495213530216,0.0,nan,nan,0,0,inf,5.75,57767,57968,amc23,44
dev,per_environment,answer_persistence,7,deepseek,100,76.0,78.0,2.0,2.2385676601842484,2.0,0.0,100.0,2,0,inf,2.64,372649,364307,math500,42
dev,per_environment,answer_persistence,7,deepseek,100,76.0,77.0,1.0,6.74421115876501,4.0,25.0,75.0,1,0,inf,3.03,361169,336811,math500,43
dev,per_environment,answer_persistence,7,deepseek,100,77.0,76.0,-1.0,10.126907928079504,5.0,40.0,60.0,0,1,0.0,2.87,388707,349343,math500,44
dev,per_environment,answer_persistence,7,qwen3,6,83.33333333333333,83.33333333333333,0.0,6.320379146919431,33.333333333333336,100.0,0.0,0,0,inf,23.833333333333332,79125,74124,aime24,42
dev,per_environment,answer_persistence,7,qwen3,6,83.33333333333333,83.33333333333333,0.0,27.058823529411764,50.0,66.66666666666667,33.333333333333336,0,0,inf,21.833333333333332,68510,49972,aime24,43
dev,per_environment,answer_persistence,7,qwen3,6,83.33333333333333,83.33333333333333,0.0,6.740086648807752,50.0,100.0,0.0,0,0,inf,27.5,90711,84597,aime24,44
dev,per_environment,answer_persistence,7,qwen3,8,75.0,75.0,0.0,2.6930784055954766,25.0,100.0,0.0,0,0,inf,22.5,78349,76239,amc23,42
dev,per_environment,answer_persistence,7,qwen3,8,87.5,87.5,0.0,19.27404573003492,50.0,100.0,0.0,0,0,inf,24.125,74743,60337,amc23,43
dev,per_environment,answer_persistence,7,qwen3,8,87.5,87.5,0.0,14.62548712330287,50.0,100.0,0.0,0,0,inf,22.625,72107,61561,amc23,44
dev,per_environment,answer_persistence,7,qwen3,100,72.0,76.0,4.0,22.016572130977593,32.0,62.5,37.5,6,2,3.0,11.14,540184,421254,math500,42
dev,per_environment,answer_persistence,7,qwen3,100,72.0,77.0,5.0,20.555209868044038,34.0,64.70588235294117,35.294117647058826,6,1,6.0,11.59,528737,420054,math500,43
dev,per_environment,answer_persistence,7,qwen3,100,74.0,77.0,3.0,19.59057753552779,29.0,65.51724137931035,34.48275862068966,5,2,2.5,10.84,511501,411295,math500,44
test,per_model,answer_persistence,7,deepseek,342,78.94736842105263,79.82456140350877,0.8771929824561403,6.023194912083801,2.9239766081871346,30.0,70.0,3,0,inf,3.0526315789473686,1464804,1376576,,
test,per_model,answer_persistence,7,qwen3,342,80.70175438596492,81.57894736842105,0.8771929824561403,22.194953068900755,39.76608187134503,84.55882352941177,15.441176470588236,11,8,1.375,11.681286549707602,1917918,1492237,,
test,per_benchmark,answer_persistence,7,,36,77.77777777777777,77.77777777777777,0.0,4.899487044073134,13.88888888888889,100.0,0.0,0,0,inf,16.833333333333332,409002,388963,aime24,
test,per_benchmark,answer_persistence,7,,48,85.41666666666667,85.41666666666667,0.0,18.64067081202816,31.25,93.33333333333333,6.666666666666667,0,0,inf,8.333333333333334,282404,229762,amc23,
test,per_benchmark,answer_persistence,7,,600,79.5,80.5,1.0,16.394507371115097,21.0,78.57142857142857,21.428571428571427,14,8,1.75,6.721666666666667,2691316,2250088,math500,
test,per_seed,answer_persistence,7,,228,80.26315789473684,81.57894736842105,1.3157894736842106,14.356848597408169,21.49122807017544,77.55102040816327,22.448979591836736,5,2,2.5,7.442982456140351,1132867,970223,,45
test,per_seed,answer_persistence,7,,228,80.70175438596492,81.57894736842105,0.8771929824561403,15.8476488655141,20.614035087719298,78.72340425531915,21.27659574468085,4,2,2.0,7.491228070175438,1092345,919234,,46
test,per_seed,answer_persistence,7,,228,78.50877192982456,78.94736842105263,0.43859649122807015,15.391141329232576,21.92982456140351,86.0,14.0,5,4,1.25,7.166666666666667,1157510,979356,,47
test,per_environment,answer_persistence,7,deepseek,6,83.33333333333333,83.33333333333333,0.0,-0.19149379032817596,0.0,nan,nan,0,0,inf,4.666666666666667,72065,72203,aime24,45
test,per_environment,answer_persistence,7,deepseek,6,83.33333333333333,83.33333333333333,0.0,-0.491786552392613,0.0,nan,nan,0,0,inf,8.166666666666666,49005,49246,aime24,46
test,per_environment,answer_persistence,7,deepseek,6,50.0,50.0,0.0,-0.2066343833304415,0.0,nan,nan,0,0,inf,4.5,63397,63528,aime24,47
test,per_environment,answer_persistence,7,deepseek,8,87.5,87.5,0.0,-0.2174945626359341,0.0,nan,nan,0,0,inf,2.875,40001,40088,amc23,45
test,per_environment,answer_persistence,7,deepseek,8,87.5,87.5,0.0,35.437430786267996,12.5,0.0,100.0,0,0,inf,2.875,39732,25652,amc23,46
test,per_environment,answer_persistence,7,deepseek,8,75.0,75.0,0.0,-0.16404125749983148,0.0,nan,nan,0,0,inf,2.125,44501,44574,amc23,47
test,per_environment,answer_persistence,7,deepseek,100,79.0,81.0,2.0,7.514618295045167,4.0,25.0,75.0,2,0,inf,2.85,386673,357616,math500,45
test,per_environment,answer_persistence,7,deepseek,100,80.0,80.0,0.0,3.707479109922311,1.0,0.0,100.0,0,0,inf,2.81,367878,354239,math500,46
test,per_environment,answer_persistence,7,deepseek,100,78.0,79.0,1.0,7.999462087102044,4.0,50.0,50.0,1,0,inf,3.11,401552,369430,math500,47
test,per_environment,answer_persistence,7,qwen3,6,83.33333333333333,83.33333333333333,0.0,9.477933755390403,33.333333333333336,100.0,0.0,0,0,inf,29.5,76293,69062,aime24,45
test,per_environment,answer_persistence,7,qwen3,6,83.33333333333333,83.33333333333333,0.0,5.906713457840883,16.666666666666668,100.0,0.0,0,0,inf,27.666666666666668,74373,69980,aime24,46
test,per_environment,answer_persistence,7,qwen3,6,83.33333333333333,83.33333333333333,0.0,12.082199569508184,33.333333333333336,100.0,0.0,0,0,inf,26.5,73869,64944,aime24,47
test,per_environment,answer_persistence,7,qwen3,8,87.5,87.5,0.0,26.9538188277087,62.5,100.0,0.0,0,0,inf,14.0,51796,37835,amc23,45
test,per_environment,answer_persistence,7,qwen3,8,87.5,87.5,0.0,15.853248064624706,50.0,100.0,0.0,0,0,inf,15.125,53478,45000,amc23,46
test,per_environment,answer_persistence,7,qwen3,8,87.5,87.5,0.0,30.783045977011493,62.5,100.0,0.0,0,0,inf,13.0,52896,36613,amc23,47
test,per_environment,answer_persistence,7,qwen3,100,80.0,81.0,1.0,22.25520167417926,38.0,78.94736842105263,21.05263157894737,3,2,1.5,10.72,506039,393419,math500,45
test,per_environment,answer_persistence,7,qwen3,100,80.0,82.0,2.0,26.140478342282314,40.0,80.0,20.0,4,2,2.0,10.68,507879,375117,math500,46
test,per_environment,answer_persistence,7,qwen3,100,80.0,80.0,0.0,23.21679663146587,39.0,87.17948717948718,12.820512820512821,4,4,1.0,10.16,521295,400267,math500,47
train,per_model,answer_persistence,8,deepseek,1026,73.87914230019493,73.78167641325535,-0.09746588693957114,2.074480180709439,1.6569200779727096,52.94117647058823,47.05882352941177,1,2,0.5,3.084795321637427,4898914,4797287,,
train,per_model,answer_persistence,8,qwen3,1026,73.6842105263158,76.12085769980507,2.4366471734892787,15.753950801888175,31.676413255360625,73.53846153846153,26.46153846153846,39,14,2.7857142857142856,12.571150097465887,6309795,5315753,,
train,per_benchmark,answer_persistence,8,,108,51.851851851851855,55.55555555555556,3.7037037037037037,4.824517310483451,16.666666666666668,72.22222222222223,27.77777777777778,4,0,inf,14.768518518518519,1661161,1581018,aime24,
train,per_benchmark,answer_persistence,8,,144,84.72222222222223,84.02777777777777,-0.6944444444444444,8.96112062233714,19.444444444444443,92.85714285714286,7.142857142857143,0,1,0.0,10.729166666666666,1078258,981634,amc23,
train,per_benchmark,answer_persistence,8,,1800,74.22222222222223,75.38888888888889,1.1666666666666667,10.84981149541461,16.444444444444443,70.60810810810811,29.39189189189189,36,15,2.4,7.179444444444444,8469290,7550388,math500,
train,per_seed,answer_persistence,8,,684,73.53801169590643,75.0,1.4619883040935673,8.967328982757543,15.64327485380117,71.02803738317758,28.97196261682243,14,4,3.5,7.8274853801169595,3741114,3405636,,42
train,per_seed,answer_persistence,8,,684,73.53801169590643,74.70760233918129,1.1695906432748537,11.034175696048996,17.54385964912281,70.83333333333333,29.166666666666668,14,6,2.3333333333333335,7.711988304093567,3746288,3332916,,43
train,per_seed,answer_persistence,8,,684,74.26900584795321,75.14619883040936,0.8771929824561403,9.319816935286447,16.81286549707602,75.65217391304348,24.347826086956523,12,6,2.0,7.944444444444445,3721307,3374488,,44
train,per_environment,answer_persistence,8,deepseek,18,33.333333333333336,33.333333333333336,0.0,2.227499344853134,5.555555555555555,100.0,0.0,0,0,inf,5.5,309091,302206,aime24,42
train,per_environment,answer_persistence,8,deepseek,18,44.44444444444444,44.44444444444444,0.0,6.8330414246201885,5.555555555555555,0.0,100.0,0,0,inf,5.166666666666667,252362,235118,aime24,43
train,per_environment,answer_persistence,8,deepseek,18,50.0,50.0,0.0,-0.15024798583376134,0.0,nan,nan,0,0,inf,4.222222222222222,260902,261294,aime24,44
train,per_environment,answer_persistence,8,deepseek,24,91.66666666666667,91.66666666666667,0.0,-0.19786411583568106,0.0,nan,nan,0,0,inf,3.0833333333333335,152630,152932,amc23,42
train,per_environment,answer_persistence,8,deepseek,24,70.83333333333333,70.83333333333333,0.0,7.980933955177501,4.166666666666667,0.0,100.0,0,0,inf,3.1666666666666665,185041,170273,amc23,43
train,per_environment,answer_persistence,8,deepseek,24,87.5,87.5,0.0,-0.29590577533127876,0.0,nan,nan,0,0,inf,4.041666666666667,154779,155237,amc23,44
train,per_environment,answer_persistence,8,deepseek,300,74.33333333333333,74.33333333333333,0.0,2.964486152133365,2.3333333333333335,57.142857142857146,42.857142857142854,1,1,1.0,2.84,1203615,1167934,math500,42
train,per_environment,answer_persistence,8,deepseek,300,75.33333333333333,75.0,-0.3333333333333333,1.13195733509374,1.0,33.333333333333336,66.66666666666667,0,1,0.0,2.8866666666666667,1175486,1162180,math500,43
train,per_environment,answer_persistence,8,deepseek,300,75.33333333333333,75.33333333333333,0.0,1.236091378646449,1.3333333333333333,75.0,25.0,0,0,inf,3.1066666666666665,1205008,1190113,math500,44
train,per_environment,answer_persistence,8,qwen3,18,72.22222222222223,77.77777777777777,5.555555555555555,5.437589616856676,27.77777777777778,80.0,20.0,1,0,inf,25.5,269899,255223,aime24,42
train,per_environment,answer_persistence,8,qwen3,18,44.44444444444444,55.55555555555556,11.11111111111111,8.530311802166901,33.333333333333336,66.66666666666667,33.333333333333336,2,0,inf,24.0,302275,276490,aime24,43
train,per_environment,answer_persistence,8,qwen3,18,66.66666666666667,72.22222222222223,5.555555555555555,5.9801524198145755,27.77777777777778,80.0,20.0,1,0,inf,24.22222222222222,266632,250687,aime24,44
train,per_environment,answer_persistence,8,qwen3,24,87.5,83.33333333333333,-4.166666666666667,14.416110973903022,37.5,100.0,0.0,0,1,0.0,18.541666666666668,194352,166334,amc23,42
train,per_environment,answer_persistence,8,qwen3,24,91.66666666666667,91.66666666666667,0.0,17.596149852556383,45.833333333333336,90.9090909090909,9.090909090909092,0,0,inf,17.916666666666668,192616,158723,amc23,43
train,per_environment,answer_persistence,8,qwen3,24,79.16666666666667,79.16666666666667,0.0,10.412894789780728,29.166666666666668,100.0,0.0,0,0,inf,17.625,198840,178135,amc23,44
train,per_environment,answer_persistence,8,qwen3,300,72.66666666666667,76.0,3.3333333333333335,15.545504357047694,28.333333333333332,68.23529411764706,31.764705882352942,12,2,6.0,11.416666666666666,1611527,1361007,math500,42
train,per_environment,answer_persistence,8,qwen3,300,74.0,76.33333333333333,2.3333333333333335,18.82053673219783,32.666666666666664,71.42857142857143,28.571428571428573,12,5,2.4,11.26,1638508,1330132,math500,43
train,per_environment,answer_persistence,8,qwen3,300,73.66666666666667,75.33333333333333,1.6666666666666667,18.109942476084704,33.0,73.73737373737374,26.262626262626263,11,6,1.8333333333333333,11.566666666666666,1635146,1339022,math500,44
dev,per_model,answer_persistence,8,deepseek,342,76.90058479532163,76.90058479532163,0.0,5.076180522639656,2.6315789473684212,33.333333333333336,66.66666666666667,1,1,1.0,3.1578947368421053,1533791,1455933,,
dev,per_model,answer_persistence,8,qwen3,342,74.56140350877193,77.48538011695906,2.9239766081871346,14.992267487684488,28.07017543859649,67.70833333333333,32.291666666666664,15,5,3.0,13.154970760233919,2043967,1737530,,
dev,per_benchmark,answer_persistence,8,,36,72.22222222222223,72.22222222222223,0.0,11.414263512346745,19.444444444444443,71.42857142857143,28.571428571428573,0,0,inf,14.88888888888889,469071,415530,aime24,
dev,per_benchmark,answer_persistence,8,,48,85.41666666666667,85.41666666666667,0.0,5.228717898161384,18.75,100.0,0.0,0,0,inf,14.333333333333334,405740,384525,amc23,
dev,per_benchmark,answer_persistence,8,,600,75.16666666666667,76.83333333333333,1.6666666666666667,11.45190786204835,14.833333333333334,60.674157303370784,39.325842696629216,16,6,2.6666666666666665,7.258333333333334,2702947,2393408,math500,
dev,per_seed,answer_persistence,8,,228,75.0,76.75438596491227,1.7543859649122806,8.996744550882141,14.912280701754385,67.6470588235294,32.35294117647059,6,2,3.0,7.9035087719298245,1230245,1119563,,42
dev,per_seed,answer_persistence,8,,228,75.43859649122807,77.63157894736842,2.192982456140351,11.804633445972197,16.666666666666668,60.526315789473685,39.473684210526315,6,1,6.0,8.412280701754385,1158274,1021544,,43
dev,per_seed,answer_persistence,8,,228,76.75438596491227,77.19298245614036,0.43859649122807015,11.510133791441417,14.473684210526315,66.66666666666667,33.333333333333336,4,3,1.3333333333333333,8.153508771929825,1189239,1052356,,44
dev,per_environment,answer_persistence,8,deepseek,6,50.0,50.0,0.0,-0.20015207084712408,0.0,nan,nan,0,0,inf,5.833333333333333,89432,89611,aime24,42
dev,per_environment,answer_persistence,8,deepseek,6,66.66666666666667,66.66666666666667,0.0,-0.152374154048897,0.0,nan,nan,0,0,inf,4.0,72847,72958,aime24,43
dev,per_environment,answer_persistence,8,deepseek,6,66.66666666666667,66.66666666666667,0.0,45.16260994068317,16.666666666666668,0.0,100.0,0,0,inf,5.333333333333333,68446,37534,aime24,44
dev,per_environment,answer_persistence,8,deepseek,8,87.5,87.5,0.0,-0.18296315207216407,0.0,nan,nan,0,0,inf,3.75,70506,70635,amc23,42
dev,per_environment,answer_persistence,8,deepseek,8,87.5,87.5,0.0,-0.4285604959057167,0.0,nan,nan,0,0,inf,6.125,52268,52492,amc23,43
dev,per_environment,answer_persistence,8,deepseek,8,87.5,87.5,0.0,-0.3479495213530216,0.0,nan,nan,0,0,inf,5.75,57767,57968,amc23,44
dev,per_environment,answer_persistence,8,deepseek,100,78.0,78.0,0.0,-0.4068171389162456,0.0,nan,nan,0,0,inf,2.66,372649,374165,math500,42
dev,per_environment,answer_persistence,8,deepseek,100,76.0,77.0,1.0,6.598019209843591,4.0,25.0,75.0,1,0,inf,3.07,361169,337339,math500,43
dev,per_environment,answer_persistence,8,deepseek,100,77.0,76.0,-1.0,6.554036845233042,4.0,50.0,50.0,0,1,0.0,2.91,388707,363231,math500,44
dev,per_environment,answer_persistence,8,qwen3,6,83.33333333333333,83.33333333333333,0.0,6.281200631911532,33.333333333333336,100.0,0.0,0,0,inf,24.166666666666668,79125,74155,aime24,42
dev,per_environment,answer_persistence,8,qwen3,6,83.33333333333333,83.33333333333333,0.0,26.43847613487082,50.0,66.66666666666667,33.333333333333336,0,0,inf,22.333333333333332,68510,50397,aime24,43
dev,per_environment,answer_persistence,8,qwen3,6,83.33333333333333,83.33333333333333,0.0,-0.18079395001708723,16.666666666666668,100.0,0.0,0,0,inf,27.666666666666668,90711,90875,aime24,44
dev,per_environment,answer_persistence,8,qwen3,8,75.0,75.0,0.0,1.8149561577046294,25.0,100.0,0.0,0,0,inf,22.75,78349,76927,amc23,42
dev,per_environment,answer_persistence,8,qwen3,8,87.5,87.5,0.0,13.921036083646628,37.5,100.0,0.0,0,0,inf,24.5,74743,64338,amc23,43
dev,per_environment,answer_persistence,8,qwen3,8,87.5,87.5,0.0,13.78784306655387,50.0,100.0,0.0,0,0,inf,23.125,72107,62165,amc23,44
dev,per_environment,answer_persistence,8,qwen3,100,72.0,76.0,4.0,19.644047213542052,30.0,63.333333333333336,36.666666666666664,6,2,3.0,11.44,540184,434070,math500,42
dev,per_environment,answer_persistence,8,qwen3,100,73.0,77.0,4.0,16.022521593911527,28.0,60.714285714285715,39.285714285714285,5,1,5.0,12.08,528737,444020,math500,43
dev,per_environment,answer_persistence,8,qwen3,100,75.0,77.0,2.0,13.864684526520964,23.0,65.21739130434783,34.78260869565217,4,2,2.0,11.39,511501,440583,math500,44
test,per_model,answer_persistence,8,deepseek,342,78.94736842105263,79.82456140350877,0.8771929824561403,4.666835972594286,2.3391812865497075,37.5,62.5,3,0,inf,3.0789473684210527,1464804,1396444,,
test,per_model,answer_persistence,8,qwen3,342,80.99415204678363,81.57894736842105,0.5847953216374269,19.352547919149828,34.7953216374269,85.71428571428571,14.285714285714286,9,7,1.2857142857142858,12.116959064327485,1917918,1546752,,
test,per_benchmark,answer_persistence,8,,36,77.77777777777777,77.77777777777777,0.0,4.755233470740975,13.88888888888889,100.0,0.0,0,0,inf,16.97222222222222,409002,389553,aime24,
test,per_benchmark,answer_persistence,8,,48,85.41666666666667,85.41666666666667,0.0,17.075537173694425,29.166666666666668,92.85714285714286,7.142857142857143,0,0,inf,8.625,282404,234182,amc23,
test,per_benchmark,answer_persistence,8,,600,79.66666666666667,80.5,0.8333333333333334,13.81684647956613,18.0,80.55555555555556,19.444444444444443,12,7,1.7142857142857142,6.953333333333333,2691316,2319461,math500,
test,per_seed,answer_persistence,8,,228,80.70175438596492,81.57894736842105,0.8771929824561403,12.363852067365366,18.42105263157895,80.95238095238095,19.047619047619047,4,2,2.0,7.701754385964913,1132867,992801,,45
test,per_seed,answer_persistence,8,,228,81.14035087719299,81.57894736842105,0.43859649122807015,12.415857627397937,16.666666666666668,81.57894736842105,18.42105263157895,3,2,1.5,7.671052631578948,1092345,956721,,46
test,per_seed,answer_persistence,8,,228,78.0701754385965,78.94736842105263,0.8771929824561403,14.154175773859405,20.614035087719298,85.1063829787234,14.893617021276595,5,3,1.6666666666666667,7.421052631578948,1157510,993674,,47
test,per_environment,answer_persistence,8,deepseek,6,83.33333333333333,83.33333333333333,0.0,-0.19149379032817596,0.0,nan,nan,0,0,inf,4.666666666666667,72065,72203,aime24,45
test,per_environment,answer_persistence,8,deepseek,6,83.33333333333333,83.33333333333333,0.0,-0.491786552392613,0.0,nan,nan,0,0,inf,8.166666666666666,49005,49246,aime24,46
test,per_environment,answer_persistence,8,deepseek,6,50.0,50.0,0.0,-0.2066343833304415,0.0,nan,nan,0,0,inf,4.5,63397,63528,aime24,47
test,per_environment,answer_persistence,8,deepseek,8,87.5,87.5,0.0,-0.2174945626359341,0.0,nan,nan,0,0,inf,2.875,40001,40088,amc23,45
test,per_environment,answer_persistence,8,deepseek,8,87.5,87.5,0.0,35.407228430484246,12.5,0.0,100.0,0,0,inf,3.0,39732,25664,amc23,46
test,per_environment,answer_persistence,8,deepseek,8,75.0,75.0,0.0,-0.16404125749983148,0.0,nan,nan,0,0,inf,2.125,44501,44574,amc23,47
test,per_environment,answer_persistence,8,deepseek,100,79.0,81.0,2.0,6.500583180103084,3.0,33.333333333333336,66.66666666666667,2,0,inf,2.88,386673,361537,math500,45
test,per_environment,answer_persistence,8,deepseek,100,80.0,80.0,0.0,-0.44552813704543354,0.0,nan,nan,0,0,inf,2.82,367878,369517,math500,46
test,per_environment,answer_persistence,8,deepseek,100,78.0,79.0,1.0,7.835846913973782,4.0,50.0,50.0,1,0,inf,3.15,401552,370087,math500,47
test,per_environment,answer_persistence,8,qwen3,6,83.33333333333333,83.33333333333333,0.0,9.118792025480712,33.333333333333336,100.0,0.0,0,0,inf,29.833333333333332,76293,69336,aime24,45
test,per_environment,answer_persistence,8,qwen3,6,83.33333333333333,83.33333333333333,0.0,5.873099108547457,16.666666666666668,100.0,0.0,0,0,inf,27.833333333333332,74373,70005,aime24,46
test,per_environment,answer_persistence,8,qwen3,6,83.33333333333333,83.33333333333333,0.0,11.688258944888926,33.333333333333336,100.0,0.0,0,0,inf,26.833333333333332,73869,65235,aime24,47
test,per_environment,answer_persistence,8,qwen3,8,87.5,87.5,0.0,25.438257780523593,62.5,100.0,0.0,0,0,inf,14.625,51796,38620,amc23,45
test,per_environment,answer_persistence,8,qwen3,8,87.5,87.5,0.0,13.05770597254946,37.5,100.0,0.0,0,0,inf,15.5,53478,46495,amc23,46
test,per_environment,answer_persistence,8,qwen3,8,87.5,87.5,0.0,26.760057471264368,62.5,100.0,0.0,0,0,inf,13.625,52896,38741,amc23,47
test,per_environment,answer_persistence,8,qwen3,100,81.0,81.0,0.0,18.777604097707883,32.0,81.25,18.75,2,2,1.0,11.21,506039,411017,math500,45
test,per_environment,answer_persistence,8,qwen3,100,81.0,82.0,1.0,22.06923302597666,33.0,81.81818181818181,18.181818181818183,3,2,1.5,11.03,507879,395794,math500,46
test,per_environment,answer_persistence,8,qwen3,100,79.0,80.0,1.0,21.060244199541525,36.0,86.11111111111111,13.88888888888889,4,3,1.3333333333333333,10.63,521295,411509,math500,47
train,per_model,answer_persistence,9,deepseek,1026,73.78167641325535,73.78167641325535,0.0,1.378530017060924,1.364522417153996,57.142857142857146,42.857142857142854,1,1,1.0,3.098440545808967,4898914,4831381,,
train,per_model,answer_persistence,9,qwen3,1026,73.6842105263158,76.12085769980507,2.4366471734892787,12.488044381790534,26.900584795321638,71.73913043478261,28.26086956521739,36,11,3.272727272727273,12.920077972709551,6309795,5521825,,
train,per_benchmark,answer_persistence,9,,108,52.77777777777778,55.55555555555556,2.7777777777777777,3.48870458673181,14.814814814814815,75.0,25.0,3,0,inf,15.074074074074074,1661161,1603208,aime24,
train,per_benchmark,answer_persistence,9,,144,84.02777777777777,84.02777777777777,0.0,5.775055691680469,15.277777777777779,95.45454545454545,4.545454545454546,0,0,inf,10.881944444444445,1078258,1015988,amc23,
train,per_benchmark,answer_persistence,9,,1800,74.16666666666667,75.38888888888889,1.2222222222222223,8.681719482979092,14.0,68.65079365079364,31.349206349206348,34,12,2.8333333333333335,7.355555555555555,8469290,7734010,math500,
train,per_seed,answer_persistence,9,,684,73.39181286549707,75.0,1.608187134502924,7.635212399301385,13.742690058479532,70.2127659574468,29.78723404255319,13,2,6.5,7.983918128654971,3741114,3455472,,42
train,per_seed,answer_persistence,9,,684,73.53801169590643,74.70760233918129,1.1695906432748537,7.872325886317336,14.181286549707602,69.0721649484536,30.927835051546392,13,5,2.6,7.944444444444445,3746288,3451368,,43
train,per_seed,answer_persistence,9,,684,74.26900584795321,75.14619883040936,0.8771929824561403,7.388291264332666,14.473684210526315,73.73737373737374,26.262626262626263,11,5,2.2,8.099415204678362,3721307,3446366,,44
train,per_environment,answer_persistence,9,deepseek,18,33.333333333333336,33.333333333333336,0.0,2.1980581770417125,5.555555555555555,100.0,0.0,0,0,inf,5.555555555555555,309091,302297,aime24,42
train,per_environment,answer_persistence,9,deepseek,18,44.44444444444444,44.44444444444444,0.0,6.720900928031954,5.555555555555555,0.0,100.0,0,0,inf,5.222222222222222,252362,235401,aime24,43
train,per_environment,answer_persistence,9,deepseek,18,50.0,50.0,0.0,-0.15024798583376134,0.0,nan,nan,0,0,inf,4.222222222222222,260902,261294,aime24,44
train,per_environment,answer_persistence,9,deepseek,24,91.66666666666667,91.66666666666667,0.0,-0.19786411583568106,0.0,nan,nan,0,0,inf,3.0833333333333335,152630,152932,amc23,42
train,per_environment,answer_persistence,9,deepseek,24,70.83333333333333,70.83333333333333,0.0,-0.16590917688512274,0.0,nan,nan,0,0,inf,3.1666666666666665,185041,185348,amc23,43
train,per_environment,answer_persistence,9,deepseek,24,87.5,87.5,0.0,-0.29590577533127876,0.0,nan,nan,0,0,inf,4.041666666666667,154779,155237,amc23,44
train,per_environment,answer_persistence,9,deepseek,300,74.33333333333333,74.33333333333333,0.0,2.7819527008221066,2.3333333333333335,57.142857142857146,42.857142857142854,1,1,1.0,2.8633333333333333,1203615,1170131,math500,42
train,per_environment,answer_persistence,9,deepseek,300,75.0,75.0,0.0,1.0627944526774458,0.6666666666666666,0.0,100.0,0,0,inf,2.8933333333333335,1175486,1162993,math500,43
train,per_environment,answer_persistence,9,deepseek,300,75.33333333333333,75.33333333333333,0.0,-0.061410380677970604,1.0,100.0,0.0,0,0,inf,3.1166666666666667,1205008,1205748,math500,44
train,per_environment,answer_persistence,9,qwen3,18,72.22222222222223,77.77777777777777,5.555555555555555,5.05114876305581,27.77777777777778,80.0,20.0,1,0,inf,25.77777777777778,269899,256266,aime24,42
train,per_environment,answer_persistence,9,qwen3,18,50.0,55.55555555555556,5.555555555555555,3.418741212472087,27.77777777777778,80.0,20.0,1,0,inf,25.22222222222222,302275,291941,aime24,43
train,per_environment,answer_persistence,9,qwen3,18,66.66666666666667,72.22222222222223,5.555555555555555,3.9841429385820155,22.22222222222222,75.0,25.0,1,0,inf,24.444444444444443,266632,256009,aime24,44
train,per_environment,answer_persistence,9,qwen3,24,83.33333333333333,83.33333333333333,0.0,8.770684119535687,29.166666666666668,100.0,0.0,0,0,inf,18.833333333333332,194352,177306,amc23,42
train,per_environment,answer_persistence,9,qwen3,24,91.66666666666667,91.66666666666667,0.0,14.133301491049549,33.333333333333336,87.5,12.5,0,0,inf,18.25,192616,165393,amc23,43
train,per_environment,answer_persistence,9,qwen3,24,79.16666666666667,79.16666666666667,0.0,9.589619794809897,29.166666666666668,100.0,0.0,0,0,inf,17.916666666666668,198840,179772,amc23,44
train,per_environment,answer_persistence,9,qwen3,300,72.66666666666667,76.0,3.3333333333333335,13.340576980714564,24.666666666666668,67.56756756756756,32.432432432432435,11,1,11.0,11.706666666666667,1611527,1396540,math500,42
train,per_environment,answer_persistence,9,qwen3,300,74.0,76.33333333333333,2.3333333333333335,13.928281094752055,27.0,69.1358024691358,30.864197530864196,12,5,2.4,11.68,1638508,1410292,math500,43
train,per_environment,answer_persistence,9,qwen3,300,73.66666666666667,75.33333333333333,1.6666666666666667,15.095899693360716,28.333333333333332,70.58823529411765,29.41176470588235,10,5,2.0,11.873333333333333,1635146,1388306,math500,44
dev,per_model,answer_persistence,9,deepseek,342,76.90058479532163,76.90058479532163,0.0,4.507654563105404,2.3391812865497075,37.5,62.5,1,1,1.0,3.181286549707602,1533791,1464653,,
dev,per_model,answer_persistence,9,qwen3,342,74.56140350877193,77.48538011695906,2.9239766081871346,12.627943601829188,24.853801169590643,68.23529411764706,31.764705882352942,14,4,3.5,13.482456140350877,2043967,1785856,,
dev,per_benchmark,answer_persistence,9,,36,72.22222222222223,72.22222222222223,0.0,11.292107165013398,19.444444444444443,71.42857142857143,28.571428571428573,0,0,inf,15.083333333333334,469071,416103,aime24,
dev,per_benchmark,answer_persistence,9,,48,85.41666666666667,85.41666666666667,0.0,4.1176615566619015,12.5,100.0,0.0,0,0,inf,14.458333333333334,405740,389033,amc23,
dev,per_benchmark,answer_persistence,9,,600,75.16666666666667,76.83333333333333,1.6666666666666667,9.529376639645543,13.333333333333334,62.5,37.5,15,5,3.0,7.4366666666666665,2702947,2445373,math500,
dev,per_seed,answer_persistence,9,,228,75.0,76.75438596491227,1.7543859649122806,8.297859369475185,13.157894736842104,66.66666666666667,33.333333333333336,6,2,3.0,8.035087719298245,1230245,1128161,,42
dev,per_seed,answer_persistence,9,,228,75.87719298245614,77.63157894736842,1.7543859649122806,10.07533623305021,14.912280701754385,64.70588235294117,35.294117647058826,5,1,5.0,8.614035087719298,1158274,1041574,,43
dev,per_seed,answer_persistence,9,,228,76.3157894736842,77.19298245614036,0.8771929824561403,9.120538428356285,12.719298245614034,65.51724137931035,34.48275862068966,4,2,2.0,8.346491228070175,1189239,1080774,,44
dev,per_environment,answer_persistence,9,deepseek,6,50.0,50.0,0.0,-0.20015207084712408,0.0,nan,nan,0,0,inf,5.833333333333333,89432,89611,aime24,42
dev,per_environment,answer_persistence,9,deepseek,6,66.66666666666667,66.66666666666667,0.0,-0.152374154048897,0.0,nan,nan,0,0,inf,4.0,72847,72958,aime24,43
dev,per_environment,answer_persistence,9,deepseek,6,66.66666666666667,66.66666666666667,0.0,44.9770622096251,16.666666666666668,0.0,100.0,0,0,inf,5.5,68446,37661,aime24,44
dev,per_environment,answer_persistence,9,deepseek,8,87.5,87.5,0.0,-0.18296315207216407,0.0,nan,nan,0,0,inf,3.75,70506,70635,amc23,42
dev,per_environment,answer_persistence,9,deepseek,8,87.5,87.5,0.0,-0.4285604959057167,0.0,nan,nan,0,0,inf,6.125,52268,52492,amc23,43
dev,per_environment,answer_persistence,9,deepseek,8,87.5,87.5,0.0,-0.3479495213530216,0.0,nan,nan,0,0,inf,5.75,57767,57968,amc23,44
dev,per_environment,answer_persistence,9,deepseek,100,78.0,78.0,0.0,-0.4068171389162456,0.0,nan,nan,0,0,inf,2.66,372649,374165,math500,42
dev,per_environment,answer_persistence,9,deepseek,100,76.0,77.0,1.0,6.336922604099466,4.0,25.0,75.0,1,0,inf,3.11,361169,338282,math500,43
dev,per_environment,answer_persistence,9,deepseek,100,77.0,76.0,-1.0,4.585973496746907,3.0,66.66666666666667,33.333333333333336,0,1,0.0,2.94,388707,370881,math500,44
dev,per_environment,answer_persistence,9,qwen3,6,83.33333333333333,83.33333333333333,0.0,6.1345971563981045,33.333333333333336,100.0,0.0,0,0,inf,24.5,79125,74271,aime24,42
dev,per_environment,answer_persistence,9,qwen3,6,83.33333333333333,83.33333333333333,0.0,25.98160852430302,50.0,66.66666666666667,33.333333333333336,0,0,inf,22.833333333333332,68510,50710,aime24,43
dev,per_environment,answer_persistence,9,qwen3,6,83.33333333333333,83.33333333333333,0.0,-0.19953478629934626,16.666666666666668,100.0,0.0,0,0,inf,27.833333333333332,90711,90892,aime24,44
dev,per_environment,answer_persistence,9,qwen3,8,75.0,75.0,0.0,-0.4747986572898186,12.5,100.0,0.0,0,0,inf,22.875,78349,78721,amc23,42
dev,per_environment,answer_persistence,9,qwen3,8,87.5,87.5,0.0,11.829870355752378,25.0,100.0,0.0,0,0,inf,24.75,74743,65901,amc23,43
dev,per_environment,answer_persistence,9,qwen3,8,87.5,87.5,0.0,12.19160414384179,37.5,100.0,0.0,0,0,inf,23.5,72107,63316,amc23,44
dev,per_environment,answer_persistence,9,qwen3,100,72.0,76.0,4.0,18.40595056499267,27.0,62.96296296296296,37.03703703703704,6,2,3.0,11.71,540184,440758,math500,42
dev,per_environment,answer_persistence,9,qwen3,100,74.0,77.0,3.0,12.767406101710302,25.0,68.0,32.0,4,1,4.0,12.45,528737,461231,math500,43
dev,per_environment,answer_persistence,9,qwen3,100,74.0,77.0,3.0,10.057653846229039,21.0,61.904761904761905,38.095238095238095,4,1,4.0,11.75,511501,460056,math500,44
test,per_model,answer_persistence,9,deepseek,342,79.23976608187135,79.82456140350877,0.5847953216374269,3.984287317620651,2.046783625730994,42.857142857142854,57.142857142857146,2,0,inf,3.0994152046783627,1464804,1406442,,
test,per_model,answer_persistence,9,qwen3,342,80.70175438596492,81.57894736842105,0.8771929824561403,15.747857833338026,31.28654970760234,85.04672897196262,14.953271028037383,9,6,1.5,12.58187134502924,1917918,1615887,,
test,per_benchmark,answer_persistence,9,,36,77.77777777777777,77.77777777777777,0.0,3.0672221651727862,11.11111111111111,100.0,0.0,0,0,inf,17.083333333333332,409002,396457,aime24,
test,per_benchmark,answer_persistence,9,,48,85.41666666666667,85.41666666666667,0.0,13.988470418266031,22.916666666666668,90.9090909090909,9.090909090909092,0,0,inf,9.020833333333334,282404,242900,amc23,
test,per_benchmark,answer_persistence,9,,600,79.66666666666667,80.5,0.8333333333333334,11.456997245956996,16.5,80.8080808080808,19.19191919191919,11,6,1.8333333333333333,7.191666666666666,2691316,2382972,math500,
test,per_seed,answer_persistence,9,,228,81.14035087719299,81.57894736842105,0.43859649122807015,8.649912125606978,15.789473684210526,83.33333333333333,16.666666666666668,3,2,1.5,7.925438596491228,1132867,1034875,,45
test,per_seed,answer_persistence,9,,228,80.70175438596492,81.57894736842105,0.8771929824561403,10.329703527731624,14.912280701754385,79.41176470588235,20.58823529411765,3,1,3.0,7.982456140350878,1092345,979509,,46
test,per_seed,answer_persistence,9,,228,78.0701754385965,78.94736842105263,0.8771929824561403,12.921270658568824,19.29824561403509,84.0909090909091,15.909090909090908,5,3,1.6666666666666667,7.614035087719298,1157510,1007945,,47
test,per_environment,answer_persistence,9,deepseek,6,83.33333333333333,83.33333333333333,0.0,-0.19149379032817596,0.0,nan,nan,0,0,inf,4.666666666666667,72065,72203,aime24,45
test,per_environment,answer_persistence,9,deepseek,6,83.33333333333333,83.33333333333333,0.0,-0.491786552392613,0.0,nan,nan,0,0,inf,8.166666666666666,49005,49246,aime24,46
test,per_environment,answer_persistence,9,deepseek,6,50.0,50.0,0.0,-0.2066343833304415,0.0,nan,nan,0,0,inf,4.5,63397,63528,aime24,47
test,per_environment,answer_persistence,9,deepseek,8,87.5,87.5,0.0,-0.2174945626359341,0.0,nan,nan,0,0,inf,2.875,40001,40088,amc23,45
test,per_environment,answer_persistence,9,deepseek,8,87.5,87.5,0.0,35.32920567804289,12.5,0.0,100.0,0,0,inf,3.125,39732,25695,amc23,46
test,per_environment,answer_persistence,9,deepseek,8,75.0,75.0,0.0,-0.16404125749983148,0.0,nan,nan,0,0,inf,2.125,44501,44574,amc23,47
test,per_environment,answer_persistence,9,deepseek,100,80.0,81.0,1.0,4.088467516480334,2.0,50.0,50.0,1,0,inf,2.9,386673,370864,math500,45
test,per_environment,answer_persistence,9,deepseek,100,80.0,80.0,0.0,-0.44552813704543354,0.0,nan,nan,0,0,inf,2.82,367878,369517,math500,46
test,per_environment,answer_persistence,9,deepseek,100,78.0,79.0,1.0,7.676465314579432,4.0,50.0,50.0,1,0,inf,3.19,401552,370727,math500,47
test,per_environment,answer_persistence,9,qwen3,6,83.33333333333333,83.33333333333333,0.0,0.7313908222248436,16.666666666666668,100.0,0.0,0,0,inf,30.0,76293,75735,aime24,45
test,per_environment,answer_persistence,9,qwen3,6,83.33333333333333,83.33333333333333,0.0,5.7628440428650185,16.666666666666668,100.0,0.0,0,0,inf,28.0,74373,70087,aime24,46
test,per_environment,answer_persistence,9,qwen3,6,83.33333333333333,83.33333333333333,0.0,11.11562360394753,33.333333333333336,100.0,0.0,0,0,inf,27.166666666666668,73869,65658,aime24,47
test,per_environment,answer_persistence,9,qwen3,8,87.5,87.5,0.0,21.08270908950498,50.0,100.0,0.0,0,0,inf,15.125,51796,40876,amc23,45
test,per_environment,answer_persistence,9,qwen3,8,87.5,87.5,0.0,3.339691087924006,25.0,100.0,0.0,0,0,inf,16.75,53478,51692,amc23,46
test,per_environment,answer_persistence,9,qwen3,8,87.5,87.5,0.0,24.4271778584392,50.0,100.0,0.0,0,0,inf,14.125,52896,39975,amc23,47
test,per_environment,answer_persistence,9,qwen3,100,81.0,81.0,0.0,14.016706222247693,29.0,82.75862068965517,17.24137931034483,2,2,1.0,11.65,506039,435109,math500,45
test,per_environment,answer_persistence,9,qwen3,100,80.0,82.0,2.0,18.6278621482676,30.0,80.0,20.0,3,1,3.0,11.62,507879,413272,math500,46
test,per_environment,answer_persistence,9,qwen3,100,79.0,80.0,1.0,18.76327223549046,34.0,85.29411764705883,14.705882352941176,4,3,1.3333333333333333,10.97,521295,423483,math500,47
train,per_model,answer_persistence,10,deepseek,1026,73.78167641325535,73.78167641325535,0.0,1.206655189292974,0.8771929824561403,44.44444444444444,55.55555555555556,1,1,1.0,3.107212475633528,4898914,4839801,,
train,per_model,answer_persistence,10,qwen3,1026,74.07407407407408,76.12085769980507,2.046783625730994,9.970308068645654,22.22222222222222,74.12280701754386,25.87719298245614,28,7,4.0,13.18421052631579,6309795,5680689,,
train,per_benchmark,answer_persistence,10,,108,52.77777777777778,55.55555555555556,2.7777777777777777,2.5514083222517265,11.11111111111111,66.66666666666667,33.333333333333336,3,0,inf,15.231481481481481,1661161,1618778,aime24,
train,per_benchmark,answer_persistence,10,,144,84.02777777777777,84.02777777777777,0.0,3.8983248907033383,11.805555555555555,100.0,0.0,0,0,inf,11.0,1078258,1036224,amc23,
train,per_benchmark,answer_persistence,10,,1800,74.38888888888889,75.38888888888889,1.0,7.129310721441821,11.555555555555555,71.15384615384616,28.846153846153847,26,8,3.25,7.492222222222222,8469290,7865488,math500,
train,per_seed,answer_persistence,10,,684,73.6842105263158,75.0,1.3157894736842106,6.02376725221418,11.11111111111111,72.36842105263158,27.63157894736842,10,1,10.0,8.12280701754386,3741114,3515758,,42
train,per_seed,answer_persistence,10,,684,73.53801169590643,74.70760233918129,1.1695906432748537,6.504812230132868,11.842105263157896,69.1358024691358,30.864197530864196,11,3,3.6666666666666665,8.084795321637428,3746288,3502599,,43
train,per_seed,answer_persistence,10,,684,74.56140350877193,75.14619883040936,0.5847953216374269,5.889704880570187,11.695906432748538,77.5,22.5,8,4,2.0,8.22953216374269,3721307,3502133,,44
train,per_environment,answer_persistence,10,deepseek,18,33.333333333333336,33.333333333333336,0.0,2.1718523023963816,5.555555555555555,100.0,0.0,0,0,inf,5.611111111111111,309091,302378,aime24,42
train,per_environment,answer_persistence,10,deepseek,18,44.44444444444444,44.44444444444444,0.0,6.7169383663150555,5.555555555555555,0.0,100.0,0,0,inf,5.277777777777778,252362,235411,aime24,43
train,per_environment,answer_persistence,10,deepseek,18,50.0,50.0,0.0,-0.15024798583376134,0.0,nan,nan,0,0,inf,4.222222222222222,260902,261294,aime24,44
train,per_environment,answer_persistence,10,deepseek,24,91.66666666666667,91.66666666666667,0.0,-0.19786411583568106,0.0,nan,nan,0,0,inf,3.0833333333333335,152630,152932,amc23,42
train,per_environment,answer_persistence,10,deepseek,24,70.83333333333333,70.83333333333333,0.0,-0.16590917688512274,0.0,nan,nan,0,0,inf,3.1666666666666665,185041,185348,amc23,43
train,per_environment,answer_persistence,10,deepseek,24,87.5,87.5,0.0,-0.29590577533127876,0.0,nan,nan,0,0,inf,4.041666666666667,154779,155237,amc23,44
train,per_environment,answer_persistence,10,deepseek,300,74.33333333333333,74.33333333333333,0.0,2.3837356629819335,1.3333333333333333,50.0,50.0,1,1,1.0,2.8766666666666665,1203615,1174924,math500,42
train,per_environment,answer_persistence,10,deepseek,300,75.0,75.0,0.0,1.0503740580491814,0.6666666666666666,0.0,100.0,0,0,inf,2.9,1175486,1163139,math500,43
train,per_environment,answer_persistence,10,deepseek,300,75.33333333333333,75.33333333333333,0.0,-0.3427363137838089,0.3333333333333333,100.0,0.0,0,0,inf,3.12,1205008,1209138,math500,44
train,per_environment,answer_persistence,10,qwen3,18,72.22222222222223,77.77777777777777,5.555555555555555,1.7028592177073647,16.666666666666668,66.66666666666667,33.333333333333336,1,0,inf,25.944444444444443,269899,265303,aime24,42
train,per_environment,answer_persistence,10,qwen3,18,50.0,55.55555555555556,5.555555555555555,1.7566785212141263,16.666666666666668,66.66666666666667,33.333333333333336,1,0,inf,25.666666666666668,302275,296965,aime24,43
train,per_environment,answer_persistence,10,qwen3,18,66.66666666666667,72.22222222222223,5.555555555555555,3.452323802094272,22.22222222222222,75.0,25.0,1,0,inf,24.666666666666668,266632,257427,aime24,44
train,per_environment,answer_persistence,10,qwen3,24,83.33333333333333,83.33333333333333,0.0,8.578249773606652,29.166666666666668,100.0,0.0,0,0,inf,19.125,194352,177680,amc23,42
train,per_environment,answer_persistence,10,qwen3,24,91.66666666666667,91.66666666666667,0.0,8.698654317398347,25.0,100.0,0.0,0,0,inf,18.5,192616,175861,amc23,43
train,per_environment,answer_persistence,10,qwen3,24,79.16666666666667,79.16666666666667,0.0,4.865218265942466,16.666666666666668,100.0,0.0,0,0,inf,18.083333333333332,198840,189166,amc23,44
train,per_environment,answer_persistence,10,qwen3,300,73.33333333333333,76.0,2.6666666666666665,10.486079352067945,20.333333333333332,70.49180327868852,29.508196721311474,8,0,inf,11.973333333333333,1611527,1442541,math500,42
train,per_environment,answer_persistence,10,qwen3,300,74.0,76.33333333333333,2.3333333333333335,11.756610282037073,23.0,69.56521739130434,30.434782608695652,10,3,3.3333333333333335,11.943333333333333,1638508,1445875,math500,43
train,per_environment,answer_persistence,10,qwen3,300,74.33333333333333,75.33333333333333,1.0,12.553924848301008,23.666666666666668,76.05633802816901,23.943661971830984,7,4,1.75,12.14,1635146,1429871,math500,44
dev,per_model,answer_persistence,10,deepseek,342,76.60818713450293,76.90058479532163,0.29239766081871343,1.4889251534270314,1.7543859649122806,33.333333333333336,66.66666666666667,1,0,inf,3.198830409356725,1533791,1510954,,
dev,per_model,answer_persistence,10,qwen3,342,74.56140350877193,77.48538011695906,2.9239766081871346,10.843570370754518,23.68421052631579,67.90123456790124,32.098765432098766,14,4,3.5,13.73391812865497,2043967,1822328,,
dev,per_benchmark,answer_persistence,10,,36,72.22222222222223,72.22222222222223,0.0,2.825798226707684,11.11111111111111,75.0,25.0,0,0,inf,15.194444444444445,469071,455816,aime24,
dev,per_benchmark,answer_persistence,10,,48,85.41666666666667,85.41666666666667,0.0,3.8039138364469856,12.5,100.0,0.0,0,0,inf,14.583333333333334,405740,390306,amc23,
dev,per_benchmark,answer_persistence,10,,600,75.0,76.83333333333333,1.8333333333333333,7.983397380710757,12.833333333333334,62.33766233766234,37.66233766233766,15,4,3.75,7.573333333333333,2702947,2487160,math500,
dev,per_seed,answer_persistence,10,,228,75.0,76.75438596491227,1.7543859649122806,6.525773321574158,11.842105263157896,66.66666666666667,33.333333333333336,6,2,3.0,8.175438596491228,1230245,1149962,,42
dev,per_seed,answer_persistence,10,,228,75.87719298245614,77.63157894736842,1.7543859649122806,9.071946706910454,14.473684210526315,63.63636363636363,36.36363636363637,5,1,5.0,8.758771929824562,1158274,1053196,,43
dev,per_seed,answer_persistence,10,,228,75.87719298245614,77.19298245614036,1.3157894736842106,4.970825881088663,11.842105263157896,66.66666666666667,33.333333333333336,4,1,4.0,8.464912280701755,1189239,1130124,,44
dev,per_environment,answer_persistence,10,deepseek,6,50.0,50.0,0.0,-0.20015207084712408,0.0,nan,nan,0,0,inf,5.833333333333333,89432,89611,aime24,42
dev,per_environment,answer_persistence,10,deepseek,6,66.66666666666667,66.66666666666667,0.0,-0.152374154048897,0.0,nan,nan,0,0,inf,4.0,72847,72958,aime24,43
dev,per_environment,answer_persistence,10,deepseek,6,66.66666666666667,66.66666666666667,0.0,-0.2337609210180288,0.0,nan,nan,0,0,inf,5.5,68446,68606,aime24,44
dev,per_environment,answer_persistence,10,deepseek,8,87.5,87.5,0.0,-0.18296315207216407,0.0,nan,nan,0,0,inf,3.75,70506,70635,amc23,42
dev,per_environment,answer_persistence,10,deepseek,8,87.5,87.5,0.0,-0.4285604959057167,0.0,nan,nan,0,0,inf,6.125,52268,52492,amc23,43
dev,per_environment,answer_persistence,10,deepseek,8,87.5,87.5,0.0,-0.3479495213530216,0.0,nan,nan,0,0,inf,5.75,57767,57968,amc23,44
dev,per_environment,answer_persistence,10,deepseek,100,78.0,78.0,0.0,-0.4068171389162456,0.0,nan,nan,0,0,inf,2.66,372649,374165,math500,42
dev,per_environment,answer_persistence,10,deepseek,100,76.0,77.0,1.0,5.934064108492146,4.0,25.0,75.0,1,0,inf,3.15,361169,339737,math500,43
dev,per_environment,answer_persistence,10,deepseek,100,76.0,76.0,0.0,1.009757992523932,2.0,50.0,50.0,0,0,inf,2.96,388707,384782,math500,44
dev,per_environment,answer_persistence,10,qwen3,6,83.33333333333333,83.33333333333333,0.0,0.5181674565560821,16.666666666666668,100.0,0.0,0,0,inf,24.666666666666668,79125,78715,aime24,42
dev,per_environment,answer_persistence,10,qwen3,6,83.33333333333333,83.33333333333333,0.0,19.810246679316887,33.333333333333336,50.0,50.0,0,0,inf,23.166666666666668,68510,54938,aime24,43
dev,per_environment,answer_persistence,10,qwen3,6,83.33333333333333,83.33333333333333,0.0,-0.30536539118739736,16.666666666666668,100.0,0.0,0,0,inf,28.0,90711,90988,aime24,44
dev,per_environment,answer_persistence,10,qwen3,8,75.0,75.0,0.0,-1.2878275408748037,12.5,100.0,0.0,0,0,inf,23.0,78349,79358,amc23,42
dev,per_environment,answer_persistence,10,qwen3,8,87.5,87.5,0.0,11.429832894050278,25.0,100.0,0.0,0,0,inf,25.0,74743,66200,amc23,43
dev,per_environment,answer_persistence,10,qwen3,8,87.5,87.5,0.0,11.724243138668923,37.5,100.0,0.0,0,0,inf,23.875,72107,63653,amc23,44
dev,per_environment,answer_persistence,10,qwen3,100,72.0,76.0,4.0,15.310708943619211,25.0,64.0,36.0,6,2,3.0,12.01,540184,457478,math500,42
dev,per_environment,answer_persistence,10,qwen3,100,74.0,77.0,3.0,11.700713209024524,25.0,68.0,32.0,4,1,4.0,12.7,528737,466871,math500,43
dev,per_environment,answer_persistence,10,qwen3,100,74.0,77.0,3.0,9.261760974074342,21.0,61.904761904761905,38.095238095238095,4,1,4.0,11.96,511501,464127,math500,44
test,per_model,answer_persistence,10,deepseek,342,79.23976608187135,79.82456140350877,0.5847953216374269,3.4667436735563255,1.4619883040935673,20.0,80.0,2,0,inf,3.1140350877192984,1464804,1414023,,
test,per_model,answer_persistence,10,qwen3,342,80.70175438596492,81.57894736842105,0.8771929824561403,13.211722294696646,26.608187134502923,86.81318681318682,13.186813186813186,7,4,1.75,12.903508771929825,1917918,1664528,,
test,per_benchmark,answer_persistence,10,,36,77.77777777777777,77.77777777777777,0.0,1.8701620040977796,8.333333333333334,100.0,0.0,0,0,inf,17.166666666666668,409002,401353,aime24,
test,per_benchmark,answer_persistence,10,,48,85.41666666666667,85.41666666666667,0.0,12.727156839138257,18.75,88.88888888888889,11.11111111111111,0,0,inf,9.208333333333334,282404,246462,amc23,
test,per_benchmark,answer_persistence,10,,600,79.66666666666667,80.5,0.8333333333333334,9.682252102688796,14.0,82.14285714285714,17.857142857142858,9,4,2.25,7.363333333333333,2691316,2430736,math500,
test,per_seed,answer_persistence,10,,228,81.14035087719299,81.57894736842105,0.43859649122807015,7.127668119911693,13.157894736842104,86.66666666666667,13.333333333333334,2,1,2.0,8.057017543859649,1132867,1052120,,45
test,per_seed,answer_persistence,10,,228,80.26315789473684,81.57894736842105,1.3157894736842106,8.283463557758767,12.719298245614034,75.86206896551724,24.137931034482758,3,0,inf,8.192982456140351,1092345,1001861,,46
test,per_seed,answer_persistence,10,,228,78.50877192982456,78.94736842105263,0.43859649122807015,11.48499796977996,16.228070175438596,86.48648648648648,13.513513513513514,4,3,1.3333333333333333,7.776315789473684,1157510,1024570,,47
test,per_environment,answer_persistence,10,deepseek,6,83.33333333333333,83.33333333333333,0.0,-0.19149379032817596,0.0,nan,nan,0,0,inf,4.666666666666667,72065,72203,aime24,45
test,per_environment,answer_persistence,10,deepseek,6,83.33333333333333,83.33333333333333,0.0,-0.491786552392613,0.0,nan,nan,0,0,inf,8.166666666666666,49005,49246,aime24,46
test,per_environment,answer_persistence,10,deepseek,6,50.0,50.0,0.0,-0.2066343833304415,0.0,nan,nan,0,0,inf,4.5,63397,63528,aime24,47
test,per_environment,answer_persistence,10,deepseek,8,87.5,87.5,0.0,-0.2174945626359341,0.0,nan,nan,0,0,inf,2.875,40001,40088,amc23,45
test,per_environment,answer_persistence,10,deepseek,8,87.5,87.5,0.0,34.77297895902547,12.5,0.0,100.0,0,0,inf,3.25,39732,25916,amc23,46
test,per_environment,answer_persistence,10,deepseek,8,75.0,75.0,0.0,-0.16404125749983148,0.0,nan,nan,0,0,inf,2.125,44501,44574,amc23,47
test,per_environment,answer_persistence,10,deepseek,100,80.0,81.0,1.0,3.028140056326664,1.0,0.0,100.0,1,0,inf,2.91,386673,374964,math500,45
test,per_environment,answer_persistence,10,deepseek,100,80.0,80.0,0.0,-0.44552813704543354,0.0,nan,nan,0,0,inf,2.82,367878,369517,math500,46
test,per_environment,answer_persistence,10,deepseek,100,78.0,79.0,1.0,6.864615292664462,3.0,33.333333333333336,66.66666666666667,1,0,inf,3.22,401552,373987,math500,47
test,per_environment,answer_persistence,10,qwen3,6,83.33333333333333,83.33333333333333,0.0,-4.14716946508854,0.0,nan,nan,0,0,inf,30.0,76293,79457,aime24,45
test,per_environment,answer_persistence,10,qwen3,6,83.33333333333333,83.33333333333333,0.0,5.293587726728786,16.666666666666668,100.0,0.0,0,0,inf,28.166666666666668,74373,70436,aime24,46
test,per_environment,answer_persistence,10,qwen3,6,83.33333333333333,83.33333333333333,0.0,9.998781626934168,33.333333333333336,100.0,0.0,0,0,inf,27.5,73869,66483,aime24,47
test,per_environment,answer_persistence,10,qwen3,8,87.5,87.5,0.0,18.6404355548691,37.5,100.0,0.0,0,0,inf,15.5,51796,42141,amc23,45
test,per_environment,answer_persistence,10,qwen3,8,87.5,87.5,0.0,1.74838251243502,12.5,100.0,0.0,0,0,inf,16.875,53478,52543,amc23,46
test,per_environment,answer_persistence,10,qwen3,8,87.5,87.5,0.0,22.111312764670295,50.0,100.0,0.0,0,0,inf,14.625,52896,41200,amc23,47
test,per_environment,answer_persistence,10,qwen3,100,81.0,81.0,0.0,12.404577512800397,26.0,88.46153846153847,11.538461538461538,1,1,1.0,11.91,506039,443267,math500,45
test,per_environment,answer_persistence,10,qwen3,100,79.0,82.0,3.0,14.50660491967575,26.0,76.92307692307692,23.076923076923077,3,0,inf,12.07,507879,434203,math500,46
test,per_environment,answer_persistence,10,qwen3,100,80.0,80.0,0.0,16.59271621634583,28.0,89.28571428571429,10.714285714285714,3,3,1.0,11.25,521295,434798,math500,47
train,per_model,answer_persistence,11,deepseek,1026,73.78167641325535,73.78167641325535,0.0,0.46444987603374954,0.4873294346978557,60.0,40.0,1,1,1.0,3.112085769980507,4898914,4876161,,
train,per_model,answer_persistence,11,qwen3,1026,74.56140350877193,76.12085769980507,1.5594541910331383,8.469815580379395,19.883040935672515,75.49019607843137,24.50980392156863,23,7,3.2857142857142856,13.413255360623781,6309795,5775367,,
train,per_benchmark,answer_persistence,11,,108,52.77777777777778,55.55555555555556,2.7777777777777777,2.444374747541027,11.11111111111111,66.66666666666667,33.333333333333336,3,0,inf,15.342592592592593,1661161,1620556,aime24,
train,per_benchmark,answer_persistence,11,,144,84.02777777777777,84.02777777777777,0.0,2.846721285629228,10.416666666666666,100.0,0.0,0,0,inf,11.11111111111111,1078258,1047563,amc23,
train,per_benchmark,answer_persistence,11,,1800,74.66666666666667,75.38888888888889,0.7222222222222222,5.736974409897406,10.11111111111111,73.62637362637362,26.373626373626372,21,8,2.625,7.61,8469290,7983409,math500,
train,per_seed,answer_persistence,11,,684,73.9766081871345,75.0,1.023391812865497,4.446215752847949,9.35672514619883,76.5625,23.4375,8,1,8.0,8.22953216374269,3741114,3574776,,42
train,per_seed,answer_persistence,11,,684,73.83040935672514,74.70760233918129,0.8771929824561403,5.323803188649672,10.23391812865497,71.42857142857143,28.571428571428573,9,3,3.0,8.203216374269006,3746288,3546843,,43
train,per_seed,answer_persistence,11,,684,74.70760233918129,75.14619883040936,0.43859649122807015,5.143300458682931,10.964912280701755,77.33333333333333,22.666666666666668,7,4,1.75,8.355263157894736,3721307,3529909,,44
train,per_environment,answer_persistence,11,deepseek,18,33.333333333333336,33.333333333333336,0.0,2.1437052518513964,5.555555555555555,100.0,0.0,0,0,inf,5.666666666666667,309091,302465,aime24,42
train,per_environment,answer_persistence,11,deepseek,18,44.44444444444444,44.44444444444444,0.0,6.688804178125074,5.555555555555555,0.0,100.0,0,0,inf,5.333333333333333,252362,235482,aime24,43
train,per_environment,answer_persistence,11,deepseek,18,50.0,50.0,0.0,-0.15024798583376134,0.0,nan,nan,0,0,inf,4.222222222222222,260902,261294,aime24,44
train,per_environment,answer_persistence,11,deepseek,24,91.66666666666667,91.66666666666667,0.0,-0.19786411583568106,0.0,nan,nan,0,0,inf,3.0833333333333335,152630,152932,amc23,42
train,per_environment,answer_persistence,11,deepseek,24,70.83333333333333,70.83333333333333,0.0,-0.16590917688512274,0.0,nan,nan,0,0,inf,3.1666666666666665,185041,185348,amc23,43
train,per_environment,answer_persistence,11,deepseek,24,87.5,87.5,0.0,-0.29590577533127876,0.0,nan,nan,0,0,inf,4.041666666666667,154779,155237,amc23,44
train,per_environment,answer_persistence,11,deepseek,300,74.33333333333333,74.33333333333333,0.0,0.8253469755694304,0.6666666666666666,50.0,50.0,1,1,1.0,2.8833333333333333,1203615,1193681,math500,42
train,per_environment,answer_persistence,11,deepseek,300,75.0,75.0,0.0,-0.42858868587120563,0.0,nan,nan,0,0,inf,2.9,1175486,1180524,math500,43
train,per_environment,answer_persistence,11,deepseek,300,75.33333333333333,75.33333333333333,0.0,-0.3477155338387795,0.3333333333333333,100.0,0.0,0,0,inf,3.1233333333333335,1205008,1209198,math500,44
train,per_environment,answer_persistence,11,qwen3,18,72.22222222222223,77.77777777777777,5.555555555555555,1.6343150585959934,16.666666666666668,66.66666666666667,33.333333333333336,1,0,inf,26.11111111111111,269899,265488,aime24,42
train,per_environment,answer_persistence,11,qwen3,18,50.0,55.55555555555556,5.555555555555555,1.73120502853362,16.666666666666668,66.66666666666667,33.333333333333336,1,0,inf,25.833333333333332,302275,297042,aime24,43
train,per_environment,answer_persistence,11,qwen3,18,66.66666666666667,72.22222222222223,5.555555555555555,2.943007590986828,22.22222222222222,75.0,25.0,1,0,inf,24.88888888888889,266632,258785,aime24,44
train,per_environment,answer_persistence,11,qwen3,24,83.33333333333333,83.33333333333333,0.0,4.404379682226064,25.0,100.0,0.0,0,0,inf,19.416666666666668,194352,185792,amc23,42
train,per_environment,answer_persistence,11,qwen3,24,91.66666666666667,91.66666666666667,0.0,7.342588362337501,20.833333333333332,100.0,0.0,0,0,inf,18.708333333333332,192616,178473,amc23,43
train,per_environment,answer_persistence,11,qwen3,24,79.16666666666667,79.16666666666667,0.0,4.555924361295514,16.666666666666668,100.0,0.0,0,0,inf,18.25,198840,189781,amc23,44
train,per_environment,answer_persistence,11,qwen3,300,74.0,76.0,2.0,8.508017551055614,17.333333333333332,75.0,25.0,6,0,inf,12.173333333333334,1611527,1474418,math500,42
train,per_environment,answer_persistence,11,qwen3,300,74.66666666666667,76.33333333333333,1.6666666666666667,10.285821003010055,20.333333333333332,70.49180327868852,29.508196721311474,8,3,2.6666666666666665,12.183333333333334,1638508,1469974,math500,43
train,per_environment,answer_persistence,11,qwen3,300,74.66666666666667,75.33333333333333,0.6666666666666666,10.97957002004714,22.0,75.75757575757575,24.242424242424242,6,4,1.5,12.396666666666667,1635146,1455614,math500,44
dev,per_model,answer_persistence,11,deepseek,342,76.60818713450293,76.90058479532163,0.29239766081871343,1.1033445886695123,1.1695906432748537,25.0,75.0,1,0,inf,3.210526315789474,1533791,1516868,,
dev,per_model,answer_persistence,11,qwen3,342,75.14619883040936,77.48538011695906,2.3391812865497075,9.139188646392041,20.17543859649123,66.66666666666667,33.333333333333336,12,4,3.0,14.002923976608187,2043967,1857165,,
dev,per_benchmark,answer_persistence,11,,36,72.22222222222223,72.22222222222223,0.0,2.674222026089867,11.11111111111111,75.0,25.0,0,0,inf,15.305555555555555,469071,456527,aime24,
dev,per_benchmark,answer_persistence,11,,48,85.41666666666667,85.41666666666667,0.0,2.837038497560014,12.5,100.0,0.0,0,0,inf,15.041666666666666,405740,394229,amc23,
dev,per_benchmark,answer_persistence,11,,600,75.33333333333333,76.83333333333333,1.5,6.647189160571776,10.5,60.317460317460316,39.682539682539684,13,4,3.25,7.69,2702947,2523277,math500,
dev,per_seed,answer_persistence,11,,228,75.43859649122807,76.75438596491227,1.3157894736842106,5.135562428621941,10.087719298245615,69.56521739130434,30.434782608695652,5,2,2.5,8.307017543859649,1230245,1167065,,42
dev,per_seed,answer_persistence,11,,228,75.87719298245614,77.63157894736842,1.7543859649122806,7.570920179508476,11.842105263157896,59.25925925925926,40.74074074074074,5,1,5.0,8.947368421052632,1158274,1070582,,43
dev,per_seed,answer_persistence,11,,228,76.3157894736842,77.19298245614036,0.8771929824561403,4.444270663844694,10.087719298245615,65.21739130434783,34.78260869565217,3,1,3.0,8.56578947368421,1189239,1136386,,44
dev,per_environment,answer_persistence,11,deepseek,6,50.0,50.0,0.0,-0.20015207084712408,0.0,nan,nan,0,0,inf,5.833333333333333,89432,89611,aime24,42
dev,per_environment,answer_persistence,11,deepseek,6,66.66666666666667,66.66666666666667,0.0,-0.152374154048897,0.0,nan,nan,0,0,inf,4.0,72847,72958,aime24,43
dev,per_environment,answer_persistence,11,deepseek,6,66.66666666666667,66.66666666666667,0.0,-0.2337609210180288,0.0,nan,nan,0,0,inf,5.5,68446,68606,aime24,44
dev,per_environment,answer_persistence,11,deepseek,8,87.5,87.5,0.0,-0.18296315207216407,0.0,nan,nan,0,0,inf,3.75,70506,70635,amc23,42
dev,per_environment,answer_persistence,11,deepseek,8,87.5,87.5,0.0,-0.4285604959057167,0.0,nan,nan,0,0,inf,6.125,52268,52492,amc23,43
dev,per_environment,answer_persistence,11,deepseek,8,87.5,87.5,0.0,-0.3479495213530216,0.0,nan,nan,0,0,inf,5.75,57767,57968,amc23,44
dev,per_environment,answer_persistence,11,deepseek,100,78.0,78.0,0.0,-0.4068171389162456,0.0,nan,nan,0,0,inf,2.66,372649,374165,math500,42
dev,per_environment,answer_persistence,11,deepseek,100,76.0,77.0,1.0,4.38049777251093,2.0,0.0,100.0,1,0,inf,3.17,361169,345348,math500,43
dev,per_environment,answer_persistence,11,deepseek,100,76.0,76.0,0.0,0.9318072481329125,2.0,50.0,50.0,0,0,inf,2.98,388707,385085,math500,44
dev,per_environment,answer_persistence,11,qwen3,6,83.33333333333333,83.33333333333333,0.0,-0.14533965244865718,16.666666666666668,100.0,0.0,0,0,inf,24.833333333333332,79125,79240,aime24,42
dev,per_environment,answer_persistence,11,qwen3,6,83.33333333333333,83.33333333333333,0.0,19.689096482265363,33.333333333333336,50.0,50.0,0,0,inf,23.5,68510,55021,aime24,43
dev,per_environment,answer_persistence,11,qwen3,6,83.33333333333333,83.33333333333333,0.0,-0.4189128110152021,16.666666666666668,100.0,0.0,0,0,inf,28.166666666666668,90711,91091,aime24,44
dev,per_environment,answer_persistence,11,qwen3,8,75.0,75.0,0.0,-1.298038264687488,12.5,100.0,0.0,0,0,inf,23.125,78349,79366,amc23,42
dev,per_environment,answer_persistence,11,qwen3,8,87.5,87.5,0.0,6.41799232035107,25.0,100.0,0.0,0,0,inf,27.25,74743,69946,amc23,43
dev,per_environment,answer_persistence,11,qwen3,8,87.5,87.5,0.0,11.489869222128226,37.5,100.0,0.0,0,0,inf,24.25,72107,63822,amc23,44
dev,per_environment,answer_persistence,11,qwen3,100,73.0,76.0,3.0,12.243235638226974,21.0,66.66666666666667,33.333333333333336,5,2,2.5,12.29,540184,474048,math500,42
dev,per_environment,answer_persistence,11,qwen3,100,74.0,77.0,3.0,10.197886661988854,21.0,61.904761904761905,38.095238095238095,4,1,4.0,12.91,528737,474817,math500,43
dev,per_environment,answer_persistence,11,qwen3,100,75.0,77.0,2.0,8.14993519074254,17.0,58.8235294117647,41.1764705882353,3,1,3.0,12.13,511501,469814,math500,44
test,per_model,answer_persistence,11,deepseek,342,79.53216374269006,79.82456140350877,0.29239766081871343,3.0534460583122383,1.1695906432748537,25.0,75.0,1,0,inf,3.125730994152047,1464804,1420077,,
test,per_model,answer_persistence,11,qwen3,342,80.70175438596492,81.57894736842105,0.8771929824561403,10.725484614045023,22.80701754385965,87.17948717948718,12.820512820512821,7,4,1.75,13.195906432748538,1917918,1712212,,
test,per_benchmark,answer_persistence,11,,36,77.77777777777777,77.77777777777777,0.0,1.6068381083711083,8.333333333333334,100.0,0.0,0,0,inf,17.25,409002,402430,aime24,
test,per_benchmark,answer_persistence,11,,48,85.41666666666667,85.41666666666667,0.0,11.752666392827297,18.75,88.88888888888889,11.11111111111111,0,0,inf,9.395833333333334,282404,249214,amc23,
test,per_benchmark,answer_persistence,11,,600,79.83333333333333,80.5,0.6666666666666666,7.827806173634014,11.666666666666666,82.85714285714286,17.142857142857142,8,4,2.0,7.516666666666667,2691316,2480645,math500,
test,per_seed,answer_persistence,11,,228,81.14035087719299,81.57894736842105,0.43859649122807015,6.539072989150536,12.280701754385966,89.28571428571429,10.714285714285714,2,1,2.0,8.179824561403509,1132867,1058788,,45
test,per_seed,answer_persistence,11,,228,80.26315789473684,81.57894736842105,1.3157894736842106,6.977465910495311,10.964912280701755,76.0,24.0,3,0,inf,8.302631578947368,1092345,1016127,,46
test,per_seed,answer_persistence,11,,228,78.94736842105263,78.94736842105263,0.0,8.65098357681575,12.719298245614034,86.20689655172414,13.793103448275861,3,3,1.0,8.0,1157510,1057374,,47
test,per_environment,answer_persistence,11,deepseek,6,83.33333333333333,83.33333333333333,0.0,-0.19149379032817596,0.0,nan,nan,0,0,inf,4.666666666666667,72065,72203,aime24,45
test,per_environment,answer_persistence,11,deepseek,6,83.33333333333333,83.33333333333333,0.0,-0.491786552392613,0.0,nan,nan,0,0,inf,8.166666666666666,49005,49246,aime24,46
test,per_environment,answer_persistence,11,deepseek,6,50.0,50.0,0.0,-0.2066343833304415,0.0,nan,nan,0,0,inf,4.5,63397,63528,aime24,47
test,per_environment,answer_persistence,11,deepseek,8,87.5,87.5,0.0,-0.2174945626359341,0.0,nan,nan,0,0,inf,2.875,40001,40088,amc23,45
test,per_environment,answer_persistence,11,deepseek,8,87.5,87.5,0.0,34.63203463203463,12.5,0.0,100.0,0,0,inf,3.375,39732,25972,amc23,46
test,per_environment,answer_persistence,11,deepseek,8,75.0,75.0,0.0,-0.16404125749983148,0.0,nan,nan,0,0,inf,2.125,44501,44574,amc23,47
test,per_environment,answer_persistence,11,deepseek,100,80.0,81.0,1.0,3.0022784109570617,1.0,0.0,100.0,1,0,inf,2.92,386673,375064,math500,45
test,per_environment,answer_persistence,11,deepseek,100,80.0,80.0,0.0,-0.44552813704543354,0.0,nan,nan,0,0,inf,2.82,367878,369517,math500,46
test,per_environment,answer_persistence,11,deepseek,100,79.0,79.0,0.0,5.3958142407459055,2.0,50.0,50.0,0,0,inf,3.24,401552,379885,math500,47
test,per_environment,answer_persistence,11,qwen3,6,83.33333333333333,83.33333333333333,0.0,-4.14716946508854,0.0,nan,nan,0,0,inf,30.0,76293,79457,aime24,45
test,per_environment,answer_persistence,11,qwen3,6,83.33333333333333,83.33333333333333,0.0,5.266696247294045,16.666666666666668,100.0,0.0,0,0,inf,28.333333333333332,74373,70456,aime24,46
test,per_environment,answer_persistence,11,qwen3,6,83.33333333333333,83.33333333333333,0.0,8.56787014850614,33.333333333333336,100.0,0.0,0,0,inf,27.833333333333332,73869,67540,aime24,47
test,per_environment,answer_persistence,11,qwen3,8,87.5,87.5,0.0,17.08626148737354,37.5,100.0,0.0,0,0,inf,15.875,51796,42946,amc23,45
test,per_environment,answer_persistence,11,qwen3,8,87.5,87.5,0.0,1.6043980702344889,12.5,100.0,0.0,0,0,inf,17.0,53478,52620,amc23,46
test,per_environment,answer_persistence,11,qwen3,8,87.5,87.5,0.0,18.681941923774954,50.0,100.0,0.0,0,0,inf,15.125,52896,43014,amc23,47
test,per_environment,answer_persistence,11,qwen3,100,81.0,81.0,0.0,11.265732483069486,24.0,91.66666666666667,8.333333333333334,1,1,1.0,12.15,506039,449030,math500,45
test,per_environment,answer_persistence,11,qwen3,100,79.0,82.0,3.0,11.727793431112529,22.0,77.27272727272727,22.727272727272727,3,0,inf,12.29,507879,448316,math500,46
test,per_environment,answer_persistence,11,qwen3,100,80.0,80.0,0.0,11.982083081556508,21.0,85.71428571428571,14.285714285714286,3,3,1.0,11.68,521295,458833,math500,47
train,per_model,answer_persistence,12,deepseek,1026,73.78167641325535,73.78167641325535,0.0,0.12741599464697687,0.1949317738791423,50.0,50.0,0,0,inf,3.115009746588694,4898914,4892672,,
train,per_model,answer_persistence,12,qwen3,1026,74.36647173489278,76.12085769980507,1.7543859649122806,6.937103344878875,17.933723196881093,73.91304347826087,26.08695652173913,23,5,4.6,13.618908382066277,6309795,5872078,,
train,per_benchmark,answer_persistence,12,,108,52.77777777777778,55.55555555555556,2.7777777777777777,2.2025559232368206,11.11111111111111,66.66666666666667,33.333333333333336,3,0,inf,15.453703703703704,1661161,1624573,aime24,
train,per_benchmark,answer_persistence,12,,144,84.02777777777777,84.02777777777777,0.0,2.336732025173938,9.027777777777779,100.0,0.0,0,0,inf,11.20138888888889,1078258,1053062,amc23,
train,per_benchmark,answer_persistence,12,,1800,74.55555555555556,75.38888888888889,0.8333333333333334,4.512479794646304,8.944444444444445,72.04968944099379,27.950310559006212,20,5,4.0,7.715,8469290,8087115,math500,
train,per_seed,answer_persistence,12,,684,73.9766081871345,75.0,1.023391812865497,3.2754949461577487,8.333333333333334,75.43859649122807,24.56140350877193,7,0,inf,8.314327485380117,3741114,3618574,,42
train,per_seed,answer_persistence,12,,684,73.6842105263158,74.70760233918129,1.023391812865497,4.780492049730293,9.35672514619883,68.75,31.25,9,2,4.5,8.301169590643275,3746288,3567197,,43
train,per_seed,answer_persistence,12,,684,74.56140350877193,75.14619883040936,0.5847953216374269,3.824677727475857,9.502923976608187,76.92307692307692,23.076923076923077,7,3,2.3333333333333335,8.485380116959064,3721307,3578979,,44
train,per_environment,answer_persistence,12,deepseek,18,33.333333333333336,33.333333333333336,0.0,2.094852325043434,5.555555555555555,100.0,0.0,0,0,inf,5.722222222222222,309091,302616,aime24,42
train,per_environment,answer_persistence,12,deepseek,18,44.44444444444444,44.44444444444444,0.0,6.6571036843898845,5.555555555555555,0.0,100.0,0,0,inf,5.388888888888889,252362,235562,aime24,43
train,per_environment,answer_persistence,12,deepseek,18,50.0,50.0,0.0,-0.15024798583376134,0.0,nan,nan,0,0,inf,4.222222222222222,260902,261294,aime24,44
train,per_environment,answer_persistence,12,deepseek,24,91.66666666666667,91.66666666666667,0.0,-0.19786411583568106,0.0,nan,nan,0,0,inf,3.0833333333333335,152630,152932,amc23,42
train,per_environment,answer_persistence,12,deepseek,24,70.83333333333333,70.83333333333333,0.0,-0.16590917688512274,0.0,nan,nan,0,0,inf,3.1666666666666665,185041,185348,amc23,43
train,per_environment,answer_persistence,12,deepseek,24,87.5,87.5,0.0,-0.29590577533127876,0.0,nan,nan,0,0,inf,4.041666666666667,154779,155237,amc23,44
train,per_environment,answer_persistence,12,deepseek,300,74.33333333333333,74.33333333333333,0.0,-0.4263821903183327,0.0,nan,nan,0,0,inf,2.8866666666666667,1203615,1208747,math500,42
train,per_environment,answer_persistence,12,deepseek,300,75.0,75.0,0.0,-0.42858868587120563,0.0,nan,nan,0,0,inf,2.9,1175486,1180524,math500,43
train,per_environment,answer_persistence,12,deepseek,300,75.33333333333333,75.33333333333333,0.0,-0.44846175295101776,0.0,nan,nan,0,0,inf,3.1233333333333335,1205008,1210412,math500,44
train,per_environment,answer_persistence,12,qwen3,18,72.22222222222223,77.77777777777777,5.555555555555555,0.5842926428034191,16.666666666666668,66.66666666666667,33.333333333333336,1,0,inf,26.27777777777778,269899,268322,aime24,42
train,per_environment,answer_persistence,12,qwen3,18,50.0,55.55555555555556,5.555555555555555,1.554213878091142,16.666666666666668,66.66666666666667,33.333333333333336,1,0,inf,26.0,302275,297577,aime24,43
train,per_environment,answer_persistence,12,qwen3,18,66.66666666666667,72.22222222222223,5.555555555555555,2.7866122595937473,22.22222222222222,75.0,25.0,1,0,inf,25.11111111111111,266632,259202,aime24,44
train,per_environment,answer_persistence,12,qwen3,24,83.33333333333333,83.33333333333333,0.0,2.3210463488927306,20.833333333333332,100.0,0.0,0,0,inf,19.625,194352,189841,amc23,42
train,per_environment,answer_persistence,12,qwen3,24,91.66666666666667,91.66666666666667,0.0,6.7133571458238155,16.666666666666668,100.0,0.0,0,0,inf,18.875,192616,179685,amc23,43
train,per_environment,answer_persistence,12,qwen3,24,79.16666666666667,79.16666666666667,0.0,4.436230134781734,16.666666666666668,100.0,0.0,0,0,inf,18.416666666666668,198840,190019,amc23,44
train,per_environment,answer_persistence,12,qwen3,300,74.0,76.0,2.0,7.161592700587703,16.0,72.91666666666667,27.083333333333332,6,0,inf,12.333333333333334,1611527,1496116,math500,42
train,per_environment,answer_persistence,12,qwen3,300,74.33333333333333,76.33333333333333,2.0,9.155097198182737,18.666666666666668,67.85714285714286,32.142857142857146,8,2,4.0,12.38,1638508,1488501,math500,43
train,per_environment,answer_persistence,12,qwen3,300,74.33333333333333,75.33333333333333,1.0,8.09291647351368,19.0,75.43859649122807,24.56140350877193,6,3,2.0,12.666666666666666,1635146,1502815,math500,44
dev,per_model,answer_persistence,12,deepseek,342,76.90058479532163,76.90058479532163,0.0,0.1932466678967343,0.5847953216374269,50.0,50.0,0,0,inf,3.216374269005848,1533791,1530827,,
dev,per_model,answer_persistence,12,qwen3,342,75.43859649122807,77.48538011695906,2.046783625730994,7.318024214676655,17.83625730994152,67.21311475409836,32.78688524590164,11,4,2.75,14.181286549707602,2043967,1894389,,
dev,per_benchmark,answer_persistence,12,,36,72.22222222222223,72.22222222222223,0.0,2.341649771569762,11.11111111111111,75.0,25.0,0,0,inf,15.416666666666666,469071,458087,aime24,
dev,per_benchmark,answer_persistence,12,,48,85.41666666666667,85.41666666666667,0.0,0.16537684231281116,8.333333333333334,100.0,0.0,0,0,inf,15.125,405740,405069,amc23,
dev,per_benchmark,answer_persistence,12,,600,75.66666666666667,76.83333333333333,1.1666666666666667,5.212347855877307,9.166666666666666,63.63636363636363,36.36363636363637,11,4,2.75,7.781666666666666,2702947,2562060,math500,
dev,per_seed,answer_persistence,12,,228,75.87719298245614,76.75438596491227,0.8771929824561403,4.4708167885258625,8.771929824561404,70.0,30.0,4,2,2.0,8.394736842105264,1230245,1175243,,42
dev,per_seed,answer_persistence,12,,228,76.3157894736842,77.63157894736842,1.3157894736842106,4.724875115905218,9.649122807017545,63.63636363636363,36.36363636363637,4,1,4.0,9.043859649122806,1158274,1103547,,43
dev,per_seed,answer_persistence,12,,228,76.3157894736842,77.19298245614036,0.8771929824561403,3.6000332986052426,9.210526315789474,66.66666666666667,33.333333333333336,3,1,3.0,8.657894736842104,1189239,1146426,,44
dev,per_environment,answer_persistence,12,deepseek,6,50.0,50.0,0.0,-0.20015207084712408,0.0,nan,nan,0,0,inf,5.833333333333333,89432,89611,aime24,42
dev,per_environment,answer_persistence,12,deepseek,6,66.66666666666667,66.66666666666667,0.0,-0.152374154048897,0.0,nan,nan,0,0,inf,4.0,72847,72958,aime24,43
dev,per_environment,answer_persistence,12,deepseek,6,66.66666666666667,66.66666666666667,0.0,-0.2337609210180288,0.0,nan,nan,0,0,inf,5.5,68446,68606,aime24,44
dev,per_environment,answer_persistence,12,deepseek,8,87.5,87.5,0.0,-0.18296315207216407,0.0,nan,nan,0,0,inf,3.75,70506,70635,amc23,42
dev,per_environment,answer_persistence,12,deepseek,8,87.5,87.5,0.0,-0.4285604959057167,0.0,nan,nan,0,0,inf,6.125,52268,52492,amc23,43
dev,per_environment,answer_persistence,12,deepseek,8,87.5,87.5,0.0,-0.3479495213530216,0.0,nan,nan,0,0,inf,5.75,57767,57968,amc23,44
dev,per_environment,answer_persistence,12,deepseek,100,78.0,78.0,0.0,-0.4068171389162456,0.0,nan,nan,0,0,inf,2.66,372649,374165,math500,42
dev,per_environment,answer_persistence,12,deepseek,100,77.0,77.0,0.0,1.2431853232143402,1.0,0.0,100.0,0,0,inf,3.18,361169,356679,math500,43
dev,per_environment,answer_persistence,12,deepseek,100,76.0,76.0,0.0,0.2557196037117932,1.0,100.0,0.0,0,0,inf,2.99,388707,387713,math500,44
dev,per_environment,answer_persistence,12,qwen3,6,83.33333333333333,83.33333333333333,0.0,-1.2183254344391785,16.666666666666668,100.0,0.0,0,0,inf,25.0,79125,80089,aime24,42
dev,per_environment,answer_persistence,12,qwen3,6,83.33333333333333,83.33333333333333,0.0,19.439497883520655,33.333333333333336,50.0,50.0,0,0,inf,23.833333333333332,68510,55192,aime24,43
dev,per_environment,answer_persistence,12,qwen3,6,83.33333333333333,83.33333333333333,0.0,-1.0142099635104893,16.666666666666668,100.0,0.0,0,0,inf,28.333333333333332,90711,91631,aime24,44
dev,per_environment,answer_persistence,12,qwen3,8,75.0,75.0,0.0,-1.4422647385416534,12.5,100.0,0.0,0,0,inf,23.25,78349,79479,amc23,42
dev,per_environment,answer_persistence,12,qwen3,8,87.5,87.5,0.0,-3.3648635992668208,12.5,100.0,0.0,0,0,inf,27.375,74743,77258,amc23,43
dev,per_environment,answer_persistence,12,qwen3,8,87.5,87.5,0.0,6.753851914515928,25.0,100.0,0.0,0,0,inf,24.5,72107,67237,amc23,44
dev,per_environment,answer_persistence,12,qwen3,100,74.0,76.0,2.0,10.907394517423693,18.0,66.66666666666667,33.333333333333336,4,2,2.0,12.47,540184,481264,math500,42
dev,per_environment,answer_persistence,12,qwen3,100,74.0,77.0,3.0,7.5215088030533135,18.0,66.66666666666667,33.333333333333336,4,1,4.0,13.09,528737,488968,math500,43
dev,per_environment,answer_persistence,12,qwen3,100,75.0,77.0,2.0,7.4740811845920145,17.0,58.8235294117647,41.1764705882353,3,1,3.0,12.3,511501,473271,math500,44
test,per_model,answer_persistence,12,deepseek,342,79.53216374269006,79.82456140350877,0.29239766081871343,1.1311410946447442,0.5847953216374269,50.0,50.0,1,0,inf,3.154970760233918,1464804,1448235,,
test,per_model,answer_persistence,12,qwen3,342,80.70175438596492,81.57894736842105,0.8771929824561403,9.699163363605743,21.637426900584796,87.83783783783784,12.162162162162161,7,4,1.75,13.412280701754385,1917918,1731896,,
test,per_benchmark,answer_persistence,12,,36,77.77777777777777,77.77777777777777,0.0,1.5168629982249475,8.333333333333334,100.0,0.0,0,0,inf,17.333333333333332,409002,402798,aime24,
test,per_benchmark,answer_persistence,12,,48,85.41666666666667,85.41666666666667,0.0,5.800201130295605,12.5,100.0,0.0,0,0,inf,9.583333333333334,282404,266024,amc23,
test,per_benchmark,answer_persistence,12,,600,79.83333333333333,80.5,0.6666666666666666,6.688437924049053,11.166666666666666,85.07462686567165,14.925373134328359,8,4,2.0,7.636666666666667,2691316,2511309,math500,
test,per_seed,answer_persistence,12,,228,81.14035087719299,81.57894736842105,0.43859649122807015,6.147235288873275,11.842105263157896,88.88888888888889,11.11111111111111,2,1,2.0,8.298245614035087,1132867,1063227,,45
test,per_seed,answer_persistence,12,,228,80.26315789473684,81.57894736842105,1.3157894736842106,4.964182561370263,9.649122807017545,81.81818181818181,18.181818181818183,3,0,inf,8.412280701754385,1092345,1038119,,46
test,per_seed,answer_persistence,12,,228,78.94736842105263,78.94736842105263,0.0,6.801237138340057,11.842105263157896,88.88888888888889,11.11111111111111,3,3,1.0,8.140350877192983,1157510,1078785,,47
test,per_environment,answer_persistence,12,deepseek,6,83.33333333333333,83.33333333333333,0.0,-0.19149379032817596,0.0,nan,nan,0,0,inf,4.666666666666667,72065,72203,aime24,45
test,per_environment,answer_persistence,12,deepseek,6,83.33333333333333,83.33333333333333,0.0,-0.491786552392613,0.0,nan,nan,0,0,inf,8.166666666666666,49005,49246,aime24,46
test,per_environment,answer_persistence,12,deepseek,6,50.0,50.0,0.0,-0.2066343833304415,0.0,nan,nan,0,0,inf,4.5,63397,63528,aime24,47
test,per_environment,answer_persistence,12,deepseek,8,87.5,87.5,0.0,-0.2174945626359341,0.0,nan,nan,0,0,inf,2.875,40001,40088,amc23,45
test,per_environment,answer_persistence,12,deepseek,8,87.5,87.5,0.0,-0.2844055169636565,0.0,nan,nan,0,0,inf,3.75,39732,39845,amc23,46
test,per_environment,answer_persistence,12,deepseek,8,75.0,75.0,0.0,-0.16404125749983148,0.0,nan,nan,0,0,inf,2.125,44501,44574,amc23,47
test,per_environment,answer_persistence,12,deepseek,100,80.0,81.0,1.0,2.9965888489757497,1.0,0.0,100.0,1,0,inf,2.93,386673,375086,math500,45
test,per_environment,answer_persistence,12,deepseek,100,80.0,80.0,0.0,-0.44552813704543354,0.0,nan,nan,0,0,inf,2.82,367878,369517,math500,46
test,per_environment,answer_persistence,12,deepseek,100,79.0,79.0,0.0,1.8438458779933857,1.0,100.0,0.0,0,0,inf,3.3,401552,394148,math500,47
test,per_environment,answer_persistence,12,qwen3,6,83.33333333333333,83.33333333333333,0.0,-4.14716946508854,0.0,nan,nan,0,0,inf,30.0,76293,79457,aime24,45
test,per_environment,answer_persistence,12,qwen3,6,83.33333333333333,83.33333333333333,0.0,5.075766743307383,16.666666666666668,100.0,0.0,0,0,inf,28.5,74373,70598,aime24,46
test,per_environment,answer_persistence,12,qwen3,6,83.33333333333333,83.33333333333333,0.0,8.261923134197025,33.333333333333336,100.0,0.0,0,0,inf,28.166666666666668,73869,67766,aime24,47
test,per_environment,answer_persistence,12,qwen3,8,87.5,87.5,0.0,15.281102787860066,25.0,100.0,0.0,0,0,inf,16.125,51796,43881,amc23,45
test,per_environment,answer_persistence,12,qwen3,8,87.5,87.5,0.0,1.415535360335091,12.5,100.0,0.0,0,0,inf,17.125,53478,52721,amc23,46
test,per_environment,answer_persistence,12,qwen3,8,87.5,87.5,0.0,15.088097398669087,37.5,100.0,0.0,0,0,inf,15.5,52896,44915,amc23,47
test,per_environment,answer_persistence,12,qwen3,100,81.0,81.0,0.0,10.577643225126916,24.0,91.66666666666667,8.333333333333334,1,1,1.0,12.39,506039,452512,math500,45
test,per_environment,answer_persistence,12,qwen3,100,79.0,82.0,3.0,10.17703035565558,20.0,80.0,20.0,3,0,inf,12.49,507879,456192,math500,46
test,per_environment,answer_persistence,12,qwen3,100,80.0,80.0,0.0,11.01890484274739,21.0,85.71428571428571,14.285714285714286,3,3,1.0,11.89,521295,463854,math500,47
train,per_model,answer_persistence,13,deepseek,1026,73.78167641325535,73.78167641325535,0.0,0.12480317066190588,0.1949317738791423,50.0,50.0,0,0,inf,3.1169590643274856,4898914,4892800,,
train,per_model,answer_persistence,13,qwen3,1026,74.85380116959064,76.12085769980507,1.267056530214425,5.417640351231696,15.30214424951267,75.79617834394904,24.203821656050955,17,4,4.25,13.783625730994151,6309795,5967953,,
train,per_benchmark,answer_persistence,13,,108,54.629629629629626,55.55555555555556,0.9259259259259259,1.5554783672383352,9.25925925925926,80.0,20.0,1,0,inf,15.574074074074074,1661161,1635322,aime24,
train,per_benchmark,answer_persistence,13,,144,84.02777777777777,84.02777777777777,0.0,1.658044735119053,8.333333333333334,100.0,0.0,0,0,inf,11.284722222222221,1078258,1060380,amc23,
train,per_benchmark,answer_persistence,13,,1800,74.72222222222223,75.38888888888889,0.6666666666666666,3.59226098055445,7.611111111111111,72.99270072992701,27.00729927007299,16,4,4.0,7.796111111111111,8469290,8165051,math500,
train,per_seed,answer_persistence,13,,684,74.41520467836257,75.0,0.5847953216374269,2.7239480005153545,7.309941520467836,80.0,20.0,4,0,inf,8.391812865497077,3741114,3639208,,42
train,per_seed,answer_persistence,13,,684,73.9766081871345,74.70760233918129,0.7309941520467836,3.580183904707807,7.309941520467836,70.0,30.0,6,1,6.0,8.374269005847953,3746288,3612164,,43
train,per_seed,answer_persistence,13,,684,74.56140350877193,75.14619883040936,0.5847953216374269,3.007706700898367,8.625730994152047,76.27118644067797,23.728813559322035,7,3,2.3333333333333335,8.584795321637428,3721307,3609381,,44
train,per_environment,answer_persistence,13,deepseek,18,33.333333333333336,33.333333333333336,0.0,2.0896758559776893,5.555555555555555,100.0,0.0,0,0,inf,5.777777777777778,309091,302632,aime24,42
train,per_environment,answer_persistence,13,deepseek,18,44.44444444444444,44.44444444444444,0.0,6.612722993160618,5.555555555555555,0.0,100.0,0,0,inf,5.444444444444445,252362,235674,aime24,43
train,per_environment,answer_persistence,13,deepseek,18,50.0,50.0,0.0,-0.15024798583376134,0.0,nan,nan,0,0,inf,4.222222222222222,260902,261294,aime24,44
train,per_environment,answer_persistence,13,deepseek,24,91.66666666666667,91.66666666666667,0.0,-0.19786411583568106,0.0,nan,nan,0,0,inf,3.0833333333333335,152630,152932,amc23,42
train,per_environment,answer_persistence,13,deepseek,24,70.83333333333333,70.83333333333333,0.0,-0.16590917688512274,0.0,nan,nan,0,0,inf,3.1666666666666665,185041,185348,amc23,43
train,per_environment,answer_persistence,13,deepseek,24,87.5,87.5,0.0,-0.29590577533127876,0.0,nan,nan,0,0,inf,4.041666666666667,154779,155237,amc23,44
train,per_environment,answer_persistence,13,deepseek,300,74.33333333333333,74.33333333333333,0.0,-0.4263821903183327,0.0,nan,nan,0,0,inf,2.8866666666666667,1203615,1208747,math500,42
train,per_environment,answer_persistence,13,deepseek,300,75.0,75.0,0.0,-0.42858868587120563,0.0,nan,nan,0,0,inf,2.9,1175486,1180524,math500,43
train,per_environment,answer_persistence,13,deepseek,300,75.33333333333333,75.33333333333333,0.0,-0.44846175295101776,0.0,nan,nan,0,0,inf,3.1233333333333335,1205008,1210412,math500,44
train,per_environment,answer_persistence,13,qwen3,18,77.77777777777777,77.77777777777777,0.0,-1.6813696975535293,11.11111111111111,100.0,0.0,0,0,inf,26.555555555555557,269899,274437,aime24,42
train,per_environment,answer_persistence,13,qwen3,18,55.55555555555556,55.55555555555556,0.0,0.15284095608303697,11.11111111111111,100.0,0.0,0,0,inf,26.11111111111111,302275,301813,aime24,43
train,per_environment,answer_persistence,13,qwen3,18,66.66666666666667,72.22222222222223,5.555555555555555,2.6853490953823997,22.22222222222222,75.0,25.0,1,0,inf,25.333333333333332,266632,259472,aime24,44
train,per_environment,answer_persistence,13,qwen3,24,83.33333333333333,83.33333333333333,0.0,2.0771589692928294,20.833333333333332,100.0,0.0,0,0,inf,19.833333333333332,194352,190315,amc23,42
train,per_environment,answer_persistence,13,qwen3,24,91.66666666666667,91.66666666666667,0.0,3.678822112389417,12.5,100.0,0.0,0,0,inf,19.0,192616,185530,amc23,43
train,per_environment,answer_persistence,13,qwen3,24,79.16666666666667,79.16666666666667,0.0,3.9338161335747333,16.666666666666668,100.0,0.0,0,0,inf,18.583333333333332,198840,191018,amc23,44
train,per_environment,answer_persistence,13,qwen3,300,74.66666666666667,76.0,1.3333333333333333,6.291051902946708,14.0,76.19047619047619,23.80952380952381,4,0,inf,12.473333333333333,1611527,1510145,math500,42
train,per_environment,answer_persistence,13,qwen3,300,74.66666666666667,76.33333333333333,1.6666666666666667,7.032800572227905,14.666666666666666,68.18181818181819,31.818181818181817,6,1,6.0,12.526666666666667,1638508,1523275,math500,43
train,per_environment,answer_persistence,13,qwen3,300,74.33333333333333,75.33333333333333,1.0,6.311240708780745,17.0,74.50980392156863,25.49019607843137,6,3,2.0,12.866666666666667,1635146,1531948,math500,44
dev,per_model,answer_persistence,13,deepseek,342,76.90058479532163,76.90058479532163,0.0,-0.2587705886916796,0.29239766081871343,100.0,0.0,0,0,inf,3.219298245614035,1533791,1537760,,
dev,per_model,answer_persistence,13,qwen3,342,76.0233918128655,77.48538011695906,1.4619883040935673,5.400087183403646,14.32748538011696,69.38775510204081,30.612244897959183,8,3,2.6666666666666665,14.409356725146198,2043967,1933591,,
dev,per_benchmark,answer_persistence,13,,36,72.22222222222223,72.22222222222223,0.0,2.2435835939548596,11.11111111111111,75.0,25.0,0,0,inf,15.527777777777779,469071,458547,aime24,
dev,per_benchmark,answer_persistence,13,,48,85.41666666666667,85.41666666666667,0.0,-0.6257701976635284,4.166666666666667,100.0,0.0,0,0,inf,15.166666666666666,405740,408279,amc23,
dev,per_benchmark,answer_persistence,13,,600,76.0,76.83333333333333,0.8333333333333334,3.6412848642611193,7.333333333333333,68.18181818181819,31.818181818181817,8,3,2.6666666666666665,7.903333333333333,2702947,2604525,math500,
dev,per_seed,answer_persistence,13,,228,75.87719298245614,76.75438596491227,0.8771929824561403,3.9220643042645977,7.894736842105263,72.22222222222223,27.77777777777778,4,2,2.0,8.50438596491228,1230245,1181994,,42
dev,per_seed,answer_persistence,13,,228,77.19298245614036,77.63157894736842,0.43859649122807015,1.73905310833188,5.2631578947368425,75.0,25.0,1,0,inf,9.18859649122807,1158274,1138131,,43
dev,per_seed,answer_persistence,13,,228,76.3157894736842,77.19298245614036,0.8771929824561403,3.1964138411202456,8.771929824561404,65.0,35.0,3,1,3.0,8.75,1189239,1151226,,44
dev,per_environment,answer_persistence,13,deepseek,6,50.0,50.0,0.0,-0.20015207084712408,0.0,nan,nan,0,0,inf,5.833333333333333,89432,89611,aime24,42
dev,per_environment,answer_persistence,13,deepseek,6,66.66666666666667,66.66666666666667,0.0,-0.152374154048897,0.0,nan,nan,0,0,inf,4.0,72847,72958,aime24,43
dev,per_environment,answer_persistence,13,deepseek,6,66.66666666666667,66.66666666666667,0.0,-0.2337609210180288,0.0,nan,nan,0,0,inf,5.5,68446,68606,aime24,44
dev,per_environment,answer_persistence,13,deepseek,8,87.5,87.5,0.0,-0.18296315207216407,0.0,nan,nan,0,0,inf,3.75,70506,70635,amc23,42
dev,per_environment,answer_persistence,13,deepseek,8,87.5,87.5,0.0,-0.4285604959057167,0.0,nan,nan,0,0,inf,6.125,52268,52492,amc23,43
dev,per_environment,answer_persistence,13,deepseek,8,87.5,87.5,0.0,-0.3479495213530216,0.0,nan,nan,0,0,inf,5.75,57767,57968,amc23,44
dev,per_environment,answer_persistence,13,deepseek,100,78.0,78.0,0.0,-0.4068171389162456,0.0,nan,nan,0,0,inf,2.66,372649,374165,math500,42
dev,per_environment,answer_persistence,13,deepseek,100,77.0,77.0,0.0,-0.616055087784389,0.0,nan,nan,0,0,inf,3.18,361169,363394,math500,43
dev,per_environment,answer_persistence,13,deepseek,100,76.0,76.0,0.0,0.19963622985950857,1.0,100.0,0.0,0,0,inf,3.0,388707,387931,math500,44
dev,per_environment,answer_persistence,13,qwen3,6,83.33333333333333,83.33333333333333,0.0,-1.3636650868878357,16.666666666666668,100.0,0.0,0,0,inf,25.166666666666668,79125,80204,aime24,42
dev,per_environment,answer_persistence,13,qwen3,6,83.33333333333333,83.33333333333333,0.0,18.95051817252956,33.333333333333336,50.0,50.0,0,0,inf,24.166666666666668,68510,55527,aime24,43
dev,per_environment,answer_persistence,13,qwen3,6,83.33333333333333,83.33333333333333,0.0,-1.0252339848529948,16.666666666666668,100.0,0.0,0,0,inf,28.5,90711,91641,aime24,44
dev,per_environment,answer_persistence,13,qwen3,8,75.0,75.0,0.0,-3.982182286946866,0.0,nan,nan,0,0,inf,23.25,78349,81469,amc23,42
dev,per_environment,answer_persistence,13,qwen3,8,87.5,87.5,0.0,-4.66130607548533,0.0,nan,nan,0,0,inf,27.375,74743,78227,amc23,43
dev,per_environment,answer_persistence,13,qwen3,8,87.5,87.5,0.0,6.405758109476195,25.0,100.0,0.0,0,0,inf,24.75,72107,67488,amc23,44
dev,per_environment,answer_persistence,13,qwen3,100,74.0,76.0,2.0,10.047317210432,17.0,70.58823529411765,29.41176470588235,4,2,2.0,12.71,540184,485910,math500,42
dev,per_environment,answer_persistence,13,qwen3,100,76.0,77.0,1.0,2.4972718005359944,10.0,80.0,20.0,1,0,inf,13.4,528737,515533,math500,43
dev,per_environment,answer_persistence,13,qwen3,100,75.0,77.0,2.0,6.629312552663631,16.0,56.25,43.75,3,1,3.0,12.47,511501,477592,math500,44
test,per_model,answer_persistence,13,deepseek,342,79.53216374269006,79.82456140350877,0.29239766081871343,0.4894170141534294,0.29239766081871343,0.0,100.0,1,0,inf,3.1578947368421053,1464804,1457635,,
test,per_model,answer_persistence,13,qwen3,342,80.99415204678363,81.57894736842105,0.5847953216374269,7.763991995486773,18.42105263157895,90.47619047619048,9.523809523809524,4,2,2.0,13.596491228070175,1917918,1769011,,
test,per_benchmark,answer_persistence,13,,36,77.77777777777777,77.77777777777777,0.0,1.4684524770050025,8.333333333333334,100.0,0.0,0,0,inf,17.416666666666668,409002,402996,aime24,
test,per_benchmark,answer_persistence,13,,48,85.41666666666667,85.41666666666667,0.0,4.9836404583504486,10.416666666666666,100.0,0.0,0,0,inf,9.6875,282404,268330,amc23,
test,per_benchmark,answer_persistence,13,,600,80.0,80.5,0.5,5.053141288499752,9.333333333333334,87.5,12.5,5,2,2.5,7.73,2691316,2555320,math500,
test,per_seed,answer_persistence,13,,228,81.14035087719299,81.57894736842105,0.43859649122807015,5.257633949969414,10.087719298245615,86.95652173913044,13.043478260869565,2,1,2.0,8.399122807017545,1132867,1073305,,45
test,per_seed,answer_persistence,13,,228,81.14035087719299,81.57894736842105,0.43859649122807015,4.028763806306616,8.333333333333334,89.47368421052632,10.526315789473685,1,0,inf,8.49561403508772,1092345,1048337,,46
test,per_seed,answer_persistence,13,,228,78.50877192982456,78.94736842105263,0.43859649122807015,4.536116318649515,9.649122807017545,90.9090909090909,9.090909090909092,2,1,2.0,8.236842105263158,1157510,1105004,,47
test,per_environment,answer_persistence,13,deepseek,6,83.33333333333333,83.33333333333333,0.0,-0.19149379032817596,0.0,nan,nan,0,0,inf,4.666666666666667,72065,72203,aime24,45
test,per_environment,answer_persistence,13,deepseek,6,83.33333333333333,83.33333333333333,0.0,-0.491786552392613,0.0,nan,nan,0,0,inf,8.166666666666666,49005,49246,aime24,46
test,per_environment,answer_persistence,13,deepseek,6,50.0,50.0,0.0,-0.2066343833304415,0.0,nan,nan,0,0,inf,4.5,63397,63528,aime24,47
test,per_environment,answer_persistence,13,deepseek,8,87.5,87.5,0.0,-0.2174945626359341,0.0,nan,nan,0,0,inf,2.875,40001,40088,amc23,45
test,per_environment,answer_persistence,13,deepseek,8,87.5,87.5,0.0,-0.2844055169636565,0.0,nan,nan,0,0,inf,3.75,39732,39845,amc23,46
test,per_environment,answer_persistence,13,deepseek,8,75.0,75.0,0.0,-0.16404125749983148,0.0,nan,nan,0,0,inf,2.125,44501,44574,amc23,47
test,per_environment,answer_persistence,13,deepseek,100,80.0,81.0,1.0,2.992450985716613,1.0,0.0,100.0,1,0,inf,2.94,386673,375102,math500,45
test,per_environment,answer_persistence,13,deepseek,100,80.0,80.0,0.0,-0.44552813704543354,0.0,nan,nan,0,0,inf,2.82,367878,369517,math500,46
test,per_environment,answer_persistence,13,deepseek,100,79.0,79.0,0.0,-0.49308682312627006,0.0,nan,nan,0,0,inf,3.3,401552,403532,math500,47
test,per_environment,answer_persistence,13,qwen3,6,83.33333333333333,83.33333333333333,0.0,-4.14716946508854,0.0,nan,nan,0,0,inf,30.0,76293,79457,aime24,45
test,per_environment,answer_persistence,13,qwen3,6,83.33333333333333,83.33333333333333,0.0,5.016605488550953,16.666666666666668,100.0,0.0,0,0,inf,28.666666666666668,74373,70642,aime24,46
test,per_environment,answer_persistence,13,qwen3,6,83.33333333333333,83.33333333333333,0.0,8.05344596515453,33.333333333333336,100.0,0.0,0,0,inf,28.5,73869,67920,aime24,47
test,per_environment,answer_persistence,13,qwen3,8,87.5,87.5,0.0,11.614796509382964,12.5,100.0,0.0,0,0,inf,16.25,51796,45780,amc23,45
test,per_environment,answer_persistence,13,qwen3,8,87.5,87.5,0.0,1.2210628669733348,12.5,100.0,0.0,0,0,inf,17.25,53478,52825,amc23,46
test,per_environment,answer_persistence,13,qwen3,8,87.5,87.5,0.0,14.515275257108287,37.5,100.0,0.0,0,0,inf,15.875,52896,45218,amc23,47
test,per_environment,answer_persistence,13,qwen3,100,81.0,81.0,0.0,8.964526449542426,21.0,90.47619047619048,9.523809523809524,1,1,1.0,12.6,506039,460675,math500,45
test,per_environment,answer_persistence,13,qwen3,100,81.0,82.0,1.0,8.194274620529693,17.0,88.23529411764706,11.764705882352942,1,0,inf,12.66,507879,466262,math500,46
test,per_environment,answer_persistence,13,qwen3,100,79.0,80.0,1.0,7.877113726392925,17.0,88.23529411764706,11.764705882352942,2,1,2.0,12.06,521295,480232,math500,47
train,per_model,answer_persistence,14,deepseek,1026,73.78167641325535,73.78167641325535,0.0,-0.228928289004461,0.09746588693957114,100.0,0.0,0,0,inf,3.120857699805068,4898914,4910129,,
train,per_model,answer_persistence,14,qwen3,1026,74.6588693957115,76.12085769980507,1.4619883040935673,4.236270750476046,13.742690058479532,75.88652482269504,24.113475177304963,17,2,8.5,13.928849902534113,6309795,6042495,,
train,per_benchmark,answer_persistence,14,,108,54.629629629629626,55.55555555555556,0.9259259259259259,0.3271808090847305,8.333333333333334,88.88888888888889,11.11111111111111,1,0,inf,15.685185185185185,1661161,1655726,aime24,
train,per_benchmark,answer_persistence,14,,144,84.02777777777777,84.02777777777777,0.0,1.4857297604098463,8.333333333333334,100.0,0.0,0,0,inf,11.368055555555555,1078258,1062238,amc23,
train,per_benchmark,answer_persistence,14,,1800,74.61111111111111,75.38888888888889,0.7777777777777778,2.770362096468535,6.722222222222222,72.72727272727273,27.272727272727273,16,2,8.0,7.8677777777777775,8469290,8234660,math500,
train,per_seed,answer_persistence,14,,684,74.41520467836257,75.0,0.5847953216374269,2.350021945334999,6.871345029239766,80.85106382978724,19.148936170212767,4,0,inf,8.460526315789474,3741114,3653197,,42
train,per_seed,answer_persistence,14,,684,73.83040935672514,74.70760233918129,0.8771929824561403,1.993012816953742,6.286549707602339,72.09302325581395,27.906976744186046,6,0,inf,8.453216374269006,3746288,3671624,,43
train,per_seed,answer_persistence,14,,684,74.41520467836257,75.14619883040936,0.7309941520467836,2.5126655769061785,7.60233918128655,75.0,25.0,7,2,3.5,8.660818713450292,3721307,3627803,,44
train,per_environment,answer_persistence,14,deepseek,18,33.333333333333336,33.333333333333336,0.0,2.047293515501907,5.555555555555555,100.0,0.0,0,0,inf,5.833333333333333,309091,302763,aime24,42
train,per_environment,answer_persistence,14,deepseek,18,44.44444444444444,44.44444444444444,0.0,-0.20209064756183578,0.0,nan,nan,0,0,inf,5.611111111111111,252362,252872,aime24,43
train,per_environment,answer_persistence,14,deepseek,18,50.0,50.0,0.0,-0.15024798583376134,0.0,nan,nan,0,0,inf,4.222222222222222,260902,261294,aime24,44
train,per_environment,answer_persistence,14,deepseek,24,91.66666666666667,91.66666666666667,0.0,-0.19786411583568106,0.0,nan,nan,0,0,inf,3.0833333333333335,152630,152932,amc23,42
train,per_environment,answer_persistence,14,deepseek,24,70.83333333333333,70.83333333333333,0.0,-0.16590917688512274,0.0,nan,nan,0,0,inf,3.1666666666666665,185041,185348,amc23,43
train,per_environment,answer_persistence,14,deepseek,24,87.5,87.5,0.0,-0.29590577533127876,0.0,nan,nan,0,0,inf,4.041666666666667,154779,155237,amc23,44
train,per_environment,answer_persistence,14,deepseek,300,74.33333333333333,74.33333333333333,0.0,-0.4263821903183327,0.0,nan,nan,0,0,inf,2.8866666666666667,1203615,1208747,math500,42
train,per_environment,answer_persistence,14,deepseek,300,75.0,75.0,0.0,-0.42858868587120563,0.0,nan,nan,0,0,inf,2.9,1175486,1180524,math500,43
train,per_environment,answer_persistence,14,deepseek,300,75.33333333333333,75.33333333333333,0.0,-0.44846175295101776,0.0,nan,nan,0,0,inf,3.1233333333333335,1205008,1210412,math500,44
train,per_environment,answer_persistence,14,qwen3,18,77.77777777777777,77.77777777777777,0.0,-1.6884093679487513,11.11111111111111,100.0,0.0,0,0,inf,26.666666666666668,269899,274456,aime24,42
train,per_environment,answer_persistence,14,qwen3,18,55.55555555555556,55.55555555555556,0.0,-0.23455462740881647,11.11111111111111,100.0,0.0,0,0,inf,26.22222222222222,302275,302984,aime24,43
train,per_environment,answer_persistence,14,qwen3,18,66.66666666666667,72.22222222222223,5.555555555555555,1.978382189684659,22.22222222222222,75.0,25.0,1,0,inf,25.555555555555557,266632,261357,aime24,44
train,per_environment,answer_persistence,14,qwen3,24,83.33333333333333,83.33333333333333,0.0,1.6933193381081748,20.833333333333332,100.0,0.0,0,0,inf,20.041666666666668,194352,191061,amc23,42
train,per_environment,answer_persistence,14,qwen3,24,91.66666666666667,91.66666666666667,0.0,3.2240312331270506,12.5,100.0,0.0,0,0,inf,19.125,192616,186406,amc23,43
train,per_environment,answer_persistence,14,qwen3,24,79.16666666666667,79.16666666666667,0.0,3.815127740897204,16.666666666666668,100.0,0.0,0,0,inf,18.75,198840,191254,amc23,44
train,per_environment,answer_persistence,14,qwen3,300,74.66666666666667,76.0,1.3333333333333333,5.478592663976465,13.0,76.92307692307692,23.076923076923077,4,0,inf,12.603333333333333,1611527,1523238,math500,42
train,per_environment,answer_persistence,14,qwen3,300,74.33333333333333,76.33333333333333,2.0,4.578433550522793,12.666666666666666,68.42105263157895,31.57894736842105,6,0,inf,12.68,1638508,1563490,math500,43
train,per_environment,answer_persistence,14,qwen3,300,74.0,75.33333333333333,1.3333333333333333,5.314326671746743,14.666666666666666,72.72727272727273,27.272727272727273,6,2,3.0,13.013333333333334,1635146,1548249,math500,44
dev,per_model,answer_persistence,14,deepseek,342,76.90058479532163,76.90058479532163,0.0,-0.27500487354535263,0.29239766081871343,100.0,0.0,0,0,inf,3.2222222222222223,1533791,1538009,,
dev,per_model,answer_persistence,14,qwen3,342,76.0233918128655,77.48538011695906,1.4619883040935673,4.0642534835444994,12.573099415204679,72.09302325581395,27.906976744186046,7,2,3.5,14.535087719298245,2043967,1960895,,
dev,per_benchmark,answer_persistence,14,,36,72.22222222222223,72.22222222222223,0.0,1.9212443318815275,8.333333333333334,66.66666666666667,33.333333333333336,0,0,inf,15.61111111111111,469071,460059,aime24,
dev,per_benchmark,answer_persistence,14,,48,85.41666666666667,85.41666666666667,0.0,-0.6928082022970375,4.166666666666667,100.0,0.0,0,0,inf,15.208333333333334,405740,408551,amc23,
dev,per_benchmark,answer_persistence,14,,600,76.0,76.83333333333333,0.8333333333333334,2.687918039088447,6.5,71.7948717948718,28.205128205128204,7,2,3.5,7.968333333333334,2702947,2630294,math500,
dev,per_seed,answer_persistence,14,,228,75.87719298245614,76.75438596491227,0.8771929824561403,2.677190315750115,6.578947368421052,73.33333333333333,26.666666666666668,3,1,3.0,8.570175438596491,1230245,1197309,,42
dev,per_seed,answer_persistence,14,,228,77.19298245614036,77.63157894736842,0.43859649122807015,1.3607315712862413,5.2631578947368425,75.0,25.0,1,0,inf,9.241228070175438,1158274,1142513,,43
dev,per_seed,answer_persistence,14,,228,76.3157894736842,77.19298245614036,0.8771929824561403,2.535823329036468,7.456140350877193,70.58823529411765,29.41176470588235,3,1,3.0,8.824561403508772,1189239,1159082,,44
dev,per_environment,answer_persistence,14,deepseek,6,50.0,50.0,0.0,-0.20015207084712408,0.0,nan,nan,0,0,inf,5.833333333333333,89432,89611,aime24,42
dev,per_environment,answer_persistence,14,deepseek,6,66.66666666666667,66.66666666666667,0.0,-0.152374154048897,0.0,nan,nan,0,0,inf,4.0,72847,72958,aime24,43
dev,per_environment,answer_persistence,14,deepseek,6,66.66666666666667,66.66666666666667,0.0,-0.2337609210180288,0.0,nan,nan,0,0,inf,5.5,68446,68606,aime24,44
dev,per_environment,answer_persistence,14,deepseek,8,87.5,87.5,0.0,-0.18296315207216407,0.0,nan,nan,0,0,inf,3.75,70506,70635,amc23,42
dev,per_environment,answer_persistence,14,deepseek,8,87.5,87.5,0.0,-0.4285604959057167,0.0,nan,nan,0,0,inf,6.125,52268,52492,amc23,43
dev,per_environment,answer_persistence,14,deepseek,8,87.5,87.5,0.0,-0.3479495213530216,0.0,nan,nan,0,0,inf,5.75,57767,57968,amc23,44
dev,per_environment,answer_persistence,14,deepseek,100,78.0,78.0,0.0,-0.4068171389162456,0.0,nan,nan,0,0,inf,2.66,372649,374165,math500,42
dev,per_environment,answer_persistence,14,deepseek,100,77.0,77.0,0.0,-0.616055087784389,0.0,nan,nan,0,0,inf,3.18,361169,363394,math500,43
dev,per_environment,answer_persistence,14,deepseek,100,76.0,76.0,0.0,0.13557769734015596,1.0,100.0,0.0,0,0,inf,3.01,388707,388180,math500,44
dev,per_environment,answer_persistence,14,qwen3,6,83.33333333333333,83.33333333333333,0.0,-3.1153238546603474,0.0,nan,nan,0,0,inf,25.166666666666668,79125,81590,aime24,42
dev,per_environment,answer_persistence,14,qwen3,6,83.33333333333333,83.33333333333333,0.0,18.801634797839732,33.333333333333336,50.0,50.0,0,0,inf,24.5,68510,55629,aime24,43
dev,per_environment,answer_persistence,14,qwen3,6,83.33333333333333,83.33333333333333,0.0,-1.0516916360750075,16.666666666666668,100.0,0.0,0,0,inf,28.666666666666668,90711,91665,aime24,44
dev,per_environment,answer_persistence,14,qwen3,8,75.0,75.0,0.0,-3.982182286946866,0.0,nan,nan,0,0,inf,23.25,78349,81469,amc23,42
dev,per_environment,answer_persistence,14,qwen3,8,87.5,87.5,0.0,-4.66130607548533,0.0,nan,nan,0,0,inf,27.375,74743,78227,amc23,43
dev,per_environment,answer_persistence,14,qwen3,8,87.5,87.5,0.0,6.028540918357441,25.0,100.0,0.0,0,0,inf,25.0,72107,67760,amc23,44
dev,per_environment,answer_persistence,14,qwen3,100,74.0,76.0,2.0,7.468751388415799,15.0,73.33333333333333,26.666666666666668,3,1,3.0,12.86,540184,499839,math500,42
dev,per_environment,answer_persistence,14,qwen3,100,76.0,77.0,1.0,1.687795633746078,10.0,80.0,20.0,1,0,inf,13.5,528737,519813,math500,43
dev,per_environment,answer_persistence,14,qwen3,100,75.0,77.0,2.0,5.1999898338419674,13.0,61.53846153846154,38.46153846153846,3,1,3.0,12.6,511501,484903,math500,44
test,per_model,answer_persistence,14,deepseek,342,79.53216374269006,79.82456140350877,0.29239766081871343,0.4875737641349969,0.29239766081871343,0.0,100.0,1,0,inf,3.1608187134502925,1464804,1457662,,
test,per_model,answer_persistence,14,qwen3,342,80.99415204678363,81.57894736842105,0.5847953216374269,6.130501929696681,16.374269005847953,89.28571428571429,10.714285714285714,4,2,2.0,13.780701754385966,1917918,1800340,,
test,per_benchmark,answer_persistence,14,,36,77.77777777777777,77.77777777777777,0.0,0.8564750294619586,5.555555555555555,100.0,0.0,0,0,inf,17.47222222222222,409002,405499,aime24,
test,per_benchmark,answer_persistence,14,,48,85.41666666666667,85.41666666666667,0.0,3.903981530006657,8.333333333333334,100.0,0.0,0,0,inf,9.916666666666666,282404,271379,amc23,
test,per_benchmark,answer_persistence,14,,600,80.0,80.5,0.5,4.094353840277396,8.5,86.27450980392157,13.72549019607843,5,2,2.5,7.815,2691316,2581124,math500,
test,per_seed,answer_persistence,14,,228,81.14035087719299,81.57894736842105,0.43859649122807015,4.8298697022686685,9.649122807017545,86.36363636363636,13.636363636363637,2,1,2.0,8.49561403508772,1132867,1078151,,45
test,per_seed,answer_persistence,14,,228,81.14035087719299,81.57894736842105,0.43859649122807015,3.1274002261190375,7.017543859649122,87.5,12.5,1,0,inf,8.596491228070175,1092345,1058183,,46
test,per_seed,answer_persistence,14,,228,78.50877192982456,78.94736842105263,0.43859649122807015,3.0964743285155203,8.333333333333334,89.47368421052632,10.526315789473685,2,1,2.0,8.320175438596491,1157510,1121668,,47
test,per_environment,answer_persistence,14,deepseek,6,83.33333333333333,83.33333333333333,0.0,-0.19149379032817596,0.0,nan,nan,0,0,inf,4.666666666666667,72065,72203,aime24,45
test,per_environment,answer_persistence,14,deepseek,6,83.33333333333333,83.33333333333333,0.0,-0.491786552392613,0.0,nan,nan,0,0,inf,8.166666666666666,49005,49246,aime24,46
test,per_environment,answer_persistence,14,deepseek,6,50.0,50.0,0.0,-0.2066343833304415,0.0,nan,nan,0,0,inf,4.5,63397,63528,aime24,47
test,per_environment,answer_persistence,14,deepseek,8,87.5,87.5,0.0,-0.2174945626359341,0.0,nan,nan,0,0,inf,2.875,40001,40088,amc23,45
test,per_environment,answer_persistence,14,deepseek,8,87.5,87.5,0.0,-0.2844055169636565,0.0,nan,nan,0,0,inf,3.75,39732,39845,amc23,46
test,per_environment,answer_persistence,14,deepseek,8,75.0,75.0,0.0,-0.16404125749983148,0.0,nan,nan,0,0,inf,2.125,44501,44574,amc23,47
test,per_environment,answer_persistence,14,deepseek,100,80.0,81.0,1.0,2.9854683414668206,1.0,0.0,100.0,1,0,inf,2.95,386673,375129,math500,45
test,per_environment,answer_persistence,14,deepseek,100,80.0,80.0,0.0,-0.44552813704543354,0.0,nan,nan,0,0,inf,2.82,367878,369517,math500,46
test,per_environment,answer_persistence,14,deepseek,100,79.0,79.0,0.0,-0.49308682312627006,0.0,nan,nan,0,0,inf,3.3,401552,403532,math500,47
test,per_environment,answer_persistence,14,qwen3,6,83.33333333333333,83.33333333333333,0.0,-4.14716946508854,0.0,nan,nan,0,0,inf,30.0,76293,79457,aime24,45
test,per_environment,answer_persistence,14,qwen3,6,83.33333333333333,83.33333333333333,0.0,4.9682008255684185,16.666666666666668,100.0,0.0,0,0,inf,28.833333333333332,74373,70678,aime24,46
test,per_environment,answer_persistence,14,qwen3,6,83.33333333333333,83.33333333333333,0.0,4.713750016921848,16.666666666666668,100.0,0.0,0,0,inf,28.666666666666668,73869,70387,aime24,47
test,per_environment,answer_persistence,14,qwen3,8,87.5,87.5,0.0,11.110896594331608,12.5,100.0,0.0,0,0,inf,16.375,51796,46041,amc23,45
test,per_environment,answer_persistence,14,qwen3,8,87.5,87.5,0.0,-3.8913197950559106,0.0,nan,nan,0,0,inf,18.125,53478,55559,amc23,46
test,per_environment,answer_persistence,14,qwen3,8,87.5,87.5,0.0,14.41318814277072,37.5,100.0,0.0,0,0,inf,16.25,52896,45272,amc23,47
test,per_environment,answer_persistence,14,qwen3,100,81.0,81.0,0.0,8.063805358875502,20.0,90.0,10.0,1,1,1.0,12.8,506039,465233,math500,45
test,per_environment,answer_persistence,14,qwen3,100,81.0,82.0,1.0,6.8010293790450085,15.0,86.66666666666667,13.333333333333334,1,0,inf,12.81,507879,473338,math500,46
test,per_environment,answer_persistence,14,qwen3,100,79.0,80.0,1.0,5.1640625749335785,15.0,86.66666666666667,13.333333333333334,2,1,2.0,12.21,521295,494375,math500,47
train,per_model,answer_persistence,15,deepseek,1026,73.78167641325535,73.78167641325535,0.0,-0.23023470099699647,0.09746588693957114,100.0,0.0,0,0,inf,3.121832358674464,4898914,4910193,,
train,per_model,answer_persistence,15,qwen3,1026,74.75633528265107,76.12085769980507,1.364522417153996,3.270835264854088,12.280701754385966,75.39682539682539,24.603174603174605,16,2,8.0,14.053606237816764,6309795,6103412,,
train,per_benchmark,answer_persistence,15,,108,54.629629629629626,55.55555555555556,0.9259259259259259,0.2641526017044705,8.333333333333334,88.88888888888889,11.11111111111111,1,0,inf,15.768518518518519,1661161,1656773,aime24,
train,per_benchmark,answer_persistence,15,,144,84.02777777777777,84.02777777777777,0.0,1.2267935874345473,7.638888888888889,100.0,0.0,0,0,inf,11.444444444444445,1078258,1065030,amc23,
train,per_benchmark,answer_persistence,15,,1800,74.66666666666667,75.38888888888889,0.7222222222222222,2.0956656343093694,5.944444444444445,71.96261682242991,28.037383177570092,15,2,7.5,7.928333333333334,8469290,8291802,math500,
train,per_seed,answer_persistence,15,,684,74.41520467836257,75.0,0.5847953216374269,1.6873850943863244,5.847953216374269,80.0,20.0,4,0,inf,8.521929824561404,3741114,3677987,,42
train,per_seed,answer_persistence,15,,684,73.9766081871345,74.70760233918129,0.7309941520467836,1.4361682817765211,5.555555555555555,71.05263157894737,28.94736842105263,5,0,inf,8.508771929824562,3746288,3692485,,43
train,per_seed,answer_persistence,15,,684,74.41520467836257,75.14619883040936,0.7309941520467836,2.1007135396246532,7.16374269005848,75.51020408163265,24.489795918367346,7,2,3.5,8.732456140350877,3721307,3643133,,44
train,per_environment,answer_persistence,15,deepseek,18,33.333333333333336,33.333333333333336,0.0,2.0265876392389295,5.555555555555555,100.0,0.0,0,0,inf,5.888888888888889,309091,302827,aime24,42
train,per_environment,answer_persistence,15,deepseek,18,44.44444444444444,44.44444444444444,0.0,-0.20209064756183578,0.0,nan,nan,0,0,inf,5.611111111111111,252362,252872,aime24,43
train,per_environment,answer_persistence,15,deepseek,18,50.0,50.0,0.0,-0.15024798583376134,0.0,nan,nan,0,0,inf,4.222222222222222,260902,261294,aime24,44
train,per_environment,answer_persistence,15,deepseek,24,91.66666666666667,91.66666666666667,0.0,-0.19786411583568106,0.0,nan,nan,0,0,inf,3.0833333333333335,152630,152932,amc23,42
train,per_environment,answer_persistence,15,deepseek,24,70.83333333333333,70.83333333333333,0.0,-0.16590917688512274,0.0,nan,nan,0,0,inf,3.1666666666666665,185041,185348,amc23,43
train,per_environment,answer_persistence,15,deepseek,24,87.5,87.5,0.0,-0.29590577533127876,0.0,nan,nan,0,0,inf,4.041666666666667,154779,155237,amc23,44
train,per_environment,answer_persistence,15,deepseek,300,74.33333333333333,74.33333333333333,0.0,-0.4263821903183327,0.0,nan,nan,0,0,inf,2.8866666666666667,1203615,1208747,math500,42
train,per_environment,answer_persistence,15,deepseek,300,75.0,75.0,0.0,-0.42858868587120563,0.0,nan,nan,0,0,inf,2.9,1175486,1180524,math500,43
train,per_environment,answer_persistence,15,deepseek,300,75.33333333333333,75.33333333333333,0.0,-0.44846175295101776,0.0,nan,nan,0,0,inf,3.1233333333333335,1205008,1210412,math500,44
train,per_environment,answer_persistence,15,qwen3,18,77.77777777777777,77.77777777777777,0.0,-1.804378674985828,11.11111111111111,100.0,0.0,0,0,inf,26.77777777777778,269899,274769,aime24,42
train,per_environment,answer_persistence,15,qwen3,18,55.55555555555556,55.55555555555556,0.0,-0.3089901579687371,11.11111111111111,100.0,0.0,0,0,inf,26.333333333333332,302275,303209,aime24,43
train,per_environment,answer_persistence,15,qwen3,18,66.66666666666667,72.22222222222223,5.555555555555555,1.811485493114105,22.22222222222222,75.0,25.0,1,0,inf,25.77777777777778,266632,261802,aime24,44
train,per_environment,answer_persistence,15,qwen3,24,83.33333333333333,83.33333333333333,0.0,1.4185601383057544,20.833333333333332,100.0,0.0,0,0,inf,20.25,194352,191595,amc23,42
train,per_environment,answer_persistence,15,qwen3,24,91.66666666666667,91.66666666666667,0.0,2.9748307513394527,12.5,100.0,0.0,0,0,inf,19.25,192616,186886,amc23,43
train,per_environment,answer_persistence,15,qwen3,24,79.16666666666667,79.16666666666667,0.0,2.9209414604707304,12.5,100.0,0.0,0,0,inf,18.875,198840,193032,amc23,44
train,per_environment,answer_persistence,15,qwen3,300,74.66666666666667,76.0,1.3333333333333333,3.9968303354520276,10.666666666666666,75.0,25.0,4,0,inf,12.716666666666667,1611527,1547117,math500,42
train,per_environment,answer_persistence,15,qwen3,300,74.66666666666667,76.33333333333333,1.6666666666666667,3.348290029709956,11.0,66.66666666666667,33.333333333333336,5,0,inf,12.79,1638508,1583646,math500,43
train,per_environment,answer_persistence,15,qwen3,300,74.0,75.33333333333333,1.3333333333333333,4.512746873979449,14.0,73.80952380952381,26.19047619047619,6,2,3.0,13.153333333333334,1635146,1561356,math500,44
dev,per_model,answer_persistence,15,deepseek,342,76.90058479532163,76.90058479532163,0.0,-0.2931950963332032,0.29239766081871343,100.0,0.0,0,0,inf,3.2251461988304095,1533791,1538288,,
dev,per_model,answer_persistence,15,qwen3,342,76.3157894736842,77.48538011695906,1.1695906432748537,3.2016661717141224,11.11111111111111,71.05263157894737,28.94736842105263,6,2,3.0,14.646198830409357,2043967,1978526,,
dev,per_benchmark,answer_persistence,15,,36,72.22222222222223,72.22222222222223,0.0,1.2482118911635978,2.7777777777777777,0.0,100.0,0,0,inf,15.63888888888889,469071,463216,aime24,
dev,per_benchmark,answer_persistence,15,,48,85.41666666666667,85.41666666666667,0.0,-0.7199191600532361,4.166666666666667,100.0,0.0,0,0,inf,15.25,405740,408661,amc23,
dev,per_benchmark,answer_persistence,15,,600,76.16666666666667,76.83333333333333,0.6666666666666666,2.1461760071507134,6.0,72.22222222222223,27.77777777777778,6,2,3.0,8.028333333333334,2702947,2644937,math500,
dev,per_seed,answer_persistence,15,,228,76.3157894736842,76.75438596491227,0.43859649122807015,2.233863986441725,5.701754385964913,76.92307692307692,23.076923076923077,2,1,2.0,8.62719298245614,1230245,1202763,,42
dev,per_seed,answer_persistence,15,,228,77.19298245614036,77.63157894736842,0.43859649122807015,0.7413617157943629,4.385964912280702,70.0,30.0,1,0,inf,9.285087719298245,1158274,1149687,,43
dev,per_seed,answer_persistence,15,,228,76.3157894736842,77.19298245614036,0.8771929824561403,2.0916737510290195,7.017543859649122,68.75,31.25,3,1,3.0,8.894736842105264,1189239,1164364,,44
dev,per_environment,answer_persistence,15,deepseek,6,50.0,50.0,0.0,-0.20015207084712408,0.0,nan,nan,0,0,inf,5.833333333333333,89432,89611,aime24,42
dev,per_environment,answer_persistence,15,deepseek,6,66.66666666666667,66.66666666666667,0.0,-0.152374154048897,0.0,nan,nan,0,0,inf,4.0,72847,72958,aime24,43
dev,per_environment,answer_persistence,15,deepseek,6,66.66666666666667,66.66666666666667,0.0,-0.2337609210180288,0.0,nan,nan,0,0,inf,5.5,68446,68606,aime24,44
dev,per_environment,answer_persistence,15,deepseek,8,87.5,87.5,0.0,-0.18296315207216407,0.0,nan,nan,0,0,inf,3.75,70506,70635,amc23,42
dev,per_environment,answer_persistence,15,deepseek,8,87.5,87.5,0.0,-0.4285604959057167,0.0,nan,nan,0,0,inf,6.125,52268,52492,amc23,43
dev,per_environment,answer_persistence,15,deepseek,8,87.5,87.5,0.0,-0.3479495213530216,0.0,nan,nan,0,0,inf,5.75,57767,57968,amc23,44
dev,per_environment,answer_persistence,15,deepseek,100,78.0,78.0,0.0,-0.4068171389162456,0.0,nan,nan,0,0,inf,2.66,372649,374165,math500,42
dev,per_environment,answer_persistence,15,deepseek,100,77.0,77.0,0.0,-0.616055087784389,0.0,nan,nan,0,0,inf,3.18,361169,363394,math500,43
dev,per_environment,answer_persistence,15,deepseek,100,76.0,76.0,0.0,0.06380126933654398,1.0,100.0,0.0,0,0,inf,3.02,388707,388459,math500,44
dev,per_environment,answer_persistence,15,qwen3,6,83.33333333333333,83.33333333333333,0.0,-3.1153238546603474,0.0,nan,nan,0,0,inf,25.166666666666668,79125,81590,aime24,42
dev,per_environment,answer_persistence,15,qwen3,6,83.33333333333333,83.33333333333333,0.0,16.871989490585317,16.666666666666668,0.0,100.0,0,0,inf,24.666666666666668,68510,56951,aime24,43
dev,per_environment,answer_persistence,15,qwen3,6,83.33333333333333,83.33333333333333,0.0,-3.0745995524247336,0.0,nan,nan,0,0,inf,28.666666666666668,90711,93500,aime24,44
dev,per_environment,answer_persistence,15,qwen3,8,75.0,75.0,0.0,-3.982182286946866,0.0,nan,nan,0,0,inf,23.25,78349,81469,amc23,42
dev,per_environment,answer_persistence,15,qwen3,8,87.5,87.5,0.0,-4.66130607548533,0.0,nan,nan,0,0,inf,27.375,74743,78227,amc23,43
dev,per_environment,answer_persistence,15,qwen3,8,87.5,87.5,0.0,5.875989848419709,25.0,100.0,0.0,0,0,inf,25.25,72107,67870,amc23,44
dev,per_environment,answer_persistence,15,qwen3,100,75.0,76.0,1.0,6.459095419338595,13.0,76.92307692307692,23.076923076923077,2,1,2.0,12.99,540184,505293,math500,42
dev,per_environment,answer_persistence,15,qwen3,100,76.0,77.0,1.0,0.5810071926118278,9.0,77.77777777777777,22.22222222222222,1,0,inf,13.59,528737,525665,math500,43
dev,per_environment,answer_persistence,15,qwen3,100,75.0,77.0,2.0,4.602141540290244,13.0,61.53846153846154,38.46153846153846,3,1,3.0,12.73,511501,487961,math500,44
test,per_model,answer_persistence,15,deepseek,342,79.82456140350877,79.82456140350877,0.0,-0.4251763375850967,0.0,nan,nan,0,0,inf,3.1608187134502925,1464804,1471032,,
test,per_model,answer_persistence,15,qwen3,342,80.99415204678363,81.57894736842105,0.5847953216374269,4.4275615537264885,13.742690058479532,89.36170212765957,10.638297872340425,4,2,2.0,13.91812865497076,1917918,1833001,,
test,per_benchmark,answer_persistence,15,,36,77.77777777777777,77.77777777777777,0.0,0.74351714661542,5.555555555555555,100.0,0.0,0,0,inf,17.52777777777778,409002,405961,aime24,
test,per_benchmark,answer_persistence,15,,48,85.41666666666667,85.41666666666667,0.0,1.0874491862721491,6.25,100.0,0.0,0,0,inf,9.979166666666666,282404,279333,amc23,
test,per_benchmark,answer_persistence,15,,600,80.16666666666667,80.5,0.3333333333333333,2.6967104568917213,7.0,88.0952380952381,11.904761904761905,4,2,2.0,7.885,2691316,2618739,math500,
test,per_seed,answer_persistence,15,,228,81.57894736842105,81.57894736842105,0.0,1.7348020553162904,6.140350877192983,92.85714285714286,7.142857142857143,1,1,1.0,8.557017543859649,1132867,1113214,,45
test,per_seed,answer_persistence,15,,228,81.14035087719299,81.57894736842105,0.43859649122807015,2.5545958465503116,6.140350877192983,85.71428571428571,14.285714285714286,1,0,inf,8.657894736842104,1092345,1064440,,46
test,per_seed,answer_persistence,15,,228,78.50877192982456,78.94736842105263,0.43859649122807015,2.6894800044924017,8.333333333333334,89.47368421052632,10.526315789473685,2,1,2.0,8.403508771929825,1157510,1126379,,47
test,per_environment,answer_persistence,15,deepseek,6,83.33333333333333,83.33333333333333,0.0,-0.19149379032817596,0.0,nan,nan,0,0,inf,4.666666666666667,72065,72203,aime24,45
test,per_environment,answer_persistence,15,deepseek,6,83.33333333333333,83.33333333333333,0.0,-0.491786552392613,0.0,nan,nan,0,0,inf,8.166666666666666,49005,49246,aime24,46
test,per_environment,answer_persistence,15,deepseek,6,50.0,50.0,0.0,-0.2066343833304415,0.0,nan,nan,0,0,inf,4.5,63397,63528,aime24,47
test,per_environment,answer_persistence,15,deepseek,8,87.5,87.5,0.0,-0.2174945626359341,0.0,nan,nan,0,0,inf,2.875,40001,40088,amc23,45
test,per_environment,answer_persistence,15,deepseek,8,87.5,87.5,0.0,-0.2844055169636565,0.0,nan,nan,0,0,inf,3.75,39732,39845,amc23,46
test,per_environment,answer_persistence,15,deepseek,8,75.0,75.0,0.0,-0.16404125749983148,0.0,nan,nan,0,0,inf,2.125,44501,44574,amc23,47
test,per_environment,answer_persistence,15,deepseek,100,81.0,81.0,0.0,-0.4722336444489271,0.0,nan,nan,0,0,inf,2.95,386673,388499,math500,45
test,per_environment,answer_persistence,15,deepseek,100,80.0,80.0,0.0,-0.44552813704543354,0.0,nan,nan,0,0,inf,2.82,367878,369517,math500,46
test,per_environment,answer_persistence,15,deepseek,100,79.0,79.0,0.0,-0.49308682312627006,0.0,nan,nan,0,0,inf,3.3,401552,403532,math500,47
test,per_environment,answer_persistence,15,qwen3,6,83.33333333333333,83.33333333333333,0.0,-4.14716946508854,0.0,nan,nan,0,0,inf,30.0,76293,79457,aime24,45
test,per_environment,answer_persistence,15,qwen3,6,83.33333333333333,83.33333333333333,0.0,4.390034017721485,16.666666666666668,100.0,0.0,0,0,inf,29.0,74373,71108,aime24,46
test,per_environment,answer_persistence,15,qwen3,6,83.33333333333333,83.33333333333333,0.0,4.670430085692239,16.666666666666668,100.0,0.0,0,0,inf,28.833333333333332,73869,70419,aime24,47
test,per_environment,answer_persistence,15,qwen3,8,87.5,87.5,0.0,-3.1990887327206736,0.0,nan,nan,0,0,inf,16.375,51796,53453,amc23,45
test,per_environment,answer_persistence,15,qwen3,8,87.5,87.5,0.0,-3.8913197950559106,0.0,nan,nan,0,0,inf,18.125,53478,55559,amc23,46
test,per_environment,answer_persistence,15,qwen3,8,87.5,87.5,0.0,13.388535995160314,37.5,100.0,0.0,0,0,inf,16.625,52896,45814,amc23,47
test,per_environment,answer_persistence,15,qwen3,100,81.0,81.0,0.0,5.241690857819259,14.0,92.85714285714286,7.142857142857143,1,1,1.0,12.94,506039,479514,math500,45
test,per_environment,answer_persistence,15,qwen3,100,81.0,82.0,1.0,5.653708855849524,13.0,84.61538461538461,15.384615384615385,1,0,inf,12.94,507879,479165,math500,46
test,per_environment,answer_persistence,15,qwen3,100,79.0,80.0,1.0,4.370462022463289,15.0,86.66666666666667,13.333333333333334,2,1,2.0,12.36,521295,498512,math500,47
train,per_model,answer_persistence,16,deepseek,1026,73.78167641325535,73.78167641325535,0.0,-0.23190854136243258,0.09746588693957114,100.0,0.0,0,0,inf,3.1228070175438596,4898914,4910275,,
train,per_model,answer_persistence,16,qwen3,1026,74.95126705653021,76.12085769980507,1.1695906432748537,2.084314942086074,10.038986354775828,73.7864077669903,26.21359223300971,14,2,7.0,14.159844054580896,6309795,6178279,,
train,per_benchmark,answer_persistence,16,,108,54.629629629629626,55.55555555555556,0.9259259259259259,0.07344261031892754,7.407407407407407,87.5,12.5,1,0,inf,15.842592592592593,1661161,1659941,aime24,
train,per_benchmark,answer_persistence,16,,144,84.02777777777777,84.02777777777777,0.0,0.43727938953385925,6.25,100.0,0.0,0,0,inf,11.506944444444445,1078258,1073543,amc23,
train,per_benchmark,answer_persistence,16,,1800,74.77777777777777,75.38888888888889,0.6111111111111112,1.3486372529456425,4.833333333333333,70.11494252873563,29.885057471264368,13,2,6.5,7.98,8469290,8355070,math500,
train,per_seed,answer_persistence,16,,684,74.41520467836257,75.0,0.5847953216374269,1.261576097387035,5.409356725146199,78.37837837837837,21.62162162162162,4,0,inf,8.576023391812866,3741114,3693917,,42
train,per_seed,answer_persistence,16,,684,74.26900584795321,74.70760233918129,0.43859649122807015,0.5904244414738002,3.801169590643275,69.23076923076923,30.76923076923077,3,0,inf,8.546783625730994,3746288,3724169,,43
train,per_seed,answer_persistence,16,,684,74.41520467836257,75.14619883040936,0.7309941520467836,1.366159792782482,5.994152046783626,73.17073170731707,26.829268292682926,7,2,3.5,8.801169590643275,3721307,3670468,,44
train,per_environment,answer_persistence,16,deepseek,18,33.333333333333336,33.333333333333336,0.0,2.0000582352769896,5.555555555555555,100.0,0.0,0,0,inf,5.944444444444445,309091,302909,aime24,42
train,per_environment,answer_persistence,16,deepseek,18,44.44444444444444,44.44444444444444,0.0,-0.20209064756183578,0.0,nan,nan,0,0,inf,5.611111111111111,252362,252872,aime24,43
train,per_environment,answer_persistence,16,deepseek,18,50.0,50.0,0.0,-0.15024798583376134,0.0,nan,nan,0,0,inf,4.222222222222222,260902,261294,aime24,44
train,per_environment,answer_persistence,16,deepseek,24,91.66666666666667,91.66666666666667,0.0,-0.19786411583568106,0.0,nan,nan,0,0,inf,3.0833333333333335,152630,152932,amc23,42
train,per_environment,answer_persistence,16,deepseek,24,70.83333333333333,70.83333333333333,0.0,-0.16590917688512274,0.0,nan,nan,0,0,inf,3.1666666666666665,185041,185348,amc23,43
train,per_environment,answer_persistence,16,deepseek,24,87.5,87.5,0.0,-0.29590577533127876,0.0,nan,nan,0,0,inf,4.041666666666667,154779,155237,amc23,44
train,per_environment,answer_persistence,16,deepseek,300,74.33333333333333,74.33333333333333,0.0,-0.4263821903183327,0.0,nan,nan,0,0,inf,2.8866666666666667,1203615,1208747,math500,42
train,per_environment,answer_persistence,16,deepseek,300,75.0,75.0,0.0,-0.42858868587120563,0.0,nan,nan,0,0,inf,2.9,1175486,1180524,math500,43
train,per_environment,answer_persistence,16,deepseek,300,75.33333333333333,75.33333333333333,0.0,-0.44846175295101776,0.0,nan,nan,0,0,inf,3.1233333333333335,1205008,1210412,math500,44
train,per_environment,answer_persistence,16,qwen3,18,77.77777777777777,77.77777777777777,0.0,-1.8203105606171197,11.11111111111111,100.0,0.0,0,0,inf,26.88888888888889,269899,274812,aime24,42
train,per_environment,answer_persistence,16,qwen3,18,55.55555555555556,55.55555555555556,0.0,-0.3572905466876189,11.11111111111111,100.0,0.0,0,0,inf,26.444444444444443,302275,303355,aime24,43
train,per_environment,answer_persistence,16,qwen3,18,66.66666666666667,72.22222222222223,5.555555555555555,0.7249692460019802,16.666666666666668,66.66666666666667,33.333333333333336,1,0,inf,25.944444444444443,266632,264699,aime24,44
train,per_environment,answer_persistence,16,qwen3,24,83.33333333333333,83.33333333333333,0.0,0.8402280398452293,20.833333333333332,100.0,0.0,0,0,inf,20.458333333333332,194352,192719,amc23,42
train,per_environment,answer_persistence,16,qwen3,24,91.66666666666667,91.66666666666667,0.0,-0.7429289363292769,4.166666666666667,100.0,0.0,0,0,inf,19.291666666666668,192616,194047,amc23,43
train,per_environment,answer_persistence,16,qwen3,24,79.16666666666667,79.16666666666667,0.0,2.8062764031382015,12.5,100.0,0.0,0,0,inf,19.0,198840,193260,amc23,44
train,per_environment,answer_persistence,16,qwen3,300,74.66666666666667,76.0,1.3333333333333333,3.0858310161728597,9.666666666666666,72.41379310344827,27.586206896551722,4,0,inf,12.813333333333333,1611527,1561798,math500,42
train,per_environment,answer_persistence,16,qwen3,300,75.33333333333333,76.33333333333333,1.0,1.8605340956528744,7.666666666666667,65.21739130434783,34.78260869565217,3,0,inf,12.866666666666667,1638508,1608023,math500,43
train,per_environment,answer_persistence,16,qwen3,300,74.0,75.33333333333333,1.3333333333333333,3.0321451417793885,11.666666666666666,71.42857142857143,28.571428571428573,6,2,3.0,13.29,1635146,1585566,math500,44
dev,per_model,answer_persistence,16,deepseek,342,76.90058479532163,76.90058479532163,0.0,-0.4413247958815771,0.0,nan,nan,0,0,inf,3.2251461988304095,1533791,1540560,,
dev,per_model,answer_persistence,16,qwen3,342,76.60818713450293,77.48538011695906,0.8771929824561403,2.7497508521419376,10.23391812865497,71.42857142857143,28.571428571428573,5,2,2.5,14.748538011695906,2043967,1987763,,
dev,per_benchmark,answer_persistence,16,,36,72.22222222222223,72.22222222222223,0.0,1.2401107721432363,2.7777777777777777,0.0,100.0,0,0,inf,15.666666666666666,469071,463254,aime24,
dev,per_benchmark,answer_persistence,16,,48,85.41666666666667,85.41666666666667,0.0,-0.8258983585547395,4.166666666666667,100.0,0.0,0,0,inf,15.291666666666666,405740,409091,amc23,
dev,per_benchmark,answer_persistence,16,,600,76.33333333333333,76.83333333333333,0.5,1.7376959296649175,5.333333333333333,71.875,28.125,5,2,2.5,8.081666666666667,2702947,2655978,math500,
dev,per_seed,answer_persistence,16,,228,76.75438596491227,76.75438596491227,0.0,2.017972029961512,5.2631578947368425,83.33333333333333,16.666666666666668,1,1,1.0,8.679824561403509,1230245,1205419,,42
dev,per_seed,answer_persistence,16,,228,77.19298245614036,77.63157894736842,0.43859649122807015,0.43702958022022426,3.9473684210526314,66.66666666666667,33.333333333333336,1,0,inf,9.324561403508772,1158274,1153212,,43
dev,per_seed,answer_persistence,16,,228,76.3157894736842,77.19298245614036,0.8771929824561403,1.643656153220673,6.140350877192983,64.28571428571429,35.714285714285715,3,1,3.0,8.956140350877194,1189239,1169692,,44
dev,per_environment,answer_persistence,16,deepseek,6,50.0,50.0,0.0,-0.20015207084712408,0.0,nan,nan,0,0,inf,5.833333333333333,89432,89611,aime24,42
dev,per_environment,answer_persistence,16,deepseek,6,66.66666666666667,66.66666666666667,0.0,-0.152374154048897,0.0,nan,nan,0,0,inf,4.0,72847,72958,aime24,43
dev,per_environment,answer_persistence,16,deepseek,6,66.66666666666667,66.66666666666667,0.0,-0.2337609210180288,0.0,nan,nan,0,0,inf,5.5,68446,68606,aime24,44
dev,per_environment,answer_persistence,16,deepseek,8,87.5,87.5,0.0,-0.18296315207216407,0.0,nan,nan,0,0,inf,3.75,70506,70635,amc23,42
dev,per_environment,answer_persistence,16,deepseek,8,87.5,87.5,0.0,-0.4285604959057167,0.0,nan,nan,0,0,inf,6.125,52268,52492,amc23,43
dev,per_environment,answer_persistence,16,deepseek,8,87.5,87.5,0.0,-0.3479495213530216,0.0,nan,nan,0,0,inf,5.75,57767,57968,amc23,44
dev,per_environment,answer_persistence,16,deepseek,100,78.0,78.0,0.0,-0.4068171389162456,0.0,nan,nan,0,0,inf,2.66,372649,374165,math500,42
dev,per_environment,answer_persistence,16,deepseek,100,77.0,77.0,0.0,-0.616055087784389,0.0,nan,nan,0,0,inf,3.18,361169,363394,math500,43
dev,per_environment,answer_persistence,16,deepseek,100,76.0,76.0,0.0,-0.5207006820046977,0.0,nan,nan,0,0,inf,3.02,388707,390731,math500,44
dev,per_environment,answer_persistence,16,qwen3,6,83.33333333333333,83.33333333333333,0.0,-3.1153238546603474,0.0,nan,nan,0,0,inf,25.166666666666668,79125,81590,aime24,42
dev,per_environment,answer_persistence,16,qwen3,6,83.33333333333333,83.33333333333333,0.0,16.816523135308714,16.666666666666668,0.0,100.0,0,0,inf,24.833333333333332,68510,56989,aime24,43
dev,per_environment,answer_persistence,16,qwen3,6,83.33333333333333,83.33333333333333,0.0,-3.0745995524247336,0.0,nan,nan,0,0,inf,28.666666666666668,90711,93500,aime24,44
dev,per_environment,answer_persistence,16,qwen3,8,75.0,75.0,0.0,-3.982182286946866,0.0,nan,nan,0,0,inf,23.25,78349,81469,amc23,42
dev,per_environment,answer_persistence,16,qwen3,8,87.5,87.5,0.0,-4.66130607548533,0.0,nan,nan,0,0,inf,27.375,74743,78227,amc23,43
dev,per_environment,answer_persistence,16,qwen3,8,87.5,87.5,0.0,5.279653847754032,25.0,100.0,0.0,0,0,inf,25.5,72107,68300,amc23,44
dev,per_environment,answer_persistence,16,qwen3,100,76.0,76.0,0.0,5.967411104364439,12.0,83.33333333333333,16.666666666666668,1,1,1.0,13.11,540184,507949,math500,42
dev,per_environment,answer_persistence,16,qwen3,100,76.0,77.0,1.0,-0.07848892738734002,8.0,75.0,25.0,1,0,inf,13.67,528737,529152,math500,43
dev,per_environment,answer_persistence,16,qwen3,100,75.0,77.0,2.0,4.088750559627449,12.0,58.333333333333336,41.666666666666664,3,1,3.0,12.85,511501,490587,math500,44
test,per_model,answer_persistence,16,deepseek,342,79.82456140350877,79.82456140350877,0.0,-0.4251763375850967,0.0,nan,nan,0,0,inf,3.1608187134502925,1464804,1471032,,
test,per_model,answer_persistence,16,qwen3,342,80.99415204678363,81.57894736842105,0.5847953216374269,3.4261110224733278,11.988304093567251,87.8048780487805,12.195121951219512,4,2,2.0,14.038011695906432,1917918,1852208,,
test,per_benchmark,answer_persistence,16,,36,77.77777777777777,77.77777777777777,0.0,0.720289876333123,5.555555555555555,100.0,0.0,0,0,inf,17.583333333333332,409002,406056,aime24,
test,per_benchmark,answer_persistence,16,,48,85.41666666666667,85.41666666666667,0.0,0.9072109460205946,6.25,100.0,0.0,0,0,inf,10.041666666666666,282404,279842,amc23,
test,per_benchmark,answer_persistence,16,,600,80.16666666666667,80.5,0.3333333333333333,2.0054872783426396,6.0,86.11111111111111,13.88888888888889,4,2,2.0,7.945,2691316,2637342,math500,
test,per_seed,answer_persistence,16,,228,81.57894736842105,81.57894736842105,0.0,1.3868353478387137,5.701754385964913,92.3076923076923,7.6923076923076925,1,1,1.0,8.614035087719298,1132867,1117156,,45
test,per_seed,answer_persistence,16,,228,81.14035087719299,81.57894736842105,0.43859649122807015,1.524060621873126,4.385964912280702,80.0,20.0,1,0,inf,8.701754385964913,1092345,1075697,,46
test,per_seed,answer_persistence,16,,228,78.50877192982456,78.94736842105263,0.43859649122807015,2.343219497023784,7.894736842105263,88.88888888888889,11.11111111111111,2,1,2.0,8.482456140350877,1157510,1130387,,47
test,per_environment,answer_persistence,16,deepseek,6,83.33333333333333,83.33333333333333,0.0,-0.19149379032817596,0.0,nan,nan,0,0,inf,4.666666666666667,72065,72203,aime24,45
test,per_environment,answer_persistence,16,deepseek,6,83.33333333333333,83.33333333333333,0.0,-0.491786552392613,0.0,nan,nan,0,0,inf,8.166666666666666,49005,49246,aime24,46
test,per_environment,answer_persistence,16,deepseek,6,50.0,50.0,0.0,-0.2066343833304415,0.0,nan,nan,0,0,inf,4.5,63397,63528,aime24,47
test,per_environment,answer_persistence,16,deepseek,8,87.5,87.5,0.0,-0.2174945626359341,0.0,nan,nan,0,0,inf,2.875,40001,40088,amc23,45
test,per_environment,answer_persistence,16,deepseek,8,87.5,87.5,0.0,-0.2844055169636565,0.0,nan,nan,0,0,inf,3.75,39732,39845,amc23,46
test,per_environment,answer_persistence,16,deepseek,8,75.0,75.0,0.0,-0.16404125749983148,0.0,nan,nan,0,0,inf,2.125,44501,44574,amc23,47
test,per_environment,answer_persistence,16,deepseek,100,81.0,81.0,0.0,-0.4722336444489271,0.0,nan,nan,0,0,inf,2.95,386673,388499,math500,45
test,per_environment,answer_persistence,16,deepseek,100,80.0,80.0,0.0,-0.44552813704543354,0.0,nan,nan,0,0,inf,2.82,367878,369517,math500,46
test,per_environment,answer_persistence,16,deepseek,100,79.0,79.0,0.0,-0.49308682312627006,0.0,nan,nan,0,0,inf,3.3,401552,403532,math500,47
test,per_environment,answer_persistence,16,qwen3,6,83.33333333333333,83.33333333333333,0.0,-4.14716946508854,0.0,nan,nan,0,0,inf,30.0,76293,79457,aime24,45
test,per_environment,answer_persistence,16,qwen3,6,83.33333333333333,83.33333333333333,0.0,4.3564196684280585,16.666666666666668,100.0,0.0,0,0,inf,29.166666666666668,74373,71133,aime24,46
test,per_environment,answer_persistence,16,qwen3,6,83.33333333333333,83.33333333333333,0.0,4.5756677361274685,16.666666666666668,100.0,0.0,0,0,inf,29.0,73869,70489,aime24,47
test,per_environment,answer_persistence,16,qwen3,8,87.5,87.5,0.0,-3.1990887327206736,0.0,nan,nan,0,0,inf,16.375,51796,53453,amc23,45
test,per_environment,answer_persistence,16,qwen3,8,87.5,87.5,0.0,-3.8913197950559106,0.0,nan,nan,0,0,inf,18.125,53478,55559,amc23,46
test,per_environment,answer_persistence,16,qwen3,8,87.5,87.5,0.0,12.426270417422867,37.5,100.0,0.0,0,0,inf,17.0,52896,46323,amc23,47
test,per_environment,answer_persistence,16,qwen3,100,81.0,81.0,0.0,4.462699515254753,13.0,92.3076923076923,7.6923076923076925,1,1,1.0,13.07,506039,483456,math500,45
test,per_environment,answer_persistence,16,qwen3,100,81.0,82.0,1.0,3.442158466878922,9.0,77.77777777777777,22.22222222222222,1,0,inf,13.03,507879,490397,math500,46
test,per_environment,answer_persistence,16,qwen3,100,79.0,80.0,1.0,3.712677083033599,14.0,85.71428571428571,14.285714285714286,2,1,2.0,12.5,521295,501941,math500,47
train,per_model,answer_persistence,17,deepseek,1026,73.78167641325535,73.78167641325535,0.0,-0.23390898472600255,0.09746588693957114,100.0,0.0,0,0,inf,3.1237816764132553,4898914,4910373,,
train,per_model,answer_persistence,17,qwen3,1026,75.43859649122807,76.12085769980507,0.682261208576998,1.1083561351834728,7.699805068226121,73.41772151898734,26.582278481012658,9,2,4.5,14.251461988304094,6309795,6239860,,
train,per_benchmark,answer_persistence,17,,108,55.55555555555556,55.55555555555556,0.0,-0.878722772807693,2.7777777777777777,100.0,0.0,0,0,inf,15.953703703703704,1661161,1675758,aime24,
train,per_benchmark,answer_persistence,17,,144,84.02777777777777,84.02777777777777,0.0,0.05545982501405044,4.861111111111111,100.0,0.0,0,0,inf,11.555555555555555,1078258,1077660,amc23,
train,per_benchmark,answer_persistence,17,,1800,75.0,75.38888888888889,0.3888888888888889,0.8557387927441379,3.888888888888889,70.0,30.0,9,2,4.5,8.022222222222222,8469290,8396815,math500,
train,per_seed,answer_persistence,17,,684,74.56140350877193,75.0,0.43859649122807015,0.6434981665888824,3.801169590643275,73.07692307692308,26.923076923076923,3,0,inf,8.62280701754386,3741114,3717040,,42
train,per_seed,answer_persistence,17,,684,74.26900584795321,74.70760233918129,0.43859649122807015,0.35640612787911663,3.654970760233918,68.0,32.0,3,0,inf,8.583333333333334,3746288,3732936,,43
train,per_seed,answer_persistence,17,,684,75.0,75.14619883040936,0.14619883040935672,0.5656614732404502,4.239766081871345,79.3103448275862,20.689655172413794,3,2,1.5,8.85672514619883,3721307,3700257,,44
train,per_environment,answer_persistence,17,deepseek,18,33.333333333333336,33.333333333333336,0.0,1.9683523622493053,5.555555555555555,100.0,0.0,0,0,inf,6.0,309091,303007,aime24,42
train,per_environment,answer_persistence,17,deepseek,18,44.44444444444444,44.44444444444444,0.0,-0.20209064756183578,0.0,nan,nan,0,0,inf,5.611111111111111,252362,252872,aime24,43
train,per_environment,answer_persistence,17,deepseek,18,50.0,50.0,0.0,-0.15024798583376134,0.0,nan,nan,0,0,inf,4.222222222222222,260902,261294,aime24,44
train,per_environment,answer_persistence,17,deepseek,24,91.66666666666667,91.66666666666667,0.0,-0.19786411583568106,0.0,nan,nan,0,0,inf,3.0833333333333335,152630,152932,amc23,42
train,per_environment,answer_persistence,17,deepseek,24,70.83333333333333,70.83333333333333,0.0,-0.16590917688512274,0.0,nan,nan,0,0,inf,3.1666666666666665,185041,185348,amc23,43
train,per_environment,answer_persistence,17,deepseek,24,87.5,87.5,0.0,-0.29590577533127876,0.0,nan,nan,0,0,inf,4.041666666666667,154779,155237,amc23,44
train,per_environment,answer_persistence,17,deepseek,300,74.33333333333333,74.33333333333333,0.0,-0.4263821903183327,0.0,nan,nan,0,0,inf,2.8866666666666667,1203615,1208747,math500,42
train,per_environment,answer_persistence,17,deepseek,300,75.0,75.0,0.0,-0.42858868587120563,0.0,nan,nan,0,0,inf,2.9,1175486,1180524,math500,43
train,per_environment,answer_persistence,17,deepseek,300,75.33333333333333,75.33333333333333,0.0,-0.44846175295101776,0.0,nan,nan,0,0,inf,3.1233333333333335,1205008,1210412,math500,44
train,per_environment,answer_persistence,17,qwen3,18,77.77777777777777,77.77777777777777,0.0,-2.328648864945776,5.555555555555555,100.0,0.0,0,0,inf,26.944444444444443,269899,276184,aime24,42
train,per_environment,answer_persistence,17,qwen3,18,55.55555555555556,55.55555555555556,0.0,-1.8390538417004383,5.555555555555555,100.0,0.0,0,0,inf,26.5,302275,307834,aime24,43
train,per_environment,answer_persistence,17,qwen3,18,72.22222222222223,72.22222222222223,0.0,-2.9760118815446006,0.0,nan,nan,0,0,inf,26.444444444444443,266632,274567,aime24,44
train,per_environment,answer_persistence,17,qwen3,24,83.33333333333333,83.33333333333333,0.0,-0.8289083724376389,12.5,100.0,0.0,0,0,inf,20.583333333333332,194352,195963,amc23,42
train,per_environment,answer_persistence,17,qwen3,24,91.66666666666667,91.66666666666667,0.0,-1.0014744361839099,4.166666666666667,100.0,0.0,0,0,inf,19.333333333333332,192616,194545,amc23,43
train,per_environment,answer_persistence,17,qwen3,24,79.16666666666667,79.16666666666667,0.0,2.6176825588412793,12.5,100.0,0.0,0,0,inf,19.125,198840,193635,amc23,44
train,per_environment,answer_persistence,17,qwen3,300,75.0,76.0,1.0,1.943498309367451,7.0,66.66666666666667,33.333333333333336,3,0,inf,12.903333333333334,1611527,1580207,math500,42
train,per_environment,answer_persistence,17,qwen3,300,75.33333333333333,76.33333333333333,1.0,1.6292261008185496,7.666666666666667,65.21739130434783,34.78260869565217,3,0,inf,12.943333333333333,1638508,1611813,math500,43
train,per_environment,answer_persistence,17,qwen3,300,75.0,75.33333333333333,0.3333333333333333,1.8367778779387285,8.666666666666666,76.92307692307692,23.076923076923077,3,2,1.5,13.376666666666667,1635146,1605112,math500,44
dev,per_model,answer_persistence,17,deepseek,342,76.90058479532163,76.90058479532163,0.0,-0.4413247958815771,0.0,nan,nan,0,0,inf,3.2251461988304095,1533791,1540560,,
dev,per_model,answer_persistence,17,qwen3,342,76.60818713450293,77.48538011695906,0.8771929824561403,1.3771259516420764,9.064327485380117,70.96774193548387,29.032258064516128,5,2,2.5,14.87719298245614,2043967,2015819,,
dev,per_benchmark,answer_persistence,17,,36,72.22222222222223,72.22222222222223,0.0,-1.6897228777733009,0.0,nan,nan,0,0,inf,15.666666666666666,469071,476997,aime24,
dev,per_benchmark,answer_persistence,17,,48,85.41666666666667,85.41666666666667,0.0,-0.8670577216936954,4.166666666666667,100.0,0.0,0,0,inf,15.333333333333334,405740,409258,amc23,
dev,per_benchmark,answer_persistence,17,,600,76.33333333333333,76.83333333333333,0.5,1.2143412356957055,4.833333333333333,68.96551724137932,31.03448275862069,5,2,2.5,8.151666666666667,2702947,2670124,math500,
dev,per_seed,answer_persistence,17,,228,76.75438596491227,76.75438596491227,0.0,1.4917353860409919,4.824561403508772,81.81818181818181,18.181818181818183,1,1,1.0,8.785087719298245,1230245,1211893,,42
dev,per_seed,answer_persistence,17,,228,77.19298245614036,77.63157894736842,0.43859649122807015,-0.9576317866066233,3.0701754385964914,71.42857142857143,28.571428571428573,1,0,inf,9.355263157894736,1158274,1169366,,43
dev,per_seed,answer_persistence,17,,228,76.3157894736842,77.19298245614036,0.8771929824561403,1.1872298167147226,5.701754385964913,61.53846153846154,38.46153846153846,3,1,3.0,9.013157894736842,1189239,1175120,,44
dev,per_environment,answer_persistence,17,deepseek,6,50.0,50.0,0.0,-0.20015207084712408,0.0,nan,nan,0,0,inf,5.833333333333333,89432,89611,aime24,42
dev,per_environment,answer_persistence,17,deepseek,6,66.66666666666667,66.66666666666667,0.0,-0.152374154048897,0.0,nan,nan,0,0,inf,4.0,72847,72958,aime24,43
dev,per_environment,answer_persistence,17,deepseek,6,66.66666666666667,66.66666666666667,0.0,-0.2337609210180288,0.0,nan,nan,0,0,inf,5.5,68446,68606,aime24,44
dev,per_environment,answer_persistence,17,deepseek,8,87.5,87.5,0.0,-0.18296315207216407,0.0,nan,nan,0,0,inf,3.75,70506,70635,amc23,42
dev,per_environment,answer_persistence,17,deepseek,8,87.5,87.5,0.0,-0.4285604959057167,0.0,nan,nan,0,0,inf,6.125,52268,52492,amc23,43
dev,per_environment,answer_persistence,17,deepseek,8,87.5,87.5,0.0,-0.3479495213530216,0.0,nan,nan,0,0,inf,5.75,57767,57968,amc23,44
dev,per_environment,answer_persistence,17,deepseek,100,78.0,78.0,0.0,-0.4068171389162456,0.0,nan,nan,0,0,inf,2.66,372649,374165,math500,42
dev,per_environment,answer_persistence,17,deepseek,100,77.0,77.0,0.0,-0.616055087784389,0.0,nan,nan,0,0,inf,3.18,361169,363394,math500,43
dev,per_environment,answer_persistence,17,deepseek,100,76.0,76.0,0.0,-0.5207006820046977,0.0,nan,nan,0,0,inf,3.02,388707,390731,math500,44
dev,per_environment,answer_persistence,17,qwen3,6,83.33333333333333,83.33333333333333,0.0,-3.1153238546603474,0.0,nan,nan,0,0,inf,25.166666666666668,79125,81590,aime24,42
dev,per_environment,answer_persistence,17,qwen3,6,83.33333333333333,83.33333333333333,0.0,-3.243322142752883,0.0,nan,nan,0,0,inf,24.833333333333332,68510,70732,aime24,43
dev,per_environment,answer_persistence,17,qwen3,6,83.33333333333333,83.33333333333333,0.0,-3.0745995524247336,0.0,nan,nan,0,0,inf,28.666666666666668,90711,93500,aime24,44
dev,per_environment,answer_persistence,17,qwen3,8,75.0,75.0,0.0,-3.982182286946866,0.0,nan,nan,0,0,inf,23.25,78349,81469,amc23,42
dev,per_environment,answer_persistence,17,qwen3,8,87.5,87.5,0.0,-4.66130607548533,0.0,nan,nan,0,0,inf,27.375,74743,78227,amc23,43
dev,per_environment,answer_persistence,17,qwen3,8,87.5,87.5,0.0,5.0480535870303855,25.0,100.0,0.0,0,0,inf,25.75,72107,68467,amc23,44
dev,per_environment,answer_persistence,17,qwen3,100,76.0,76.0,0.0,4.768930586614931,11.0,81.81818181818181,18.181818181818183,1,1,1.0,13.35,540184,514423,math500,42
dev,per_environment,answer_persistence,17,qwen3,100,76.0,77.0,1.0,-0.5344812260159588,7.0,71.42857142857143,28.571428571428573,1,0,inf,13.74,528737,531563,math500,43
dev,per_environment,answer_persistence,17,qwen3,100,75.0,77.0,2.0,3.060209070950008,11.0,54.54545454545455,45.45454545454545,3,1,3.0,12.96,511501,495848,math500,44
test,per_model,answer_persistence,17,deepseek,342,79.82456140350877,79.82456140350877,0.0,-0.4251763375850967,0.0,nan,nan,0,0,inf,3.1608187134502925,1464804,1471032,,
test,per_model,answer_persistence,17,qwen3,342,80.99415204678363,81.57894736842105,0.5847953216374269,2.793758648701352,11.403508771929825,89.74358974358974,10.256410256410257,4,2,2.0,14.152046783625732,1917918,1864336,,
test,per_benchmark,answer_persistence,17,,36,77.77777777777777,77.77777777777777,0.0,0.6836152390452859,5.555555555555555,100.0,0.0,0,0,inf,17.63888888888889,409002,406206,aime24,
test,per_benchmark,answer_persistence,17,,48,85.41666666666667,85.41666666666667,0.0,0.6798770555657851,6.25,100.0,0.0,0,0,inf,10.104166666666666,282404,280484,amc23,
test,per_benchmark,answer_persistence,17,,600,80.16666666666667,80.5,0.3333333333333333,1.5842807013371898,5.666666666666667,88.23529411764706,11.764705882352942,4,2,2.0,8.001666666666667,2691316,2648678,math500,
test,per_seed,answer_persistence,17,,228,81.57894736842105,81.57894736842105,0.0,1.2361557005367796,5.701754385964913,92.3076923076923,7.6923076923076925,1,1,1.0,8.671052631578947,1132867,1118863,,45
test,per_seed,answer_persistence,17,,228,81.14035087719299,81.57894736842105,0.43859649122807015,1.3662350264797294,3.9473684210526314,88.88888888888889,11.11111111111111,1,0,inf,8.741228070175438,1092345,1077421,,46
test,per_seed,answer_persistence,17,,228,78.50877192982456,78.94736842105263,0.43859649122807015,1.5918652970600686,7.456140350877193,88.23529411764706,11.764705882352942,2,1,2.0,8.557017543859649,1157510,1139084,,47
test,per_environment,answer_persistence,17,deepseek,6,83.33333333333333,83.33333333333333,0.0,-0.19149379032817596,0.0,nan,nan,0,0,inf,4.666666666666667,72065,72203,aime24,45
test,per_environment,answer_persistence,17,deepseek,6,83.33333333333333,83.33333333333333,0.0,-0.491786552392613,0.0,nan,nan,0,0,inf,8.166666666666666,49005,49246,aime24,46
test,per_environment,answer_persistence,17,deepseek,6,50.0,50.0,0.0,-0.2066343833304415,0.0,nan,nan,0,0,inf,4.5,63397,63528,aime24,47
test,per_environment,answer_persistence,17,deepseek,8,87.5,87.5,0.0,-0.2174945626359341,0.0,nan,nan,0,0,inf,2.875,40001,40088,amc23,45
test,per_environment,answer_persistence,17,deepseek,8,87.5,87.5,0.0,-0.2844055169636565,0.0,nan,nan,0,0,inf,3.75,39732,39845,amc23,46
test,per_environment,answer_persistence,17,deepseek,8,75.0,75.0,0.0,-0.16404125749983148,0.0,nan,nan,0,0,inf,2.125,44501,44574,amc23,47
test,per_environment,answer_persistence,17,deepseek,100,81.0,81.0,0.0,-0.4722336444489271,0.0,nan,nan,0,0,inf,2.95,386673,388499,math500,45
test,per_environment,answer_persistence,17,deepseek,100,80.0,80.0,0.0,-0.44552813704543354,0.0,nan,nan,0,0,inf,2.82,367878,369517,math500,46
test,per_environment,answer_persistence,17,deepseek,100,79.0,79.0,0.0,-0.49308682312627006,0.0,nan,nan,0,0,inf,3.3,401552,403532,math500,47
test,per_environment,answer_persistence,17,qwen3,6,83.33333333333333,83.33333333333333,0.0,-4.14716946508854,0.0,nan,nan,0,0,inf,30.0,76293,79457,aime24,45
test,per_environment,answer_persistence,17,qwen3,6,83.33333333333333,83.33333333333333,0.0,4.168179312384871,16.666666666666668,100.0,0.0,0,0,inf,29.333333333333332,74373,71273,aime24,46
test,per_environment,answer_persistence,17,qwen3,6,83.33333333333333,83.33333333333333,0.0,4.562130257618216,16.666666666666668,100.0,0.0,0,0,inf,29.166666666666668,73869,70499,aime24,47
test,per_environment,answer_persistence,17,qwen3,8,87.5,87.5,0.0,-3.1990887327206736,0.0,nan,nan,0,0,inf,16.375,51796,53453,amc23,45
test,per_environment,answer_persistence,17,qwen3,8,87.5,87.5,0.0,-3.8913197950559106,0.0,nan,nan,0,0,inf,18.125,53478,55559,amc23,46
test,per_environment,answer_persistence,17,qwen3,8,87.5,87.5,0.0,11.212568058076226,37.5,100.0,0.0,0,0,inf,17.375,52896,46965,amc23,47
test,per_environment,answer_persistence,17,qwen3,100,81.0,81.0,0.0,4.125373736016394,13.0,92.3076923076923,7.6923076923076925,1,1,1.0,13.2,506039,485163,math500,45
test,per_environment,answer_persistence,17,qwen3,100,81.0,82.0,1.0,3.1302731556138372,8.0,87.5,12.5,1,0,inf,13.11,507879,491981,math500,46
test,per_environment,answer_persistence,17,qwen3,100,79.0,80.0,1.0,2.1694050393730997,13.0,84.61538461538461,15.384615384615385,2,1,2.0,12.63,521295,509986,math500,47
train,per_model,answer_persistence,18,deepseek,1026,73.78167641325535,73.78167641325535,0.0,-0.2352358094059214,0.09746588693957114,100.0,0.0,0,0,inf,3.124756335282651,4898914,4910438,,
train,per_model,answer_persistence,18,qwen3,1026,75.53606237816764,76.12085769980507,0.5847953216374269,0.4415198908997836,6.920077972709552,76.05633802816901,23.943661971830984,8,2,4.0,14.32066276803119,6309795,6281936,,
train,per_benchmark,answer_persistence,18,,108,55.55555555555556,55.55555555555556,0.0,-0.8840202725684024,2.7777777777777777,100.0,0.0,0,0,inf,15.981481481481481,1661161,1675846,aime24,
train,per_benchmark,answer_persistence,18,,144,84.02777777777777,84.02777777777777,0.0,0.0024112967397413236,4.861111111111111,100.0,0.0,0,0,inf,11.604166666666666,1078258,1078232,amc23,
train,per_benchmark,answer_persistence,18,,1800,75.05555555555556,75.38888888888889,0.3333333333333333,0.365957476954975,3.4444444444444446,72.58064516129032,27.419354838709676,8,2,4.0,8.056666666666667,8469290,8438296,math500,
train,per_seed,answer_persistence,18,,684,74.56140350877193,75.0,0.43859649122807015,0.3314520755047828,3.654970760233918,76.0,24.0,3,0,inf,8.659356725146198,3741114,3728714,,42
train,per_seed,answer_persistence,18,,684,74.26900584795321,74.70760233918129,0.43859649122807015,-0.060753471169328145,3.216374269005848,68.18181818181819,31.818181818181817,3,0,inf,8.615497076023392,3746288,3748564,,43
train,per_seed,answer_persistence,18,,684,75.14619883040936,75.14619883040936,0.0,0.16690372495470004,3.654970760233918,84.0,16.0,2,2,1.0,8.89327485380117,3721307,3715096,,44
train,per_environment,answer_persistence,18,deepseek,18,33.333333333333336,33.333333333333336,0.0,1.9473229566697186,5.555555555555555,100.0,0.0,0,0,inf,6.055555555555555,309091,303072,aime24,42
train,per_environment,answer_persistence,18,deepseek,18,44.44444444444444,44.44444444444444,0.0,-0.20209064756183578,0.0,nan,nan,0,0,inf,5.611111111111111,252362,252872,aime24,43
train,per_environment,answer_persistence,18,deepseek,18,50.0,50.0,0.0,-0.15024798583376134,0.0,nan,nan,0,0,inf,4.222222222222222,260902,261294,aime24,44
train,per_environment,answer_persistence,18,deepseek,24,91.66666666666667,91.66666666666667,0.0,-0.19786411583568106,0.0,nan,nan,0,0,inf,3.0833333333333335,152630,152932,amc23,42
train,per_environment,answer_persistence,18,deepseek,24,70.83333333333333,70.83333333333333,0.0,-0.16590917688512274,0.0,nan,nan,0,0,inf,3.1666666666666665,185041,185348,amc23,43
train,per_environment,answer_persistence,18,deepseek,24,87.5,87.5,0.0,-0.29590577533127876,0.0,nan,nan,0,0,inf,4.041666666666667,154779,155237,amc23,44
train,per_environment,answer_persistence,18,deepseek,300,74.33333333333333,74.33333333333333,0.0,-0.4263821903183327,0.0,nan,nan,0,0,inf,2.8866666666666667,1203615,1208747,math500,42
train,per_environment,answer_persistence,18,deepseek,300,75.0,75.0,0.0,-0.42858868587120563,0.0,nan,nan,0,0,inf,2.9,1175486,1180524,math500,43
train,per_environment,answer_persistence,18,deepseek,300,75.33333333333333,75.33333333333333,0.0,-0.44846175295101776,0.0,nan,nan,0,0,inf,3.1233333333333335,1205008,1210412,math500,44
train,per_environment,answer_persistence,18,qwen3,18,77.77777777777777,77.77777777777777,0.0,-2.3334654815319804,5.555555555555555,100.0,0.0,0,0,inf,27.0,269899,276197,aime24,42
train,per_environment,answer_persistence,18,qwen3,18,55.55555555555556,55.55555555555556,0.0,-1.8423620875031015,5.555555555555555,100.0,0.0,0,0,inf,26.555555555555557,302275,307844,aime24,43
train,per_environment,answer_persistence,18,qwen3,18,72.22222222222223,72.22222222222223,0.0,-2.9760118815446006,0.0,nan,nan,0,0,inf,26.444444444444443,266632,274567,aime24,44
train,per_environment,answer_persistence,18,qwen3,24,83.33333333333333,83.33333333333333,0.0,-1.0028196262451634,12.5,100.0,0.0,0,0,inf,20.708333333333332,194352,196301,amc23,42
train,per_environment,answer_persistence,18,qwen3,24,91.66666666666667,91.66666666666667,0.0,-1.038335340781659,4.166666666666667,100.0,0.0,0,0,inf,19.375,192616,194616,amc23,43
train,per_environment,answer_persistence,18,qwen3,24,79.16666666666667,79.16666666666667,0.0,2.535707101186884,12.5,100.0,0.0,0,0,inf,19.25,198840,193798,amc23,44
train,per_environment,answer_persistence,18,qwen3,300,75.0,76.0,1.0,1.244906228688691,6.666666666666667,70.0,30.0,3,0,inf,12.97,1611527,1591465,math500,42
train,per_environment,answer_persistence,18,qwen3,300,75.33333333333333,76.33333333333333,1.0,0.6803750729322042,6.666666666666667,65.0,35.0,3,0,inf,13.01,1638508,1627360,math500,43
train,per_environment,answer_persistence,18,qwen3,300,75.33333333333333,75.33333333333333,0.0,0.9392433458541317,7.333333333333333,81.81818181818181,18.181818181818183,2,2,1.0,13.45,1635146,1619788,math500,44
dev,per_model,answer_persistence,18,deepseek,342,76.90058479532163,76.90058479532163,0.0,-0.4413247958815771,0.0,nan,nan,0,0,inf,3.2251461988304095,1533791,1540560,,
dev,per_model,answer_persistence,18,qwen3,342,77.48538011695906,77.48538011695906,0.0,0.342618055966657,7.309941520467836,76.0,24.0,2,2,1.0,14.950292397660819,2043967,2036964,,
dev,per_benchmark,answer_persistence,18,,36,72.22222222222223,72.22222222222223,0.0,-1.6897228777733009,0.0,nan,nan,0,0,inf,15.666666666666666,469071,476997,aime24,
dev,per_benchmark,answer_persistence,18,,48,85.41666666666667,85.41666666666667,0.0,-1.1980578695716468,4.166666666666667,100.0,0.0,0,0,inf,15.375,405740,410601,amc23,
dev,per_benchmark,answer_persistence,18,,600,76.83333333333333,76.83333333333333,0.0,0.48173345611290197,3.8333333333333335,73.91304347826087,26.08695652173913,2,2,1.0,8.19,2702947,2689926,math500,
dev,per_seed,answer_persistence,18,,228,77.19298245614036,76.75438596491227,-0.43859649122807015,0.8619421334774781,3.9473684210526314,88.88888888888889,11.11111111111111,0,1,0.0,8.824561403508772,1230245,1219641,,42
dev,per_seed,answer_persistence,18,,228,77.63157894736842,77.63157894736842,0.0,-1.5691451245560204,2.192982456140351,80.0,20.0,0,0,inf,9.37719298245614,1158274,1176449,,43
dev,per_seed,answer_persistence,18,,228,76.75438596491227,77.19298245614036,0.43859649122807015,0.6563020553479999,4.824561403508772,63.63636363636363,36.36363636363637,2,1,2.0,9.06140350877193,1189239,1181434,,44
dev,per_environment,answer_persistence,18,deepseek,6,50.0,50.0,0.0,-0.20015207084712408,0.0,nan,nan,0,0,inf,5.833333333333333,89432,89611,aime24,42
dev,per_environment,answer_persistence,18,deepseek,6,66.66666666666667,66.66666666666667,0.0,-0.152374154048897,0.0,nan,nan,0,0,inf,4.0,72847,72958,aime24,43
dev,per_environment,answer_persistence,18,deepseek,6,66.66666666666667,66.66666666666667,0.0,-0.2337609210180288,0.0,nan,nan,0,0,inf,5.5,68446,68606,aime24,44
dev,per_environment,answer_persistence,18,deepseek,8,87.5,87.5,0.0,-0.18296315207216407,0.0,nan,nan,0,0,inf,3.75,70506,70635,amc23,42
dev,per_environment,answer_persistence,18,deepseek,8,87.5,87.5,0.0,-0.4285604959057167,0.0,nan,nan,0,0,inf,6.125,52268,52492,amc23,43
dev,per_environment,answer_persistence,18,deepseek,8,87.5,87.5,0.0,-0.3479495213530216,0.0,nan,nan,0,0,inf,5.75,57767,57968,amc23,44
dev,per_environment,answer_persistence,18,deepseek,100,78.0,78.0,0.0,-0.4068171389162456,0.0,nan,nan,0,0,inf,2.66,372649,374165,math500,42
dev,per_environment,answer_persistence,18,deepseek,100,77.0,77.0,0.0,-0.616055087784389,0.0,nan,nan,0,0,inf,3.18,361169,363394,math500,43
dev,per_environment,answer_persistence,18,deepseek,100,76.0,76.0,0.0,-0.5207006820046977,0.0,nan,nan,0,0,inf,3.02,388707,390731,math500,44
dev,per_environment,answer_persistence,18,qwen3,6,83.33333333333333,83.33333333333333,0.0,-3.1153238546603474,0.0,nan,nan,0,0,inf,25.166666666666668,79125,81590,aime24,42
dev,per_environment,answer_persistence,18,qwen3,6,83.33333333333333,83.33333333333333,0.0,-3.243322142752883,0.0,nan,nan,0,0,inf,24.833333333333332,68510,70732,aime24,43
dev,per_environment,answer_persistence,18,qwen3,6,83.33333333333333,83.33333333333333,0.0,-3.0745995524247336,0.0,nan,nan,0,0,inf,28.666666666666668,90711,93500,aime24,44
dev,per_environment,answer_persistence,18,qwen3,8,75.0,75.0,0.0,-3.982182286946866,0.0,nan,nan,0,0,inf,23.25,78349,81469,amc23,42
dev,per_environment,answer_persistence,18,qwen3,8,87.5,87.5,0.0,-4.66130607548533,0.0,nan,nan,0,0,inf,27.375,74743,78227,amc23,43
dev,per_environment,answer_persistence,18,qwen3,8,87.5,87.5,0.0,3.1855437058815372,25.0,100.0,0.0,0,0,inf,26.0,72107,69810,amc23,44
dev,per_environment,answer_persistence,18,qwen3,100,77.0,76.0,-1.0,3.3346045051315847,9.0,88.88888888888889,11.11111111111111,0,1,0.0,13.44,540184,522171,math500,42
dev,per_environment,answer_persistence,18,qwen3,100,77.0,77.0,0.0,-1.8740886300750657,5.0,80.0,20.0,0,0,inf,13.79,528737,538646,math500,43
dev,per_environment,answer_persistence,18,qwen3,100,76.0,77.0,1.0,2.0883634636100417,9.0,55.55555555555556,44.44444444444444,2,1,2.0,13.05,511501,500819,math500,44
test,per_model,answer_persistence,18,deepseek,342,79.82456140350877,79.82456140350877,0.0,-0.4251763375850967,0.0,nan,nan,0,0,inf,3.1608187134502925,1464804,1471032,,
test,per_model,answer_persistence,18,qwen3,342,81.28654970760233,81.57894736842105,0.29239766081871343,1.4366620470739624,8.771929824561404,93.33333333333333,6.666666666666667,2,1,2.0,14.239766081871345,1917918,1890364,,
test,per_benchmark,answer_persistence,18,,36,77.77777777777777,77.77777777777777,0.0,-0.878235314252742,2.7777777777777777,100.0,0.0,0,0,inf,17.666666666666668,409002,412594,aime24,
test,per_benchmark,answer_persistence,18,,48,85.41666666666667,85.41666666666667,0.0,0.6405716632908882,6.25,100.0,0.0,0,0,inf,10.166666666666666,282404,280595,amc23,
test,per_benchmark,answer_persistence,18,,600,80.33333333333333,80.5,0.16666666666666666,0.8586505635161386,4.333333333333333,92.3076923076923,7.6923076923076925,2,1,2.0,8.045,2691316,2668207,math500,
test,per_seed,answer_persistence,18,,228,81.14035087719299,81.57894736842105,0.43859649122807015,1.0820334602384922,5.2631578947368425,91.66666666666667,8.333333333333334,1,0,inf,8.723684210526315,1132867,1120609,,45
test,per_seed,answer_persistence,18,,228,81.14035087719299,81.57894736842105,0.43859649122807015,0.5883672283024136,3.508771929824561,87.5,12.5,1,0,inf,8.776315789473685,1092345,1085918,,46
test,per_seed,answer_persistence,18,,228,79.3859649122807,78.94736842105263,-0.43859649122807015,0.22816217570474553,4.385964912280702,100.0,0.0,0,1,0.0,8.600877192982455,1157510,1154869,,47
test,per_environment,answer_persistence,18,deepseek,6,83.33333333333333,83.33333333333333,0.0,-0.19149379032817596,0.0,nan,nan,0,0,inf,4.666666666666667,72065,72203,aime24,45
test,per_environment,answer_persistence,18,deepseek,6,83.33333333333333,83.33333333333333,0.0,-0.491786552392613,0.0,nan,nan,0,0,inf,8.166666666666666,49005,49246,aime24,46
test,per_environment,answer_persistence,18,deepseek,6,50.0,50.0,0.0,-0.2066343833304415,0.0,nan,nan,0,0,inf,4.5,63397,63528,aime24,47
test,per_environment,answer_persistence,18,deepseek,8,87.5,87.5,0.0,-0.2174945626359341,0.0,nan,nan,0,0,inf,2.875,40001,40088,amc23,45
test,per_environment,answer_persistence,18,deepseek,8,87.5,87.5,0.0,-0.2844055169636565,0.0,nan,nan,0,0,inf,3.75,39732,39845,amc23,46
test,per_environment,answer_persistence,18,deepseek,8,75.0,75.0,0.0,-0.16404125749983148,0.0,nan,nan,0,0,inf,2.125,44501,44574,amc23,47
test,per_environment,answer_persistence,18,deepseek,100,81.0,81.0,0.0,-0.4722336444489271,0.0,nan,nan,0,0,inf,2.95,386673,388499,math500,45
test,per_environment,answer_persistence,18,deepseek,100,80.0,80.0,0.0,-0.44552813704543354,0.0,nan,nan,0,0,inf,2.82,367878,369517,math500,46
test,per_environment,answer_persistence,18,deepseek,100,79.0,79.0,0.0,-0.49308682312627006,0.0,nan,nan,0,0,inf,3.3,401552,403532,math500,47
test,per_environment,answer_persistence,18,qwen3,6,83.33333333333333,83.33333333333333,0.0,-4.14716946508854,0.0,nan,nan,0,0,inf,30.0,76293,79457,aime24,45
test,per_environment,answer_persistence,18,qwen3,6,83.33333333333333,83.33333333333333,0.0,4.117085501458862,16.666666666666668,100.0,0.0,0,0,inf,29.5,74373,71311,aime24,46
test,per_environment,answer_persistence,18,qwen3,6,83.33333333333333,83.33333333333333,0.0,-4.034168595757354,0.0,nan,nan,0,0,inf,29.166666666666668,73869,76849,aime24,47
test,per_environment,answer_persistence,18,qwen3,8,87.5,87.5,0.0,-3.1990887327206736,0.0,nan,nan,0,0,inf,16.375,51796,53453,amc23,45
test,per_environment,answer_persistence,18,qwen3,8,87.5,87.5,0.0,-3.8913197950559106,0.0,nan,nan,0,0,inf,18.125,53478,55559,amc23,46
test,per_environment,answer_persistence,18,qwen3,8,87.5,87.5,0.0,11.002722323049001,37.5,100.0,0.0,0,0,inf,17.75,52896,47076,amc23,47
test,per_environment,answer_persistence,18,qwen3,100,80.0,81.0,1.0,3.7803410409079143,12.0,91.66666666666667,8.333333333333334,1,0,inf,13.32,506039,486909,math500,45
test,per_environment,answer_persistence,18,qwen3,100,81.0,82.0,1.0,1.4647189586495997,7.0,85.71428571428571,14.285714285714286,1,0,inf,13.18,507879,500440,math500,46
test,per_environment,answer_persistence,18,qwen3,100,81.0,80.0,-1.0,0.38078247441467883,7.0,100.0,0.0,0,1,0.0,12.7,521295,519310,math500,47
train,per_model,answer_persistence,19,deepseek,1026,73.78167641325535,73.78167641325535,0.0,-0.23552158702928852,0.09746588693957114,100.0,0.0,0,0,inf,3.125730994152047,4898914,4910452,,
train,per_model,answer_persistence,19,qwen3,1026,75.63352826510722,76.12085769980507,0.4873294346978557,-0.17992660617341769,5.555555555555555,75.43859649122807,24.56140350877193,7,2,3.5,14.37719298245614,6309795,6321148,,
train,per_benchmark,answer_persistence,19,,108,55.55555555555556,55.55555555555556,0.0,-0.897926209440265,2.7777777777777777,100.0,0.0,0,0,inf,16.00925925925926,1661161,1676077,aime24,
train,per_benchmark,answer_persistence,19,,144,84.02777777777777,84.02777777777777,0.0,-0.7762520658321107,2.0833333333333335,100.0,0.0,0,0,inf,11.625,1078258,1086628,amc23,
train,per_benchmark,answer_persistence,19,,1800,75.11111111111111,75.38888888888889,0.2777777777777778,0.004663909253314032,2.888888888888889,73.07692307692308,26.923076923076923,7,2,3.5,8.08611111111111,8469290,8468895,math500,
train,per_seed,answer_persistence,19,,684,74.70760233918129,75.0,0.29239766081871343,-0.09240563105000275,2.4853801169590644,76.47058823529412,23.529411764705884,2,0,inf,8.68421052631579,3741114,3744571,,42
train,per_seed,answer_persistence,19,,684,74.26900584795321,74.70760233918129,0.43859649122807015,-0.20206668574332778,3.0701754385964914,66.66666666666667,33.333333333333336,3,0,inf,8.646198830409357,3746288,3753858,,43
train,per_seed,answer_persistence,19,,684,75.14619883040936,75.14619883040936,0.0,-0.31881271821970075,2.9239766081871346,85.0,15.0,2,2,1.0,8.923976608187134,3721307,3733171,,44
train,per_environment,answer_persistence,19,deepseek,18,33.333333333333336,33.333333333333336,0.0,1.9427935462371924,5.555555555555555,100.0,0.0,0,0,inf,6.111111111111111,309091,303086,aime24,42
train,per_environment,answer_persistence,19,deepseek,18,44.44444444444444,44.44444444444444,0.0,-0.20209064756183578,0.0,nan,nan,0,0,inf,5.611111111111111,252362,252872,aime24,43
train,per_environment,answer_persistence,19,deepseek,18,50.0,50.0,0.0,-0.15024798583376134,0.0,nan,nan,0,0,inf,4.222222222222222,260902,261294,aime24,44
train,per_environment,answer_persistence,19,deepseek,24,91.66666666666667,91.66666666666667,0.0,-0.19786411583568106,0.0,nan,nan,0,0,inf,3.0833333333333335,152630,152932,amc23,42
train,per_environment,answer_persistence,19,deepseek,24,70.83333333333333,70.83333333333333,0.0,-0.16590917688512274,0.0,nan,nan,0,0,inf,3.1666666666666665,185041,185348,amc23,43
train,per_environment,answer_persistence,19,deepseek,24,87.5,87.5,0.0,-0.29590577533127876,0.0,nan,nan,0,0,inf,4.041666666666667,154779,155237,amc23,44
train,per_environment,answer_persistence,19,deepseek,300,74.33333333333333,74.33333333333333,0.0,-0.4263821903183327,0.0,nan,nan,0,0,inf,2.8866666666666667,1203615,1208747,math500,42
train,per_environment,answer_persistence,19,deepseek,300,75.0,75.0,0.0,-0.42858868587120563,0.0,nan,nan,0,0,inf,2.9,1175486,1180524,math500,43
train,per_environment,answer_persistence,19,deepseek,300,75.33333333333333,75.33333333333333,0.0,-0.44846175295101776,0.0,nan,nan,0,0,inf,3.1233333333333335,1205008,1210412,math500,44
train,per_environment,answer_persistence,19,qwen3,18,77.77777777777777,77.77777777777777,0.0,-2.3371705712136763,5.555555555555555,100.0,0.0,0,0,inf,27.055555555555557,269899,276207,aime24,42
train,per_environment,answer_persistence,19,qwen3,18,55.55555555555556,55.55555555555556,0.0,-1.9108427756182285,5.555555555555555,100.0,0.0,0,0,inf,26.61111111111111,302275,308051,aime24,43
train,per_environment,answer_persistence,19,qwen3,18,72.22222222222223,72.22222222222223,0.0,-2.9760118815446006,0.0,nan,nan,0,0,inf,26.444444444444443,266632,274567,aime24,44
train,per_environment,answer_persistence,19,qwen3,24,83.33333333333333,83.33333333333333,0.0,-3.6536799209681403,0.0,nan,nan,0,0,inf,20.708333333333332,194352,201453,amc23,42
train,per_environment,answer_persistence,19,qwen3,24,91.66666666666667,91.66666666666667,0.0,-1.1146529883291107,4.166666666666667,100.0,0.0,0,0,inf,19.416666666666668,192616,194763,amc23,43
train,per_environment,answer_persistence,19,qwen3,24,79.16666666666667,79.16666666666667,0.0,0.9781734057533695,8.333333333333334,100.0,0.0,0,0,inf,19.333333333333332,198840,196895,amc23,44
train,per_environment,answer_persistence,19,qwen3,300,75.33333333333333,76.0,0.6666666666666666,0.582118698600768,5.0,73.33333333333333,26.666666666666668,2,0,inf,13.02,1611527,1602146,math500,42
train,per_environment,answer_persistence,19,qwen3,300,75.33333333333333,76.33333333333333,1.0,0.37888127491596013,6.333333333333333,63.1578947368421,36.8421052631579,3,0,inf,13.073333333333334,1638508,1632300,math500,43
train,per_environment,answer_persistence,19,qwen3,300,75.33333333333333,75.33333333333333,0.0,0.023239515003553198,6.0,83.33333333333333,16.666666666666668,2,2,1.0,13.513333333333334,1635146,1634766,math500,44
dev,per_model,answer_persistence,19,deepseek,342,76.90058479532163,76.90058479532163,0.0,-0.4413247958815771,0.0,nan,nan,0,0,inf,3.2251461988304095,1533791,1540560,,
dev,per_model,answer_persistence,19,qwen3,342,77.48538011695906,77.48538011695906,0.0,-0.09951236981810371,6.432748538011696,72.72727272727273,27.272727272727273,2,2,1.0,15.014619883040936,2043967,2046001,,
dev,per_benchmark,answer_persistence,19,,36,72.22222222222223,72.22222222222223,0.0,-1.6897228777733009,0.0,nan,nan,0,0,inf,15.666666666666666,469071,476997,aime24,
dev,per_benchmark,answer_persistence,19,,48,85.41666666666667,85.41666666666667,0.0,-2.4648789865431064,0.0,nan,nan,0,0,inf,15.375,405740,415741,amc23,
dev,per_benchmark,answer_persistence,19,,600,76.83333333333333,76.83333333333333,0.0,0.3375574881786435,3.6666666666666665,72.72727272727273,27.272727272727273,2,2,1.0,8.226666666666667,2702947,2693823,math500,
dev,per_seed,answer_persistence,19,,228,77.19298245614036,76.75438596491227,-0.43859649122807015,0.7822019191299294,3.9473684210526314,88.88888888888889,11.11111111111111,0,1,0.0,8.864035087719298,1230245,1220622,,42
dev,per_seed,answer_persistence,19,,228,77.63157894736842,77.63157894736842,0.0,-1.633896642763284,2.192982456140351,80.0,20.0,0,0,inf,9.399122807017545,1158274,1177199,,43
dev,per_seed,answer_persistence,19,,228,76.75438596491227,77.19298245614036,0.43859649122807015,0.04195960610104445,3.508771929824561,50.0,50.0,2,1,2.0,9.096491228070175,1189239,1188740,,44
dev,per_environment,answer_persistence,19,deepseek,6,50.0,50.0,0.0,-0.20015207084712408,0.0,nan,nan,0,0,inf,5.833333333333333,89432,89611,aime24,42
dev,per_environment,answer_persistence,19,deepseek,6,66.66666666666667,66.66666666666667,0.0,-0.152374154048897,0.0,nan,nan,0,0,inf,4.0,72847,72958,aime24,43
dev,per_environment,answer_persistence,19,deepseek,6,66.66666666666667,66.66666666666667,0.0,-0.2337609210180288,0.0,nan,nan,0,0,inf,5.5,68446,68606,aime24,44
dev,per_environment,answer_persistence,19,deepseek,8,87.5,87.5,0.0,-0.18296315207216407,0.0,nan,nan,0,0,inf,3.75,70506,70635,amc23,42
dev,per_environment,answer_persistence,19,deepseek,8,87.5,87.5,0.0,-0.4285604959057167,0.0,nan,nan,0,0,inf,6.125,52268,52492,amc23,43
dev,per_environment,answer_persistence,19,deepseek,8,87.5,87.5,0.0,-0.3479495213530216,0.0,nan,nan,0,0,inf,5.75,57767,57968,amc23,44
dev,per_environment,answer_persistence,19,deepseek,100,78.0,78.0,0.0,-0.4068171389162456,0.0,nan,nan,0,0,inf,2.66,372649,374165,math500,42
dev,per_environment,answer_persistence,19,deepseek,100,77.0,77.0,0.0,-0.616055087784389,0.0,nan,nan,0,0,inf,3.18,361169,363394,math500,43
dev,per_environment,answer_persistence,19,deepseek,100,76.0,76.0,0.0,-0.5207006820046977,0.0,nan,nan,0,0,inf,3.02,388707,390731,math500,44
dev,per_environment,answer_persistence,19,qwen3,6,83.33333333333333,83.33333333333333,0.0,-3.1153238546603474,0.0,nan,nan,0,0,inf,25.166666666666668,79125,81590,aime24,42
dev,per_environment,answer_persistence,19,qwen3,6,83.33333333333333,83.33333333333333,0.0,-3.243322142752883,0.0,nan,nan,0,0,inf,24.833333333333332,68510,70732,aime24,43
dev,per_environment,answer_persistence,19,qwen3,6,83.33333333333333,83.33333333333333,0.0,-3.0745995524247336,0.0,nan,nan,0,0,inf,28.666666666666668,90711,93500,aime24,44
dev,per_environment,answer_persistence,19,qwen3,8,75.0,75.0,0.0,-3.982182286946866,0.0,nan,nan,0,0,inf,23.25,78349,81469,amc23,42
dev,per_environment,answer_persistence,19,qwen3,8,87.5,87.5,0.0,-4.66130607548533,0.0,nan,nan,0,0,inf,27.375,74743,78227,amc23,43
dev,per_environment,answer_persistence,19,qwen3,8,87.5,87.5,0.0,-3.942751743936095,0.0,nan,nan,0,0,inf,26.0,72107,74950,amc23,44
dev,per_environment,answer_persistence,19,qwen3,100,77.0,76.0,-1.0,3.152999718614398,9.0,88.88888888888889,11.11111111111111,0,1,0.0,13.53,540184,523152,math500,42
dev,per_environment,answer_persistence,19,qwen3,100,77.0,77.0,0.0,-2.0159360892088127,5.0,80.0,20.0,0,0,inf,13.84,528737,539396,math500,43
dev,per_environment,answer_persistence,19,qwen3,100,76.0,77.0,1.0,1.664903880930829,8.0,50.0,50.0,2,1,2.0,13.13,511501,502985,math500,44
test,per_model,answer_persistence,19,deepseek,342,79.82456140350877,79.82456140350877,0.0,-0.4251763375850967,0.0,nan,nan,0,0,inf,3.1608187134502925,1464804,1471032,,
test,per_model,answer_persistence,19,qwen3,342,81.57894736842105,81.57894736842105,0.0,1.038626260351068,7.60233918128655,96.15384615384616,3.8461538461538463,1,1,1.0,14.31578947368421,1917918,1897998,,
test,per_benchmark,answer_persistence,19,,36,77.77777777777777,77.77777777777777,0.0,-0.935936743585606,2.7777777777777777,100.0,0.0,0,0,inf,17.694444444444443,409002,412830,aime24,
test,per_benchmark,answer_persistence,19,,48,85.41666666666667,85.41666666666667,0.0,0.6002039631166697,6.25,100.0,0.0,0,0,inf,10.229166666666666,282404,280709,amc23,
test,per_benchmark,answer_persistence,19,,600,80.5,80.5,0.0,0.588002300733173,3.6666666666666665,95.45454545454545,4.545454545454546,1,1,1.0,8.081666666666667,2691316,2675491,math500,
test,per_seed,answer_persistence,19,,228,81.57894736842105,81.57894736842105,0.0,0.6836636604296886,3.9473684210526314,100.0,0.0,0,0,inf,8.763157894736842,1132867,1125122,,45
test,per_seed,answer_persistence,19,,228,81.14035087719299,81.57894736842105,0.43859649122807015,0.4430834580649886,3.508771929824561,87.5,12.5,1,0,inf,8.81140350877193,1092345,1087505,,46
test,per_seed,answer_persistence,19,,228,79.3859649122807,78.94736842105263,-0.43859649122807015,0.09563632279634733,3.9473684210526314,100.0,0.0,0,1,0.0,8.640350877192983,1157510,1156403,,47
test,per_environment,answer_persistence,19,deepseek,6,83.33333333333333,83.33333333333333,0.0,-0.19149379032817596,0.0,nan,nan,0,0,inf,4.666666666666667,72065,72203,aime24,45
test,per_environment,answer_persistence,19,deepseek,6,83.33333333333333,83.33333333333333,0.0,-0.491786552392613,0.0,nan,nan,0,0,inf,8.166666666666666,49005,49246,aime24,46
test,per_environment,answer_persistence,19,deepseek,6,50.0,50.0,0.0,-0.2066343833304415,0.0,nan,nan,0,0,inf,4.5,63397,63528,aime24,47
test,per_environment,answer_persistence,19,deepseek,8,87.5,87.5,0.0,-0.2174945626359341,0.0,nan,nan,0,0,inf,2.875,40001,40088,amc23,45
test,per_environment,answer_persistence,19,deepseek,8,87.5,87.5,0.0,-0.2844055169636565,0.0,nan,nan,0,0,inf,3.75,39732,39845,amc23,46
test,per_environment,answer_persistence,19,deepseek,8,75.0,75.0,0.0,-0.16404125749983148,0.0,nan,nan,0,0,inf,2.125,44501,44574,amc23,47
test,per_environment,answer_persistence,19,deepseek,100,81.0,81.0,0.0,-0.4722336444489271,0.0,nan,nan,0,0,inf,2.95,386673,388499,math500,45
test,per_environment,answer_persistence,19,deepseek,100,80.0,80.0,0.0,-0.44552813704543354,0.0,nan,nan,0,0,inf,2.82,367878,369517,math500,46
test,per_environment,answer_persistence,19,deepseek,100,79.0,79.0,0.0,-0.49308682312627006,0.0,nan,nan,0,0,inf,3.3,401552,403532,math500,47
test,per_environment,answer_persistence,19,qwen3,6,83.33333333333333,83.33333333333333,0.0,-4.14716946508854,0.0,nan,nan,0,0,inf,30.0,76293,79457,aime24,45
test,per_environment,answer_persistence,19,qwen3,6,83.33333333333333,83.33333333333333,0.0,3.799766044128918,16.666666666666668,100.0,0.0,0,0,inf,29.666666666666668,74373,71547,aime24,46
test,per_environment,answer_persistence,19,qwen3,6,83.33333333333333,83.33333333333333,0.0,-4.034168595757354,0.0,nan,nan,0,0,inf,29.166666666666668,73869,76849,aime24,47
test,per_environment,answer_persistence,19,qwen3,8,87.5,87.5,0.0,-3.1990887327206736,0.0,nan,nan,0,0,inf,16.375,51796,53453,amc23,45
test,per_environment,answer_persistence,19,qwen3,8,87.5,87.5,0.0,-3.8913197950559106,0.0,nan,nan,0,0,inf,18.125,53478,55559,amc23,46
test,per_environment,answer_persistence,19,qwen3,8,87.5,87.5,0.0,10.787205081669692,37.5,100.0,0.0,0,0,inf,18.125,52896,47190,amc23,47
test,per_environment,answer_persistence,19,qwen3,100,81.0,81.0,0.0,2.888512545475744,9.0,100.0,0.0,0,0,inf,13.41,506039,491422,math500,45
test,per_environment,answer_persistence,19,qwen3,100,81.0,82.0,1.0,1.198710716528937,7.0,85.71428571428571,14.285714285714286,1,0,inf,13.25,507879,501791,math500,46
test,per_environment,answer_persistence,19,qwen3,100,81.0,80.0,-1.0,0.10838392848579019,6.0,100.0,0.0,0,1,0.0,12.76,521295,520730,math500,47
train,per_model,answer_persistence,20,deepseek,1026,73.78167641325535,73.78167641325535,0.0,-0.23705253858304107,0.09746588693957114,100.0,0.0,0,0,inf,3.1267056530214425,4898914,4910527,,
train,per_model,answer_persistence,20,qwen3,1026,75.82846003898635,76.12085769980507,0.29239766081871343,-0.5876102155458299,4.775828460038986,77.55102040816327,22.448979591836736,5,2,2.5,14.42495126705653,6309795,6346872,,
train,per_benchmark,answer_persistence,20,,108,55.55555555555556,55.55555555555556,0.0,-0.9554763204770639,2.7777777777777777,100.0,0.0,0,0,inf,16.037037037037038,1661161,1677033,aime24,
train,per_benchmark,answer_persistence,20,,144,84.02777777777777,84.02777777777777,0.0,-0.8307844690231837,2.0833333333333335,100.0,0.0,0,0,inf,11.645833333333334,1078258,1087216,amc23,
train,per_benchmark,answer_persistence,20,,1800,75.22222222222223,75.38888888888889,0.16666666666666666,-0.2817237336305641,2.4444444444444446,75.0,25.0,5,2,2.5,8.110555555555555,8469290,8493150,math500,
train,per_seed,answer_persistence,20,,684,74.70760233918129,75.0,0.29239766081871343,-0.2492038467686363,2.192982456140351,73.33333333333333,26.666666666666668,2,0,inf,8.706140350877194,3741114,3750437,,42
train,per_seed,answer_persistence,20,,684,74.41520467836257,74.70760233918129,0.29239766081871343,-0.603690906838983,2.3391812865497075,68.75,31.25,2,0,inf,8.669590643274853,3746288,3768904,,43
train,per_seed,answer_persistence,20,,684,75.29239766081871,75.14619883040936,-0.14619883040935672,-0.45013754576013215,2.7777777777777777,89.47368421052632,10.526315789473685,1,2,0.5,8.951754385964913,3721307,3738058,,44
train,per_environment,answer_persistence,20,deepseek,18,33.333333333333336,33.333333333333336,0.0,1.9185288474915154,5.555555555555555,100.0,0.0,0,0,inf,6.166666666666667,309091,303161,aime24,42
train,per_environment,answer_persistence,20,deepseek,18,44.44444444444444,44.44444444444444,0.0,-0.20209064756183578,0.0,nan,nan,0,0,inf,5.611111111111111,252362,252872,aime24,43
train,per_environment,answer_persistence,20,deepseek,18,50.0,50.0,0.0,-0.15024798583376134,0.0,nan,nan,0,0,inf,4.222222222222222,260902,261294,aime24,44
train,per_environment,answer_persistence,20,deepseek,24,91.66666666666667,91.66666666666667,0.0,-0.19786411583568106,0.0,nan,nan,0,0,inf,3.0833333333333335,152630,152932,amc23,42
train,per_environment,answer_persistence,20,deepseek,24,70.83333333333333,70.83333333333333,0.0,-0.16590917688512274,0.0,nan,nan,0,0,inf,3.1666666666666665,185041,185348,amc23,43
train,per_environment,answer_persistence,20,deepseek,24,87.5,87.5,0.0,-0.29590577533127876,0.0,nan,nan,0,0,inf,4.041666666666667,154779,155237,amc23,44
train,per_environment,answer_persistence,20,deepseek,300,74.33333333333333,74.33333333333333,0.0,-0.4263821903183327,0.0,nan,nan,0,0,inf,2.8866666666666667,1203615,1208747,math500,42
train,per_environment,answer_persistence,20,deepseek,300,75.0,75.0,0.0,-0.42858868587120563,0.0,nan,nan,0,0,inf,2.9,1175486,1180524,math500,43
train,per_environment,answer_persistence,20,deepseek,300,75.33333333333333,75.33333333333333,0.0,-0.44846175295101776,0.0,nan,nan,0,0,inf,3.1233333333333335,1205008,1210412,math500,44
train,per_environment,answer_persistence,20,qwen3,18,77.77777777777777,77.77777777777777,0.0,-2.5494722099748426,5.555555555555555,100.0,0.0,0,0,inf,27.11111111111111,269899,276780,aime24,42
train,per_environment,answer_persistence,20,qwen3,18,55.55555555555556,55.55555555555556,0.0,-2.012736746340253,5.555555555555555,100.0,0.0,0,0,inf,26.666666666666668,302275,308359,aime24,43
train,per_environment,answer_persistence,20,qwen3,18,72.22222222222223,72.22222222222223,0.0,-2.9760118815446006,0.0,nan,nan,0,0,inf,26.444444444444443,266632,274567,aime24,44
train,per_environment,answer_persistence,20,qwen3,24,83.33333333333333,83.33333333333333,0.0,-3.6536799209681403,0.0,nan,nan,0,0,inf,20.708333333333332,194352,201453,amc23,42
train,per_environment,answer_persistence,20,qwen3,24,91.66666666666667,91.66666666666667,0.0,-1.388254350625078,4.166666666666667,100.0,0.0,0,0,inf,19.458333333333332,192616,195290,amc23,43
train,per_environment,answer_persistence,20,qwen3,24,79.16666666666667,79.16666666666667,0.0,0.9474954737477369,8.333333333333334,100.0,0.0,0,0,inf,19.416666666666668,198840,196956,amc23,44
train,per_environment,answer_persistence,20,qwen3,300,75.33333333333333,76.0,0.6666666666666666,0.25832641960078856,4.333333333333333,69.23076923076923,30.76923076923077,2,0,inf,13.063333333333333,1611527,1607364,math500,42
train,per_environment,answer_persistence,20,qwen3,300,75.66666666666667,76.33333333333333,0.6666666666666666,-0.48843215901295567,4.666666666666667,64.28571428571429,35.714285714285715,2,0,inf,13.12,1638508,1646511,math500,43
train,per_environment,answer_persistence,20,qwen3,300,75.66666666666667,75.33333333333333,-0.3333333333333333,-0.27190232554157245,5.666666666666667,88.23529411764706,11.764705882352942,1,2,0.5,13.57,1635146,1639592,math500,44
dev,per_model,answer_persistence,20,deepseek,342,76.90058479532163,76.90058479532163,0.0,-0.4413247958815771,0.0,nan,nan,0,0,inf,3.2251461988304095,1533791,1540560,,
dev,per_model,answer_persistence,20,qwen3,342,77.48538011695906,77.48538011695906,0.0,-0.28586567199959684,6.140350877192983,71.42857142857143,28.571428571428573,2,2,1.0,15.076023391812866,2043967,2049810,,
dev,per_benchmark,answer_persistence,20,,36,72.22222222222223,72.22222222222223,0.0,-1.6897228777733009,0.0,nan,nan,0,0,inf,15.666666666666666,469071,476997,aime24,
dev,per_benchmark,answer_persistence,20,,48,85.41666666666667,85.41666666666667,0.0,-2.4648789865431064,0.0,nan,nan,0,0,inf,15.375,405740,415741,amc23,
dev,per_benchmark,answer_persistence,20,,600,76.83333333333333,76.83333333333333,0.0,0.19663722596114538,3.5,71.42857142857143,28.571428571428573,2,2,1.0,8.261666666666667,2702947,2697632,math500,
dev,per_seed,answer_persistence,20,,228,77.19298245614036,76.75438596491227,-0.43859649122807015,0.5737881478892416,3.508771929824561,87.5,12.5,0,1,0.0,8.899122807017545,1230245,1223186,,42
dev,per_seed,answer_persistence,20,,228,77.63157894736842,77.63157894736842,0.0,-1.6781866812170523,2.192982456140351,80.0,20.0,0,0,inf,9.421052631578947,1158274,1177712,,43
dev,per_seed,answer_persistence,20,,228,76.75438596491227,77.19298245614036,0.43859649122807015,-0.019592361165417547,3.508771929824561,50.0,50.0,2,1,2.0,9.131578947368421,1189239,1189472,,44
dev,per_environment,answer_persistence,20,deepseek,6,50.0,50.0,0.0,-0.20015207084712408,0.0,nan,nan,0,0,inf,5.833333333333333,89432,89611,aime24,42
dev,per_environment,answer_persistence,20,deepseek,6,66.66666666666667,66.66666666666667,0.0,-0.152374154048897,0.0,nan,nan,0,0,inf,4.0,72847,72958,aime24,43
dev,per_environment,answer_persistence,20,deepseek,6,66.66666666666667,66.66666666666667,0.0,-0.2337609210180288,0.0,nan,nan,0,0,inf,5.5,68446,68606,aime24,44
dev,per_environment,answer_persistence,20,deepseek,8,87.5,87.5,0.0,-0.18296315207216407,0.0,nan,nan,0,0,inf,3.75,70506,70635,amc23,42
dev,per_environment,answer_persistence,20,deepseek,8,87.5,87.5,0.0,-0.4285604959057167,0.0,nan,nan,0,0,inf,6.125,52268,52492,amc23,43
dev,per_environment,answer_persistence,20,deepseek,8,87.5,87.5,0.0,-0.3479495213530216,0.0,nan,nan,0,0,inf,5.75,57767,57968,amc23,44
dev,per_environment,answer_persistence,20,deepseek,100,78.0,78.0,0.0,-0.4068171389162456,0.0,nan,nan,0,0,inf,2.66,372649,374165,math500,42
dev,per_environment,answer_persistence,20,deepseek,100,77.0,77.0,0.0,-0.616055087784389,0.0,nan,nan,0,0,inf,3.18,361169,363394,math500,43
dev,per_environment,answer_persistence,20,deepseek,100,76.0,76.0,0.0,-0.5207006820046977,0.0,nan,nan,0,0,inf,3.02,388707,390731,math500,44
dev,per_environment,answer_persistence,20,qwen3,6,83.33333333333333,83.33333333333333,0.0,-3.1153238546603474,0.0,nan,nan,0,0,inf,25.166666666666668,79125,81590,aime24,42
dev,per_environment,answer_persistence,20,qwen3,6,83.33333333333333,83.33333333333333,0.0,-3.243322142752883,0.0,nan,nan,0,0,inf,24.833333333333332,68510,70732,aime24,43
dev,per_environment,answer_persistence,20,qwen3,6,83.33333333333333,83.33333333333333,0.0,-3.0745995524247336,0.0,nan,nan,0,0,inf,28.666666666666668,90711,93500,aime24,44
dev,per_environment,answer_persistence,20,qwen3,8,75.0,75.0,0.0,-3.982182286946866,0.0,nan,nan,0,0,inf,23.25,78349,81469,amc23,42
dev,per_environment,answer_persistence,20,qwen3,8,87.5,87.5,0.0,-4.66130607548533,0.0,nan,nan,0,0,inf,27.375,74743,78227,amc23,43
dev,per_environment,answer_persistence,20,qwen3,8,87.5,87.5,0.0,-3.942751743936095,0.0,nan,nan,0,0,inf,26.0,72107,74950,amc23,44
dev,per_environment,answer_persistence,20,qwen3,100,77.0,76.0,-1.0,2.678346637442057,8.0,87.5,12.5,0,1,0.0,13.61,540184,525716,math500,42
dev,per_environment,answer_persistence,20,qwen3,100,77.0,77.0,0.0,-2.112959751256296,5.0,80.0,20.0,0,0,inf,13.89,528737,539909,math500,43
dev,per_environment,answer_persistence,20,qwen3,100,76.0,77.0,1.0,1.5217956563134774,8.0,50.0,50.0,2,1,2.0,13.21,511501,503717,math500,44
test,per_model,answer_persistence,20,deepseek,342,79.82456140350877,79.82456140350877,0.0,-0.4251763375850967,0.0,nan,nan,0,0,inf,3.1608187134502925,1464804,1471032,,
test,per_model,answer_persistence,20,qwen3,342,81.87134502923976,81.57894736842105,-0.29239766081871343,0.09426888949371141,6.140350877192983,100.0,0.0,0,1,0.0,14.383040935672515,1917918,1916110,,
test,per_benchmark,answer_persistence,20,,36,77.77777777777777,77.77777777777777,0.0,-2.3552452066249066,0.0,nan,nan,0,0,inf,17.75,409002,418635,aime24,
test,per_benchmark,answer_persistence,20,,48,85.41666666666667,85.41666666666667,0.0,-0.40544751490772085,4.166666666666667,100.0,0.0,0,0,inf,10.270833333333334,282404,283549,amc23,
test,per_benchmark,answer_persistence,20,,600,80.66666666666667,80.5,-0.16666666666666666,0.23624130351099612,3.1666666666666665,100.0,0.0,0,1,0.0,8.113333333333333,2691316,2684958,math500,
test,per_seed,answer_persistence,20,,228,81.57894736842105,81.57894736842105,0.0,0.6240803201081857,3.9473684210526314,100.0,0.0,0,0,inf,8.802631578947368,1132867,1125797,,45
test,per_seed,answer_persistence,20,,228,81.57894736842105,81.57894736842105,0.0,-0.6662730181398734,2.192982456140351,100.0,0.0,0,0,inf,8.842105263157896,1092345,1099623,,46
test,per_seed,answer_persistence,20,,228,79.3859649122807,78.94736842105263,-0.43859649122807015,-0.3638845452739069,3.0701754385964914,100.0,0.0,0,1,0.0,8.671052631578947,1157510,1161722,,47
test,per_environment,answer_persistence,20,deepseek,6,83.33333333333333,83.33333333333333,0.0,-0.19149379032817596,0.0,nan,nan,0,0,inf,4.666666666666667,72065,72203,aime24,45
test,per_environment,answer_persistence,20,deepseek,6,83.33333333333333,83.33333333333333,0.0,-0.491786552392613,0.0,nan,nan,0,0,inf,8.166666666666666,49005,49246,aime24,46
test,per_environment,answer_persistence,20,deepseek,6,50.0,50.0,0.0,-0.2066343833304415,0.0,nan,nan,0,0,inf,4.5,63397,63528,aime24,47
test,per_environment,answer_persistence,20,deepseek,8,87.5,87.5,0.0,-0.2174945626359341,0.0,nan,nan,0,0,inf,2.875,40001,40088,amc23,45
test,per_environment,answer_persistence,20,deepseek,8,87.5,87.5,0.0,-0.2844055169636565,0.0,nan,nan,0,0,inf,3.75,39732,39845,amc23,46
test,per_environment,answer_persistence,20,deepseek,8,75.0,75.0,0.0,-0.16404125749983148,0.0,nan,nan,0,0,inf,2.125,44501,44574,amc23,47
test,per_environment,answer_persistence,20,deepseek,100,81.0,81.0,0.0,-0.4722336444489271,0.0,nan,nan,0,0,inf,2.95,386673,388499,math500,45
test,per_environment,answer_persistence,20,deepseek,100,80.0,80.0,0.0,-0.44552813704543354,0.0,nan,nan,0,0,inf,2.82,367878,369517,math500,46
test,per_environment,answer_persistence,20,deepseek,100,79.0,79.0,0.0,-0.49308682312627006,0.0,nan,nan,0,0,inf,3.3,401552,403532,math500,47
test,per_environment,answer_persistence,20,qwen3,6,83.33333333333333,83.33333333333333,0.0,-4.14716946508854,0.0,nan,nan,0,0,inf,30.0,76293,79457,aime24,45
test,per_environment,answer_persistence,20,qwen3,6,83.33333333333333,83.33333333333333,0.0,-4.005485861804687,0.0,nan,nan,0,0,inf,30.0,74373,77352,aime24,46
test,per_environment,answer_persistence,20,qwen3,6,83.33333333333333,83.33333333333333,0.0,-4.034168595757354,0.0,nan,nan,0,0,inf,29.166666666666668,73869,76849,aime24,47
test,per_environment,answer_persistence,20,qwen3,8,87.5,87.5,0.0,-3.1990887327206736,0.0,nan,nan,0,0,inf,16.375,51796,53453,amc23,45
test,per_environment,answer_persistence,20,qwen3,8,87.5,87.5,0.0,-3.8913197950559106,0.0,nan,nan,0,0,inf,18.125,53478,55559,amc23,46
test,per_environment,answer_persistence,20,qwen3,8,87.5,87.5,0.0,5.418179068360557,25.0,100.0,0.0,0,0,inf,18.375,52896,50030,amc23,47
test,per_environment,answer_persistence,20,qwen3,100,81.0,81.0,0.0,2.7551236169544246,9.0,100.0,0.0,0,0,inf,13.5,506039,492097,math500,45
test,per_environment,answer_persistence,20,qwen3,100,82.0,82.0,0.0,-0.04430189080469955,5.0,100.0,0.0,0,0,inf,13.3,507879,508104,math500,46
test,per_environment,answer_persistence,20,qwen3,100,81.0,80.0,-1.0,-0.3671625471182344,5.0,100.0,0.0,0,1,0.0,12.81,521295,523209,math500,47
train,per_model,answer_persistence,21,deepseek,1026,73.78167641325535,73.78167641325535,0.0,-0.3695512923884763,0.0,nan,nan,0,0,inf,3.1267056530214425,4898914,4917018,,
train,per_model,answer_persistence,21,qwen3,1026,76.0233918128655,76.12085769980507,0.09746588693957114,-0.9846595650096398,4.288499025341131,86.36363636363636,13.636363636363637,3,2,1.5,14.467836257309942,6309795,6371925,,
train,per_benchmark,answer_persistence,21,,108,55.55555555555556,55.55555555555556,0.0,-1.355317154688799,1.8518518518518519,100.0,0.0,0,0,inf,16.055555555555557,1661161,1683675,aime24,
train,per_benchmark,answer_persistence,21,,144,84.02777777777777,84.02777777777777,0.0,-0.8474780618367774,2.0833333333333335,100.0,0.0,0,0,inf,11.666666666666666,1078258,1087396,amc23,
train,per_benchmark,answer_persistence,21,,1800,75.33333333333333,75.38888888888889,0.05555555555555555,-0.5736254160620312,2.1666666666666665,84.61538461538461,15.384615384615385,3,2,1.5,8.132222222222222,8469290,8517872,math500,
train,per_seed,answer_persistence,21,,684,74.85380116959064,75.0,0.14619883040935672,-0.6057553979910797,1.9005847953216375,76.92307692307692,23.076923076923077,1,0,inf,8.725146198830409,3741114,3763776,,42
train,per_seed,answer_persistence,21,,684,74.41520467836257,74.70760233918129,0.29239766081871343,-0.8175559380378657,2.046783625730994,78.57142857142857,21.428571428571427,2,0,inf,8.690058479532164,3746288,3776916,,43
train,per_seed,answer_persistence,21,,684,75.43859649122807,75.14619883040936,-0.29239766081871343,-0.7240466857477762,2.4853801169590644,100.0,0.0,0,2,0.0,8.976608187134502,3721307,3748251,,44
train,per_environment,answer_persistence,21,deepseek,18,33.333333333333336,33.333333333333336,0.0,-0.18149994661766275,0.0,nan,nan,0,0,inf,6.166666666666667,309091,309652,aime24,42
train,per_environment,answer_persistence,21,deepseek,18,44.44444444444444,44.44444444444444,0.0,-0.20209064756183578,0.0,nan,nan,0,0,inf,5.611111111111111,252362,252872,aime24,43
train,per_environment,answer_persistence,21,deepseek,18,50.0,50.0,0.0,-0.15024798583376134,0.0,nan,nan,0,0,inf,4.222222222222222,260902,261294,aime24,44
train,per_environment,answer_persistence,21,deepseek,24,91.66666666666667,91.66666666666667,0.0,-0.19786411583568106,0.0,nan,nan,0,0,inf,3.0833333333333335,152630,152932,amc23,42
train,per_environment,answer_persistence,21,deepseek,24,70.83333333333333,70.83333333333333,0.0,-0.16590917688512274,0.0,nan,nan,0,0,inf,3.1666666666666665,185041,185348,amc23,43
train,per_environment,answer_persistence,21,deepseek,24,87.5,87.5,0.0,-0.29590577533127876,0.0,nan,nan,0,0,inf,4.041666666666667,154779,155237,amc23,44
train,per_environment,answer_persistence,21,deepseek,300,74.33333333333333,74.33333333333333,0.0,-0.4263821903183327,0.0,nan,nan,0,0,inf,2.8866666666666667,1203615,1208747,math500,42
train,per_environment,answer_persistence,21,deepseek,300,75.0,75.0,0.0,-0.42858868587120563,0.0,nan,nan,0,0,inf,2.9,1175486,1180524,math500,43
train,per_environment,answer_persistence,21,deepseek,300,75.33333333333333,75.33333333333333,0.0,-0.44846175295101776,0.0,nan,nan,0,0,inf,3.1233333333333335,1205008,1210412,math500,44
train,per_environment,answer_persistence,21,qwen3,18,77.77777777777777,77.77777777777777,0.0,-2.5720732570331863,5.555555555555555,100.0,0.0,0,0,inf,27.166666666666668,269899,276841,aime24,42
train,per_environment,answer_persistence,21,qwen3,18,55.55555555555556,55.55555555555556,0.0,-2.0425109585642214,5.555555555555555,100.0,0.0,0,0,inf,26.72222222222222,302275,308449,aime24,43
train,per_environment,answer_persistence,21,qwen3,18,72.22222222222223,72.22222222222223,0.0,-2.9760118815446006,0.0,nan,nan,0,0,inf,26.444444444444443,266632,274567,aime24,44
train,per_environment,answer_persistence,21,qwen3,24,83.33333333333333,83.33333333333333,0.0,-3.6536799209681403,0.0,nan,nan,0,0,inf,20.708333333333332,194352,201453,amc23,42
train,per_environment,answer_persistence,21,qwen3,24,91.66666666666667,91.66666666666667,0.0,-1.4017527100552394,4.166666666666667,100.0,0.0,0,0,inf,19.5,192616,195316,amc23,43
train,per_environment,answer_persistence,21,qwen3,24,79.16666666666667,79.16666666666667,0.0,0.8700462683564675,8.333333333333334,100.0,0.0,0,0,inf,19.5,198840,197110,amc23,44
train,per_environment,answer_persistence,21,qwen3,300,75.66666666666667,76.0,0.3333333333333333,-0.16282693370945694,4.0,75.0,25.0,1,0,inf,13.103333333333333,1611527,1614151,math500,42
train,per_environment,answer_persistence,21,qwen3,300,75.66666666666667,76.33333333333333,0.6666666666666666,-0.9703339867733328,4.0,75.0,25.0,2,0,inf,13.16,1638508,1654407,math500,43
train,per_environment,answer_persistence,21,qwen3,300,76.0,75.33333333333333,-0.6666666666666666,-0.8858536179643898,5.0,100.0,0.0,0,2,0.0,13.62,1635146,1649631,math500,44
dev,per_model,answer_persistence,21,deepseek,342,76.90058479532163,76.90058479532163,0.0,-0.4413247958815771,0.0,nan,nan,0,0,inf,3.2251461988304095,1533791,1540560,,
dev,per_model,answer_persistence,21,qwen3,342,77.48538011695906,77.48538011695906,0.0,-0.6980053983259025,5.2631578947368425,72.22222222222223,27.77777777777778,2,2,1.0,15.128654970760234,2043967,2058234,,
dev,per_benchmark,answer_persistence,21,,36,72.22222222222223,72.22222222222223,0.0,-1.6897228777733009,0.0,nan,nan,0,0,inf,15.666666666666666,469071,476997,aime24,
dev,per_benchmark,answer_persistence,21,,48,85.41666666666667,85.41666666666667,0.0,-2.4648789865431064,0.0,nan,nan,0,0,inf,15.375,405740,415741,amc23,
dev,per_benchmark,answer_persistence,21,,600,76.83333333333333,76.83333333333333,0.0,-0.11502260310690517,3.0,72.22222222222223,27.77777777777778,2,2,1.0,8.291666666666666,2702947,2706056,math500,
dev,per_seed,answer_persistence,21,,228,77.19298245614036,76.75438596491227,-0.43859649122807015,0.36903218464614773,3.508771929824561,87.5,12.5,0,1,0.0,8.93421052631579,1230245,1225705,,42
dev,per_seed,answer_persistence,21,,228,77.63157894736842,77.63157894736842,0.0,-2.0328523302776373,0.8771929824561403,100.0,0.0,0,0,inf,9.429824561403509,1158274,1181820,,43
dev,per_seed,answer_persistence,21,,228,76.75438596491227,77.19298245614036,0.43859649122807015,-0.17069739556136318,3.508771929824561,50.0,50.0,2,1,2.0,9.166666666666666,1189239,1191269,,44
dev,per_environment,answer_persistence,21,deepseek,6,50.0,50.0,0.0,-0.20015207084712408,0.0,nan,nan,0,0,inf,5.833333333333333,89432,89611,aime24,42
dev,per_environment,answer_persistence,21,deepseek,6,66.66666666666667,66.66666666666667,0.0,-0.152374154048897,0.0,nan,nan,0,0,inf,4.0,72847,72958,aime24,43
dev,per_environment,answer_persistence,21,deepseek,6,66.66666666666667,66.66666666666667,0.0,-0.2337609210180288,0.0,nan,nan,0,0,inf,5.5,68446,68606,aime24,44
dev,per_environment,answer_persistence,21,deepseek,8,87.5,87.5,0.0,-0.18296315207216407,0.0,nan,nan,0,0,inf,3.75,70506,70635,amc23,42
dev,per_environment,answer_persistence,21,deepseek,8,87.5,87.5,0.0,-0.4285604959057167,0.0,nan,nan,0,0,inf,6.125,52268,52492,amc23,43
dev,per_environment,answer_persistence,21,deepseek,8,87.5,87.5,0.0,-0.3479495213530216,0.0,nan,nan,0,0,inf,5.75,57767,57968,amc23,44
dev,per_environment,answer_persistence,21,deepseek,100,78.0,78.0,0.0,-0.4068171389162456,0.0,nan,nan,0,0,inf,2.66,372649,374165,math500,42
dev,per_environment,answer_persistence,21,deepseek,100,77.0,77.0,0.0,-0.616055087784389,0.0,nan,nan,0,0,inf,3.18,361169,363394,math500,43
dev,per_environment,answer_persistence,21,deepseek,100,76.0,76.0,0.0,-0.5207006820046977,0.0,nan,nan,0,0,inf,3.02,388707,390731,math500,44
dev,per_environment,answer_persistence,21,qwen3,6,83.33333333333333,83.33333333333333,0.0,-3.1153238546603474,0.0,nan,nan,0,0,inf,25.166666666666668,79125,81590,aime24,42
dev,per_environment,answer_persistence,21,qwen3,6,83.33333333333333,83.33333333333333,0.0,-3.243322142752883,0.0,nan,nan,0,0,inf,24.833333333333332,68510,70732,aime24,43
dev,per_environment,answer_persistence,21,qwen3,6,83.33333333333333,83.33333333333333,0.0,-3.0745995524247336,0.0,nan,nan,0,0,inf,28.666666666666668,90711,93500,aime24,44
dev,per_environment,answer_persistence,21,qwen3,8,75.0,75.0,0.0,-3.982182286946866,0.0,nan,nan,0,0,inf,23.25,78349,81469,amc23,42
dev,per_environment,answer_persistence,21,qwen3,8,87.5,87.5,0.0,-4.66130607548533,0.0,nan,nan,0,0,inf,27.375,74743,78227,amc23,43
dev,per_environment,answer_persistence,21,qwen3,8,87.5,87.5,0.0,-3.942751743936095,0.0,nan,nan,0,0,inf,26.0,72107,74950,amc23,44
dev,per_environment,answer_persistence,21,qwen3,100,77.0,76.0,-1.0,2.212024051064082,8.0,87.5,12.5,0,1,0.0,13.69,540184,528235,math500,42
dev,per_environment,answer_persistence,21,qwen3,100,77.0,77.0,0.0,-2.889905567418206,2.0,100.0,0.0,0,0,inf,13.91,528737,544017,math500,43
dev,per_environment,answer_persistence,21,qwen3,100,76.0,77.0,1.0,1.1704766950602248,8.0,50.0,50.0,2,1,2.0,13.29,511501,505514,math500,44
test,per_model,answer_persistence,21,deepseek,342,79.82456140350877,79.82456140350877,0.0,-0.4251763375850967,0.0,nan,nan,0,0,inf,3.1608187134502925,1464804,1471032,,
test,per_model,answer_persistence,21,qwen3,342,81.57894736842105,81.57894736842105,0.0,-0.36925457709870807,4.678362573099415,100.0,0.0,0,0,inf,14.429824561403509,1917918,1925000,,
test,per_benchmark,answer_persistence,21,,36,77.77777777777777,77.77777777777777,0.0,-2.3552452066249066,0.0,nan,nan,0,0,inf,17.75,409002,418635,aime24,
test,per_benchmark,answer_persistence,21,,48,85.41666666666667,85.41666666666667,0.0,-0.5091995864081246,4.166666666666667,100.0,0.0,0,0,inf,10.3125,282404,283842,amc23,
test,per_benchmark,answer_persistence,21,,600,80.5,80.5,0.0,-0.08319350087466504,2.3333333333333335,100.0,0.0,0,0,inf,8.136666666666667,2691316,2693555,math500,
test,per_seed,answer_persistence,21,,228,81.57894736842105,81.57894736842105,0.0,0.21864879107609278,2.6315789473684212,100.0,0.0,0,0,inf,8.828947368421053,1132867,1130390,,45
test,per_seed,answer_persistence,21,,228,81.57894736842105,81.57894736842105,0.0,-0.9023705880468167,1.7543859649122806,100.0,0.0,0,0,inf,8.859649122807017,1092345,1102202,,46
test,per_seed,answer_persistence,21,,228,78.94736842105263,78.94736842105263,0.0,-0.5123065891439382,2.6315789473684212,100.0,0.0,0,0,inf,8.697368421052632,1157510,1163440,,47
test,per_environment,answer_persistence,21,deepseek,6,83.33333333333333,83.33333333333333,0.0,-0.19149379032817596,0.0,nan,nan,0,0,inf,4.666666666666667,72065,72203,aime24,45
test,per_environment,answer_persistence,21,deepseek,6,83.33333333333333,83.33333333333333,0.0,-0.491786552392613,0.0,nan,nan,0,0,inf,8.166666666666666,49005,49246,aime24,46
test,per_environment,answer_persistence,21,deepseek,6,50.0,50.0,0.0,-0.2066343833304415,0.0,nan,nan,0,0,inf,4.5,63397,63528,aime24,47
test,per_environment,answer_persistence,21,deepseek,8,87.5,87.5,0.0,-0.2174945626359341,0.0,nan,nan,0,0,inf,2.875,40001,40088,amc23,45
test,per_environment,answer_persistence,21,deepseek,8,87.5,87.5,0.0,-0.2844055169636565,0.0,nan,nan,0,0,inf,3.75,39732,39845,amc23,46
test,per_environment,answer_persistence,21,deepseek,8,75.0,75.0,0.0,-0.16404125749983148,0.0,nan,nan,0,0,inf,2.125,44501,44574,amc23,47
test,per_environment,answer_persistence,21,deepseek,100,81.0,81.0,0.0,-0.4722336444489271,0.0,nan,nan,0,0,inf,2.95,386673,388499,math500,45
test,per_environment,answer_persistence,21,deepseek,100,80.0,80.0,0.0,-0.44552813704543354,0.0,nan,nan,0,0,inf,2.82,367878,369517,math500,46
test,per_environment,answer_persistence,21,deepseek,100,79.0,79.0,0.0,-0.49308682312627006,0.0,nan,nan,0,0,inf,3.3,401552,403532,math500,47
test,per_environment,answer_persistence,21,qwen3,6,83.33333333333333,83.33333333333333,0.0,-4.14716946508854,0.0,nan,nan,0,0,inf,30.0,76293,79457,aime24,45
test,per_environment,answer_persistence,21,qwen3,6,83.33333333333333,83.33333333333333,0.0,-4.005485861804687,0.0,nan,nan,0,0,inf,30.0,74373,77352,aime24,46
test,per_environment,answer_persistence,21,qwen3,6,83.33333333333333,83.33333333333333,0.0,-4.034168595757354,0.0,nan,nan,0,0,inf,29.166666666666668,73869,76849,aime24,47
test,per_environment,answer_persistence,21,qwen3,8,87.5,87.5,0.0,-3.1990887327206736,0.0,nan,nan,0,0,inf,16.375,51796,53453,amc23,45
test,per_environment,answer_persistence,21,qwen3,8,87.5,87.5,0.0,-3.8913197950559106,0.0,nan,nan,0,0,inf,18.125,53478,55559,amc23,46
test,per_environment,answer_persistence,21,qwen3,8,87.5,87.5,0.0,4.8642619479733815,25.0,100.0,0.0,0,0,inf,18.625,52896,50323,amc23,47
test,per_environment,answer_persistence,21,qwen3,100,81.0,81.0,0.0,1.8474860633271348,6.0,100.0,0.0,0,0,inf,13.56,506039,496690,math500,45
test,per_environment,answer_persistence,21,qwen3,100,82.0,82.0,0.0,-0.552100008072789,4.0,100.0,0.0,0,0,inf,13.34,507879,510683,math500,46
test,per_environment,answer_persistence,21,qwen3,100,80.0,80.0,0.0,-0.6405202428567318,4.0,100.0,0.0,0,0,inf,12.85,521295,524634,math500,47
train,per_model,answer_persistence,22,deepseek,1026,73.78167641325535,73.78167641325535,0.0,-0.3695512923884763,0.0,nan,nan,0,0,inf,3.1267056530214425,4898914,4917018,,
train,per_model,answer_persistence,22,qwen3,1026,76.0233918128655,76.12085769980507,0.09746588693957114,-1.5582122715555735,2.8265107212475633,82.75862068965517,17.24137931034483,2,1,2.0,14.496101364522417,6309795,6408115,,
train,per_benchmark,answer_persistence,22,,108,55.55555555555556,55.55555555555556,0.0,-1.536997316936769,0.0,nan,nan,0,0,inf,16.055555555555557,1661161,1686693,aime24,
train,per_benchmark,answer_persistence,22,,144,84.02777777777777,84.02777777777777,0.0,-0.8835547707505996,2.0833333333333335,100.0,0.0,0,0,inf,11.6875,1078258,1087785,amc23,
train,per_benchmark,answer_persistence,22,,1800,75.33333333333333,75.38888888888889,0.05555555555555555,-0.9607062693566993,1.4444444444444444,80.76923076923077,19.23076923076923,2,1,2.0,8.146666666666667,8469290,8550655,math500,
train,per_seed,answer_persistence,22,,684,74.85380116959064,75.0,0.14619883040935672,-0.7299430062810168,1.4619883040935673,70.0,30.0,1,0,inf,8.739766081871345,3741114,3768422,,42
train,per_seed,answer_persistence,22,,684,74.56140350877193,74.70760233918129,0.14619883040935672,-1.2265741448601923,1.1695906432748537,75.0,25.0,1,0,inf,8.701754385964913,3746288,3792239,,43
train,per_seed,answer_persistence,22,,684,75.29239766081871,75.14619883040936,-0.14619883040935672,-1.1599419236305955,1.608187134502924,100.0,0.0,0,1,0.0,8.992690058479532,3721307,3764472,,44
train,per_environment,answer_persistence,22,deepseek,18,33.333333333333336,33.333333333333336,0.0,-0.18149994661766275,0.0,nan,nan,0,0,inf,6.166666666666667,309091,309652,aime24,42
train,per_environment,answer_persistence,22,deepseek,18,44.44444444444444,44.44444444444444,0.0,-0.20209064756183578,0.0,nan,nan,0,0,inf,5.611111111111111,252362,252872,aime24,43
train,per_environment,answer_persistence,22,deepseek,18,50.0,50.0,0.0,-0.15024798583376134,0.0,nan,nan,0,0,inf,4.222222222222222,260902,261294,aime24,44
train,per_environment,answer_persistence,22,deepseek,24,91.66666666666667,91.66666666666667,0.0,-0.19786411583568106,0.0,nan,nan,0,0,inf,3.0833333333333335,152630,152932,amc23,42
train,per_environment,answer_persistence,22,deepseek,24,70.83333333333333,70.83333333333333,0.0,-0.16590917688512274,0.0,nan,nan,0,0,inf,3.1666666666666665,185041,185348,amc23,43
train,per_environment,answer_persistence,22,deepseek,24,87.5,87.5,0.0,-0.29590577533127876,0.0,nan,nan,0,0,inf,4.041666666666667,154779,155237,amc23,44
train,per_environment,answer_persistence,22,deepseek,300,74.33333333333333,74.33333333333333,0.0,-0.4263821903183327,0.0,nan,nan,0,0,inf,2.8866666666666667,1203615,1208747,math500,42
train,per_environment,answer_persistence,22,deepseek,300,75.0,75.0,0.0,-0.42858868587120563,0.0,nan,nan,0,0,inf,2.9,1175486,1180524,math500,43
train,per_environment,answer_persistence,22,deepseek,300,75.33333333333333,75.33333333333333,0.0,-0.44846175295101776,0.0,nan,nan,0,0,inf,3.1233333333333335,1205008,1210412,math500,44
train,per_environment,answer_persistence,22,qwen3,18,77.77777777777777,77.77777777777777,0.0,-3.0822641062026905,0.0,nan,nan,0,0,inf,27.166666666666668,269899,278218,aime24,42
train,per_environment,answer_persistence,22,qwen3,18,55.55555555555556,55.55555555555556,0.0,-2.5853940947812424,0.0,nan,nan,0,0,inf,26.72222222222222,302275,310090,aime24,43
train,per_environment,answer_persistence,22,qwen3,18,72.22222222222223,72.22222222222223,0.0,-2.9760118815446006,0.0,nan,nan,0,0,inf,26.444444444444443,266632,274567,aime24,44
train,per_environment,answer_persistence,22,qwen3,24,83.33333333333333,83.33333333333333,0.0,-3.6536799209681403,0.0,nan,nan,0,0,inf,20.708333333333332,194352,201453,amc23,42
train,per_environment,answer_persistence,22,qwen3,24,91.66666666666667,91.66666666666667,0.0,-1.4624953274909664,4.166666666666667,100.0,0.0,0,0,inf,19.541666666666668,192616,195433,amc23,43
train,per_environment,answer_persistence,22,qwen3,24,79.16666666666667,79.16666666666667,0.0,0.7332528666264333,8.333333333333334,100.0,0.0,0,0,inf,19.583333333333332,198840,197382,amc23,44
train,per_environment,answer_persistence,22,qwen3,300,75.66666666666667,76.0,0.3333333333333333,-0.36567801842600217,3.3333333333333335,70.0,30.0,1,0,inf,13.136666666666667,1611527,1617420,math500,42
train,per_environment,answer_persistence,22,qwen3,300,76.0,76.33333333333333,0.3333333333333333,-1.7982213086539707,2.3333333333333335,71.42857142857143,28.571428571428573,1,0,inf,13.183333333333334,1638508,1667972,math500,43
train,per_environment,answer_persistence,22,qwen3,300,75.66666666666667,75.33333333333333,-0.3333333333333333,-1.8612405253108897,3.0,100.0,0.0,0,1,0.0,13.65,1635146,1665580,math500,44
dev,per_model,answer_persistence,22,deepseek,342,76.90058479532163,76.90058479532163,0.0,-0.4413247958815771,0.0,nan,nan,0,0,inf,3.2251461988304095,1533791,1540560,,
dev,per_model,answer_persistence,22,qwen3,342,77.48538011695906,77.48538011695906,0.0,-0.8443384849168308,4.970760233918129,70.58823529411765,29.41176470588235,2,2,1.0,15.178362573099415,2043967,2061225,,
dev,per_benchmark,answer_persistence,22,,36,72.22222222222223,72.22222222222223,0.0,-1.6897228777733009,0.0,nan,nan,0,0,inf,15.666666666666666,469071,476997,aime24,
dev,per_benchmark,answer_persistence,22,,48,85.41666666666667,85.41666666666667,0.0,-2.4648789865431064,0.0,nan,nan,0,0,inf,15.375,405740,415741,amc23,
dev,per_benchmark,answer_persistence,22,,600,76.83333333333333,76.83333333333333,0.0,-0.2256796008208818,2.8333333333333335,70.58823529411765,29.41176470588235,2,2,1.0,8.32,2702947,2709047,math500,
dev,per_seed,answer_persistence,22,,228,77.19298245614036,76.75438596491227,-0.43859649122807015,0.22840978829420155,3.0701754385964914,85.71428571428571,14.285714285714286,0,1,0.0,8.964912280701755,1230245,1227435,,42
dev,per_seed,answer_persistence,22,,228,77.63157894736842,77.63157894736842,0.0,-2.045284621773432,0.8771929824561403,100.0,0.0,0,0,inf,9.43859649122807,1158274,1181964,,43
dev,per_seed,answer_persistence,22,,228,76.75438596491227,77.19298245614036,0.43859649122807015,-0.26462300681360096,3.508771929824561,50.0,50.0,2,1,2.0,9.201754385964913,1189239,1192386,,44
dev,per_environment,answer_persistence,22,deepseek,6,50.0,50.0,0.0,-0.20015207084712408,0.0,nan,nan,0,0,inf,5.833333333333333,89432,89611,aime24,42
dev,per_environment,answer_persistence,22,deepseek,6,66.66666666666667,66.66666666666667,0.0,-0.152374154048897,0.0,nan,nan,0,0,inf,4.0,72847,72958,aime24,43
dev,per_environment,answer_persistence,22,deepseek,6,66.66666666666667,66.66666666666667,0.0,-0.2337609210180288,0.0,nan,nan,0,0,inf,5.5,68446,68606,aime24,44
dev,per_environment,answer_persistence,22,deepseek,8,87.5,87.5,0.0,-0.18296315207216407,0.0,nan,nan,0,0,inf,3.75,70506,70635,amc23,42
dev,per_environment,answer_persistence,22,deepseek,8,87.5,87.5,0.0,-0.4285604959057167,0.0,nan,nan,0,0,inf,6.125,52268,52492,amc23,43
dev,per_environment,answer_persistence,22,deepseek,8,87.5,87.5,0.0,-0.3479495213530216,0.0,nan,nan,0,0,inf,5.75,57767,57968,amc23,44
dev,per_environment,answer_persistence,22,deepseek,100,78.0,78.0,0.0,-0.4068171389162456,0.0,nan,nan,0,0,inf,2.66,372649,374165,math500,42
dev,per_environment,answer_persistence,22,deepseek,100,77.0,77.0,0.0,-0.616055087784389,0.0,nan,nan,0,0,inf,3.18,361169,363394,math500,43
dev,per_environment,answer_persistence,22,deepseek,100,76.0,76.0,0.0,-0.5207006820046977,0.0,nan,nan,0,0,inf,3.02,388707,390731,math500,44
dev,per_environment,answer_persistence,22,qwen3,6,83.33333333333333,83.33333333333333,0.0,-3.1153238546603474,0.0,nan,nan,0,0,inf,25.166666666666668,79125,81590,aime24,42
dev,per_environment,answer_persistence,22,qwen3,6,83.33333333333333,83.33333333333333,0.0,-3.243322142752883,0.0,nan,nan,0,0,inf,24.833333333333332,68510,70732,aime24,43
dev,per_environment,answer_persistence,22,qwen3,6,83.33333333333333,83.33333333333333,0.0,-3.0745995524247336,0.0,nan,nan,0,0,inf,28.666666666666668,90711,93500,aime24,44
dev,per_environment,answer_persistence,22,qwen3,8,75.0,75.0,0.0,-3.982182286946866,0.0,nan,nan,0,0,inf,23.25,78349,81469,amc23,42
dev,per_environment,answer_persistence,22,qwen3,8,87.5,87.5,0.0,-4.66130607548533,0.0,nan,nan,0,0,inf,27.375,74743,78227,amc23,43
dev,per_environment,answer_persistence,22,qwen3,8,87.5,87.5,0.0,-3.942751743936095,0.0,nan,nan,0,0,inf,26.0,72107,74950,amc23,44
dev,per_environment,answer_persistence,22,qwen3,100,77.0,76.0,-1.0,1.8917628067473304,7.0,85.71428571428571,14.285714285714286,0,1,0.0,13.76,540184,529965,math500,42
dev,per_environment,answer_persistence,22,qwen3,100,77.0,77.0,0.0,-2.9171402795718855,2.0,100.0,0.0,0,0,inf,13.93,528737,544161,math500,43
dev,per_environment,answer_persistence,22,qwen3,100,76.0,77.0,1.0,0.9520998003913971,8.0,50.0,50.0,2,1,2.0,13.37,511501,506631,math500,44
test,per_model,answer_persistence,22,deepseek,342,79.82456140350877,79.82456140350877,0.0,-0.4251763375850967,0.0,nan,nan,0,0,inf,3.1608187134502925,1464804,1471032,,
test,per_model,answer_persistence,22,qwen3,342,81.57894736842105,81.57894736842105,0.0,-0.6349072275248473,4.385964912280702,100.0,0.0,0,0,inf,14.473684210526315,1917918,1930095,,
test,per_benchmark,answer_persistence,22,,36,77.77777777777777,77.77777777777777,0.0,-2.3552452066249066,0.0,nan,nan,0,0,inf,17.75,409002,418635,aime24,
test,per_benchmark,answer_persistence,22,,48,85.41666666666667,85.41666666666667,0.0,-0.525842410164162,4.166666666666667,100.0,0.0,0,0,inf,10.354166666666666,282404,283889,amc23,
test,per_benchmark,answer_persistence,22,,600,80.5,80.5,0.0,-0.2707597324134364,2.1666666666666665,100.0,0.0,0,0,inf,8.158333333333333,2691316,2698603,math500,
test,per_seed,answer_persistence,22,,228,81.57894736842105,81.57894736842105,0.0,0.1732771808164595,2.6315789473684212,100.0,0.0,0,0,inf,8.855263157894736,1132867,1130904,,45
test,per_seed,answer_persistence,22,,228,81.57894736842105,81.57894736842105,0.0,-1.229648142299365,1.3157894736842106,100.0,0.0,0,0,inf,8.87280701754386,1092345,1105777,,46
test,per_seed,answer_persistence,22,,228,78.94736842105263,78.94736842105263,0.0,-0.5992172853798239,2.6315789473684212,100.0,0.0,0,0,inf,8.723684210526315,1157510,1164446,,47
test,per_environment,answer_persistence,22,deepseek,6,83.33333333333333,83.33333333333333,0.0,-0.19149379032817596,0.0,nan,nan,0,0,inf,4.666666666666667,72065,72203,aime24,45
test,per_environment,answer_persistence,22,deepseek,6,83.33333333333333,83.33333333333333,0.0,-0.491786552392613,0.0,nan,nan,0,0,inf,8.166666666666666,49005,49246,aime24,46
test,per_environment,answer_persistence,22,deepseek,6,50.0,50.0,0.0,-0.2066343833304415,0.0,nan,nan,0,0,inf,4.5,63397,63528,aime24,47
test,per_environment,answer_persistence,22,deepseek,8,87.5,87.5,0.0,-0.2174945626359341,0.0,nan,nan,0,0,inf,2.875,40001,40088,amc23,45
test,per_environment,answer_persistence,22,deepseek,8,87.5,87.5,0.0,-0.2844055169636565,0.0,nan,nan,0,0,inf,3.75,39732,39845,amc23,46
test,per_environment,answer_persistence,22,deepseek,8,75.0,75.0,0.0,-0.16404125749983148,0.0,nan,nan,0,0,inf,2.125,44501,44574,amc23,47
test,per_environment,answer_persistence,22,deepseek,100,81.0,81.0,0.0,-0.4722336444489271,0.0,nan,nan,0,0,inf,2.95,386673,388499,math500,45
test,per_environment,answer_persistence,22,deepseek,100,80.0,80.0,0.0,-0.44552813704543354,0.0,nan,nan,0,0,inf,2.82,367878,369517,math500,46
test,per_environment,answer_persistence,22,deepseek,100,79.0,79.0,0.0,-0.49308682312627006,0.0,nan,nan,0,0,inf,3.3,401552,403532,math500,47
test,per_environment,answer_persistence,22,qwen3,6,83.33333333333333,83.33333333333333,0.0,-4.14716946508854,0.0,nan,nan,0,0,inf,30.0,76293,79457,aime24,45
test,per_environment,answer_persistence,22,qwen3,6,83.33333333333333,83.33333333333333,0.0,-4.005485861804687,0.0,nan,nan,0,0,inf,30.0,74373,77352,aime24,46
test,per_environment,answer_persistence,22,qwen3,6,83.33333333333333,83.33333333333333,0.0,-4.034168595757354,0.0,nan,nan,0,0,inf,29.166666666666668,73869,76849,aime24,47
test,per_environment,answer_persistence,22,qwen3,8,87.5,87.5,0.0,-3.1990887327206736,0.0,nan,nan,0,0,inf,16.375,51796,53453,amc23,45
test,per_environment,answer_persistence,22,qwen3,8,87.5,87.5,0.0,-3.8913197950559106,0.0,nan,nan,0,0,inf,18.125,53478,55559,amc23,46
test,per_environment,answer_persistence,22,qwen3,8,87.5,87.5,0.0,4.775408348457351,25.0,100.0,0.0,0,0,inf,18.875,52896,50370,amc23,47
test,per_environment,answer_persistence,22,qwen3,100,81.0,81.0,0.0,1.7459128644234931,6.0,100.0,0.0,0,0,inf,13.62,506039,497204,math500,45
test,per_environment,answer_persistence,22,qwen3,100,82.0,82.0,0.0,-1.2560078286363485,3.0,100.0,0.0,0,0,inf,13.37,507879,514258,math500,46
test,per_environment,answer_persistence,22,qwen3,100,80.0,80.0,0.0,-0.8244851763396925,4.0,100.0,0.0,0,0,inf,12.89,521295,525593,math500,47
train,per_model,answer_persistence,23,deepseek,1026,73.78167641325535,73.78167641325535,0.0,-0.3695512923884763,0.0,nan,nan,0,0,inf,3.1267056530214425,4898914,4917018,,
train,per_model,answer_persistence,23,qwen3,1026,76.0233918128655,76.12085769980507,0.09746588693957114,-1.8916303936974181,2.53411306042885,80.76923076923077,19.23076923076923,2,1,2.0,14.522417153996102,6309795,6429153,,
train,per_benchmark,answer_persistence,23,,108,55.55555555555556,55.55555555555556,0.0,-1.536997316936769,0.0,nan,nan,0,0,inf,16.055555555555557,1661161,1686693,aime24,
train,per_benchmark,answer_persistence,23,,144,84.02777777777777,84.02777777777777,0.0,-0.95997432896394,2.0833333333333335,100.0,0.0,0,0,inf,11.708333333333334,1078258,1088609,amc23,
train,per_benchmark,answer_persistence,23,,1800,75.33333333333333,75.38888888888889,0.05555555555555555,-1.199380349474395,1.2777777777777777,78.26086956521739,21.73913043478261,2,1,2.0,8.16,8469290,8570869,math500,
train,per_seed,answer_persistence,23,,684,74.85380116959064,75.0,0.14619883040935672,-1.0418287173285818,1.3157894736842106,66.66666666666667,33.333333333333336,1,0,inf,8.75438596491228,3741114,3780090,,42
train,per_seed,answer_persistence,23,,684,74.56140350877193,74.70760233918129,0.14619883040935672,-1.2755292705739656,1.1695906432748537,75.0,25.0,1,0,inf,8.713450292397662,3746288,3794073,,43
train,per_seed,answer_persistence,23,,684,75.29239766081871,75.14619883040936,-0.14619883040935672,-1.3624514182785779,1.3157894736842106,100.0,0.0,0,1,0.0,9.005847953216374,3721307,3772008,,44
train,per_environment,answer_persistence,23,deepseek,18,33.333333333333336,33.333333333333336,0.0,-0.18149994661766275,0.0,nan,nan,0,0,inf,6.166666666666667,309091,309652,aime24,42
train,per_environment,answer_persistence,23,deepseek,18,44.44444444444444,44.44444444444444,0.0,-0.20209064756183578,0.0,nan,nan,0,0,inf,5.611111111111111,252362,252872,aime24,43
train,per_environment,answer_persistence,23,deepseek,18,50.0,50.0,0.0,-0.15024798583376134,0.0,nan,nan,0,0,inf,4.222222222222222,260902,261294,aime24,44
train,per_environment,answer_persistence,23,deepseek,24,91.66666666666667,91.66666666666667,0.0,-0.19786411583568106,0.0,nan,nan,0,0,inf,3.0833333333333335,152630,152932,amc23,42
train,per_environment,answer_persistence,23,deepseek,24,70.83333333333333,70.83333333333333,0.0,-0.16590917688512274,0.0,nan,nan,0,0,inf,3.1666666666666665,185041,185348,amc23,43
train,per_environment,answer_persistence,23,deepseek,24,87.5,87.5,0.0,-0.29590577533127876,0.0,nan,nan,0,0,inf,4.041666666666667,154779,155237,amc23,44
train,per_environment,answer_persistence,23,deepseek,300,74.33333333333333,74.33333333333333,0.0,-0.4263821903183327,0.0,nan,nan,0,0,inf,2.8866666666666667,1203615,1208747,math500,42
train,per_environment,answer_persistence,23,deepseek,300,75.0,75.0,0.0,-0.42858868587120563,0.0,nan,nan,0,0,inf,2.9,1175486,1180524,math500,43
train,per_environment,answer_persistence,23,deepseek,300,75.33333333333333,75.33333333333333,0.0,-0.44846175295101776,0.0,nan,nan,0,0,inf,3.1233333333333335,1205008,1210412,math500,44
train,per_environment,answer_persistence,23,qwen3,18,77.77777777777777,77.77777777777777,0.0,-3.0822641062026905,0.0,nan,nan,0,0,inf,27.166666666666668,269899,278218,aime24,42
train,per_environment,answer_persistence,23,qwen3,18,55.55555555555556,55.55555555555556,0.0,-2.5853940947812424,0.0,nan,nan,0,0,inf,26.72222222222222,302275,310090,aime24,43
train,per_environment,answer_persistence,23,qwen3,18,72.22222222222223,72.22222222222223,0.0,-2.9760118815446006,0.0,nan,nan,0,0,inf,26.444444444444443,266632,274567,aime24,44
train,per_environment,answer_persistence,23,qwen3,24,83.33333333333333,83.33333333333333,0.0,-3.6536799209681403,0.0,nan,nan,0,0,inf,20.708333333333332,194352,201453,amc23,42
train,per_environment,answer_persistence,23,qwen3,24,91.66666666666667,91.66666666666667,0.0,-1.4931262200440254,4.166666666666667,100.0,0.0,0,0,inf,19.583333333333332,192616,195492,amc23,43
train,per_environment,answer_persistence,23,qwen3,24,79.16666666666667,79.16666666666667,0.0,0.34852142426071214,8.333333333333334,100.0,0.0,0,0,inf,19.666666666666668,198840,198147,amc23,44
train,per_environment,answer_persistence,23,qwen3,300,75.66666666666667,76.0,0.3333333333333333,-1.0897118074968648,3.0,66.66666666666667,33.333333333333336,1,0,inf,13.17,1611527,1629088,math500,42
train,per_environment,answer_persistence,23,qwen3,300,76.0,76.33333333333333,0.3333333333333333,-1.9065515700869327,2.3333333333333335,71.42857142857143,28.571428571428573,1,0,inf,13.206666666666667,1638508,1669747,math500,43
train,per_environment,answer_persistence,23,qwen3,300,75.66666666666667,75.33333333333333,-0.3333333333333333,-2.2753319887031496,2.3333333333333335,100.0,0.0,0,1,0.0,13.673333333333334,1635146,1672351,math500,44
dev,per_model,answer_persistence,23,deepseek,342,76.90058479532163,76.90058479532163,0.0,-0.4413247958815771,0.0,nan,nan,0,0,inf,3.2251461988304095,1533791,1540560,,
dev,per_model,answer_persistence,23,qwen3,342,77.48538011695906,77.48538011695906,0.0,-1.296302728957953,3.801169590643275,69.23076923076923,30.76923076923077,2,2,1.0,15.216374269005849,2043967,2070463,,
dev,per_benchmark,answer_persistence,23,,36,72.22222222222223,72.22222222222223,0.0,-1.6897228777733009,0.0,nan,nan,0,0,inf,15.666666666666666,469071,476997,aime24,
dev,per_benchmark,answer_persistence,23,,48,85.41666666666667,85.41666666666667,0.0,-2.4648789865431064,0.0,nan,nan,0,0,inf,15.375,405740,415741,amc23,
dev,per_benchmark,answer_persistence,23,,600,76.83333333333333,76.83333333333333,0.0,-0.5674547077689648,2.1666666666666665,69.23076923076923,30.76923076923077,2,2,1.0,8.341666666666667,2702947,2718285,math500,
dev,per_seed,answer_persistence,23,,228,77.19298245614036,76.75438596491227,-0.43859649122807015,-0.019589593942669955,2.6315789473684212,83.33333333333333,16.666666666666668,0,1,0.0,8.991228070175438,1230245,1230486,,42
dev,per_seed,answer_persistence,23,,228,77.63157894736842,77.63157894736842,0.0,-2.1247994861319515,0.43859649122807015,100.0,0.0,0,0,inf,9.442982456140351,1158274,1182885,,43
dev,per_seed,answer_persistence,23,,228,76.75438596491227,77.19298245614036,0.43859649122807015,-0.7074271866294328,2.6315789473684212,50.0,50.0,2,1,2.0,9.228070175438596,1189239,1197652,,44
dev,per_environment,answer_persistence,23,deepseek,6,50.0,50.0,0.0,-0.20015207084712408,0.0,nan,nan,0,0,inf,5.833333333333333,89432,89611,aime24,42
dev,per_environment,answer_persistence,23,deepseek,6,66.66666666666667,66.66666666666667,0.0,-0.152374154048897,0.0,nan,nan,0,0,inf,4.0,72847,72958,aime24,43
dev,per_environment,answer_persistence,23,deepseek,6,66.66666666666667,66.66666666666667,0.0,-0.2337609210180288,0.0,nan,nan,0,0,inf,5.5,68446,68606,aime24,44
dev,per_environment,answer_persistence,23,deepseek,8,87.5,87.5,0.0,-0.18296315207216407,0.0,nan,nan,0,0,inf,3.75,70506,70635,amc23,42
dev,per_environment,answer_persistence,23,deepseek,8,87.5,87.5,0.0,-0.4285604959057167,0.0,nan,nan,0,0,inf,6.125,52268,52492,amc23,43
dev,per_environment,answer_persistence,23,deepseek,8,87.5,87.5,0.0,-0.3479495213530216,0.0,nan,nan,0,0,inf,5.75,57767,57968,amc23,44
dev,per_environment,answer_persistence,23,deepseek,100,78.0,78.0,0.0,-0.4068171389162456,0.0,nan,nan,0,0,inf,2.66,372649,374165,math500,42
dev,per_environment,answer_persistence,23,deepseek,100,77.0,77.0,0.0,-0.616055087784389,0.0,nan,nan,0,0,inf,3.18,361169,363394,math500,43
dev,per_environment,answer_persistence,23,deepseek,100,76.0,76.0,0.0,-0.5207006820046977,0.0,nan,nan,0,0,inf,3.02,388707,390731,math500,44
dev,per_environment,answer_persistence,23,qwen3,6,83.33333333333333,83.33333333333333,0.0,-3.1153238546603474,0.0,nan,nan,0,0,inf,25.166666666666668,79125,81590,aime24,42
dev,per_environment,answer_persistence,23,qwen3,6,83.33333333333333,83.33333333333333,0.0,-3.243322142752883,0.0,nan,nan,0,0,inf,24.833333333333332,68510,70732,aime24,43
dev,per_environment,answer_persistence,23,qwen3,6,83.33333333333333,83.33333333333333,0.0,-3.0745995524247336,0.0,nan,nan,0,0,inf,28.666666666666668,90711,93500,aime24,44
dev,per_environment,answer_persistence,23,qwen3,8,75.0,75.0,0.0,-3.982182286946866,0.0,nan,nan,0,0,inf,23.25,78349,81469,amc23,42
dev,per_environment,answer_persistence,23,qwen3,8,87.5,87.5,0.0,-4.66130607548533,0.0,nan,nan,0,0,inf,27.375,74743,78227,amc23,43
dev,per_environment,answer_persistence,23,qwen3,8,87.5,87.5,0.0,-3.942751743936095,0.0,nan,nan,0,0,inf,26.0,72107,74950,amc23,44
dev,per_environment,answer_persistence,23,qwen3,100,77.0,76.0,-1.0,1.326955259689291,6.0,83.33333333333333,16.666666666666668,0,1,0.0,13.82,540184,533016,math500,42
dev,per_environment,answer_persistence,23,qwen3,100,77.0,77.0,0.0,-3.091328959388127,1.0,100.0,0.0,0,0,inf,13.94,528737,545082,math500,43
dev,per_environment,answer_persistence,23,qwen3,100,76.0,77.0,1.0,-0.07741920348151812,6.0,50.0,50.0,2,1,2.0,13.43,511501,511897,math500,44
test,per_model,answer_persistence,23,deepseek,342,79.82456140350877,79.82456140350877,0.0,-0.4251763375850967,0.0,nan,nan,0,0,inf,3.1608187134502925,1464804,1471032,,
test,per_model,answer_persistence,23,qwen3,342,81.57894736842105,81.57894736842105,0.0,-1.417422434118664,3.216374269005848,100.0,0.0,0,0,inf,14.505847953216374,1917918,1945103,,
test,per_benchmark,answer_persistence,23,,36,77.77777777777777,77.77777777777777,0.0,-2.3552452066249066,0.0,nan,nan,0,0,inf,17.75,409002,418635,aime24,
test,per_benchmark,answer_persistence,23,,48,85.41666666666667,85.41666666666667,0.0,-1.024064814945964,2.0833333333333335,100.0,0.0,0,0,inf,10.375,282404,285296,amc23,
test,per_benchmark,answer_persistence,23,,600,80.5,80.5,0.0,-0.776125880424298,1.6666666666666667,100.0,0.0,0,0,inf,8.175,2691316,2712204,math500,
test,per_seed,answer_persistence,23,,228,81.57894736842105,81.57894736842105,0.0,-0.278496946243469,2.192982456140351,100.0,0.0,0,0,inf,8.87719298245614,1132867,1136022,,45
test,per_seed,answer_persistence,23,,228,81.57894736842105,81.57894736842105,0.0,-1.4606191267410937,0.8771929824561403,100.0,0.0,0,0,inf,8.881578947368421,1092345,1108300,,46
test,per_seed,answer_persistence,23,,228,78.94736842105263,78.94736842105263,0.0,-1.23566967024043,1.7543859649122806,100.0,0.0,0,0,inf,8.741228070175438,1157510,1171813,,47
test,per_environment,answer_persistence,23,deepseek,6,83.33333333333333,83.33333333333333,0.0,-0.19149379032817596,0.0,nan,nan,0,0,inf,4.666666666666667,72065,72203,aime24,45
test,per_environment,answer_persistence,23,deepseek,6,83.33333333333333,83.33333333333333,0.0,-0.491786552392613,0.0,nan,nan,0,0,inf,8.166666666666666,49005,49246,aime24,46
test,per_environment,answer_persistence,23,deepseek,6,50.0,50.0,0.0,-0.2066343833304415,0.0,nan,nan,0,0,inf,4.5,63397,63528,aime24,47
test,per_environment,answer_persistence,23,deepseek,8,87.5,87.5,0.0,-0.2174945626359341,0.0,nan,nan,0,0,inf,2.875,40001,40088,amc23,45
test,per_environment,answer_persistence,23,deepseek,8,87.5,87.5,0.0,-0.2844055169636565,0.0,nan,nan,0,0,inf,3.75,39732,39845,amc23,46
test,per_environment,answer_persistence,23,deepseek,8,75.0,75.0,0.0,-0.16404125749983148,0.0,nan,nan,0,0,inf,2.125,44501,44574,amc23,47
test,per_environment,answer_persistence,23,deepseek,100,81.0,81.0,0.0,-0.4722336444489271,0.0,nan,nan,0,0,inf,2.95,386673,388499,math500,45
test,per_environment,answer_persistence,23,deepseek,100,80.0,80.0,0.0,-0.44552813704543354,0.0,nan,nan,0,0,inf,2.82,367878,369517,math500,46
test,per_environment,answer_persistence,23,deepseek,100,79.0,79.0,0.0,-0.49308682312627006,0.0,nan,nan,0,0,inf,3.3,401552,403532,math500,47
test,per_environment,answer_persistence,23,qwen3,6,83.33333333333333,83.33333333333333,0.0,-4.14716946508854,0.0,nan,nan,0,0,inf,30.0,76293,79457,aime24,45
test,per_environment,answer_persistence,23,qwen3,6,83.33333333333333,83.33333333333333,0.0,-4.005485861804687,0.0,nan,nan,0,0,inf,30.0,74373,77352,aime24,46
test,per_environment,answer_persistence,23,qwen3,6,83.33333333333333,83.33333333333333,0.0,-4.034168595757354,0.0,nan,nan,0,0,inf,29.166666666666668,73869,76849,aime24,47
test,per_environment,answer_persistence,23,qwen3,8,87.5,87.5,0.0,-3.1990887327206736,0.0,nan,nan,0,0,inf,16.375,51796,53453,amc23,45
test,per_environment,answer_persistence,23,qwen3,8,87.5,87.5,0.0,-3.8913197950559106,0.0,nan,nan,0,0,inf,18.125,53478,55559,amc23,46
test,per_environment,answer_persistence,23,qwen3,8,87.5,87.5,0.0,2.1154718693284935,12.5,100.0,0.0,0,0,inf,19.0,52896,51777,amc23,47
test,per_environment,answer_persistence,23,qwen3,100,81.0,81.0,0.0,0.7345283663907327,5.0,100.0,0.0,0,0,inf,13.67,506039,502322,math500,45
test,per_environment,answer_persistence,23,qwen3,100,82.0,82.0,0.0,-1.7527796975263794,2.0,100.0,0.0,0,0,inf,13.39,507879,516781,math500,46
test,per_environment,answer_persistence,23,qwen3,100,80.0,80.0,0.0,-1.9677917493933377,3.0,100.0,0.0,0,0,inf,12.92,521295,531553,math500,47
train,per_model,answer_persistence,24,deepseek,1026,73.78167641325535,73.78167641325535,0.0,-0.3695512923884763,0.0,nan,nan,0,0,inf,3.1267056530214425,4898914,4917018,,
train,per_model,answer_persistence,24,qwen3,1026,76.0233918128655,76.12085769980507,0.09746588693957114,-2.1627485520528005,1.8518518518518519,73.6842105263158,26.31578947368421,2,1,2.0,14.54093567251462,6309795,6446260,,
train,per_benchmark,answer_persistence,24,,108,55.55555555555556,55.55555555555556,0.0,-1.536997316936769,0.0,nan,nan,0,0,inf,16.055555555555557,1661161,1686693,aime24,
train,per_benchmark,answer_persistence,24,,144,84.02777777777777,84.02777777777777,0.0,-1.7027464669865653,0.6944444444444444,100.0,0.0,0,0,inf,11.715277777777779,1078258,1096618,amc23,
train,per_benchmark,answer_persistence,24,,1800,75.33333333333333,75.38888888888889,0.05555555555555555,-1.3068037580481953,1.0,72.22222222222223,27.77777777777778,2,1,2.0,8.17,8469290,8579967,math500,
train,per_seed,answer_persistence,24,,684,74.85380116959064,75.0,0.14619883040935672,-1.1001268606088987,1.023391812865497,57.142857142857146,42.857142857142854,1,0,inf,8.764619883040936,3741114,3782271,,42
train,per_seed,answer_persistence,24,,684,74.56140350877193,74.70760233918129,0.14619883040935672,-1.3068402642829382,1.1695906432748537,75.0,25.0,1,0,inf,8.725146198830409,3746288,3795246,,43
train,per_seed,answer_persistence,24,,684,75.29239766081871,75.14619883040936,-0.14619883040935672,-1.7320258715553434,0.5847953216374269,100.0,0.0,0,1,0.0,9.011695906432749,3721307,3785761,,44
train,per_environment,answer_persistence,24,deepseek,18,33.333333333333336,33.333333333333336,0.0,-0.18149994661766275,0.0,nan,nan,0,0,inf,6.166666666666667,309091,309652,aime24,42
train,per_environment,answer_persistence,24,deepseek,18,44.44444444444444,44.44444444444444,0.0,-0.20209064756183578,0.0,nan,nan,0,0,inf,5.611111111111111,252362,252872,aime24,43
train,per_environment,answer_persistence,24,deepseek,18,50.0,50.0,0.0,-0.15024798583376134,0.0,nan,nan,0,0,inf,4.222222222222222,260902,261294,aime24,44
train,per_environment,answer_persistence,24,deepseek,24,91.66666666666667,91.66666666666667,0.0,-0.19786411583568106,0.0,nan,nan,0,0,inf,3.0833333333333335,152630,152932,amc23,42
train,per_environment,answer_persistence,24,deepseek,24,70.83333333333333,70.83333333333333,0.0,-0.16590917688512274,0.0,nan,nan,0,0,inf,3.1666666666666665,185041,185348,amc23,43
train,per_environment,answer_persistence,24,deepseek,24,87.5,87.5,0.0,-0.29590577533127876,0.0,nan,nan,0,0,inf,4.041666666666667,154779,155237,amc23,44
train,per_environment,answer_persistence,24,deepseek,300,74.33333333333333,74.33333333333333,0.0,-0.4263821903183327,0.0,nan,nan,0,0,inf,2.8866666666666667,1203615,1208747,math500,42
train,per_environment,answer_persistence,24,deepseek,300,75.0,75.0,0.0,-0.42858868587120563,0.0,nan,nan,0,0,inf,2.9,1175486,1180524,math500,43
train,per_environment,answer_persistence,24,deepseek,300,75.33333333333333,75.33333333333333,0.0,-0.44846175295101776,0.0,nan,nan,0,0,inf,3.1233333333333335,1205008,1210412,math500,44
train,per_environment,answer_persistence,24,qwen3,18,77.77777777777777,77.77777777777777,0.0,-3.0822641062026905,0.0,nan,nan,0,0,inf,27.166666666666668,269899,278218,aime24,42
train,per_environment,answer_persistence,24,qwen3,18,55.55555555555556,55.55555555555556,0.0,-2.5853940947812424,0.0,nan,nan,0,0,inf,26.72222222222222,302275,310090,aime24,43
train,per_environment,answer_persistence,24,qwen3,18,72.22222222222223,72.22222222222223,0.0,-2.9760118815446006,0.0,nan,nan,0,0,inf,26.444444444444443,266632,274567,aime24,44
train,per_environment,answer_persistence,24,qwen3,24,83.33333333333333,83.33333333333333,0.0,-3.6536799209681403,0.0,nan,nan,0,0,inf,20.708333333333332,194352,201453,amc23,42
train,per_environment,answer_persistence,24,qwen3,24,91.66666666666667,91.66666666666667,0.0,-1.661855712921045,4.166666666666667,100.0,0.0,0,0,inf,19.625,192616,195817,amc23,43
train,per_environment,answer_persistence,24,qwen3,24,79.16666666666667,79.16666666666667,0.0,-3.515892174612754,0.0,nan,nan,0,0,inf,19.666666666666668,198840,205831,amc23,44
train,per_environment,answer_persistence,24,qwen3,300,75.66666666666667,76.0,0.3333333333333333,-1.2250492855533912,2.3333333333333335,57.142857142857146,42.857142857142854,1,0,inf,13.193333333333333,1611527,1631269,math500,42
train,per_environment,answer_persistence,24,qwen3,300,76.0,76.33333333333333,0.3333333333333333,-1.958305971041948,2.3333333333333335,71.42857142857143,28.571428571428573,1,0,inf,13.23,1638508,1670595,math500,43
train,per_environment,answer_persistence,24,qwen3,300,75.66666666666667,75.33333333333333,-0.3333333333333333,-2.646491505957266,1.3333333333333333,100.0,0.0,0,1,0.0,13.686666666666667,1635146,1678420,math500,44
dev,per_model,answer_persistence,24,deepseek,342,76.90058479532163,76.90058479532163,0.0,-0.4413247958815771,0.0,nan,nan,0,0,inf,3.2251461988304095,1533791,1540560,,
dev,per_model,answer_persistence,24,qwen3,342,77.48538011695906,77.48538011695906,0.0,-1.5166096125818078,3.216374269005848,63.63636363636363,36.36363636363637,2,2,1.0,15.248538011695906,2043967,2074966,,
dev,per_benchmark,answer_persistence,24,,36,72.22222222222223,72.22222222222223,0.0,-1.6897228777733009,0.0,nan,nan,0,0,inf,15.666666666666666,469071,476997,aime24,
dev,per_benchmark,answer_persistence,24,,48,85.41666666666667,85.41666666666667,0.0,-2.4648789865431064,0.0,nan,nan,0,0,inf,15.375,405740,415741,amc23,
dev,per_benchmark,answer_persistence,24,,600,76.83333333333333,76.83333333333333,0.0,-0.7340506491618223,1.8333333333333333,63.63636363636363,36.36363636363637,2,2,1.0,8.36,2702947,2722788,math500,
dev,per_seed,answer_persistence,24,,228,77.19298245614036,76.75438596491227,-0.43859649122807015,-0.3500928676808278,1.7543859649122806,75.0,25.0,0,1,0.0,9.008771929824562,1230245,1234552,,42
dev,per_seed,answer_persistence,24,,228,77.63157894736842,77.63157894736842,0.0,-2.1265261932841453,0.43859649122807015,100.0,0.0,0,0,inf,9.447368421052632,1158274,1182905,,43
dev,per_seed,answer_persistence,24,,228,76.75438596491227,77.19298245614036,0.43859649122807015,-0.7424916269984418,2.6315789473684212,50.0,50.0,2,1,2.0,9.25438596491228,1189239,1198069,,44
dev,per_environment,answer_persistence,24,deepseek,6,50.0,50.0,0.0,-0.20015207084712408,0.0,nan,nan,0,0,inf,5.833333333333333,89432,89611,aime24,42
dev,per_environment,answer_persistence,24,deepseek,6,66.66666666666667,66.66666666666667,0.0,-0.152374154048897,0.0,nan,nan,0,0,inf,4.0,72847,72958,aime24,43
dev,per_environment,answer_persistence,24,deepseek,6,66.66666666666667,66.66666666666667,0.0,-0.2337609210180288,0.0,nan,nan,0,0,inf,5.5,68446,68606,aime24,44
dev,per_environment,answer_persistence,24,deepseek,8,87.5,87.5,0.0,-0.18296315207216407,0.0,nan,nan,0,0,inf,3.75,70506,70635,amc23,42
dev,per_environment,answer_persistence,24,deepseek,8,87.5,87.5,0.0,-0.4285604959057167,0.0,nan,nan,0,0,inf,6.125,52268,52492,amc23,43
dev,per_environment,answer_persistence,24,deepseek,8,87.5,87.5,0.0,-0.3479495213530216,0.0,nan,nan,0,0,inf,5.75,57767,57968,amc23,44
dev,per_environment,answer_persistence,24,deepseek,100,78.0,78.0,0.0,-0.4068171389162456,0.0,nan,nan,0,0,inf,2.66,372649,374165,math500,42
dev,per_environment,answer_persistence,24,deepseek,100,77.0,77.0,0.0,-0.616055087784389,0.0,nan,nan,0,0,inf,3.18,361169,363394,math500,43
dev,per_environment,answer_persistence,24,deepseek,100,76.0,76.0,0.0,-0.5207006820046977,0.0,nan,nan,0,0,inf,3.02,388707,390731,math500,44
dev,per_environment,answer_persistence,24,qwen3,6,83.33333333333333,83.33333333333333,0.0,-3.1153238546603474,0.0,nan,nan,0,0,inf,25.166666666666668,79125,81590,aime24,42
dev,per_environment,answer_persistence,24,qwen3,6,83.33333333333333,83.33333333333333,0.0,-3.243322142752883,0.0,nan,nan,0,0,inf,24.833333333333332,68510,70732,aime24,43
dev,per_environment,answer_persistence,24,qwen3,6,83.33333333333333,83.33333333333333,0.0,-3.0745995524247336,0.0,nan,nan,0,0,inf,28.666666666666668,90711,93500,aime24,44
dev,per_environment,answer_persistence,24,qwen3,8,75.0,75.0,0.0,-3.982182286946866,0.0,nan,nan,0,0,inf,23.25,78349,81469,amc23,42
dev,per_environment,answer_persistence,24,qwen3,8,87.5,87.5,0.0,-4.66130607548533,0.0,nan,nan,0,0,inf,27.375,74743,78227,amc23,43
dev,per_environment,answer_persistence,24,qwen3,8,87.5,87.5,0.0,-3.942751743936095,0.0,nan,nan,0,0,inf,26.0,72107,74950,amc23,44
dev,per_environment,answer_persistence,24,qwen3,100,77.0,76.0,-1.0,0.5742487744916547,4.0,75.0,25.0,0,1,0.0,13.86,540184,537082,math500,42
dev,per_environment,answer_persistence,24,qwen3,100,77.0,77.0,0.0,-3.09511155829836,1.0,100.0,0.0,0,0,inf,13.95,528737,545102,math500,43
dev,per_environment,answer_persistence,24,qwen3,100,76.0,77.0,1.0,-0.15894397078402583,6.0,50.0,50.0,2,1,2.0,13.49,511501,512314,math500,44
test,per_model,answer_persistence,24,deepseek,342,79.82456140350877,79.82456140350877,0.0,-0.4251763375850967,0.0,nan,nan,0,0,inf,3.1608187134502925,1464804,1471032,,
test,per_model,answer_persistence,24,qwen3,342,81.57894736842105,81.57894736842105,0.0,-1.6180045236553389,2.9239766081871346,100.0,0.0,0,0,inf,14.546783625730994,1917918,1948950,,
test,per_benchmark,answer_persistence,24,,36,77.77777777777777,77.77777777777777,0.0,-2.3552452066249066,0.0,nan,nan,0,0,inf,17.75,409002,418635,aime24,
test,per_benchmark,answer_persistence,24,,48,85.41666666666667,85.41666666666667,0.0,-2.0116570586818883,0.0,nan,nan,0,0,inf,10.458333333333334,282404,288085,amc23,
test,per_benchmark,answer_persistence,24,,600,80.5,80.5,0.0,-0.8154375034369803,1.6666666666666667,100.0,0.0,0,0,inf,8.191666666666666,2691316,2713262,math500,
test,per_seed,answer_persistence,24,,228,81.57894736842105,81.57894736842105,0.0,-0.32280929711960893,2.192982456140351,100.0,0.0,0,0,inf,8.899122807017545,1132867,1136524,,45
test,per_seed,answer_persistence,24,,228,81.57894736842105,81.57894736842105,0.0,-1.4796607298976057,0.8771929824561403,100.0,0.0,0,0,inf,8.890350877192983,1092345,1108508,,46
test,per_seed,answer_persistence,24,,228,78.94736842105263,78.94736842105263,0.0,-1.5066824476678387,1.3157894736842106,100.0,0.0,0,0,inf,8.771929824561404,1157510,1174950,,47
test,per_environment,answer_persistence,24,deepseek,6,83.33333333333333,83.33333333333333,0.0,-0.19149379032817596,0.0,nan,nan,0,0,inf,4.666666666666667,72065,72203,aime24,45
test,per_environment,answer_persistence,24,deepseek,6,83.33333333333333,83.33333333333333,0.0,-0.491786552392613,0.0,nan,nan,0,0,inf,8.166666666666666,49005,49246,aime24,46
test,per_environment,answer_persistence,24,deepseek,6,50.0,50.0,0.0,-0.2066343833304415,0.0,nan,nan,0,0,inf,4.5,63397,63528,aime24,47
test,per_environment,answer_persistence,24,deepseek,8,87.5,87.5,0.0,-0.2174945626359341,0.0,nan,nan,0,0,inf,2.875,40001,40088,amc23,45
test,per_environment,answer_persistence,24,deepseek,8,87.5,87.5,0.0,-0.2844055169636565,0.0,nan,nan,0,0,inf,3.75,39732,39845,amc23,46
test,per_environment,answer_persistence,24,deepseek,8,75.0,75.0,0.0,-0.16404125749983148,0.0,nan,nan,0,0,inf,2.125,44501,44574,amc23,47
test,per_environment,answer_persistence,24,deepseek,100,81.0,81.0,0.0,-0.4722336444489271,0.0,nan,nan,0,0,inf,2.95,386673,388499,math500,45
test,per_environment,answer_persistence,24,deepseek,100,80.0,80.0,0.0,-0.44552813704543354,0.0,nan,nan,0,0,inf,2.82,367878,369517,math500,46
test,per_environment,answer_persistence,24,deepseek,100,79.0,79.0,0.0,-0.49308682312627006,0.0,nan,nan,0,0,inf,3.3,401552,403532,math500,47
test,per_environment,answer_persistence,24,qwen3,6,83.33333333333333,83.33333333333333,0.0,-4.14716946508854,0.0,nan,nan,0,0,inf,30.0,76293,79457,aime24,45
test,per_environment,answer_persistence,24,qwen3,6,83.33333333333333,83.33333333333333,0.0,-4.005485861804687,0.0,nan,nan,0,0,inf,30.0,74373,77352,aime24,46
test,per_environment,answer_persistence,24,qwen3,6,83.33333333333333,83.33333333333333,0.0,-4.034168595757354,0.0,nan,nan,0,0,inf,29.166666666666668,73869,76849,aime24,47
test,per_environment,answer_persistence,24,qwen3,8,87.5,87.5,0.0,-3.1990887327206736,0.0,nan,nan,0,0,inf,16.375,51796,53453,amc23,45
test,per_environment,answer_persistence,24,qwen3,8,87.5,87.5,0.0,-3.8913197950559106,0.0,nan,nan,0,0,inf,18.125,53478,55559,amc23,46
test,per_environment,answer_persistence,24,qwen3,8,87.5,87.5,0.0,-3.1571385359951605,0.0,nan,nan,0,0,inf,19.5,52896,54566,amc23,47
test,per_environment,answer_persistence,24,qwen3,100,81.0,81.0,0.0,0.6353265262163588,5.0,100.0,0.0,0,0,inf,13.72,506039,502824,math500,45
test,per_environment,answer_persistence,24,qwen3,100,82.0,82.0,0.0,-1.7937343343591683,2.0,100.0,0.0,0,0,inf,13.41,507879,516989,math500,46
test,per_environment,answer_persistence,24,qwen3,100,80.0,80.0,0.0,-2.034548576142108,3.0,100.0,0.0,0,0,inf,12.95,521295,531901,math500,47
train,per_model,answer_persistence,25,deepseek,1026,73.78167641325535,73.78167641325535,0.0,-0.3695512923884763,0.0,nan,nan,0,0,inf,3.1267056530214425,4898914,4917018,,
train,per_model,answer_persistence,25,qwen3,1026,75.92592592592592,76.12085769980507,0.1949317738791423,-2.334243822501365,1.5594541910331383,68.75,31.25,2,0,inf,14.556530214424951,6309795,6457081,,
train,per_benchmark,answer_persistence,25,,108,55.55555555555556,55.55555555555556,0.0,-1.536997316936769,0.0,nan,nan,0,0,inf,16.055555555555557,1661161,1686693,aime24,
train,per_benchmark,answer_persistence,25,,144,84.02777777777777,84.02777777777777,0.0,-1.7345570355146913,0.6944444444444444,100.0,0.0,0,0,inf,11.722222222222221,1078258,1096961,amc23,
train,per_benchmark,answer_persistence,25,,1800,75.27777777777777,75.38888888888889,0.1111111111111111,-1.4305213305955988,0.8333333333333334,66.66666666666667,33.333333333333336,2,0,inf,8.178333333333333,8469290,8590445,math500,
train,per_seed,answer_persistence,25,,684,74.85380116959064,75.0,0.14619883040935672,-1.2368775717607108,0.8771929824561403,50.0,50.0,1,0,inf,8.773391812865498,3741114,3787387,,42
train,per_seed,answer_persistence,25,,684,74.56140350877193,74.70760233918129,0.14619883040935672,-1.3654582883109894,1.023391812865497,71.42857142857143,28.571428571428573,1,0,inf,8.735380116959064,3746288,3797442,,43
train,per_seed,answer_persistence,25,,684,75.14619883040936,75.14619883040936,0.0,-1.8263206986147609,0.43859649122807015,100.0,0.0,0,0,inf,9.01608187134503,3721307,3789270,,44
train,per_environment,answer_persistence,25,deepseek,18,33.333333333333336,33.333333333333336,0.0,-0.18149994661766275,0.0,nan,nan,0,0,inf,6.166666666666667,309091,309652,aime24,42
train,per_environment,answer_persistence,25,deepseek,18,44.44444444444444,44.44444444444444,0.0,-0.20209064756183578,0.0,nan,nan,0,0,inf,5.611111111111111,252362,252872,aime24,43
train,per_environment,answer_persistence,25,deepseek,18,50.0,50.0,0.0,-0.15024798583376134,0.0,nan,nan,0,0,inf,4.222222222222222,260902,261294,aime24,44
train,per_environment,answer_persistence,25,deepseek,24,91.66666666666667,91.66666666666667,0.0,-0.19786411583568106,0.0,nan,nan,0,0,inf,3.0833333333333335,152630,152932,amc23,42
train,per_environment,answer_persistence,25,deepseek,24,70.83333333333333,70.83333333333333,0.0,-0.16590917688512274,0.0,nan,nan,0,0,inf,3.1666666666666665,185041,185348,amc23,43
train,per_environment,answer_persistence,25,deepseek,24,87.5,87.5,0.0,-0.29590577533127876,0.0,nan,nan,0,0,inf,4.041666666666667,154779,155237,amc23,44
train,per_environment,answer_persistence,25,deepseek,300,74.33333333333333,74.33333333333333,0.0,-0.4263821903183327,0.0,nan,nan,0,0,inf,2.8866666666666667,1203615,1208747,math500,42
train,per_environment,answer_persistence,25,deepseek,300,75.0,75.0,0.0,-0.42858868587120563,0.0,nan,nan,0,0,inf,2.9,1175486,1180524,math500,43
train,per_environment,answer_persistence,25,deepseek,300,75.33333333333333,75.33333333333333,0.0,-0.44846175295101776,0.0,nan,nan,0,0,inf,3.1233333333333335,1205008,1210412,math500,44
train,per_environment,answer_persistence,25,qwen3,18,77.77777777777777,77.77777777777777,0.0,-3.0822641062026905,0.0,nan,nan,0,0,inf,27.166666666666668,269899,278218,aime24,42
train,per_environment,answer_persistence,25,qwen3,18,55.55555555555556,55.55555555555556,0.0,-2.5853940947812424,0.0,nan,nan,0,0,inf,26.72222222222222,302275,310090,aime24,43
train,per_environment,answer_persistence,25,qwen3,18,72.22222222222223,72.22222222222223,0.0,-2.9760118815446006,0.0,nan,nan,0,0,inf,26.444444444444443,266632,274567,aime24,44
train,per_environment,answer_persistence,25,qwen3,24,83.33333333333333,83.33333333333333,0.0,-3.6536799209681403,0.0,nan,nan,0,0,inf,20.708333333333332,194352,201453,amc23,42
train,per_environment,answer_persistence,25,qwen3,24,91.66666666666667,91.66666666666667,0.0,-1.8399302238650994,4.166666666666667,100.0,0.0,0,0,inf,19.666666666666668,192616,196160,amc23,43
train,per_environment,answer_persistence,25,qwen3,24,79.16666666666667,79.16666666666667,0.0,-3.515892174612754,0.0,nan,nan,0,0,inf,19.666666666666668,198840,205831,amc23,44
train,per_environment,answer_persistence,25,qwen3,300,75.66666666666667,76.0,0.3333333333333333,-1.542512163928994,2.0,50.0,50.0,1,0,inf,13.213333333333333,1611527,1636385,math500,42
train,per_environment,answer_persistence,25,qwen3,300,76.0,76.33333333333333,0.3333333333333333,-2.0713966608646404,2.0,66.66666666666667,33.333333333333336,1,0,inf,13.25,1638508,1672448,math500,43
train,per_environment,answer_persistence,25,qwen3,300,75.33333333333333,75.33333333333333,0.0,-2.861090080029551,1.0,100.0,0.0,0,0,inf,13.696666666666667,1635146,1681929,math500,44
dev,per_model,answer_persistence,25,deepseek,342,76.90058479532163,76.90058479532163,0.0,-0.4413247958815771,0.0,nan,nan,0,0,inf,3.2251461988304095,1533791,1540560,,
dev,per_model,answer_persistence,25,qwen3,342,77.77777777777777,77.48538011695906,-0.29239766081871343,-1.7530615709549127,2.6315789473684212,66.66666666666667,33.333333333333336,1,2,0.5,15.274853801169591,2043967,2079799,,
dev,per_benchmark,answer_persistence,25,,36,72.22222222222223,72.22222222222223,0.0,-1.6897228777733009,0.0,nan,nan,0,0,inf,15.666666666666666,469071,476997,aime24,
dev,per_benchmark,answer_persistence,25,,48,85.41666666666667,85.41666666666667,0.0,-2.4648789865431064,0.0,nan,nan,0,0,inf,15.375,405740,415741,amc23,
dev,per_benchmark,answer_persistence,25,,600,77.0,76.83333333333333,-0.16666666666666666,-0.9128554869925307,1.5,66.66666666666667,33.333333333333336,1,2,0.5,8.375,2702947,2727621,math500,
dev,per_seed,answer_persistence,25,,228,77.19298245614036,76.75438596491227,-0.43859649122807015,-0.38805278623363637,1.7543859649122806,75.0,25.0,0,1,0.0,9.026315789473685,1230245,1235019,,42
dev,per_seed,answer_persistence,25,,228,77.63157894736842,77.63157894736842,0.0,-2.2967795184904434,0.0,nan,nan,0,0,inf,9.447368421052632,1158274,1184877,,43
dev,per_seed,answer_persistence,25,,228,77.19298245614036,77.19298245614036,0.0,-0.943796831419084,2.192982456140351,60.0,40.0,1,1,1.0,9.276315789473685,1189239,1200463,,44
dev,per_environment,answer_persistence,25,deepseek,6,50.0,50.0,0.0,-0.20015207084712408,0.0,nan,nan,0,0,inf,5.833333333333333,89432,89611,aime24,42
dev,per_environment,answer_persistence,25,deepseek,6,66.66666666666667,66.66666666666667,0.0,-0.152374154048897,0.0,nan,nan,0,0,inf,4.0,72847,72958,aime24,43
dev,per_environment,answer_persistence,25,deepseek,6,66.66666666666667,66.66666666666667,0.0,-0.2337609210180288,0.0,nan,nan,0,0,inf,5.5,68446,68606,aime24,44
dev,per_environment,answer_persistence,25,deepseek,8,87.5,87.5,0.0,-0.18296315207216407,0.0,nan,nan,0,0,inf,3.75,70506,70635,amc23,42
dev,per_environment,answer_persistence,25,deepseek,8,87.5,87.5,0.0,-0.4285604959057167,0.0,nan,nan,0,0,inf,6.125,52268,52492,amc23,43
dev,per_environment,answer_persistence,25,deepseek,8,87.5,87.5,0.0,-0.3479495213530216,0.0,nan,nan,0,0,inf,5.75,57767,57968,amc23,44
dev,per_environment,answer_persistence,25,deepseek,100,78.0,78.0,0.0,-0.4068171389162456,0.0,nan,nan,0,0,inf,2.66,372649,374165,math500,42
dev,per_environment,answer_persistence,25,deepseek,100,77.0,77.0,0.0,-0.616055087784389,0.0,nan,nan,0,0,inf,3.18,361169,363394,math500,43
dev,per_environment,answer_persistence,25,deepseek,100,76.0,76.0,0.0,-0.5207006820046977,0.0,nan,nan,0,0,inf,3.02,388707,390731,math500,44
dev,per_environment,answer_persistence,25,qwen3,6,83.33333333333333,83.33333333333333,0.0,-3.1153238546603474,0.0,nan,nan,0,0,inf,25.166666666666668,79125,81590,aime24,42
dev,per_environment,answer_persistence,25,qwen3,6,83.33333333333333,83.33333333333333,0.0,-3.243322142752883,0.0,nan,nan,0,0,inf,24.833333333333332,68510,70732,aime24,43
dev,per_environment,answer_persistence,25,qwen3,6,83.33333333333333,83.33333333333333,0.0,-3.0745995524247336,0.0,nan,nan,0,0,inf,28.666666666666668,90711,93500,aime24,44
dev,per_environment,answer_persistence,25,qwen3,8,75.0,75.0,0.0,-3.982182286946866,0.0,nan,nan,0,0,inf,23.25,78349,81469,amc23,42
dev,per_environment,answer_persistence,25,qwen3,8,87.5,87.5,0.0,-4.66130607548533,0.0,nan,nan,0,0,inf,27.375,74743,78227,amc23,43
dev,per_environment,answer_persistence,25,qwen3,8,87.5,87.5,0.0,-3.942751743936095,0.0,nan,nan,0,0,inf,26.0,72107,74950,amc23,44
dev,per_environment,answer_persistence,25,qwen3,100,77.0,76.0,-1.0,0.48779675073678597,4.0,75.0,25.0,0,1,0.0,13.9,540184,537549,math500,42
dev,per_environment,answer_persistence,25,qwen3,100,77.0,77.0,0.0,-3.468075810847359,0.0,nan,nan,0,0,inf,13.95,528737,547074,math500,43
dev,per_environment,answer_persistence,25,qwen3,100,77.0,77.0,0.0,-0.62697824637684,5.0,60.0,40.0,1,1,1.0,13.54,511501,514708,math500,44
test,per_model,answer_persistence,25,deepseek,342,79.82456140350877,79.82456140350877,0.0,-0.4251763375850967,0.0,nan,nan,0,0,inf,3.1608187134502925,1464804,1471032,,
test,per_model,answer_persistence,25,qwen3,342,81.57894736842105,81.57894736842105,0.0,-2.024434829851954,2.3391812865497075,100.0,0.0,0,0,inf,14.570175438596491,1917918,1956745,,
test,per_benchmark,answer_persistence,25,,36,77.77777777777777,77.77777777777777,0.0,-2.3552452066249066,0.0,nan,nan,0,0,inf,17.75,409002,418635,aime24,
test,per_benchmark,answer_persistence,25,,48,85.41666666666667,85.41666666666667,0.0,-2.0116570586818883,0.0,nan,nan,0,0,inf,10.458333333333334,282404,288085,amc23,
test,per_benchmark,answer_persistence,25,,600,80.5,80.5,0.0,-1.1050727599434627,1.3333333333333333,100.0,0.0,0,0,inf,8.205,2691316,2721057,math500,
test,per_seed,answer_persistence,25,,228,81.57894736842105,81.57894736842105,0.0,-0.8267519488165865,1.7543859649122806,100.0,0.0,0,0,inf,8.916666666666666,1132867,1142233,,45
test,per_seed,answer_persistence,25,,228,81.57894736842105,81.57894736842105,0.0,-1.5685520600176683,0.8771929824561403,100.0,0.0,0,0,inf,8.899122807017545,1092345,1109479,,46
test,per_seed,answer_persistence,25,,228,78.94736842105263,78.94736842105263,0.0,-1.6030099092016483,0.8771929824561403,100.0,0.0,0,0,inf,8.780701754385966,1157510,1176065,,47
test,per_environment,answer_persistence,25,deepseek,6,83.33333333333333,83.33333333333333,0.0,-0.19149379032817596,0.0,nan,nan,0,0,inf,4.666666666666667,72065,72203,aime24,45
test,per_environment,answer_persistence,25,deepseek,6,83.33333333333333,83.33333333333333,0.0,-0.491786552392613,0.0,nan,nan,0,0,inf,8.166666666666666,49005,49246,aime24,46
test,per_environment,answer_persistence,25,deepseek,6,50.0,50.0,0.0,-0.2066343833304415,0.0,nan,nan,0,0,inf,4.5,63397,63528,aime24,47
test,per_environment,answer_persistence,25,deepseek,8,87.5,87.5,0.0,-0.2174945626359341,0.0,nan,nan,0,0,inf,2.875,40001,40088,amc23,45
test,per_environment,answer_persistence,25,deepseek,8,87.5,87.5,0.0,-0.2844055169636565,0.0,nan,nan,0,0,inf,3.75,39732,39845,amc23,46
test,per_environment,answer_persistence,25,deepseek,8,75.0,75.0,0.0,-0.16404125749983148,0.0,nan,nan,0,0,inf,2.125,44501,44574,amc23,47
test,per_environment,answer_persistence,25,deepseek,100,81.0,81.0,0.0,-0.4722336444489271,0.0,nan,nan,0,0,inf,2.95,386673,388499,math500,45
test,per_environment,answer_persistence,25,deepseek,100,80.0,80.0,0.0,-0.44552813704543354,0.0,nan,nan,0,0,inf,2.82,367878,369517,math500,46
test,per_environment,answer_persistence,25,deepseek,100,79.0,79.0,0.0,-0.49308682312627006,0.0,nan,nan,0,0,inf,3.3,401552,403532,math500,47
test,per_environment,answer_persistence,25,qwen3,6,83.33333333333333,83.33333333333333,0.0,-4.14716946508854,0.0,nan,nan,0,0,inf,30.0,76293,79457,aime24,45
test,per_environment,answer_persistence,25,qwen3,6,83.33333333333333,83.33333333333333,0.0,-4.005485861804687,0.0,nan,nan,0,0,inf,30.0,74373,77352,aime24,46
test,per_environment,answer_persistence,25,qwen3,6,83.33333333333333,83.33333333333333,0.0,-4.034168595757354,0.0,nan,nan,0,0,inf,29.166666666666668,73869,76849,aime24,47
test,per_environment,answer_persistence,25,qwen3,8,87.5,87.5,0.0,-3.1990887327206736,0.0,nan,nan,0,0,inf,16.375,51796,53453,amc23,45
test,per_environment,answer_persistence,25,qwen3,8,87.5,87.5,0.0,-3.8913197950559106,0.0,nan,nan,0,0,inf,18.125,53478,55559,amc23,46
test,per_environment,answer_persistence,25,qwen3,8,87.5,87.5,0.0,-3.1571385359951605,0.0,nan,nan,0,0,inf,19.5,52896,54566,amc23,47
test,per_environment,answer_persistence,25,qwen3,100,81.0,81.0,0.0,-0.4928473892328457,4.0,100.0,0.0,0,0,inf,13.76,506039,508533,math500,45
test,per_environment,answer_persistence,25,qwen3,100,82.0,82.0,0.0,-1.984921605343005,2.0,100.0,0.0,0,0,inf,13.43,507879,517960,math500,46
test,per_environment,answer_persistence,25,qwen3,100,80.0,80.0,0.0,-2.2484389836848617,2.0,100.0,0.0,0,0,inf,12.97,521295,533016,math500,47
train,per_model,answer_persistence,26,deepseek,1026,73.78167641325535,73.78167641325535,0.0,-0.3695512923884763,0.0,nan,nan,0,0,inf,3.1267056530214425,4898914,4917018,,
train,per_model,answer_persistence,26,qwen3,1026,76.0233918128655,76.12085769980507,0.09746588693957114,-2.4391442194239272,1.364522417153996,71.42857142857143,28.571428571428573,1,0,inf,14.570175438596491,6309795,6463700,,
train,per_benchmark,answer_persistence,26,,108,55.55555555555556,55.55555555555556,0.0,-1.536997316936769,0.0,nan,nan,0,0,inf,16.055555555555557,1661161,1686693,aime24,
train,per_benchmark,answer_persistence,26,,144,84.02777777777777,84.02777777777777,0.0,-1.7363191369783484,0.6944444444444444,100.0,0.0,0,0,inf,11.729166666666666,1078258,1096980,amc23,
train,per_benchmark,answer_persistence,26,,1800,75.33333333333333,75.38888888888889,0.05555555555555555,-1.5084499409041372,0.7222222222222222,69.23076923076923,30.76923076923077,1,0,inf,8.185555555555556,8469290,8597045,math500,
train,per_seed,answer_persistence,26,,684,74.85380116959064,75.0,0.14619883040935672,-1.2463399939162507,0.8771929824561403,50.0,50.0,1,0,inf,8.782163742690058,3741114,3787741,,42
train,per_seed,answer_persistence,26,,684,74.70760233918129,74.70760233918129,0.0,-1.4631549950244083,0.8771929824561403,83.33333333333333,16.666666666666668,0,0,inf,8.744152046783626,3746288,3801102,,43
train,per_seed,answer_persistence,26,,684,75.14619883040936,75.14619883040936,0.0,-1.8963229854457049,0.29239766081871343,100.0,0.0,0,0,inf,9.019005847953217,3721307,3791875,,44
train,per_environment,answer_persistence,26,deepseek,18,33.333333333333336,33.333333333333336,0.0,-0.18149994661766275,0.0,nan,nan,0,0,inf,6.166666666666667,309091,309652,aime24,42
train,per_environment,answer_persistence,26,deepseek,18,44.44444444444444,44.44444444444444,0.0,-0.20209064756183578,0.0,nan,nan,0,0,inf,5.611111111111111,252362,252872,aime24,43
train,per_environment,answer_persistence,26,deepseek,18,50.0,50.0,0.0,-0.15024798583376134,0.0,nan,nan,0,0,inf,4.222222222222222,260902,261294,aime24,44
train,per_environment,answer_persistence,26,deepseek,24,91.66666666666667,91.66666666666667,0.0,-0.19786411583568106,0.0,nan,nan,0,0,inf,3.0833333333333335,152630,152932,amc23,42
train,per_environment,answer_persistence,26,deepseek,24,70.83333333333333,70.83333333333333,0.0,-0.16590917688512274,0.0,nan,nan,0,0,inf,3.1666666666666665,185041,185348,amc23,43
train,per_environment,answer_persistence,26,deepseek,24,87.5,87.5,0.0,-0.29590577533127876,0.0,nan,nan,0,0,inf,4.041666666666667,154779,155237,amc23,44
train,per_environment,answer_persistence,26,deepseek,300,74.33333333333333,74.33333333333333,0.0,-0.4263821903183327,0.0,nan,nan,0,0,inf,2.8866666666666667,1203615,1208747,math500,42
train,per_environment,answer_persistence,26,deepseek,300,75.0,75.0,0.0,-0.42858868587120563,0.0,nan,nan,0,0,inf,2.9,1175486,1180524,math500,43
train,per_environment,answer_persistence,26,deepseek,300,75.33333333333333,75.33333333333333,0.0,-0.44846175295101776,0.0,nan,nan,0,0,inf,3.1233333333333335,1205008,1210412,math500,44
train,per_environment,answer_persistence,26,qwen3,18,77.77777777777777,77.77777777777777,0.0,-3.0822641062026905,0.0,nan,nan,0,0,inf,27.166666666666668,269899,278218,aime24,42
train,per_environment,answer_persistence,26,qwen3,18,55.55555555555556,55.55555555555556,0.0,-2.5853940947812424,0.0,nan,nan,0,0,inf,26.72222222222222,302275,310090,aime24,43
train,per_environment,answer_persistence,26,qwen3,18,72.22222222222223,72.22222222222223,0.0,-2.9760118815446006,0.0,nan,nan,0,0,inf,26.444444444444443,266632,274567,aime24,44
train,per_environment,answer_persistence,26,qwen3,24,83.33333333333333,83.33333333333333,0.0,-3.6536799209681403,0.0,nan,nan,0,0,inf,20.708333333333332,194352,201453,amc23,42
train,per_environment,answer_persistence,26,qwen3,24,91.66666666666667,91.66666666666667,0.0,-1.8497944096025252,4.166666666666667,100.0,0.0,0,0,inf,19.708333333333332,192616,196179,amc23,43
train,per_environment,answer_persistence,26,qwen3,24,79.16666666666667,79.16666666666667,0.0,-3.515892174612754,0.0,nan,nan,0,0,inf,19.666666666666668,198840,205831,amc23,44
train,per_environment,answer_persistence,26,qwen3,300,75.66666666666667,76.0,0.3333333333333333,-1.5644789072724192,2.0,50.0,50.0,1,0,inf,13.233333333333333,1611527,1636739,math500,42
train,per_environment,answer_persistence,26,qwen3,300,76.33333333333333,76.33333333333333,0.0,-2.2936110168519166,1.6666666666666667,80.0,20.0,0,0,inf,13.266666666666667,1638508,1676089,math500,43
train,per_environment,answer_persistence,26,qwen3,300,75.33333333333333,75.33333333333333,0.0,-3.020403071040751,0.6666666666666666,100.0,0.0,0,0,inf,13.703333333333333,1635146,1684534,math500,44
dev,per_model,answer_persistence,26,deepseek,342,76.90058479532163,76.90058479532163,0.0,-0.4413247958815771,0.0,nan,nan,0,0,inf,3.2251461988304095,1533791,1540560,,
dev,per_model,answer_persistence,26,qwen3,342,77.77777777777777,77.48538011695906,-0.29239766081871343,-2.025277316121053,2.3391812865497075,75.0,25.0,1,2,0.5,15.298245614035087,2043967,2085363,,
dev,per_benchmark,answer_persistence,26,,36,72.22222222222223,72.22222222222223,0.0,-1.6897228777733009,0.0,nan,nan,0,0,inf,15.666666666666666,469071,476997,aime24,
dev,per_benchmark,answer_persistence,26,,48,85.41666666666667,85.41666666666667,0.0,-2.4648789865431064,0.0,nan,nan,0,0,inf,15.375,405740,415741,amc23,
dev,per_benchmark,answer_persistence,26,,600,77.0,76.83333333333333,-0.16666666666666666,-1.1187048802658728,1.3333333333333333,75.0,25.0,1,2,0.5,8.388333333333334,2702947,2733185,math500,
dev,per_seed,answer_persistence,26,,228,77.19298245614036,76.75438596491227,-0.43859649122807015,-0.4820990940828859,1.7543859649122806,75.0,25.0,0,1,0.0,9.043859649122806,1230245,1236176,,42
dev,per_seed,answer_persistence,26,,228,77.63157894736842,77.63157894736842,0.0,-2.2967795184904434,0.0,nan,nan,0,0,inf,9.447368421052632,1158274,1184877,,43
dev,per_seed,answer_persistence,26,,228,77.19298245614036,77.19298245614036,0.0,-1.3143699458224967,1.7543859649122806,75.0,25.0,1,1,1.0,9.293859649122806,1189239,1204870,,44
dev,per_environment,answer_persistence,26,deepseek,6,50.0,50.0,0.0,-0.20015207084712408,0.0,nan,nan,0,0,inf,5.833333333333333,89432,89611,aime24,42
dev,per_environment,answer_persistence,26,deepseek,6,66.66666666666667,66.66666666666667,0.0,-0.152374154048897,0.0,nan,nan,0,0,inf,4.0,72847,72958,aime24,43
dev,per_environment,answer_persistence,26,deepseek,6,66.66666666666667,66.66666666666667,0.0,-0.2337609210180288,0.0,nan,nan,0,0,inf,5.5,68446,68606,aime24,44
dev,per_environment,answer_persistence,26,deepseek,8,87.5,87.5,0.0,-0.18296315207216407,0.0,nan,nan,0,0,inf,3.75,70506,70635,amc23,42
dev,per_environment,answer_persistence,26,deepseek,8,87.5,87.5,0.0,-0.4285604959057167,0.0,nan,nan,0,0,inf,6.125,52268,52492,amc23,43
dev,per_environment,answer_persistence,26,deepseek,8,87.5,87.5,0.0,-0.3479495213530216,0.0,nan,nan,0,0,inf,5.75,57767,57968,amc23,44
dev,per_environment,answer_persistence,26,deepseek,100,78.0,78.0,0.0,-0.4068171389162456,0.0,nan,nan,0,0,inf,2.66,372649,374165,math500,42
dev,per_environment,answer_persistence,26,deepseek,100,77.0,77.0,0.0,-0.616055087784389,0.0,nan,nan,0,0,inf,3.18,361169,363394,math500,43
dev,per_environment,answer_persistence,26,deepseek,100,76.0,76.0,0.0,-0.5207006820046977,0.0,nan,nan,0,0,inf,3.02,388707,390731,math500,44
dev,per_environment,answer_persistence,26,qwen3,6,83.33333333333333,83.33333333333333,0.0,-3.1153238546603474,0.0,nan,nan,0,0,inf,25.166666666666668,79125,81590,aime24,42
dev,per_environment,answer_persistence,26,qwen3,6,83.33333333333333,83.33333333333333,0.0,-3.243322142752883,0.0,nan,nan,0,0,inf,24.833333333333332,68510,70732,aime24,43
dev,per_environment,answer_persistence,26,qwen3,6,83.33333333333333,83.33333333333333,0.0,-3.0745995524247336,0.0,nan,nan,0,0,inf,28.666666666666668,90711,93500,aime24,44
dev,per_environment,answer_persistence,26,qwen3,8,75.0,75.0,0.0,-3.982182286946866,0.0,nan,nan,0,0,inf,23.25,78349,81469,amc23,42
dev,per_environment,answer_persistence,26,qwen3,8,87.5,87.5,0.0,-4.66130607548533,0.0,nan,nan,0,0,inf,27.375,74743,78227,amc23,43
dev,per_environment,answer_persistence,26,qwen3,8,87.5,87.5,0.0,-3.942751743936095,0.0,nan,nan,0,0,inf,26.0,72107,74950,amc23,44
dev,per_environment,answer_persistence,26,qwen3,100,77.0,76.0,-1.0,0.2736104734682997,4.0,75.0,25.0,0,1,0.0,13.94,540184,538706,math500,42
dev,per_environment,answer_persistence,26,qwen3,100,77.0,77.0,0.0,-3.468075810847359,0.0,nan,nan,0,0,inf,13.95,528737,547074,math500,43
dev,per_environment,answer_persistence,26,qwen3,100,77.0,77.0,0.0,-1.488560139667371,4.0,75.0,25.0,1,1,1.0,13.58,511501,519115,math500,44
test,per_model,answer_persistence,26,deepseek,342,79.82456140350877,79.82456140350877,0.0,-0.4251763375850967,0.0,nan,nan,0,0,inf,3.1608187134502925,1464804,1471032,,
test,per_model,answer_persistence,26,qwen3,342,81.57894736842105,81.57894736842105,0.0,-2.237009090065373,1.7543859649122806,100.0,0.0,0,0,inf,14.587719298245615,1917918,1960822,,
test,per_benchmark,answer_persistence,26,,36,77.77777777777777,77.77777777777777,0.0,-2.3552452066249066,0.0,nan,nan,0,0,inf,17.75,409002,418635,aime24,
test,per_benchmark,answer_persistence,26,,48,85.41666666666667,85.41666666666667,0.0,-2.0116570586818883,0.0,nan,nan,0,0,inf,10.458333333333334,282404,288085,amc23,
test,per_benchmark,answer_persistence,26,,600,80.5,80.5,0.0,-1.2565599877532032,1.0,100.0,0.0,0,0,inf,8.215,2691316,2725134,math500,
test,per_seed,answer_persistence,26,,228,81.57894736842105,81.57894736842105,0.0,-0.8492612107158211,1.7543859649122806,100.0,0.0,0,0,inf,8.93421052631579,1132867,1142488,,45
test,per_seed,answer_persistence,26,,228,81.57894736842105,81.57894736842105,0.0,-1.7467009049338809,0.43859649122807015,100.0,0.0,0,0,inf,8.903508771929825,1092345,1111425,,46
test,per_seed,answer_persistence,26,,228,78.94736842105263,78.94736842105263,0.0,-1.7650819431365603,0.43859649122807015,100.0,0.0,0,0,inf,8.785087719298245,1157510,1177941,,47
test,per_environment,answer_persistence,26,deepseek,6,83.33333333333333,83.33333333333333,0.0,-0.19149379032817596,0.0,nan,nan,0,0,inf,4.666666666666667,72065,72203,aime24,45
test,per_environment,answer_persistence,26,deepseek,6,83.33333333333333,83.33333333333333,0.0,-0.491786552392613,0.0,nan,nan,0,0,inf,8.166666666666666,49005,49246,aime24,46
test,per_environment,answer_persistence,26,deepseek,6,50.0,50.0,0.0,-0.2066343833304415,0.0,nan,nan,0,0,inf,4.5,63397,63528,aime24,47
test,per_environment,answer_persistence,26,deepseek,8,87.5,87.5,0.0,-0.2174945626359341,0.0,nan,nan,0,0,inf,2.875,40001,40088,amc23,45
test,per_environment,answer_persistence,26,deepseek,8,87.5,87.5,0.0,-0.2844055169636565,0.0,nan,nan,0,0,inf,3.75,39732,39845,amc23,46
test,per_environment,answer_persistence,26,deepseek,8,75.0,75.0,0.0,-0.16404125749983148,0.0,nan,nan,0,0,inf,2.125,44501,44574,amc23,47
test,per_environment,answer_persistence,26,deepseek,100,81.0,81.0,0.0,-0.4722336444489271,0.0,nan,nan,0,0,inf,2.95,386673,388499,math500,45
test,per_environment,answer_persistence,26,deepseek,100,80.0,80.0,0.0,-0.44552813704543354,0.0,nan,nan,0,0,inf,2.82,367878,369517,math500,46
test,per_environment,answer_persistence,26,deepseek,100,79.0,79.0,0.0,-0.49308682312627006,0.0,nan,nan,0,0,inf,3.3,401552,403532,math500,47
test,per_environment,answer_persistence,26,qwen3,6,83.33333333333333,83.33333333333333,0.0,-4.14716946508854,0.0,nan,nan,0,0,inf,30.0,76293,79457,aime24,45
test,per_environment,answer_persistence,26,qwen3,6,83.33333333333333,83.33333333333333,0.0,-4.005485861804687,0.0,nan,nan,0,0,inf,30.0,74373,77352,aime24,46
test,per_environment,answer_persistence,26,qwen3,6,83.33333333333333,83.33333333333333,0.0,-4.034168595757354,0.0,nan,nan,0,0,inf,29.166666666666668,73869,76849,aime24,47
test,per_environment,answer_persistence,26,qwen3,8,87.5,87.5,0.0,-3.1990887327206736,0.0,nan,nan,0,0,inf,16.375,51796,53453,amc23,45
test,per_environment,answer_persistence,26,qwen3,8,87.5,87.5,0.0,-3.8913197950559106,0.0,nan,nan,0,0,inf,18.125,53478,55559,amc23,46
test,per_environment,answer_persistence,26,qwen3,8,87.5,87.5,0.0,-3.1571385359951605,0.0,nan,nan,0,0,inf,19.5,52896,54566,amc23,47
test,per_environment,answer_persistence,26,qwen3,100,81.0,81.0,0.0,-0.5432387622297886,4.0,100.0,0.0,0,0,inf,13.8,506039,508788,math500,45
test,per_environment,answer_persistence,26,qwen3,100,82.0,82.0,0.0,-2.3680837364805396,1.0,100.0,0.0,0,0,inf,13.44,507879,519906,math500,46
test,per_environment,answer_persistence,26,qwen3,100,80.0,80.0,0.0,-2.6083119922500697,1.0,100.0,0.0,0,0,inf,12.98,521295,534892,math500,47
train,per_model,answer_persistence,27,deepseek,1026,73.78167641325535,73.78167641325535,0.0,-0.3695512923884763,0.0,nan,nan,0,0,inf,3.1267056530214425,4898914,4917018,,
train,per_model,answer_persistence,27,qwen3,1026,76.12085769980507,76.12085769980507,0.0,-2.8332140743082777,0.8771929824561403,88.88888888888889,11.11111111111111,0,0,inf,14.58187134502924,6309795,6488565,,
train,per_benchmark,answer_persistence,27,,108,55.55555555555556,55.55555555555556,0.0,-1.536997316936769,0.0,nan,nan,0,0,inf,16.055555555555557,1661161,1686693,aime24,
train,per_benchmark,answer_persistence,27,,144,84.02777777777777,84.02777777777777,0.0,-1.7381739806243033,0.6944444444444444,100.0,0.0,0,0,inf,11.73611111111111,1078258,1097000,amc23,
train,per_benchmark,answer_persistence,27,,1800,75.38888888888889,75.38888888888889,0.0,-1.8018039292549908,0.4444444444444444,87.5,12.5,0,0,inf,8.191666666666666,8469290,8621890,math500,
train,per_seed,answer_persistence,27,,684,75.0,75.0,0.0,-1.7448546074778797,0.43859649122807015,66.66666666666667,33.333333333333336,0,0,inf,8.79093567251462,3741114,3806391,,42
train,per_seed,answer_persistence,27,,684,74.70760233918129,74.70760233918129,0.0,-1.6214984005500912,0.5847953216374269,100.0,0.0,0,0,inf,8.75,3746288,3807034,,43
train,per_seed,answer_persistence,27,,684,75.14619883040936,75.14619883040936,0.0,-1.9039278404066098,0.29239766081871343,100.0,0.0,0,0,inf,9.021929824561404,3721307,3792158,,44
train,per_environment,answer_persistence,27,deepseek,18,33.333333333333336,33.333333333333336,0.0,-0.18149994661766275,0.0,nan,nan,0,0,inf,6.166666666666667,309091,309652,aime24,42
train,per_environment,answer_persistence,27,deepseek,18,44.44444444444444,44.44444444444444,0.0,-0.20209064756183578,0.0,nan,nan,0,0,inf,5.611111111111111,252362,252872,aime24,43
train,per_environment,answer_persistence,27,deepseek,18,50.0,50.0,0.0,-0.15024798583376134,0.0,nan,nan,0,0,inf,4.222222222222222,260902,261294,aime24,44
train,per_environment,answer_persistence,27,deepseek,24,91.66666666666667,91.66666666666667,0.0,-0.19786411583568106,0.0,nan,nan,0,0,inf,3.0833333333333335,152630,152932,amc23,42
train,per_environment,answer_persistence,27,deepseek,24,70.83333333333333,70.83333333333333,0.0,-0.16590917688512274,0.0,nan,nan,0,0,inf,3.1666666666666665,185041,185348,amc23,43
train,per_environment,answer_persistence,27,deepseek,24,87.5,87.5,0.0,-0.29590577533127876,0.0,nan,nan,0,0,inf,4.041666666666667,154779,155237,amc23,44
train,per_environment,answer_persistence,27,deepseek,300,74.33333333333333,74.33333333333333,0.0,-0.4263821903183327,0.0,nan,nan,0,0,inf,2.8866666666666667,1203615,1208747,math500,42
train,per_environment,answer_persistence,27,deepseek,300,75.0,75.0,0.0,-0.42858868587120563,0.0,nan,nan,0,0,inf,2.9,1175486,1180524,math500,43
train,per_environment,answer_persistence,27,deepseek,300,75.33333333333333,75.33333333333333,0.0,-0.44846175295101776,0.0,nan,nan,0,0,inf,3.1233333333333335,1205008,1210412,math500,44
train,per_environment,answer_persistence,27,qwen3,18,77.77777777777777,77.77777777777777,0.0,-3.0822641062026905,0.0,nan,nan,0,0,inf,27.166666666666668,269899,278218,aime24,42
train,per_environment,answer_persistence,27,qwen3,18,55.55555555555556,55.55555555555556,0.0,-2.5853940947812424,0.0,nan,nan,0,0,inf,26.72222222222222,302275,310090,aime24,43
train,per_environment,answer_persistence,27,qwen3,18,72.22222222222223,72.22222222222223,0.0,-2.9760118815446006,0.0,nan,nan,0,0,inf,26.444444444444443,266632,274567,aime24,44
train,per_environment,answer_persistence,27,qwen3,24,83.33333333333333,83.33333333333333,0.0,-3.6536799209681403,0.0,nan,nan,0,0,inf,20.708333333333332,194352,201453,amc23,42
train,per_environment,answer_persistence,27,qwen3,24,91.66666666666667,91.66666666666667,0.0,-1.8601777630103418,4.166666666666667,100.0,0.0,0,0,inf,19.75,192616,196199,amc23,43
train,per_environment,answer_persistence,27,qwen3,24,79.16666666666667,79.16666666666667,0.0,-3.515892174612754,0.0,nan,nan,0,0,inf,19.666666666666668,198840,205831,amc23,44
train,per_environment,answer_persistence,27,qwen3,300,76.0,76.0,0.0,-2.7217663743766005,1.0,66.66666666666667,33.333333333333336,0,0,inf,13.253333333333334,1611527,1655389,math500,42
train,per_environment,answer_persistence,27,qwen3,300,76.33333333333333,76.33333333333333,0.0,-2.6544270763401827,1.0,100.0,0.0,0,0,inf,13.276666666666667,1638508,1682001,math500,43
train,per_environment,answer_persistence,27,qwen3,300,75.33333333333333,75.33333333333333,0.0,-3.037710394056555,0.6666666666666666,100.0,0.0,0,0,inf,13.71,1635146,1684817,math500,44
dev,per_model,answer_persistence,27,deepseek,342,76.90058479532163,76.90058479532163,0.0,-0.4413247958815771,0.0,nan,nan,0,0,inf,3.2251461988304095,1533791,1540560,,
dev,per_model,answer_persistence,27,qwen3,342,77.77777777777777,77.48538011695906,-0.29239766081871343,-2.791483424145302,1.7543859649122806,83.33333333333333,16.666666666666668,1,2,0.5,15.31578947368421,2043967,2101024,,
dev,per_benchmark,answer_persistence,27,,36,72.22222222222223,72.22222222222223,0.0,-1.6897228777733009,0.0,nan,nan,0,0,inf,15.666666666666666,469071,476997,aime24,
dev,per_benchmark,answer_persistence,27,,48,85.41666666666667,85.41666666666667,0.0,-2.4648789865431064,0.0,nan,nan,0,0,inf,15.375,405740,415741,amc23,
dev,per_benchmark,answer_persistence,27,,600,77.0,76.83333333333333,-0.16666666666666666,-1.6981095078815827,1.0,83.33333333333333,16.666666666666668,1,2,0.5,8.398333333333333,2702947,2748846,math500,
dev,per_seed,answer_persistence,27,,228,77.19298245614036,76.75438596491227,-0.43859649122807015,-1.7184381972696496,0.8771929824561403,100.0,0.0,0,1,0.0,9.052631578947368,1230245,1251386,,42
dev,per_seed,answer_persistence,27,,228,77.63157894736842,77.63157894736842,0.0,-2.2967795184904434,0.0,nan,nan,0,0,inf,9.447368421052632,1158274,1184877,,43
dev,per_seed,answer_persistence,27,,228,77.19298245614036,77.19298245614036,0.0,-1.352293357348691,1.7543859649122806,75.0,25.0,1,1,1.0,9.31140350877193,1189239,1205321,,44
dev,per_environment,answer_persistence,27,deepseek,6,50.0,50.0,0.0,-0.20015207084712408,0.0,nan,nan,0,0,inf,5.833333333333333,89432,89611,aime24,42
dev,per_environment,answer_persistence,27,deepseek,6,66.66666666666667,66.66666666666667,0.0,-0.152374154048897,0.0,nan,nan,0,0,inf,4.0,72847,72958,aime24,43
dev,per_environment,answer_persistence,27,deepseek,6,66.66666666666667,66.66666666666667,0.0,-0.2337609210180288,0.0,nan,nan,0,0,inf,5.5,68446,68606,aime24,44
dev,per_environment,answer_persistence,27,deepseek,8,87.5,87.5,0.0,-0.18296315207216407,0.0,nan,nan,0,0,inf,3.75,70506,70635,amc23,42
dev,per_environment,answer_persistence,27,deepseek,8,87.5,87.5,0.0,-0.4285604959057167,0.0,nan,nan,0,0,inf,6.125,52268,52492,amc23,43
dev,per_environment,answer_persistence,27,deepseek,8,87.5,87.5,0.0,-0.3479495213530216,0.0,nan,nan,0,0,inf,5.75,57767,57968,amc23,44
dev,per_environment,answer_persistence,27,deepseek,100,78.0,78.0,0.0,-0.4068171389162456,0.0,nan,nan,0,0,inf,2.66,372649,374165,math500,42
dev,per_environment,answer_persistence,27,deepseek,100,77.0,77.0,0.0,-0.616055087784389,0.0,nan,nan,0,0,inf,3.18,361169,363394,math500,43
dev,per_environment,answer_persistence,27,deepseek,100,76.0,76.0,0.0,-0.5207006820046977,0.0,nan,nan,0,0,inf,3.02,388707,390731,math500,44
dev,per_environment,answer_persistence,27,qwen3,6,83.33333333333333,83.33333333333333,0.0,-3.1153238546603474,0.0,nan,nan,0,0,inf,25.166666666666668,79125,81590,aime24,42
dev,per_environment,answer_persistence,27,qwen3,6,83.33333333333333,83.33333333333333,0.0,-3.243322142752883,0.0,nan,nan,0,0,inf,24.833333333333332,68510,70732,aime24,43
dev,per_environment,answer_persistence,27,qwen3,6,83.33333333333333,83.33333333333333,0.0,-3.0745995524247336,0.0,nan,nan,0,0,inf,28.666666666666668,90711,93500,aime24,44
dev,per_environment,answer_persistence,27,qwen3,8,75.0,75.0,0.0,-3.982182286946866,0.0,nan,nan,0,0,inf,23.25,78349,81469,amc23,42
dev,per_environment,answer_persistence,27,qwen3,8,87.5,87.5,0.0,-4.66130607548533,0.0,nan,nan,0,0,inf,27.375,74743,78227,amc23,43
dev,per_environment,answer_persistence,27,qwen3,8,87.5,87.5,0.0,-3.942751743936095,0.0,nan,nan,0,0,inf,26.0,72107,74950,amc23,44
dev,per_environment,answer_persistence,27,qwen3,100,77.0,76.0,-1.0,-2.542096767027531,2.0,100.0,0.0,0,1,0.0,13.96,540184,553916,math500,42
dev,per_environment,answer_persistence,27,qwen3,100,77.0,77.0,0.0,-3.468075810847359,0.0,nan,nan,0,0,inf,13.95,528737,547074,math500,43
dev,per_environment,answer_persistence,27,qwen3,100,77.0,77.0,0.0,-1.5767320102991,4.0,75.0,25.0,1,1,1.0,13.62,511501,519566,math500,44
test,per_model,answer_persistence,27,deepseek,342,79.82456140350877,79.82456140350877,0.0,-0.4251763375850967,0.0,nan,nan,0,0,inf,3.1608187134502925,1464804,1471032,,
test,per_model,answer_persistence,27,qwen3,342,81.57894736842105,81.57894736842105,0.0,-2.702930990793141,1.1695906432748537,100.0,0.0,0,0,inf,14.599415204678362,1917918,1969758,,
test,per_benchmark,answer_persistence,27,,36,77.77777777777777,77.77777777777777,0.0,-2.3552452066249066,0.0,nan,nan,0,0,inf,17.75,409002,418635,aime24,
test,per_benchmark,answer_persistence,27,,48,85.41666666666667,85.41666666666667,0.0,-2.0116570586818883,0.0,nan,nan,0,0,inf,10.458333333333334,282404,288085,amc23,
test,per_benchmark,answer_persistence,27,,600,80.5,80.5,0.0,-1.5885908603820584,0.6666666666666666,100.0,0.0,0,0,inf,8.221666666666666,2691316,2734070,math500,
test,per_seed,answer_persistence,27,,228,81.57894736842105,81.57894736842105,0.0,-1.5715878386430182,0.8771929824561403,100.0,0.0,0,0,inf,8.942982456140351,1132867,1150671,,45
test,per_seed,answer_persistence,27,,228,81.57894736842105,81.57894736842105,0.0,-1.7474332742860543,0.43859649122807015,100.0,0.0,0,0,inf,8.907894736842104,1092345,1111433,,46
test,per_seed,answer_persistence,27,,228,78.94736842105263,78.94736842105263,0.0,-1.829444238062738,0.43859649122807015,100.0,0.0,0,0,inf,8.789473684210526,1157510,1178686,,47
test,per_environment,answer_persistence,27,deepseek,6,83.33333333333333,83.33333333333333,0.0,-0.19149379032817596,0.0,nan,nan,0,0,inf,4.666666666666667,72065,72203,aime24,45
test,per_environment,answer_persistence,27,deepseek,6,83.33333333333333,83.33333333333333,0.0,-0.491786552392613,0.0,nan,nan,0,0,inf,8.166666666666666,49005,49246,aime24,46
test,per_environment,answer_persistence,27,deepseek,6,50.0,50.0,0.0,-0.2066343833304415,0.0,nan,nan,0,0,inf,4.5,63397,63528,aime24,47
test,per_environment,answer_persistence,27,deepseek,8,87.5,87.5,0.0,-0.2174945626359341,0.0,nan,nan,0,0,inf,2.875,40001,40088,amc23,45
test,per_environment,answer_persistence,27,deepseek,8,87.5,87.5,0.0,-0.2844055169636565,0.0,nan,nan,0,0,inf,3.75,39732,39845,amc23,46
test,per_environment,answer_persistence,27,deepseek,8,75.0,75.0,0.0,-0.16404125749983148,0.0,nan,nan,0,0,inf,2.125,44501,44574,amc23,47
test,per_environment,answer_persistence,27,deepseek,100,81.0,81.0,0.0,-0.4722336444489271,0.0,nan,nan,0,0,inf,2.95,386673,388499,math500,45
test,per_environment,answer_persistence,27,deepseek,100,80.0,80.0,0.0,-0.44552813704543354,0.0,nan,nan,0,0,inf,2.82,367878,369517,math500,46
test,per_environment,answer_persistence,27,deepseek,100,79.0,79.0,0.0,-0.49308682312627006,0.0,nan,nan,0,0,inf,3.3,401552,403532,math500,47
test,per_environment,answer_persistence,27,qwen3,6,83.33333333333333,83.33333333333333,0.0,-4.14716946508854,0.0,nan,nan,0,0,inf,30.0,76293,79457,aime24,45
test,per_environment,answer_persistence,27,qwen3,6,83.33333333333333,83.33333333333333,0.0,-4.005485861804687,0.0,nan,nan,0,0,inf,30.0,74373,77352,aime24,46
test,per_environment,answer_persistence,27,qwen3,6,83.33333333333333,83.33333333333333,0.0,-4.034168595757354,0.0,nan,nan,0,0,inf,29.166666666666668,73869,76849,aime24,47
test,per_environment,answer_persistence,27,qwen3,8,87.5,87.5,0.0,-3.1990887327206736,0.0,nan,nan,0,0,inf,16.375,51796,53453,amc23,45
test,per_environment,answer_persistence,27,qwen3,8,87.5,87.5,0.0,-3.8913197950559106,0.0,nan,nan,0,0,inf,18.125,53478,55559,amc23,46
test,per_environment,answer_persistence,27,qwen3,8,87.5,87.5,0.0,-3.1571385359951605,0.0,nan,nan,0,0,inf,19.5,52896,54566,amc23,47
test,per_environment,answer_persistence,27,qwen3,100,81.0,81.0,0.0,-2.160307802363059,2.0,100.0,0.0,0,0,inf,13.82,506039,516971,math500,45
test,per_environment,answer_persistence,27,qwen3,100,82.0,82.0,0.0,-2.3696589148202625,1.0,100.0,0.0,0,0,inf,13.45,507879,519914,math500,46
test,per_environment,answer_persistence,27,qwen3,100,80.0,80.0,0.0,-2.751225313881775,1.0,100.0,0.0,0,0,inf,12.99,521295,535637,math500,47
train,per_model,answer_persistence,28,deepseek,1026,73.78167641325535,73.78167641325535,0.0,-0.3695512923884763,0.0,nan,nan,0,0,inf,3.1267056530214425,4898914,4917018,,
train,per_model,answer_persistence,28,qwen3,1026,76.12085769980507,76.12085769980507,0.0,-2.903675951437408,0.5847953216374269,100.0,0.0,0,0,inf,14.587719298245615,6309795,6493011,,
train,per_benchmark,answer_persistence,28,,108,55.55555555555556,55.55555555555556,0.0,-1.536997316936769,0.0,nan,nan,0,0,inf,16.055555555555557,1661161,1686693,aime24,
train,per_benchmark,answer_persistence,28,,144,84.02777777777777,84.02777777777777,0.0,-1.74077076172864,0.6944444444444444,100.0,0.0,0,0,inf,11.743055555555555,1078258,1097028,amc23,
train,per_benchmark,answer_persistence,28,,1800,75.38888888888889,75.38888888888889,0.0,-1.8539688687009181,0.2777777777777778,100.0,0.0,0,0,inf,8.194444444444445,8469290,8626308,math500,
train,per_seed,answer_persistence,28,,684,75.0,75.0,0.0,-1.7790155552597435,0.29239766081871343,100.0,0.0,0,0,inf,8.793859649122806,3741114,3807669,,42
train,per_seed,answer_persistence,28,,684,74.70760233918129,74.70760233918129,0.0,-1.6945039996924955,0.29239766081871343,100.0,0.0,0,0,inf,8.752923976608187,3746288,3809769,,43
train,per_seed,answer_persistence,28,,684,75.14619883040936,75.14619883040936,0.0,-1.9155635372195845,0.29239766081871343,100.0,0.0,0,0,inf,9.024853801169591,3721307,3792591,,44
train,per_environment,answer_persistence,28,deepseek,18,33.333333333333336,33.333333333333336,0.0,-0.18149994661766275,0.0,nan,nan,0,0,inf,6.166666666666667,309091,309652,aime24,42
train,per_environment,answer_persistence,28,deepseek,18,44.44444444444444,44.44444444444444,0.0,-0.20209064756183578,0.0,nan,nan,0,0,inf,5.611111111111111,252362,252872,aime24,43
train,per_environment,answer_persistence,28,deepseek,18,50.0,50.0,0.0,-0.15024798583376134,0.0,nan,nan,0,0,inf,4.222222222222222,260902,261294,aime24,44
train,per_environment,answer_persistence,28,deepseek,24,91.66666666666667,91.66666666666667,0.0,-0.19786411583568106,0.0,nan,nan,0,0,inf,3.0833333333333335,152630,152932,amc23,42
train,per_environment,answer_persistence,28,deepseek,24,70.83333333333333,70.83333333333333,0.0,-0.16590917688512274,0.0,nan,nan,0,0,inf,3.1666666666666665,185041,185348,amc23,43
train,per_environment,answer_persistence,28,deepseek,24,87.5,87.5,0.0,-0.29590577533127876,0.0,nan,nan,0,0,inf,4.041666666666667,154779,155237,amc23,44
train,per_environment,answer_persistence,28,deepseek,300,74.33333333333333,74.33333333333333,0.0,-0.4263821903183327,0.0,nan,nan,0,0,inf,2.8866666666666667,1203615,1208747,math500,42
train,per_environment,answer_persistence,28,deepseek,300,75.0,75.0,0.0,-0.42858868587120563,0.0,nan,nan,0,0,inf,2.9,1175486,1180524,math500,43
train,per_environment,answer_persistence,28,deepseek,300,75.33333333333333,75.33333333333333,0.0,-0.44846175295101776,0.0,nan,nan,0,0,inf,3.1233333333333335,1205008,1210412,math500,44
train,per_environment,answer_persistence,28,qwen3,18,77.77777777777777,77.77777777777777,0.0,-3.0822641062026905,0.0,nan,nan,0,0,inf,27.166666666666668,269899,278218,aime24,42
train,per_environment,answer_persistence,28,qwen3,18,55.55555555555556,55.55555555555556,0.0,-2.5853940947812424,0.0,nan,nan,0,0,inf,26.72222222222222,302275,310090,aime24,43
train,per_environment,answer_persistence,28,qwen3,18,72.22222222222223,72.22222222222223,0.0,-2.9760118815446006,0.0,nan,nan,0,0,inf,26.444444444444443,266632,274567,aime24,44
train,per_environment,answer_persistence,28,qwen3,24,83.33333333333333,83.33333333333333,0.0,-3.6536799209681403,0.0,nan,nan,0,0,inf,20.708333333333332,194352,201453,amc23,42
train,per_environment,answer_persistence,28,qwen3,24,91.66666666666667,91.66666666666667,0.0,-1.874714457781285,4.166666666666667,100.0,0.0,0,0,inf,19.791666666666668,192616,196227,amc23,43
train,per_environment,answer_persistence,28,qwen3,24,79.16666666666667,79.16666666666667,0.0,-3.515892174612754,0.0,nan,nan,0,0,inf,19.666666666666668,198840,205831,amc23,44
train,per_environment,answer_persistence,28,qwen3,300,76.0,76.0,0.0,-2.8010700410232037,0.6666666666666666,100.0,0.0,0,0,inf,13.26,1611527,1656667,math500,42
train,per_environment,answer_persistence,28,qwen3,300,76.33333333333333,76.33333333333333,0.0,-2.8196383539171004,0.3333333333333333,100.0,0.0,0,0,inf,13.28,1638508,1684708,math500,43
train,per_environment,answer_persistence,28,qwen3,300,75.33333333333333,75.33333333333333,0.0,-3.06419120983692,0.6666666666666666,100.0,0.0,0,0,inf,13.716666666666667,1635146,1685250,math500,44
dev,per_model,answer_persistence,28,deepseek,342,76.90058479532163,76.90058479532163,0.0,-0.4413247958815771,0.0,nan,nan,0,0,inf,3.2251461988304095,1533791,1540560,,
dev,per_model,answer_persistence,28,qwen3,342,77.77777777777777,77.48538011695906,-0.29239766081871343,-3.263262078105958,0.8771929824561403,66.66666666666667,33.333333333333336,1,2,0.5,15.324561403508772,2043967,2110667,,
dev,per_benchmark,answer_persistence,28,,36,72.22222222222223,72.22222222222223,0.0,-1.6897228777733009,0.0,nan,nan,0,0,inf,15.666666666666666,469071,476997,aime24,
dev,per_benchmark,answer_persistence,28,,48,85.41666666666667,85.41666666666667,0.0,-2.4648789865431064,0.0,nan,nan,0,0,inf,15.375,405740,415741,amc23,
dev,per_benchmark,answer_persistence,28,,600,77.0,76.83333333333333,-0.16666666666666666,-2.0548682604579374,0.5,66.66666666666667,33.333333333333336,1,2,0.5,8.403333333333334,2702947,2758489,math500,
dev,per_seed,answer_persistence,28,,228,77.19298245614036,76.75438596491227,-0.43859649122807015,-1.956195717113258,0.43859649122807015,100.0,0.0,0,1,0.0,9.057017543859649,1230245,1254311,,42
dev,per_seed,answer_persistence,28,,228,77.63157894736842,77.63157894736842,0.0,-2.2967795184904434,0.0,nan,nan,0,0,inf,9.447368421052632,1158274,1184877,,43
dev,per_seed,answer_persistence,28,,228,77.19298245614036,77.19298245614036,0.0,-1.9171924230537343,0.8771929824561403,50.0,50.0,1,1,1.0,9.320175438596491,1189239,1212039,,44
dev,per_environment,answer_persistence,28,deepseek,6,50.0,50.0,0.0,-0.20015207084712408,0.0,nan,nan,0,0,inf,5.833333333333333,89432,89611,aime24,42
dev,per_environment,answer_persistence,28,deepseek,6,66.66666666666667,66.66666666666667,0.0,-0.152374154048897,0.0,nan,nan,0,0,inf,4.0,72847,72958,aime24,43
dev,per_environment,answer_persistence,28,deepseek,6,66.66666666666667,66.66666666666667,0.0,-0.2337609210180288,0.0,nan,nan,0,0,inf,5.5,68446,68606,aime24,44
dev,per_environment,answer_persistence,28,deepseek,8,87.5,87.5,0.0,-0.18296315207216407,0.0,nan,nan,0,0,inf,3.75,70506,70635,amc23,42
dev,per_environment,answer_persistence,28,deepseek,8,87.5,87.5,0.0,-0.4285604959057167,0.0,nan,nan,0,0,inf,6.125,52268,52492,amc23,43
dev,per_environment,answer_persistence,28,deepseek,8,87.5,87.5,0.0,-0.3479495213530216,0.0,nan,nan,0,0,inf,5.75,57767,57968,amc23,44
dev,per_environment,answer_persistence,28,deepseek,100,78.0,78.0,0.0,-0.4068171389162456,0.0,nan,nan,0,0,inf,2.66,372649,374165,math500,42
dev,per_environment,answer_persistence,28,deepseek,100,77.0,77.0,0.0,-0.616055087784389,0.0,nan,nan,0,0,inf,3.18,361169,363394,math500,43
dev,per_environment,answer_persistence,28,deepseek,100,76.0,76.0,0.0,-0.5207006820046977,0.0,nan,nan,0,0,inf,3.02,388707,390731,math500,44
dev,per_environment,answer_persistence,28,qwen3,6,83.33333333333333,83.33333333333333,0.0,-3.1153238546603474,0.0,nan,nan,0,0,inf,25.166666666666668,79125,81590,aime24,42
dev,per_environment,answer_persistence,28,qwen3,6,83.33333333333333,83.33333333333333,0.0,-3.243322142752883,0.0,nan,nan,0,0,inf,24.833333333333332,68510,70732,aime24,43
dev,per_environment,answer_persistence,28,qwen3,6,83.33333333333333,83.33333333333333,0.0,-3.0745995524247336,0.0,nan,nan,0,0,inf,28.666666666666668,90711,93500,aime24,44
dev,per_environment,answer_persistence,28,qwen3,8,75.0,75.0,0.0,-3.982182286946866,0.0,nan,nan,0,0,inf,23.25,78349,81469,amc23,42
dev,per_environment,answer_persistence,28,qwen3,8,87.5,87.5,0.0,-4.66130607548533,0.0,nan,nan,0,0,inf,27.375,74743,78227,amc23,43
dev,per_environment,answer_persistence,28,qwen3,8,87.5,87.5,0.0,-3.942751743936095,0.0,nan,nan,0,0,inf,26.0,72107,74950,amc23,44
dev,per_environment,answer_persistence,28,qwen3,100,77.0,76.0,-1.0,-3.083578928661345,1.0,100.0,0.0,0,1,0.0,13.97,540184,556841,math500,42
dev,per_environment,answer_persistence,28,qwen3,100,77.0,77.0,0.0,-3.468075810847359,0.0,nan,nan,0,0,inf,13.95,528737,547074,math500,43
dev,per_environment,answer_persistence,28,qwen3,100,77.0,77.0,0.0,-2.890121426937582,2.0,50.0,50.0,1,1,1.0,13.64,511501,526284,math500,44
test,per_model,answer_persistence,28,deepseek,342,79.82456140350877,79.82456140350877,0.0,-0.4251763375850967,0.0,nan,nan,0,0,inf,3.1608187134502925,1464804,1471032,,
test,per_model,answer_persistence,28,qwen3,342,81.57894736842105,81.57894736842105,0.0,-2.723109121453576,1.1695906432748537,100.0,0.0,0,0,inf,14.61111111111111,1917918,1970145,,
test,per_benchmark,answer_persistence,28,,36,77.77777777777777,77.77777777777777,0.0,-2.3552452066249066,0.0,nan,nan,0,0,inf,17.75,409002,418635,aime24,
test,per_benchmark,answer_persistence,28,,48,85.41666666666667,85.41666666666667,0.0,-2.0116570586818883,0.0,nan,nan,0,0,inf,10.458333333333334,282404,288085,amc23,
test,per_benchmark,answer_persistence,28,,600,80.5,80.5,0.0,-1.6029704427127844,0.6666666666666666,100.0,0.0,0,0,inf,8.228333333333333,2691316,2734457,math500,
test,per_seed,answer_persistence,28,,228,81.57894736842105,81.57894736842105,0.0,-1.5734415425641315,0.8771929824561403,100.0,0.0,0,0,inf,8.951754385964913,1132867,1150692,,45
test,per_seed,answer_persistence,28,,228,81.57894736842105,81.57894736842105,0.0,-1.7619891151605034,0.43859649122807015,100.0,0.0,0,0,inf,8.912280701754385,1092345,1111592,,46
test,per_seed,answer_persistence,28,,228,78.94736842105263,78.94736842105263,0.0,-1.8473274528945753,0.43859649122807015,100.0,0.0,0,0,inf,8.793859649122806,1157510,1178893,,47
test,per_environment,answer_persistence,28,deepseek,6,83.33333333333333,83.33333333333333,0.0,-0.19149379032817596,0.0,nan,nan,0,0,inf,4.666666666666667,72065,72203,aime24,45
test,per_environment,answer_persistence,28,deepseek,6,83.33333333333333,83.33333333333333,0.0,-0.491786552392613,0.0,nan,nan,0,0,inf,8.166666666666666,49005,49246,aime24,46
test,per_environment,answer_persistence,28,deepseek,6,50.0,50.0,0.0,-0.2066343833304415,0.0,nan,nan,0,0,inf,4.5,63397,63528,aime24,47
test,per_environment,answer_persistence,28,deepseek,8,87.5,87.5,0.0,-0.2174945626359341,0.0,nan,nan,0,0,inf,2.875,40001,40088,amc23,45
test,per_environment,answer_persistence,28,deepseek,8,87.5,87.5,0.0,-0.2844055169636565,0.0,nan,nan,0,0,inf,3.75,39732,39845,amc23,46
test,per_environment,answer_persistence,28,deepseek,8,75.0,75.0,0.0,-0.16404125749983148,0.0,nan,nan,0,0,inf,2.125,44501,44574,amc23,47
test,per_environment,answer_persistence,28,deepseek,100,81.0,81.0,0.0,-0.4722336444489271,0.0,nan,nan,0,0,inf,2.95,386673,388499,math500,45
test,per_environment,answer_persistence,28,deepseek,100,80.0,80.0,0.0,-0.44552813704543354,0.0,nan,nan,0,0,inf,2.82,367878,369517,math500,46
test,per_environment,answer_persistence,28,deepseek,100,79.0,79.0,0.0,-0.49308682312627006,0.0,nan,nan,0,0,inf,3.3,401552,403532,math500,47
test,per_environment,answer_persistence,28,qwen3,6,83.33333333333333,83.33333333333333,0.0,-4.14716946508854,0.0,nan,nan,0,0,inf,30.0,76293,79457,aime24,45
test,per_environment,answer_persistence,28,qwen3,6,83.33333333333333,83.33333333333333,0.0,-4.005485861804687,0.0,nan,nan,0,0,inf,30.0,74373,77352,aime24,46
test,per_environment,answer_persistence,28,qwen3,6,83.33333333333333,83.33333333333333,0.0,-4.034168595757354,0.0,nan,nan,0,0,inf,29.166666666666668,73869,76849,aime24,47
test,per_environment,answer_persistence,28,qwen3,8,87.5,87.5,0.0,-3.1990887327206736,0.0,nan,nan,0,0,inf,16.375,51796,53453,amc23,45
test,per_environment,answer_persistence,28,qwen3,8,87.5,87.5,0.0,-3.8913197950559106,0.0,nan,nan,0,0,inf,18.125,53478,55559,amc23,46
test,per_environment,answer_persistence,28,qwen3,8,87.5,87.5,0.0,-3.1571385359951605,0.0,nan,nan,0,0,inf,19.5,52896,54566,amc23,47
test,per_environment,answer_persistence,28,qwen3,100,81.0,81.0,0.0,-2.164457680139278,2.0,100.0,0.0,0,0,inf,13.84,506039,516992,math500,45
test,per_environment,answer_persistence,28,qwen3,100,82.0,82.0,0.0,-2.40096558432225,1.0,100.0,0.0,0,0,inf,13.46,507879,520073,math500,46
test,per_environment,answer_persistence,28,qwen3,100,80.0,80.0,0.0,-2.790934115999578,1.0,100.0,0.0,0,0,inf,13.0,521295,535844,math500,47
train,per_model,answer_persistence,29,deepseek,1026,73.78167641325535,73.78167641325535,0.0,-0.3695512923884763,0.0,nan,nan,0,0,inf,3.1267056530214425,4898914,4917018,,
train,per_model,answer_persistence,29,qwen3,1026,76.12085769980507,76.12085769980507,0.0,-3.0066269981829836,0.29239766081871343,100.0,0.0,0,0,inf,14.590643274853802,6309795,6499507,,
train,per_benchmark,answer_persistence,29,,108,55.55555555555556,55.55555555555556,0.0,-1.536997316936769,0.0,nan,nan,0,0,inf,16.055555555555557,1661161,1686693,aime24,
train,per_benchmark,answer_persistence,29,,144,84.02777777777777,84.02777777777777,0.0,-1.7470772301248867,0.6944444444444444,100.0,0.0,0,0,inf,11.75,1078258,1097096,amc23,
train,per_benchmark,answer_persistence,29,,1800,75.38888888888889,75.38888888888889,0.0,-1.9298666121953552,0.1111111111111111,100.0,0.0,0,0,inf,8.195555555555556,8469290,8632736,math500,
train,per_seed,answer_persistence,29,,684,75.0,75.0,0.0,-1.8818458886844935,0.14619883040935672,100.0,0.0,0,0,inf,8.7953216374269,3741114,3811516,,42
train,per_seed,answer_persistence,29,,684,74.70760233918129,74.70760233918129,0.0,-1.7006434102236667,0.29239766081871343,100.0,0.0,0,0,inf,8.755847953216374,3746288,3809999,,43
train,per_seed,answer_persistence,29,,684,75.14619883040936,75.14619883040936,0.0,-1.980567580153962,0.0,nan,nan,0,0,inf,9.024853801169591,3721307,3795010,,44
train,per_environment,answer_persistence,29,deepseek,18,33.333333333333336,33.333333333333336,0.0,-0.18149994661766275,0.0,nan,nan,0,0,inf,6.166666666666667,309091,309652,aime24,42
train,per_environment,answer_persistence,29,deepseek,18,44.44444444444444,44.44444444444444,0.0,-0.20209064756183578,0.0,nan,nan,0,0,inf,5.611111111111111,252362,252872,aime24,43
train,per_environment,answer_persistence,29,deepseek,18,50.0,50.0,0.0,-0.15024798583376134,0.0,nan,nan,0,0,inf,4.222222222222222,260902,261294,aime24,44
train,per_environment,answer_persistence,29,deepseek,24,91.66666666666667,91.66666666666667,0.0,-0.19786411583568106,0.0,nan,nan,0,0,inf,3.0833333333333335,152630,152932,amc23,42
train,per_environment,answer_persistence,29,deepseek,24,70.83333333333333,70.83333333333333,0.0,-0.16590917688512274,0.0,nan,nan,0,0,inf,3.1666666666666665,185041,185348,amc23,43
train,per_environment,answer_persistence,29,deepseek,24,87.5,87.5,0.0,-0.29590577533127876,0.0,nan,nan,0,0,inf,4.041666666666667,154779,155237,amc23,44
train,per_environment,answer_persistence,29,deepseek,300,74.33333333333333,74.33333333333333,0.0,-0.4263821903183327,0.0,nan,nan,0,0,inf,2.8866666666666667,1203615,1208747,math500,42
train,per_environment,answer_persistence,29,deepseek,300,75.0,75.0,0.0,-0.42858868587120563,0.0,nan,nan,0,0,inf,2.9,1175486,1180524,math500,43
train,per_environment,answer_persistence,29,deepseek,300,75.33333333333333,75.33333333333333,0.0,-0.44846175295101776,0.0,nan,nan,0,0,inf,3.1233333333333335,1205008,1210412,math500,44
train,per_environment,answer_persistence,29,qwen3,18,77.77777777777777,77.77777777777777,0.0,-3.0822641062026905,0.0,nan,nan,0,0,inf,27.166666666666668,269899,278218,aime24,42
train,per_environment,answer_persistence,29,qwen3,18,55.55555555555556,55.55555555555556,0.0,-2.5853940947812424,0.0,nan,nan,0,0,inf,26.72222222222222,302275,310090,aime24,43
train,per_environment,answer_persistence,29,qwen3,18,72.22222222222223,72.22222222222223,0.0,-2.9760118815446006,0.0,nan,nan,0,0,inf,26.444444444444443,266632,274567,aime24,44
train,per_environment,answer_persistence,29,qwen3,24,83.33333333333333,83.33333333333333,0.0,-3.6536799209681403,0.0,nan,nan,0,0,inf,20.708333333333332,194352,201453,amc23,42
train,per_environment,answer_persistence,29,qwen3,24,91.66666666666667,91.66666666666667,0.0,-1.9100178593678614,4.166666666666667,100.0,0.0,0,0,inf,19.833333333333332,192616,196295,amc23,43
train,per_environment,answer_persistence,29,qwen3,24,79.16666666666667,79.16666666666667,0.0,-3.515892174612754,0.0,nan,nan,0,0,inf,19.666666666666668,198840,205831,amc23,44
train,per_environment,answer_persistence,29,qwen3,300,76.0,76.0,0.0,-3.0397877292778834,0.3333333333333333,100.0,0.0,0,0,inf,13.263333333333334,1611527,1660514,math500,42
train,per_environment,answer_persistence,29,qwen3,300,76.33333333333333,76.33333333333333,0.0,-2.8295253974957704,0.3333333333333333,100.0,0.0,0,0,inf,13.283333333333333,1638508,1684870,math500,43
train,per_environment,answer_persistence,29,qwen3,300,75.33333333333333,75.33333333333333,0.0,-3.212129069820065,0.0,nan,nan,0,0,inf,13.716666666666667,1635146,1687669,math500,44
dev,per_model,answer_persistence,29,deepseek,342,76.90058479532163,76.90058479532163,0.0,-0.4413247958815771,0.0,nan,nan,0,0,inf,3.2251461988304095,1533791,1540560,,
dev,per_model,answer_persistence,29,qwen3,342,77.77777777777777,77.48538011695906,-0.29239766081871343,-3.2656593770838764,0.8771929824561403,66.66666666666667,33.333333333333336,1,2,0.5,15.333333333333334,2043967,2110716,,
dev,per_benchmark,answer_persistence,29,,36,72.22222222222223,72.22222222222223,0.0,-1.6897228777733009,0.0,nan,nan,0,0,inf,15.666666666666666,469071,476997,aime24,
dev,per_benchmark,answer_persistence,29,,48,85.41666666666667,85.41666666666667,0.0,-2.4648789865431064,0.0,nan,nan,0,0,inf,15.375,405740,415741,amc23,
dev,per_benchmark,answer_persistence,29,,600,77.0,76.83333333333333,-0.16666666666666666,-2.0566810965956788,0.5,66.66666666666667,33.333333333333336,1,2,0.5,8.408333333333333,2702947,2758538,math500,
dev,per_seed,answer_persistence,29,,228,77.19298245614036,76.75438596491227,-0.43859649122807015,-1.957496271067958,0.43859649122807015,100.0,0.0,0,1,0.0,9.06140350877193,1230245,1254327,,42
dev,per_seed,answer_persistence,29,,228,77.63157894736842,77.63157894736842,0.0,-2.2967795184904434,0.0,nan,nan,0,0,inf,9.447368421052632,1158274,1184877,,43
dev,per_seed,answer_persistence,29,,228,77.19298245614036,77.19298245614036,0.0,-1.9199673068239438,0.8771929824561403,50.0,50.0,1,1,1.0,9.328947368421053,1189239,1212072,,44
dev,per_environment,answer_persistence,29,deepseek,6,50.0,50.0,0.0,-0.20015207084712408,0.0,nan,nan,0,0,inf,5.833333333333333,89432,89611,aime24,42
dev,per_environment,answer_persistence,29,deepseek,6,66.66666666666667,66.66666666666667,0.0,-0.152374154048897,0.0,nan,nan,0,0,inf,4.0,72847,72958,aime24,43
dev,per_environment,answer_persistence,29,deepseek,6,66.66666666666667,66.66666666666667,0.0,-0.2337609210180288,0.0,nan,nan,0,0,inf,5.5,68446,68606,aime24,44
dev,per_environment,answer_persistence,29,deepseek,8,87.5,87.5,0.0,-0.18296315207216407,0.0,nan,nan,0,0,inf,3.75,70506,70635,amc23,42
dev,per_environment,answer_persistence,29,deepseek,8,87.5,87.5,0.0,-0.4285604959057167,0.0,nan,nan,0,0,inf,6.125,52268,52492,amc23,43
dev,per_environment,answer_persistence,29,deepseek,8,87.5,87.5,0.0,-0.3479495213530216,0.0,nan,nan,0,0,inf,5.75,57767,57968,amc23,44
dev,per_environment,answer_persistence,29,deepseek,100,78.0,78.0,0.0,-0.4068171389162456,0.0,nan,nan,0,0,inf,2.66,372649,374165,math500,42
dev,per_environment,answer_persistence,29,deepseek,100,77.0,77.0,0.0,-0.616055087784389,0.0,nan,nan,0,0,inf,3.18,361169,363394,math500,43
dev,per_environment,answer_persistence,29,deepseek,100,76.0,76.0,0.0,-0.5207006820046977,0.0,nan,nan,0,0,inf,3.02,388707,390731,math500,44
dev,per_environment,answer_persistence,29,qwen3,6,83.33333333333333,83.33333333333333,0.0,-3.1153238546603474,0.0,nan,nan,0,0,inf,25.166666666666668,79125,81590,aime24,42
dev,per_environment,answer_persistence,29,qwen3,6,83.33333333333333,83.33333333333333,0.0,-3.243322142752883,0.0,nan,nan,0,0,inf,24.833333333333332,68510,70732,aime24,43
dev,per_environment,answer_persistence,29,qwen3,6,83.33333333333333,83.33333333333333,0.0,-3.0745995524247336,0.0,nan,nan,0,0,inf,28.666666666666668,90711,93500,aime24,44
dev,per_environment,answer_persistence,29,qwen3,8,75.0,75.0,0.0,-3.982182286946866,0.0,nan,nan,0,0,inf,23.25,78349,81469,amc23,42
dev,per_environment,answer_persistence,29,qwen3,8,87.5,87.5,0.0,-4.66130607548533,0.0,nan,nan,0,0,inf,27.375,74743,78227,amc23,43
dev,per_environment,answer_persistence,29,qwen3,8,87.5,87.5,0.0,-3.942751743936095,0.0,nan,nan,0,0,inf,26.0,72107,74950,amc23,44
dev,per_environment,answer_persistence,29,qwen3,100,77.0,76.0,-1.0,-3.0865408823660085,1.0,100.0,0.0,0,1,0.0,13.98,540184,556857,math500,42
dev,per_environment,answer_persistence,29,qwen3,100,77.0,77.0,0.0,-3.468075810847359,0.0,nan,nan,0,0,inf,13.95,528737,547074,math500,43
dev,per_environment,answer_persistence,29,qwen3,100,77.0,77.0,0.0,-2.896573027227708,2.0,50.0,50.0,1,1,1.0,13.66,511501,526317,math500,44
test,per_model,answer_persistence,29,deepseek,342,79.82456140350877,79.82456140350877,0.0,-0.4251763375850967,0.0,nan,nan,0,0,inf,3.1608187134502925,1464804,1471032,,
test,per_model,answer_persistence,29,qwen3,342,81.57894736842105,81.57894736842105,0.0,-3.152533111426036,0.29239766081871343,100.0,0.0,0,0,inf,14.614035087719298,1917918,1978381,,
test,per_benchmark,answer_persistence,29,,36,77.77777777777777,77.77777777777777,0.0,-2.3552452066249066,0.0,nan,nan,0,0,inf,17.75,409002,418635,aime24,
test,per_benchmark,answer_persistence,29,,48,85.41666666666667,85.41666666666667,0.0,-2.0116570586818883,0.0,nan,nan,0,0,inf,10.458333333333334,282404,288085,amc23,
test,per_benchmark,answer_persistence,29,,600,80.5,80.5,0.0,-1.908991734898466,0.16666666666666666,100.0,0.0,0,0,inf,8.23,2691316,2742693,math500,
test,per_seed,answer_persistence,29,,228,81.57894736842105,81.57894736842105,0.0,-1.8490255255029937,0.43859649122807015,100.0,0.0,0,0,inf,8.956140350877194,1132867,1153814,,45
test,per_seed,answer_persistence,29,,228,81.57894736842105,81.57894736842105,0.0,-2.1417226242624814,0.0,nan,nan,0,0,inf,8.912280701754385,1092345,1115740,,46
test,per_seed,answer_persistence,29,,228,78.94736842105263,78.94736842105263,0.0,-1.9307824554431494,0.0,nan,nan,0,0,inf,8.793859649122806,1157510,1179859,,47
test,per_environment,answer_persistence,29,deepseek,6,83.33333333333333,83.33333333333333,0.0,-0.19149379032817596,0.0,nan,nan,0,0,inf,4.666666666666667,72065,72203,aime24,45
test,per_environment,answer_persistence,29,deepseek,6,83.33333333333333,83.33333333333333,0.0,-0.491786552392613,0.0,nan,nan,0,0,inf,8.166666666666666,49005,49246,aime24,46
test,per_environment,answer_persistence,29,deepseek,6,50.0,50.0,0.0,-0.2066343833304415,0.0,nan,nan,0,0,inf,4.5,63397,63528,aime24,47
test,per_environment,answer_persistence,29,deepseek,8,87.5,87.5,0.0,-0.2174945626359341,0.0,nan,nan,0,0,inf,2.875,40001,40088,amc23,45
test,per_environment,answer_persistence,29,deepseek,8,87.5,87.5,0.0,-0.2844055169636565,0.0,nan,nan,0,0,inf,3.75,39732,39845,amc23,46
test,per_environment,answer_persistence,29,deepseek,8,75.0,75.0,0.0,-0.16404125749983148,0.0,nan,nan,0,0,inf,2.125,44501,44574,amc23,47
test,per_environment,answer_persistence,29,deepseek,100,81.0,81.0,0.0,-0.4722336444489271,0.0,nan,nan,0,0,inf,2.95,386673,388499,math500,45
test,per_environment,answer_persistence,29,deepseek,100,80.0,80.0,0.0,-0.44552813704543354,0.0,nan,nan,0,0,inf,2.82,367878,369517,math500,46
test,per_environment,answer_persistence,29,deepseek,100,79.0,79.0,0.0,-0.49308682312627006,0.0,nan,nan,0,0,inf,3.3,401552,403532,math500,47
test,per_environment,answer_persistence,29,qwen3,6,83.33333333333333,83.33333333333333,0.0,-4.14716946508854,0.0,nan,nan,0,0,inf,30.0,76293,79457,aime24,45
test,per_environment,answer_persistence,29,qwen3,6,83.33333333333333,83.33333333333333,0.0,-4.005485861804687,0.0,nan,nan,0,0,inf,30.0,74373,77352,aime24,46
test,per_environment,answer_persistence,29,qwen3,6,83.33333333333333,83.33333333333333,0.0,-4.034168595757354,0.0,nan,nan,0,0,inf,29.166666666666668,73869,76849,aime24,47
test,per_environment,answer_persistence,29,qwen3,8,87.5,87.5,0.0,-3.1990887327206736,0.0,nan,nan,0,0,inf,16.375,51796,53453,amc23,45
test,per_environment,answer_persistence,29,qwen3,8,87.5,87.5,0.0,-3.8913197950559106,0.0,nan,nan,0,0,inf,18.125,53478,55559,amc23,46
test,per_environment,answer_persistence,29,qwen3,8,87.5,87.5,0.0,-3.1571385359951605,0.0,nan,nan,0,0,inf,19.5,52896,54566,amc23,47
test,per_environment,answer_persistence,29,qwen3,100,81.0,81.0,0.0,-2.7814061762038103,1.0,100.0,0.0,0,0,inf,13.85,506039,520114,math500,45
test,per_environment,answer_persistence,29,qwen3,100,82.0,82.0,0.0,-3.2176955534684444,0.0,nan,nan,0,0,inf,13.46,507879,524221,math500,46
test,per_environment,answer_persistence,29,qwen3,100,80.0,80.0,0.0,-2.976241859215991,0.0,nan,nan,0,0,inf,13.0,521295,536810,math500,47
train,per_model,answer_persistence,30,deepseek,1026,73.78167641325535,73.78167641325535,0.0,-0.3695512923884763,0.0,nan,nan,0,0,inf,3.1267056530214425,4898914,4917018,,
train,per_model,answer_persistence,30,qwen3,1026,76.12085769980507,76.12085769980507,0.0,-3.108421113522706,0.09746588693957114,100.0,0.0,0,0,inf,14.591617933723198,6309795,6505930,,
train,per_benchmark,answer_persistence,30,,108,55.55555555555556,55.55555555555556,0.0,-1.536997316936769,0.0,nan,nan,0,0,inf,16.055555555555557,1661161,1686693,aime24,
train,per_benchmark,answer_persistence,30,,144,84.02777777777777,84.02777777777777,0.0,-2.043017533836985,0.0,nan,nan,0,0,inf,11.75,1078258,1100287,amc23,
train,per_benchmark,answer_persistence,30,,1800,75.38888888888889,75.38888888888889,0.0,-1.9680280165161423,0.05555555555555555,100.0,0.0,0,0,inf,8.196111111111112,8469290,8635968,math500,
train,per_seed,answer_persistence,30,,684,75.0,75.0,0.0,-1.9676492082304897,0.0,nan,nan,0,0,inf,8.7953216374269,3741114,3814726,,42
train,per_seed,answer_persistence,30,,684,74.70760233918129,74.70760233918129,0.0,-1.7864083060352007,0.14619883040935672,100.0,0.0,0,0,inf,8.757309941520468,3746288,3813212,,43
train,per_seed,answer_persistence,30,,684,75.14619883040936,75.14619883040936,0.0,-1.980567580153962,0.0,nan,nan,0,0,inf,9.024853801169591,3721307,3795010,,44
train,per_environment,answer_persistence,30,deepseek,18,33.333333333333336,33.333333333333336,0.0,-0.18149994661766275,0.0,nan,nan,0,0,inf,6.166666666666667,309091,309652,aime24,42
train,per_environment,answer_persistence,30,deepseek,18,44.44444444444444,44.44444444444444,0.0,-0.20209064756183578,0.0,nan,nan,0,0,inf,5.611111111111111,252362,252872,aime24,43
train,per_environment,answer_persistence,30,deepseek,18,50.0,50.0,0.0,-0.15024798583376134,0.0,nan,nan,0,0,inf,4.222222222222222,260902,261294,aime24,44
train,per_environment,answer_persistence,30,deepseek,24,91.66666666666667,91.66666666666667,0.0,-0.19786411583568106,0.0,nan,nan,0,0,inf,3.0833333333333335,152630,152932,amc23,42
train,per_environment,answer_persistence,30,deepseek,24,70.83333333333333,70.83333333333333,0.0,-0.16590917688512274,0.0,nan,nan,0,0,inf,3.1666666666666665,185041,185348,amc23,43
train,per_environment,answer_persistence,30,deepseek,24,87.5,87.5,0.0,-0.29590577533127876,0.0,nan,nan,0,0,inf,4.041666666666667,154779,155237,amc23,44
train,per_environment,answer_persistence,30,deepseek,300,74.33333333333333,74.33333333333333,0.0,-0.4263821903183327,0.0,nan,nan,0,0,inf,2.8866666666666667,1203615,1208747,math500,42
train,per_environment,answer_persistence,30,deepseek,300,75.0,75.0,0.0,-0.42858868587120563,0.0,nan,nan,0,0,inf,2.9,1175486,1180524,math500,43
train,per_environment,answer_persistence,30,deepseek,300,75.33333333333333,75.33333333333333,0.0,-0.44846175295101776,0.0,nan,nan,0,0,inf,3.1233333333333335,1205008,1210412,math500,44
train,per_environment,answer_persistence,30,qwen3,18,77.77777777777777,77.77777777777777,0.0,-3.0822641062026905,0.0,nan,nan,0,0,inf,27.166666666666668,269899,278218,aime24,42
train,per_environment,answer_persistence,30,qwen3,18,55.55555555555556,55.55555555555556,0.0,-2.5853940947812424,0.0,nan,nan,0,0,inf,26.72222222222222,302275,310090,aime24,43
train,per_environment,answer_persistence,30,qwen3,18,72.22222222222223,72.22222222222223,0.0,-2.9760118815446006,0.0,nan,nan,0,0,inf,26.444444444444443,266632,274567,aime24,44
train,per_environment,answer_persistence,30,qwen3,24,83.33333333333333,83.33333333333333,0.0,-3.6536799209681403,0.0,nan,nan,0,0,inf,20.708333333333332,194352,201453,amc23,42
train,per_environment,answer_persistence,30,qwen3,24,91.66666666666667,91.66666666666667,0.0,-3.566681895584998,0.0,nan,nan,0,0,inf,19.833333333333332,192616,199486,amc23,43
train,per_environment,answer_persistence,30,qwen3,24,79.16666666666667,79.16666666666667,0.0,-3.515892174612754,0.0,nan,nan,0,0,inf,19.666666666666668,198840,205831,amc23,44
train,per_environment,answer_persistence,30,qwen3,300,76.0,76.0,0.0,-3.238977690103858,0.0,nan,nan,0,0,inf,13.263333333333334,1611527,1663724,math500,42
train,per_environment,answer_persistence,30,qwen3,300,76.33333333333333,76.33333333333333,0.0,-2.8308680824262074,0.3333333333333333,100.0,0.0,0,0,inf,13.286666666666667,1638508,1684892,math500,43
train,per_environment,answer_persistence,30,qwen3,300,75.33333333333333,75.33333333333333,0.0,-3.212129069820065,0.0,nan,nan,0,0,inf,13.716666666666667,1635146,1687669,math500,44
dev,per_model,answer_persistence,30,deepseek,342,76.90058479532163,76.90058479532163,0.0,-0.4413247958815771,0.0,nan,nan,0,0,inf,3.2251461988304095,1533791,1540560,,
dev,per_model,answer_persistence,30,qwen3,342,77.48538011695906,77.48538011695906,0.0,-3.4733437477219544,0.0,nan,nan,0,0,inf,15.333333333333334,2043967,2114961,,
dev,per_benchmark,answer_persistence,30,,36,72.22222222222223,72.22222222222223,0.0,-1.6897228777733009,0.0,nan,nan,0,0,inf,15.666666666666666,469071,476997,aime24,
dev,per_benchmark,answer_persistence,30,,48,85.41666666666667,85.41666666666667,0.0,-2.4648789865431064,0.0,nan,nan,0,0,inf,15.375,405740,415741,amc23,
dev,per_benchmark,answer_persistence,30,,600,76.83333333333333,76.83333333333333,0.0,-2.2137319007734892,0.0,nan,nan,0,0,inf,8.408333333333333,2702947,2762783,math500,
dev,per_seed,answer_persistence,30,,228,76.75438596491227,76.75438596491227,0.0,-2.034472808261769,0.0,nan,nan,0,0,inf,9.06140350877193,1230245,1255274,,42
dev,per_seed,answer_persistence,30,,228,77.63157894736842,77.63157894736842,0.0,-2.2967795184904434,0.0,nan,nan,0,0,inf,9.447368421052632,1158274,1184877,,43
dev,per_seed,answer_persistence,30,,228,77.19298245614036,77.19298245614036,0.0,-2.197287509070927,0.0,nan,nan,0,0,inf,9.328947368421053,1189239,1215370,,44
dev,per_environment,answer_persistence,30,deepseek,6,50.0,50.0,0.0,-0.20015207084712408,0.0,nan,nan,0,0,inf,5.833333333333333,89432,89611,aime24,42
dev,per_environment,answer_persistence,30,deepseek,6,66.66666666666667,66.66666666666667,0.0,-0.152374154048897,0.0,nan,nan,0,0,inf,4.0,72847,72958,aime24,43
dev,per_environment,answer_persistence,30,deepseek,6,66.66666666666667,66.66666666666667,0.0,-0.2337609210180288,0.0,nan,nan,0,0,inf,5.5,68446,68606,aime24,44
dev,per_environment,answer_persistence,30,deepseek,8,87.5,87.5,0.0,-0.18296315207216407,0.0,nan,nan,0,0,inf,3.75,70506,70635,amc23,42
dev,per_environment,answer_persistence,30,deepseek,8,87.5,87.5,0.0,-0.4285604959057167,0.0,nan,nan,0,0,inf,6.125,52268,52492,amc23,43
dev,per_environment,answer_persistence,30,deepseek,8,87.5,87.5,0.0,-0.3479495213530216,0.0,nan,nan,0,0,inf,5.75,57767,57968,amc23,44
dev,per_environment,answer_persistence,30,deepseek,100,78.0,78.0,0.0,-0.4068171389162456,0.0,nan,nan,0,0,inf,2.66,372649,374165,math500,42
dev,per_environment,answer_persistence,30,deepseek,100,77.0,77.0,0.0,-0.616055087784389,0.0,nan,nan,0,0,inf,3.18,361169,363394,math500,43
dev,per_environment,answer_persistence,30,deepseek,100,76.0,76.0,0.0,-0.5207006820046977,0.0,nan,nan,0,0,inf,3.02,388707,390731,math500,44
dev,per_environment,answer_persistence,30,qwen3,6,83.33333333333333,83.33333333333333,0.0,-3.1153238546603474,0.0,nan,nan,0,0,inf,25.166666666666668,79125,81590,aime24,42
dev,per_environment,answer_persistence,30,qwen3,6,83.33333333333333,83.33333333333333,0.0,-3.243322142752883,0.0,nan,nan,0,0,inf,24.833333333333332,68510,70732,aime24,43
dev,per_environment,answer_persistence,30,qwen3,6,83.33333333333333,83.33333333333333,0.0,-3.0745995524247336,0.0,nan,nan,0,0,inf,28.666666666666668,90711,93500,aime24,44
dev,per_environment,answer_persistence,30,qwen3,8,75.0,75.0,0.0,-3.982182286946866,0.0,nan,nan,0,0,inf,23.25,78349,81469,amc23,42
dev,per_environment,answer_persistence,30,qwen3,8,87.5,87.5,0.0,-4.66130607548533,0.0,nan,nan,0,0,inf,27.375,74743,78227,amc23,43
dev,per_environment,answer_persistence,30,qwen3,8,87.5,87.5,0.0,-3.942751743936095,0.0,nan,nan,0,0,inf,26.0,72107,74950,amc23,44
dev,per_environment,answer_persistence,30,qwen3,100,76.0,76.0,0.0,-3.2618515172607854,0.0,nan,nan,0,0,inf,13.98,540184,557804,math500,42
dev,per_environment,answer_persistence,30,qwen3,100,77.0,77.0,0.0,-3.468075810847359,0.0,nan,nan,0,0,inf,13.95,528737,547074,math500,43
dev,per_environment,answer_persistence,30,qwen3,100,77.0,77.0,0.0,-3.5413420501621697,0.0,nan,nan,0,0,inf,13.66,511501,529615,math500,44
test,per_model,answer_persistence,30,deepseek,342,79.82456140350877,79.82456140350877,0.0,-0.4251763375850967,0.0,nan,nan,0,0,inf,3.1608187134502925,1464804,1471032,,
test,per_model,answer_persistence,30,qwen3,342,81.57894736842105,81.57894736842105,0.0,-3.1529502304060966,0.29239766081871343,100.0,0.0,0,0,inf,14.616959064327485,1917918,1978389,,
test,per_benchmark,answer_persistence,30,,36,77.77777777777777,77.77777777777777,0.0,-2.3552452066249066,0.0,nan,nan,0,0,inf,17.75,409002,418635,aime24,
test,per_benchmark,answer_persistence,30,,48,85.41666666666667,85.41666666666667,0.0,-2.0116570586818883,0.0,nan,nan,0,0,inf,10.458333333333334,282404,288085,amc23,
test,per_benchmark,answer_persistence,30,,600,80.5,80.5,0.0,-1.909288987246388,0.16666666666666666,100.0,0.0,0,0,inf,8.231666666666667,2691316,2742701,math500,
test,per_seed,answer_persistence,30,,228,81.57894736842105,81.57894736842105,0.0,-1.8497316984253227,0.43859649122807015,100.0,0.0,0,0,inf,8.960526315789474,1132867,1153822,,45
test,per_seed,answer_persistence,30,,228,81.57894736842105,81.57894736842105,0.0,-2.1417226242624814,0.0,nan,nan,0,0,inf,8.912280701754385,1092345,1115740,,46
test,per_seed,answer_persistence,30,,228,78.94736842105263,78.94736842105263,0.0,-1.9307824554431494,0.0,nan,nan,0,0,inf,8.793859649122806,1157510,1179859,,47
test,per_environment,answer_persistence,30,deepseek,6,83.33333333333333,83.33333333333333,0.0,-0.19149379032817596,0.0,nan,nan,0,0,inf,4.666666666666667,72065,72203,aime24,45
test,per_environment,answer_persistence,30,deepseek,6,83.33333333333333,83.33333333333333,0.0,-0.491786552392613,0.0,nan,nan,0,0,inf,8.166666666666666,49005,49246,aime24,46
test,per_environment,answer_persistence,30,deepseek,6,50.0,50.0,0.0,-0.2066343833304415,0.0,nan,nan,0,0,inf,4.5,63397,63528,aime24,47
test,per_environment,answer_persistence,30,deepseek,8,87.5,87.5,0.0,-0.2174945626359341,0.0,nan,nan,0,0,inf,2.875,40001,40088,amc23,45
test,per_environment,answer_persistence,30,deepseek,8,87.5,87.5,0.0,-0.2844055169636565,0.0,nan,nan,0,0,inf,3.75,39732,39845,amc23,46
test,per_environment,answer_persistence,30,deepseek,8,75.0,75.0,0.0,-0.16404125749983148,0.0,nan,nan,0,0,inf,2.125,44501,44574,amc23,47
test,per_environment,answer_persistence,30,deepseek,100,81.0,81.0,0.0,-0.4722336444489271,0.0,nan,nan,0,0,inf,2.95,386673,388499,math500,45
test,per_environment,answer_persistence,30,deepseek,100,80.0,80.0,0.0,-0.44552813704543354,0.0,nan,nan,0,0,inf,2.82,367878,369517,math500,46
test,per_environment,answer_persistence,30,deepseek,100,79.0,79.0,0.0,-0.49308682312627006,0.0,nan,nan,0,0,inf,3.3,401552,403532,math500,47
test,per_environment,answer_persistence,30,qwen3,6,83.33333333333333,83.33333333333333,0.0,-4.14716946508854,0.0,nan,nan,0,0,inf,30.0,76293,79457,aime24,45
test,per_environment,answer_persistence,30,qwen3,6,83.33333333333333,83.33333333333333,0.0,-4.005485861804687,0.0,nan,nan,0,0,inf,30.0,74373,77352,aime24,46
test,per_environment,answer_persistence,30,qwen3,6,83.33333333333333,83.33333333333333,0.0,-4.034168595757354,0.0,nan,nan,0,0,inf,29.166666666666668,73869,76849,aime24,47
test,per_environment,answer_persistence,30,qwen3,8,87.5,87.5,0.0,-3.1990887327206736,0.0,nan,nan,0,0,inf,16.375,51796,53453,amc23,45
test,per_environment,answer_persistence,30,qwen3,8,87.5,87.5,0.0,-3.8913197950559106,0.0,nan,nan,0,0,inf,18.125,53478,55559,amc23,46
test,per_environment,answer_persistence,30,qwen3,8,87.5,87.5,0.0,-3.1571385359951605,0.0,nan,nan,0,0,inf,19.5,52896,54566,amc23,47
test,per_environment,answer_persistence,30,qwen3,100,81.0,81.0,0.0,-2.7829870820233222,1.0,100.0,0.0,0,0,inf,13.86,506039,520122,math500,45
test,per_environment,answer_persistence,30,qwen3,100,82.0,82.0,0.0,-3.2176955534684444,0.0,nan,nan,0,0,inf,13.46,507879,524221,math500,46
test,per_environment,answer_persistence,30,qwen3,100,80.0,80.0,0.0,-2.976241859215991,0.0,nan,nan,0,0,inf,13.0,521295,536810,math500,47
train,per_model,tje_confidence,1,deepseek,1026,72.22222222222223,73.78167641325535,1.5594541910331383,4.868425940933031,3.216374269005848,15.151515151515152,84.84848484848484,17,1,17.0,3.021442495126706,4898914,4660414,,
train,per_model,tje_confidence,1,qwen3,1026,76.12085769980507,76.12085769980507,0.0,-3.1530818354637513,0.09746588693957114,100.0,0.0,0,0,inf,14.585769980506823,6309795,6508748,,
train,per_benchmark,tje_confidence,1,,108,55.55555555555556,55.55555555555556,0.0,1.4724039391726629,1.8518518518518519,0.0,100.0,0,0,inf,16.037037037037038,1661161,1636702,aime24,
train,per_benchmark,tje_confidence,1,,144,83.33333333333333,84.02777777777777,0.6944444444444444,-0.9171274407423826,1.3888888888888888,50.0,50.0,1,0,inf,11.715277777777779,1078258,1088147,amc23,
train,per_benchmark,tje_confidence,1,,1800,74.55555555555556,75.38888888888889,0.8333333333333334,0.29491256055702425,1.6666666666666667,16.666666666666668,83.33333333333333,16,1,16.0,8.136666666666667,8469290,8444313,math500,
train,per_seed,tje_confidence,1,,684,74.26900584795321,75.0,0.7309941520467836,-0.05493016251309102,1.608187134502924,18.181818181818183,81.81818181818181,6,1,6.0,8.711988304093568,3741114,3743169,,42
train,per_seed,tje_confidence,1,,684,73.83040935672514,74.70760233918129,0.8771929824561403,0.966049593624409,1.9005847953216375,15.384615384615385,84.61538461538461,6,0,inf,8.713450292397662,3746288,3710097,,43
train,per_seed,tje_confidence,1,,684,74.41520467836257,75.14619883040936,0.7309941520467836,0.14540590174366158,1.4619883040935673,20.0,80.0,5,0,inf,8.985380116959064,3721307,3715896,,44
train,per_environment,tje_confidence,1,deepseek,18,33.333333333333336,33.333333333333336,0.0,-0.18149994661766275,0.0,nan,nan,0,0,inf,6.166666666666667,309091,309652,aime24,42
train,per_environment,tje_confidence,1,deepseek,18,44.44444444444444,44.44444444444444,0.0,6.881780933738043,5.555555555555555,0.0,100.0,0,0,inf,5.555555555555555,252362,234995,aime24,43
train,per_environment,tje_confidence,1,deepseek,18,50.0,50.0,0.0,12.158588282190248,5.555555555555555,0.0,100.0,0,0,inf,4.166666666666667,260902,229180,aime24,44
train,per_environment,tje_confidence,1,deepseek,24,87.5,91.66666666666667,4.166666666666667,7.756011269082094,8.333333333333334,50.0,50.0,1,0,inf,2.875,152630,140792,amc23,42
train,per_environment,tje_confidence,1,deepseek,24,70.83333333333333,70.83333333333333,0.0,-0.16590917688512274,0.0,nan,nan,0,0,inf,3.1666666666666665,185041,185348,amc23,43
train,per_environment,tje_confidence,1,deepseek,24,87.5,87.5,0.0,-0.29590577533127876,0.0,nan,nan,0,0,inf,4.041666666666667,154779,155237,amc23,44
train,per_environment,tje_confidence,1,deepseek,300,73.0,74.33333333333333,1.3333333333333333,4.51016313356015,3.0,11.11111111111111,88.88888888888889,5,1,5.0,2.7133333333333334,1203615,1149330,math500,42
train,per_environment,tje_confidence,1,deepseek,300,73.0,75.0,2.0,7.062440556501737,3.6666666666666665,9.090909090909092,90.9090909090909,6,0,inf,2.8233333333333333,1175486,1092468,math500,43
train,per_environment,tje_confidence,1,deepseek,300,73.66666666666667,75.33333333333333,1.6666666666666667,3.4519272901092775,3.0,22.22222222222222,77.77777777777777,5,0,inf,3.0366666666666666,1205008,1163412,math500,44
train,per_environment,tje_confidence,1,qwen3,18,77.77777777777777,77.77777777777777,0.0,-3.0822641062026905,0.0,nan,nan,0,0,inf,27.166666666666668,269899,278218,aime24,42
train,per_environment,tje_confidence,1,qwen3,18,55.55555555555556,55.55555555555556,0.0,-2.5853940947812424,0.0,nan,nan,0,0,inf,26.72222222222222,302275,310090,aime24,43
train,per_environment,tje_confidence,1,qwen3,18,72.22222222222223,72.22222222222223,0.0,-2.9760118815446006,0.0,nan,nan,0,0,inf,26.444444444444443,266632,274567,aime24,44
train,per_environment,tje_confidence,1,qwen3,24,83.33333333333333,83.33333333333333,0.0,-3.6536799209681403,0.0,nan,nan,0,0,inf,20.708333333333332,194352,201453,amc23,42
train,per_environment,tje_confidence,1,qwen3,24,91.66666666666667,91.66666666666667,0.0,-3.566681895584998,0.0,nan,nan,0,0,inf,19.833333333333332,192616,199486,amc23,43
train,per_environment,tje_confidence,1,qwen3,24,79.16666666666667,79.16666666666667,0.0,-3.515892174612754,0.0,nan,nan,0,0,inf,19.666666666666668,198840,205831,amc23,44
train,per_environment,tje_confidence,1,qwen3,300,76.0,76.0,0.0,-3.238977690103858,0.0,nan,nan,0,0,inf,13.263333333333334,1611527,1663724,math500,42
train,per_environment,tje_confidence,1,qwen3,300,76.33333333333333,76.33333333333333,0.0,-3.00285381578851,0.3333333333333333,100.0,0.0,0,0,inf,13.266666666666667,1638508,1687710,math500,43
train,per_environment,tje_confidence,1,qwen3,300,75.33333333333333,75.33333333333333,0.0,-3.212129069820065,0.0,nan,nan,0,0,inf,13.716666666666667,1635146,1687669,math500,44
dev,per_model,tje_confidence,1,deepseek,342,75.14619883040936,76.90058479532163,1.7543859649122806,5.289703747120696,3.801169590643275,7.6923076923076925,92.3076923076923,7,1,7.0,3.0994152046783627,1533791,1452658,,
dev,per_model,tje_confidence,1,qwen3,342,77.48538011695906,77.48538011695906,0.0,-3.4733437477219544,0.0,nan,nan,0,0,inf,15.333333333333334,2043967,2114961,,
dev,per_benchmark,tje_confidence,1,,36,72.22222222222223,72.22222222222223,0.0,-1.6897228777733009,0.0,nan,nan,0,0,inf,15.666666666666666,469071,476997,aime24,
dev,per_benchmark,tje_confidence,1,,48,85.41666666666667,85.41666666666667,0.0,2.9117168630157244,4.166666666666667,50.0,50.0,1,1,1.0,15.166666666666666,405740,393926,amc23,
dev,per_benchmark,tje_confidence,1,,600,75.83333333333333,76.83333333333333,1.0,0.23126609585759544,1.8333333333333333,0.0,100.0,6,0,inf,8.353333333333333,2702947,2696696,math500,
dev,per_seed,tje_confidence,1,,228,75.43859649122807,76.75438596491227,1.3157894736842106,-0.6400351149567769,1.3157894736842106,0.0,100.0,3,0,inf,9.030701754385966,1230245,1238119,,42
dev,per_seed,tje_confidence,1,,228,76.75438596491227,77.63157894736842,0.8771929824561403,1.361940266292777,2.6315789473684212,0.0,100.0,2,0,inf,9.385964912280702,1158274,1142499,,43
dev,per_seed,tje_confidence,1,,228,76.75438596491227,77.19298245614036,0.43859649122807015,0.1881875720523797,1.7543859649122806,25.0,75.0,2,1,2.0,9.232456140350877,1189239,1187001,,44
dev,per_environment,tje_confidence,1,deepseek,6,50.0,50.0,0.0,-0.20015207084712408,0.0,nan,nan,0,0,inf,5.833333333333333,89432,89611,aime24,42
dev,per_environment,tje_confidence,1,deepseek,6,66.66666666666667,66.66666666666667,0.0,-0.152374154048897,0.0,nan,nan,0,0,inf,4.0,72847,72958,aime24,43
dev,per_environment,tje_confidence,1,deepseek,6,66.66666666666667,66.66666666666667,0.0,-0.2337609210180288,0.0,nan,nan,0,0,inf,5.5,68446,68606,aime24,44
dev,per_environment,tje_confidence,1,deepseek,8,87.5,87.5,0.0,-0.18296315207216407,0.0,nan,nan,0,0,inf,3.75,70506,70635,amc23,42
dev,per_environment,tje_confidence,1,deepseek,8,75.0,87.5,12.5,11.349200275503176,12.5,0.0,100.0,1,0,inf,5.875,52268,46336,amc23,43
dev,per_environment,tje_confidence,1,deepseek,8,100.0,87.5,-12.5,26.759222393408002,12.5,100.0,0.0,0,1,0.0,4.75,57767,42309,amc23,44
dev,per_environment,tje_confidence,1,deepseek,100,75.0,78.0,3.0,4.196710577513961,3.0,0.0,100.0,3,0,inf,2.59,372649,357010,math500,42
dev,per_environment,tje_confidence,1,deepseek,100,76.0,77.0,1.0,9.413044862654326,5.0,0.0,100.0,1,0,inf,3.06,361169,327172,math500,43
dev,per_environment,tje_confidence,1,deepseek,100,74.0,76.0,2.0,2.749114371493181,3.0,0.0,100.0,2,0,inf,2.88,388707,378021,math500,44
dev,per_environment,tje_confidence,1,qwen3,6,83.33333333333333,83.33333333333333,0.0,-3.1153238546603474,0.0,nan,nan,0,0,inf,25.166666666666668,79125,81590,aime24,42
dev,per_environment,tje_confidence,1,qwen3,6,83.33333333333333,83.33333333333333,0.0,-3.243322142752883,0.0,nan,nan,0,0,inf,24.833333333333332,68510,70732,aime24,43
dev,per_environment,tje_confidence,1,qwen3,6,83.33333333333333,83.33333333333333,0.0,-3.0745995524247336,0.0,nan,nan,0,0,inf,28.666666666666668,90711,93500,aime24,44
dev,per_environment,tje_confidence,1,qwen3,8,75.0,75.0,0.0,-3.982182286946866,0.0,nan,nan,0,0,inf,23.25,78349,81469,amc23,42
dev,per_environment,tje_confidence,1,qwen3,8,87.5,87.5,0.0,-4.66130607548533,0.0,nan,nan,0,0,inf,27.375,74743,78227,amc23,43
dev,per_environment,tje_confidence,1,qwen3,8,87.5,87.5,0.0,-3.942751743936095,0.0,nan,nan,0,0,inf,26.0,72107,74950,amc23,44
dev,per_environment,tje_confidence,1,qwen3,100,76.0,76.0,0.0,-3.2618515172607854,0.0,nan,nan,0,0,inf,13.98,540184,557804,math500,42
dev,per_environment,tje_confidence,1,qwen3,100,77.0,77.0,0.0,-3.468075810847359,0.0,nan,nan,0,0,inf,13.95,528737,547074,math500,43
dev,per_environment,tje_confidence,1,qwen3,100,77.0,77.0,0.0,-3.5413420501621697,0.0,nan,nan,0,0,inf,13.66,511501,529615,math500,44
test,per_model,tje_confidence,1,deepseek,342,76.0233918128655,79.82456140350877,3.801169590643275,8.562101141176568,5.2631578947368425,5.555555555555555,94.44444444444444,13,0,inf,2.973684210526316,1464804,1339386,,
test,per_model,tje_confidence,1,qwen3,342,81.57894736842105,81.57894736842105,0.0,-3.13496197439098,0.29239766081871343,100.0,0.0,0,0,inf,14.564327485380117,1917918,1978044,,
test,per_benchmark,tje_confidence,1,,36,63.888888888888886,77.77777777777777,13.88888888888889,8.898000498775067,16.666666666666668,0.0,100.0,5,0,inf,17.11111111111111,409002,372609,aime24,
test,per_benchmark,tje_confidence,1,,48,85.41666666666667,85.41666666666667,0.0,-2.0116570586818883,0.0,nan,nan,0,0,inf,10.458333333333334,282404,288085,amc23,
test,per_benchmark,tje_confidence,1,,600,79.16666666666667,80.5,1.3333333333333333,1.2848732738927722,2.1666666666666665,15.384615384615385,84.61538461538461,8,0,inf,8.133333333333333,2691316,2656736,math500,
test,per_seed,tje_confidence,1,,228,79.3859649122807,81.57894736842105,2.192982456140351,0.5599068557915449,3.0701754385964914,28.571428571428573,71.42857142857143,5,0,inf,8.81578947368421,1132867,1126524,,45
test,per_seed,tje_confidence,1,,228,79.3859649122807,81.57894736842105,2.192982456140351,3.5082322892492757,3.0701754385964914,0.0,100.0,5,0,inf,8.802631578947368,1092345,1054023,,46
test,per_seed,tje_confidence,1,,228,77.63157894736842,78.94736842105263,1.3157894736842106,1.782014842204387,2.192982456140351,0.0,100.0,3,0,inf,8.68859649122807,1157510,1136883,,47
test,per_environment,tje_confidence,1,deepseek,6,66.66666666666667,83.33333333333333,16.666666666666668,19.89731492402692,16.666666666666668,0.0,100.0,1,0,inf,4.0,72065,57726,aime24,45
test,per_environment,tje_confidence,1,deepseek,6,33.333333333333336,83.33333333333333,50.0,56.13304764819917,66.66666666666667,0.0,100.0,3,0,inf,5.666666666666667,49005,21497,aime24,46
test,per_environment,tje_confidence,1,deepseek,6,33.333333333333336,50.0,16.666666666666668,5.787340094957175,16.666666666666668,0.0,100.0,1,0,inf,3.8333333333333335,63397,59728,aime24,47
test,per_environment,tje_confidence,1,deepseek,8,87.5,87.5,0.0,-0.2174945626359341,0.0,nan,nan,0,0,inf,2.875,40001,40088,amc23,45
test,per_environment,tje_confidence,1,deepseek,8,87.5,87.5,0.0,-0.2844055169636565,0.0,nan,nan,0,0,inf,3.75,39732,39845,amc23,46
test,per_environment,tje_confidence,1,deepseek,8,75.0,75.0,0.0,-0.16404125749983148,0.0,nan,nan,0,0,inf,2.125,44501,44574,amc23,47
test,per_environment,tje_confidence,1,deepseek,100,77.0,81.0,4.0,2.7542652318625818,5.0,20.0,80.0,4,0,inf,2.84,386673,376023,math500,45
test,per_environment,tje_confidence,1,deepseek,100,78.0,80.0,2.0,8.787967750178048,3.0,0.0,100.0,2,0,inf,2.72,367878,335549,math500,46
test,per_environment,tje_confidence,1,deepseek,100,77.0,79.0,2.0,9.263059329800374,4.0,0.0,100.0,2,0,inf,3.1,401552,364356,math500,47
test,per_environment,tje_confidence,1,qwen3,6,83.33333333333333,83.33333333333333,0.0,-4.14716946508854,0.0,nan,nan,0,0,inf,30.0,76293,79457,aime24,45
test,per_environment,tje_confidence,1,qwen3,6,83.33333333333333,83.33333333333333,0.0,-4.005485861804687,0.0,nan,nan,0,0,inf,30.0,74373,77352,aime24,46
test,per_environment,tje_confidence,1,qwen3,6,83.33333333333333,83.33333333333333,0.0,-4.034168595757354,0.0,nan,nan,0,0,inf,29.166666666666668,73869,76849,aime24,47
test,per_environment,tje_confidence,1,qwen3,8,87.5,87.5,0.0,-3.1990887327206736,0.0,nan,nan,0,0,inf,16.375,51796,53453,amc23,45
test,per_environment,tje_confidence,1,qwen3,8,87.5,87.5,0.0,-3.8913197950559106,0.0,nan,nan,0,0,inf,18.125,53478,55559,amc23,46
test,per_environment,tje_confidence,1,qwen3,8,87.5,87.5,0.0,-3.1571385359951605,0.0,nan,nan,0,0,inf,19.5,52896,54566,amc23,47
test,per_environment,tje_confidence,1,qwen3,100,81.0,81.0,0.0,-2.7148105185568703,1.0,100.0,0.0,0,0,inf,13.68,506039,519777,math500,45
test,per_environment,tje_confidence,1,qwen3,100,82.0,82.0,0.0,-3.2176955534684444,0.0,nan,nan,0,0,inf,13.46,507879,524221,math500,46
test,per_environment,tje_confidence,1,qwen3,100,80.0,80.0,0.0,-2.976241859215991,0.0,nan,nan,0,0,inf,13.0,521295,536810,math500,47
train,per_model,tje_confidence,2,deepseek,1026,68.71345029239767,73.78167641325535,5.0682261208577,17.995539419552987,12.378167641325536,22.834645669291337,77.16535433070867,56,4,14.0,2.6695906432748537,4898914,4017328,,
train,per_model,tje_confidence,2,qwen3,1026,75.14619883040936,76.12085769980507,0.9746588693957114,5.744497245948561,8.869395711500974,60.43956043956044,39.56043956043956,17,7,2.4285714285714284,13.763157894736842,6309795,5947329,,
train,per_benchmark,tje_confidence,2,,108,50.925925925925924,55.55555555555556,4.62962962962963,19.372475034027406,22.22222222222222,16.666666666666668,83.33333333333333,5,0,inf,14.5,1661161,1339353,aime24,
train,per_benchmark,tje_confidence,2,,144,82.63888888888889,84.02777777777777,1.3888888888888888,11.28625987472386,13.194444444444445,52.63157894736842,47.36842105263158,4,2,2.0,11.069444444444445,1078258,956563,amc23,
train,per_benchmark,tje_confidence,2,,1800,72.33333333333333,75.38888888888889,3.0555555555555554,9.452374402104544,9.722222222222221,40.0,60.0,64,9,7.111111111111111,7.611111111111111,8469290,7668741,math500,
train,per_seed,tje_confidence,2,,684,72.80701754385964,75.0,2.192982456140351,10.811619212886857,9.649122807017545,43.93939393939394,56.06060606060606,18,3,6.0,8.18859649122807,3741114,3336639,,42
train,per_seed,tje_confidence,2,,684,70.76023391812865,74.70760233918129,3.9473684210526314,11.319951909730378,10.818713450292398,35.13513513513514,64.86486486486487,30,3,10.0,8.13888888888889,3746288,3322210,,43
train,per_seed,tje_confidence,2,,684,72.22222222222223,75.14619883040936,2.9239766081871346,11.1654050579541,11.403508771929825,37.17948717948718,62.82051282051282,25,5,5.0,8.321637426900585,3721307,3305808,,44
train,per_environment,tje_confidence,2,deepseek,18,33.333333333333336,33.333333333333336,0.0,31.703284793151532,33.333333333333336,16.666666666666668,83.33333333333333,0,0,inf,3.6666666666666665,309091,211099,aime24,42
train,per_environment,tje_confidence,2,deepseek,18,38.888888888888886,44.44444444444444,5.555555555555555,32.62971445780268,27.77777777777778,0.0,100.0,1,0,inf,4.444444444444445,252362,170017,aime24,43
train,per_environment,tje_confidence,2,deepseek,18,50.0,50.0,0.0,34.19559834727215,27.77777777777778,0.0,100.0,0,0,inf,2.6666666666666665,260902,171685,aime24,44
train,per_environment,tje_confidence,2,deepseek,24,83.33333333333333,91.66666666666667,8.333333333333334,20.033414138766954,16.666666666666668,25.0,75.0,2,0,inf,2.5833333333333335,152630,122053,amc23,42
train,per_environment,tje_confidence,2,deepseek,24,66.66666666666667,70.83333333333333,4.166666666666667,12.975502726422793,8.333333333333334,0.0,100.0,1,0,inf,2.75,185041,161031,amc23,43
train,per_environment,tje_confidence,2,deepseek,24,83.33333333333333,87.5,4.166666666666667,21.76845696121567,12.5,0.0,100.0,1,0,inf,2.875,154779,121086,amc23,44
train,per_environment,tje_confidence,2,deepseek,300,71.0,74.33333333333333,3.3333333333333335,12.872804011249444,8.333333333333334,28.0,72.0,11,1,11.0,2.56,1203615,1048676,math500,42
train,per_environment,tje_confidence,2,deepseek,300,68.0,75.0,7.0,15.186229355347491,11.666666666666666,20.0,80.0,22,1,22.0,2.5966666666666667,1175486,996974,math500,43
train,per_environment,tje_confidence,2,deepseek,300,70.0,75.33333333333333,5.333333333333333,15.792509261349302,14.0,30.952380952380953,69.04761904761905,18,2,9.0,2.67,1205008,1014707,math500,44
train,per_environment,tje_confidence,2,qwen3,18,72.22222222222223,77.77777777777777,5.555555555555555,3.4742625945261003,16.666666666666668,66.66666666666667,33.333333333333336,1,0,inf,26.166666666666668,269899,260522,aime24,42
train,per_environment,tje_confidence,2,qwen3,18,50.0,55.55555555555556,5.555555555555555,8.335125299809777,16.666666666666668,33.333333333333336,66.66666666666667,1,0,inf,25.0,302275,277080,aime24,43
train,per_environment,tje_confidence,2,qwen3,18,61.111111111111114,72.22222222222223,11.11111111111111,6.631612109574244,11.11111111111111,0.0,100.0,2,0,inf,25.055555555555557,266632,248950,aime24,44
train,per_environment,tje_confidence,2,qwen3,24,91.66666666666667,83.33333333333333,-8.333333333333334,11.051597102165143,20.833333333333332,100.0,0.0,0,2,0.0,19.708333333333332,194352,172873,amc23,42
train,per_environment,tje_confidence,2,qwen3,24,91.66666666666667,91.66666666666667,0.0,5.907089753706857,16.666666666666668,75.0,25.0,0,0,inf,19.041666666666668,192616,181238,amc23,43
train,per_environment,tje_confidence,2,qwen3,24,79.16666666666667,79.16666666666667,0.0,0.28062764031382015,4.166666666666667,100.0,0.0,0,0,inf,19.458333333333332,198840,198282,amc23,44
train,per_environment,tje_confidence,2,qwen3,300,74.66666666666667,76.0,1.3333333333333333,5.591653133953077,7.666666666666667,56.52173913043478,43.47826086956522,4,0,inf,12.536666666666667,1611527,1521416,math500,42
train,per_environment,tje_confidence,2,qwen3,300,75.33333333333333,76.33333333333333,1.0,6.264113449552886,8.333333333333334,60.0,40.0,5,2,2.5,12.45,1638508,1535870,math500,43
train,per_environment,tje_confidence,2,qwen3,300,75.0,75.33333333333333,0.3333333333333333,5.140091465838524,8.333333333333334,60.0,40.0,4,3,1.3333333333333333,12.853333333333333,1635146,1551098,math500,44
dev,per_model,tje_confidence,2,deepseek,342,72.22222222222223,76.90058479532163,4.678362573099415,23.463301062530682,12.865497076023392,20.454545454545453,79.54545454545455,18,2,9.0,2.789473684210526,1533791,1173913,,
dev,per_model,tje_confidence,2,qwen3,342,77.19298245614036,77.48538011695906,0.29239766081871343,4.637501486080744,8.187134502923977,67.85714285714286,32.142857142857146,6,5,1.2,14.429824561403509,2043967,1949178,,
dev,per_benchmark,tje_confidence,2,,36,63.888888888888886,72.22222222222223,8.333333333333334,14.203606703462802,19.444444444444443,28.571428571428573,71.42857142857143,3,0,inf,14.694444444444445,469071,402446,aime24,
dev,per_benchmark,tje_confidence,2,,48,81.25,85.41666666666667,4.166666666666667,11.07950904520136,10.416666666666666,20.0,80.0,3,1,3.0,14.875,405740,360786,amc23,
dev,per_benchmark,tje_confidence,2,,600,74.83333333333333,76.83333333333333,2.0,12.693108669907327,10.0,41.666666666666664,58.333333333333336,18,6,3.0,7.743333333333333,2702947,2359859,math500,
dev,per_seed,tje_confidence,2,,228,74.56140350877193,76.75438596491227,2.192982456140351,10.10481652028661,10.087719298245615,47.82608695652174,52.17391304347826,7,2,3.5,8.447368421052632,1230245,1105931,,42
dev,per_seed,tje_confidence,2,,228,74.12280701754386,77.63157894736842,3.508771929824561,15.75844748306532,10.964912280701755,24.0,76.0,9,1,9.0,8.710526315789474,1158274,975748,,43
dev,per_seed,tje_confidence,2,,228,75.43859649122807,77.19298245614036,1.7543859649122806,12.430386154507211,10.526315789473685,45.833333333333336,54.166666666666664,8,4,2.0,8.671052631578947,1189239,1041412,,44
dev,per_environment,tje_confidence,2,deepseek,6,33.333333333333336,50.0,16.666666666666668,4.472671974237409,16.666666666666668,0.0,100.0,1,0,inf,5.666666666666667,89432,85432,aime24,42
dev,per_environment,tje_confidence,2,deepseek,6,50.0,66.66666666666667,16.666666666666668,74.72373604952847,50.0,0.0,100.0,1,0,inf,2.6666666666666665,72847,18413,aime24,43
dev,per_environment,tje_confidence,2,deepseek,6,66.66666666666667,66.66666666666667,0.0,-0.2337609210180288,0.0,nan,nan,0,0,inf,5.5,68446,68606,aime24,44
dev,per_environment,tje_confidence,2,deepseek,8,87.5,87.5,0.0,22.400930417269453,12.5,0.0,100.0,0,0,inf,3.375,70506,54712,amc23,42
dev,per_environment,tje_confidence,2,deepseek,8,62.5,87.5,25.0,18.540981097420985,25.0,0.0,100.0,2,0,inf,5.0,52268,42577,amc23,43
dev,per_environment,tje_confidence,2,deepseek,8,87.5,87.5,0.0,50.056260494746134,25.0,50.0,50.0,1,1,1.0,4.25,57767,28851,amc23,44
dev,per_environment,tje_confidence,2,deepseek,100,74.0,78.0,4.0,18.75920772630545,8.0,12.5,87.5,4,0,inf,2.47,372649,302743,math500,42
dev,per_environment,tje_confidence,2,deepseek,100,74.0,77.0,3.0,21.256253997436104,12.0,25.0,75.0,3,0,inf,2.63,361169,284398,math500,43
dev,per_environment,tje_confidence,2,deepseek,100,71.0,76.0,5.0,25.861638715021854,15.0,26.666666666666668,73.33333333333333,6,1,6.0,2.6,388707,288181,math500,44
dev,per_environment,tje_confidence,2,qwen3,6,83.33333333333333,83.33333333333333,0.0,4.241390205371248,16.666666666666668,100.0,0.0,0,0,inf,24.0,79125,75769,aime24,42
dev,per_environment,tje_confidence,2,qwen3,6,66.66666666666667,83.33333333333333,16.666666666666668,11.361844986133411,33.333333333333336,50.0,50.0,1,0,inf,21.666666666666668,68510,60726,aime24,43
dev,per_environment,tje_confidence,2,qwen3,6,83.33333333333333,83.33333333333333,0.0,-3.0745995524247336,0.0,nan,nan,0,0,inf,28.666666666666668,90711,93500,aime24,44
dev,per_environment,tje_confidence,2,qwen3,8,75.0,75.0,0.0,-3.982182286946866,0.0,nan,nan,0,0,inf,23.25,78349,81469,amc23,42
dev,per_environment,tje_confidence,2,qwen3,8,87.5,87.5,0.0,-4.66130607548533,0.0,nan,nan,0,0,inf,27.375,74743,78227,amc23,43
dev,per_environment,tje_confidence,2,qwen3,8,87.5,87.5,0.0,-3.942751743936095,0.0,nan,nan,0,0,inf,26.0,72107,74950,amc23,44
dev,per_environment,tje_confidence,2,qwen3,100,76.0,76.0,0.0,6.364127778682819,12.0,75.0,25.0,2,2,1.0,12.88,540184,505806,math500,42
dev,per_environment,tje_confidence,2,qwen3,100,76.0,77.0,1.0,7.0602208659503685,6.0,33.333333333333336,66.66666666666667,2,1,2.0,13.18,528737,491407,math500,43
dev,per_environment,tje_confidence,2,qwen3,100,78.0,77.0,-1.0,4.726676976193595,7.0,85.71428571428571,14.285714285714286,1,2,0.5,12.7,511501,487324,math500,44
test,per_model,tje_confidence,2,deepseek,342,71.9298245614035,79.82456140350877,7.894736842105263,22.691363486172893,15.2046783625731,21.153846153846153,78.84615384615384,29,2,14.5,2.590643274853801,1464804,1132420,,
test,per_model,tje_confidence,2,qwen3,342,81.57894736842105,81.57894736842105,0.0,7.183258095497305,8.187134502923977,78.57142857142857,21.428571428571427,2,2,1.0,13.850877192982455,1917918,1780149,,
test,per_benchmark,tje_confidence,2,,36,58.333333333333336,77.77777777777777,19.444444444444443,22.105515376452928,33.333333333333336,25.0,75.0,7,0,inf,15.805555555555555,409002,318590,aime24,
test,per_benchmark,tje_confidence,2,,48,83.33333333333333,85.41666666666667,2.0833333333333335,9.003413549383152,8.333333333333334,25.0,75.0,1,0,inf,9.979166666666666,282404,256978,amc23,
test,per_benchmark,tje_confidence,2,,600,77.33333333333333,80.5,3.1666666666666665,13.165120706747182,10.666666666666666,45.3125,54.6875,23,4,5.75,7.625,2691316,2337001,math500,
test,per_seed,tje_confidence,2,,228,76.3157894736842,81.57894736842105,5.2631578947368425,11.234240206484962,10.964912280701755,44.0,56.0,13,1,13.0,8.324561403508772,1132867,1005598,,45
test,per_seed,tje_confidence,2,,228,77.19298245614036,81.57894736842105,4.385964912280702,18.217870727654724,12.719298245614034,31.03448275862069,68.96551724137932,11,1,11.0,8.12280701754386,1092345,893343,,46
test,per_seed,tje_confidence,2,,228,76.75438596491227,78.94736842105263,2.192982456140351,12.430302977944034,11.403508771929825,50.0,50.0,7,2,3.5,8.214912280701755,1157510,1013628,,47
test,per_environment,tje_confidence,2,deepseek,6,50.0,83.33333333333333,33.333333333333336,34.58683133282453,33.333333333333336,0.0,100.0,2,0,inf,3.0,72065,47140,aime24,45
test,per_environment,tje_confidence,2,deepseek,6,33.333333333333336,83.33333333333333,50.0,56.57177838996021,66.66666666666667,0.0,100.0,3,0,inf,5.166666666666667,49005,21282,aime24,46
test,per_environment,tje_confidence,2,deepseek,6,33.333333333333336,50.0,16.666666666666668,5.787340094957175,16.666666666666668,0.0,100.0,1,0,inf,3.8333333333333335,63397,59728,aime24,47
test,per_environment,tje_confidence,2,deepseek,8,87.5,87.5,0.0,-0.2174945626359341,0.0,nan,nan,0,0,inf,2.875,40001,40088,amc23,45
test,per_environment,tje_confidence,2,deepseek,8,75.0,87.5,12.5,52.667874760898016,25.0,0.0,100.0,1,0,inf,1.875,39732,18806,amc23,46
test,per_environment,tje_confidence,2,deepseek,8,75.0,75.0,0.0,-0.16404125749983148,0.0,nan,nan,0,0,inf,2.125,44501,44574,amc23,47
test,per_environment,tje_confidence,2,deepseek,100,72.0,81.0,9.0,20.739229271244696,15.0,26.666666666666668,73.33333333333333,10,1,10.0,2.52,386673,306480,math500,45
test,per_environment,tje_confidence,2,deepseek,100,74.0,80.0,6.0,20.719912579713927,12.0,8.333333333333334,91.66666666666667,6,0,inf,2.52,367878,291654,math500,46
test,per_environment,tje_confidence,2,deepseek,100,74.0,79.0,5.0,24.625453241423276,16.0,37.5,62.5,6,1,6.0,2.55,401552,302668,math500,47
test,per_environment,tje_confidence,2,qwen3,6,83.33333333333333,83.33333333333333,0.0,2.8862412016829855,16.666666666666668,100.0,0.0,0,0,inf,29.166666666666668,76293,74091,aime24,45
test,per_environment,tje_confidence,2,qwen3,6,66.66666666666667,83.33333333333333,16.666666666666668,36.91662296801258,50.0,33.333333333333336,66.66666666666667,1,0,inf,25.666666666666668,74373,46917,aime24,46
test,per_environment,tje_confidence,2,qwen3,6,83.33333333333333,83.33333333333333,0.0,6.006579214555497,16.666666666666668,100.0,0.0,0,0,inf,28.0,73869,69432,aime24,47
test,per_environment,tje_confidence,2,qwen3,8,87.5,87.5,0.0,-3.1990887327206736,0.0,nan,nan,0,0,inf,16.375,51796,53453,amc23,45
test,per_environment,tje_confidence,2,qwen3,8,87.5,87.5,0.0,-3.8913197950559106,0.0,nan,nan,0,0,inf,18.125,53478,55559,amc23,46
test,per_environment,tje_confidence,2,qwen3,8,87.5,87.5,0.0,15.876436781609195,25.0,50.0,50.0,0,0,inf,18.5,52896,44498,amc23,47
test,per_environment,tje_confidence,2,qwen3,100,80.0,81.0,1.0,4.28682374283405,7.0,85.71428571428571,14.285714285714286,1,0,inf,12.99,506039,484346,math500,45
test,per_environment,tje_confidence,2,qwen3,100,83.0,82.0,-1.0,9.599530596854763,8.0,87.5,12.5,0,1,0.0,12.55,507879,459125,math500,46
test,per_environment,tje_confidence,2,qwen3,100,81.0,80.0,-1.0,5.480006522218705,6.0,83.33333333333333,16.666666666666668,0,1,0.0,12.62,521295,492728,math500,47
train,per_model,tje_confidence,3,deepseek,1026,68.71345029239767,73.78167641325535,5.0682261208577,17.995539419552987,12.378167641325536,22.834645669291337,77.16535433070867,56,4,14.0,2.6695906432748537,4898914,4017328,,
train,per_model,tje_confidence,3,qwen3,1026,75.14619883040936,76.12085769980507,0.9746588693957114,5.744497245948561,8.869395711500974,60.43956043956044,39.56043956043956,17,7,2.4285714285714284,13.763157894736842,6309795,5947329,,
train,per_benchmark,tje_confidence,3,,108,50.925925925925924,55.55555555555556,4.62962962962963,19.372475034027406,22.22222222222222,16.666666666666668,83.33333333333333,5,0,inf,14.5,1661161,1339353,aime24,
train,per_benchmark,tje_confidence,3,,144,82.63888888888889,84.02777777777777,1.3888888888888888,11.28625987472386,13.194444444444445,52.63157894736842,47.36842105263158,4,2,2.0,11.069444444444445,1078258,956563,amc23,
train,per_benchmark,tje_confidence,3,,1800,72.33333333333333,75.38888888888889,3.0555555555555554,9.452374402104544,9.722222222222221,40.0,60.0,64,9,7.111111111111111,7.611111111111111,8469290,7668741,math500,
train,per_seed,tje_confidence,3,,684,72.80701754385964,75.0,2.192982456140351,10.811619212886857,9.649122807017545,43.93939393939394,56.06060606060606,18,3,6.0,8.18859649122807,3741114,3336639,,42
train,per_seed,tje_confidence,3,,684,70.76023391812865,74.70760233918129,3.9473684210526314,11.319951909730378,10.818713450292398,35.13513513513514,64.86486486486487,30,3,10.0,8.13888888888889,3746288,3322210,,43
train,per_seed,tje_confidence,3,,684,72.22222222222223,75.14619883040936,2.9239766081871346,11.1654050579541,11.403508771929825,37.17948717948718,62.82051282051282,25,5,5.0,8.321637426900585,3721307,3305808,,44
train,per_environment,tje_confidence,3,deepseek,18,33.333333333333336,33.333333333333336,0.0,31.703284793151532,33.333333333333336,16.666666666666668,83.33333333333333,0,0,inf,3.6666666666666665,309091,211099,aime24,42
train,per_environment,tje_confidence,3,deepseek,18,38.888888888888886,44.44444444444444,5.555555555555555,32.62971445780268,27.77777777777778,0.0,100.0,1,0,inf,4.444444444444445,252362,170017,aime24,43
train,per_environment,tje_confidence,3,deepseek,18,50.0,50.0,0.0,34.19559834727215,27.77777777777778,0.0,100.0,0,0,inf,2.6666666666666665,260902,171685,aime24,44
train,per_environment,tje_confidence,3,deepseek,24,83.33333333333333,91.66666666666667,8.333333333333334,20.033414138766954,16.666666666666668,25.0,75.0,2,0,inf,2.5833333333333335,152630,122053,amc23,42
train,per_environment,tje_confidence,3,deepseek,24,66.66666666666667,70.83333333333333,4.166666666666667,12.975502726422793,8.333333333333334,0.0,100.0,1,0,inf,2.75,185041,161031,amc23,43
train,per_environment,tje_confidence,3,deepseek,24,83.33333333333333,87.5,4.166666666666667,21.76845696121567,12.5,0.0,100.0,1,0,inf,2.875,154779,121086,amc23,44
train,per_environment,tje_confidence,3,deepseek,300,71.0,74.33333333333333,3.3333333333333335,12.872804011249444,8.333333333333334,28.0,72.0,11,1,11.0,2.56,1203615,1048676,math500,42
train,per_environment,tje_confidence,3,deepseek,300,68.0,75.0,7.0,15.186229355347491,11.666666666666666,20.0,80.0,22,1,22.0,2.5966666666666667,1175486,996974,math500,43
train,per_environment,tje_confidence,3,deepseek,300,70.0,75.33333333333333,5.333333333333333,15.792509261349302,14.0,30.952380952380953,69.04761904761905,18,2,9.0,2.67,1205008,1014707,math500,44
train,per_environment,tje_confidence,3,qwen3,18,72.22222222222223,77.77777777777777,5.555555555555555,3.4742625945261003,16.666666666666668,66.66666666666667,33.333333333333336,1,0,inf,26.166666666666668,269899,260522,aime24,42
train,per_environment,tje_confidence,3,qwen3,18,50.0,55.55555555555556,5.555555555555555,8.335125299809777,16.666666666666668,33.333333333333336,66.66666666666667,1,0,inf,25.0,302275,277080,aime24,43
train,per_environment,tje_confidence,3,qwen3,18,61.111111111111114,72.22222222222223,11.11111111111111,6.631612109574244,11.11111111111111,0.0,100.0,2,0,inf,25.055555555555557,266632,248950,aime24,44
train,per_environment,tje_confidence,3,qwen3,24,91.66666666666667,83.33333333333333,-8.333333333333334,11.051597102165143,20.833333333333332,100.0,0.0,0,2,0.0,19.708333333333332,194352,172873,amc23,42
train,per_environment,tje_confidence,3,qwen3,24,91.66666666666667,91.66666666666667,0.0,5.907089753706857,16.666666666666668,75.0,25.0,0,0,inf,19.041666666666668,192616,181238,amc23,43
train,per_environment,tje_confidence,3,qwen3,24,79.16666666666667,79.16666666666667,0.0,0.28062764031382015,4.166666666666667,100.0,0.0,0,0,inf,19.458333333333332,198840,198282,amc23,44
train,per_environment,tje_confidence,3,qwen3,300,74.66666666666667,76.0,1.3333333333333333,5.591653133953077,7.666666666666667,56.52173913043478,43.47826086956522,4,0,inf,12.536666666666667,1611527,1521416,math500,42
train,per_environment,tje_confidence,3,qwen3,300,75.33333333333333,76.33333333333333,1.0,6.264113449552886,8.333333333333334,60.0,40.0,5,2,2.5,12.45,1638508,1535870,math500,43
train,per_environment,tje_confidence,3,qwen3,300,75.0,75.33333333333333,0.3333333333333333,5.140091465838524,8.333333333333334,60.0,40.0,4,3,1.3333333333333333,12.853333333333333,1635146,1551098,math500,44
dev,per_model,tje_confidence,3,deepseek,342,72.22222222222223,76.90058479532163,4.678362573099415,23.463301062530682,12.865497076023392,20.454545454545453,79.54545454545455,18,2,9.0,2.789473684210526,1533791,1173913,,
dev,per_model,tje_confidence,3,qwen3,342,77.19298245614036,77.48538011695906,0.29239766081871343,4.637501486080744,8.187134502923977,67.85714285714286,32.142857142857146,6,5,1.2,14.429824561403509,2043967,1949178,,
dev,per_benchmark,tje_confidence,3,,36,63.888888888888886,72.22222222222223,8.333333333333334,14.203606703462802,19.444444444444443,28.571428571428573,71.42857142857143,3,0,inf,14.694444444444445,469071,402446,aime24,
dev,per_benchmark,tje_confidence,3,,48,81.25,85.41666666666667,4.166666666666667,11.07950904520136,10.416666666666666,20.0,80.0,3,1,3.0,14.875,405740,360786,amc23,
dev,per_benchmark,tje_confidence,3,,600,74.83333333333333,76.83333333333333,2.0,12.693108669907327,10.0,41.666666666666664,58.333333333333336,18,6,3.0,7.743333333333333,2702947,2359859,math500,
dev,per_seed,tje_confidence,3,,228,74.56140350877193,76.75438596491227,2.192982456140351,10.10481652028661,10.087719298245615,47.82608695652174,52.17391304347826,7,2,3.5,8.447368421052632,1230245,1105931,,42
dev,per_seed,tje_confidence,3,,228,74.12280701754386,77.63157894736842,3.508771929824561,15.75844748306532,10.964912280701755,24.0,76.0,9,1,9.0,8.710526315789474,1158274,975748,,43
dev,per_seed,tje_confidence,3,,228,75.43859649122807,77.19298245614036,1.7543859649122806,12.430386154507211,10.526315789473685,45.833333333333336,54.166666666666664,8,4,2.0,8.671052631578947,1189239,1041412,,44
dev,per_environment,tje_confidence,3,deepseek,6,33.333333333333336,50.0,16.666666666666668,4.472671974237409,16.666666666666668,0.0,100.0,1,0,inf,5.666666666666667,89432,85432,aime24,42
dev,per_environment,tje_confidence,3,deepseek,6,50.0,66.66666666666667,16.666666666666668,74.72373604952847,50.0,0.0,100.0,1,0,inf,2.6666666666666665,72847,18413,aime24,43
dev,per_environment,tje_confidence,3,deepseek,6,66.66666666666667,66.66666666666667,0.0,-0.2337609210180288,0.0,nan,nan,0,0,inf,5.5,68446,68606,aime24,44
dev,per_environment,tje_confidence,3,deepseek,8,87.5,87.5,0.0,22.400930417269453,12.5,0.0,100.0,0,0,inf,3.375,70506,54712,amc23,42
dev,per_environment,tje_confidence,3,deepseek,8,62.5,87.5,25.0,18.540981097420985,25.0,0.0,100.0,2,0,inf,5.0,52268,42577,amc23,43
dev,per_environment,tje_confidence,3,deepseek,8,87.5,87.5,0.0,50.056260494746134,25.0,50.0,50.0,1,1,1.0,4.25,57767,28851,amc23,44
dev,per_environment,tje_confidence,3,deepseek,100,74.0,78.0,4.0,18.75920772630545,8.0,12.5,87.5,4,0,inf,2.47,372649,302743,math500,42
dev,per_environment,tje_confidence,3,deepseek,100,74.0,77.0,3.0,21.256253997436104,12.0,25.0,75.0,3,0,inf,2.63,361169,284398,math500,43
dev,per_environment,tje_confidence,3,deepseek,100,71.0,76.0,5.0,25.861638715021854,15.0,26.666666666666668,73.33333333333333,6,1,6.0,2.6,388707,288181,math500,44
dev,per_environment,tje_confidence,3,qwen3,6,83.33333333333333,83.33333333333333,0.0,4.241390205371248,16.666666666666668,100.0,0.0,0,0,inf,24.0,79125,75769,aime24,42
dev,per_environment,tje_confidence,3,qwen3,6,66.66666666666667,83.33333333333333,16.666666666666668,11.361844986133411,33.333333333333336,50.0,50.0,1,0,inf,21.666666666666668,68510,60726,aime24,43
dev,per_environment,tje_confidence,3,qwen3,6,83.33333333333333,83.33333333333333,0.0,-3.0745995524247336,0.0,nan,nan,0,0,inf,28.666666666666668,90711,93500,aime24,44
dev,per_environment,tje_confidence,3,qwen3,8,75.0,75.0,0.0,-3.982182286946866,0.0,nan,nan,0,0,inf,23.25,78349,81469,amc23,42
dev,per_environment,tje_confidence,3,qwen3,8,87.5,87.5,0.0,-4.66130607548533,0.0,nan,nan,0,0,inf,27.375,74743,78227,amc23,43
dev,per_environment,tje_confidence,3,qwen3,8,87.5,87.5,0.0,-3.942751743936095,0.0,nan,nan,0,0,inf,26.0,72107,74950,amc23,44
dev,per_environment,tje_confidence,3,qwen3,100,76.0,76.0,0.0,6.364127778682819,12.0,75.0,25.0,2,2,1.0,12.88,540184,505806,math500,42
dev,per_environment,tje_confidence,3,qwen3,100,76.0,77.0,1.0,7.0602208659503685,6.0,33.333333333333336,66.66666666666667,2,1,2.0,13.18,528737,491407,math500,43
dev,per_environment,tje_confidence,3,qwen3,100,78.0,77.0,-1.0,4.726676976193595,7.0,85.71428571428571,14.285714285714286,1,2,0.5,12.7,511501,487324,math500,44
test,per_model,tje_confidence,3,deepseek,342,71.9298245614035,79.82456140350877,7.894736842105263,22.691363486172893,15.2046783625731,21.153846153846153,78.84615384615384,29,2,14.5,2.590643274853801,1464804,1132420,,
test,per_model,tje_confidence,3,qwen3,342,81.57894736842105,81.57894736842105,0.0,7.183258095497305,8.187134502923977,78.57142857142857,21.428571428571427,2,2,1.0,13.850877192982455,1917918,1780149,,
test,per_benchmark,tje_confidence,3,,36,58.333333333333336,77.77777777777777,19.444444444444443,22.105515376452928,33.333333333333336,25.0,75.0,7,0,inf,15.805555555555555,409002,318590,aime24,
test,per_benchmark,tje_confidence,3,,48,83.33333333333333,85.41666666666667,2.0833333333333335,9.003413549383152,8.333333333333334,25.0,75.0,1,0,inf,9.979166666666666,282404,256978,amc23,
test,per_benchmark,tje_confidence,3,,600,77.33333333333333,80.5,3.1666666666666665,13.165120706747182,10.666666666666666,45.3125,54.6875,23,4,5.75,7.625,2691316,2337001,math500,
test,per_seed,tje_confidence,3,,228,76.3157894736842,81.57894736842105,5.2631578947368425,11.234240206484962,10.964912280701755,44.0,56.0,13,1,13.0,8.324561403508772,1132867,1005598,,45
test,per_seed,tje_confidence,3,,228,77.19298245614036,81.57894736842105,4.385964912280702,18.217870727654724,12.719298245614034,31.03448275862069,68.96551724137932,11,1,11.0,8.12280701754386,1092345,893343,,46
test,per_seed,tje_confidence,3,,228,76.75438596491227,78.94736842105263,2.192982456140351,12.430302977944034,11.403508771929825,50.0,50.0,7,2,3.5,8.214912280701755,1157510,1013628,,47
test,per_environment,tje_confidence,3,deepseek,6,50.0,83.33333333333333,33.333333333333336,34.58683133282453,33.333333333333336,0.0,100.0,2,0,inf,3.0,72065,47140,aime24,45
test,per_environment,tje_confidence,3,deepseek,6,33.333333333333336,83.33333333333333,50.0,56.57177838996021,66.66666666666667,0.0,100.0,3,0,inf,5.166666666666667,49005,21282,aime24,46
test,per_environment,tje_confidence,3,deepseek,6,33.333333333333336,50.0,16.666666666666668,5.787340094957175,16.666666666666668,0.0,100.0,1,0,inf,3.8333333333333335,63397,59728,aime24,47
test,per_environment,tje_confidence,3,deepseek,8,87.5,87.5,0.0,-0.2174945626359341,0.0,nan,nan,0,0,inf,2.875,40001,40088,amc23,45
test,per_environment,tje_confidence,3,deepseek,8,75.0,87.5,12.5,52.667874760898016,25.0,0.0,100.0,1,0,inf,1.875,39732,18806,amc23,46
test,per_environment,tje_confidence,3,deepseek,8,75.0,75.0,0.0,-0.16404125749983148,0.0,nan,nan,0,0,inf,2.125,44501,44574,amc23,47
test,per_environment,tje_confidence,3,deepseek,100,72.0,81.0,9.0,20.739229271244696,15.0,26.666666666666668,73.33333333333333,10,1,10.0,2.52,386673,306480,math500,45
test,per_environment,tje_confidence,3,deepseek,100,74.0,80.0,6.0,20.719912579713927,12.0,8.333333333333334,91.66666666666667,6,0,inf,2.52,367878,291654,math500,46
test,per_environment,tje_confidence,3,deepseek,100,74.0,79.0,5.0,24.625453241423276,16.0,37.5,62.5,6,1,6.0,2.55,401552,302668,math500,47
test,per_environment,tje_confidence,3,qwen3,6,83.33333333333333,83.33333333333333,0.0,2.8862412016829855,16.666666666666668,100.0,0.0,0,0,inf,29.166666666666668,76293,74091,aime24,45
test,per_environment,tje_confidence,3,qwen3,6,66.66666666666667,83.33333333333333,16.666666666666668,36.91662296801258,50.0,33.333333333333336,66.66666666666667,1,0,inf,25.666666666666668,74373,46917,aime24,46
test,per_environment,tje_confidence,3,qwen3,6,83.33333333333333,83.33333333333333,0.0,6.006579214555497,16.666666666666668,100.0,0.0,0,0,inf,28.0,73869,69432,aime24,47
test,per_environment,tje_confidence,3,qwen3,8,87.5,87.5,0.0,-3.1990887327206736,0.0,nan,nan,0,0,inf,16.375,51796,53453,amc23,45
test,per_environment,tje_confidence,3,qwen3,8,87.5,87.5,0.0,-3.8913197950559106,0.0,nan,nan,0,0,inf,18.125,53478,55559,amc23,46
test,per_environment,tje_confidence,3,qwen3,8,87.5,87.5,0.0,15.876436781609195,25.0,50.0,50.0,0,0,inf,18.5,52896,44498,amc23,47
test,per_environment,tje_confidence,3,qwen3,100,80.0,81.0,1.0,4.28682374283405,7.0,85.71428571428571,14.285714285714286,1,0,inf,12.99,506039,484346,math500,45
test,per_environment,tje_confidence,3,qwen3,100,83.0,82.0,-1.0,9.599530596854763,8.0,87.5,12.5,0,1,0.0,12.55,507879,459125,math500,46
test,per_environment,tje_confidence,3,qwen3,100,81.0,80.0,-1.0,5.480006522218705,6.0,83.33333333333333,16.666666666666668,0,1,0.0,12.62,521295,492728,math500,47
train,per_model,tje_confidence,4,deepseek,1026,60.23391812865497,73.78167641325535,13.54775828460039,38.83675034915902,30.31189083820663,23.794212218649516,76.20578778135048,152,13,11.692307692307692,2.0292397660818713,4898914,2996335,,
train,per_model,tje_confidence,4,qwen3,1026,74.85380116959064,76.12085769980507,1.267056530214425,6.284578183601845,9.551656920077972,59.183673469387756,40.816326530612244,20,7,2.857142857142857,13.688109161793372,6309795,5913251,,
train,per_benchmark,tje_confidence,4,,108,44.44444444444444,55.55555555555556,11.11111111111111,27.118683860263996,32.407407407407405,11.428571428571429,88.57142857142857,12,0,inf,13.87962962962963,1661161,1210676,aime24,
train,per_benchmark,tje_confidence,4,,144,77.08333333333333,84.02777777777777,6.944444444444445,21.400351307386543,23.61111111111111,41.1764705882353,58.8235294117647,14,4,3.5,10.708333333333334,1078258,847507,amc23,
train,per_benchmark,tje_confidence,4,,1800,68.16666666666667,75.38888888888889,7.222222222222222,19.102982658522734,18.88888888888889,33.529411764705884,66.47058823529412,146,16,9.125,7.269444444444445,8469290,6851403,math500,
train,per_seed,tje_confidence,4,,684,67.69005847953217,75.0,7.309941520467836,21.705005514400256,19.5906432748538,32.08955223880597,67.91044776119404,55,5,11.0,7.799707602339181,3741114,2929105,,42
train,per_seed,tje_confidence,4,,684,67.25146198830409,74.70760233918129,7.456140350877193,21.54351187095066,20.321637426900583,33.81294964028777,66.18705035971223,60,9,6.666666666666667,7.748538011695906,3746288,2939206,,43
train,per_seed,tje_confidence,4,,684,67.69005847953217,75.14619883040936,7.456140350877193,18.274009642311157,19.883040935672515,30.88235294117647,69.11764705882354,57,6,9.5,8.027777777777779,3721307,3041275,,44
train,per_environment,tje_confidence,4,deepseek,18,27.77777777777778,33.333333333333336,5.555555555555555,39.100782617416876,44.44444444444444,12.5,87.5,1,0,inf,2.4444444444444446,309091,188234,aime24,42
train,per_environment,tje_confidence,4,deepseek,18,22.22222222222222,44.44444444444444,22.22222222222222,67.03941163883627,61.111111111111114,0.0,100.0,4,0,inf,2.4444444444444446,252362,83180,aime24,43
train,per_environment,tje_confidence,4,deepseek,18,33.333333333333336,50.0,16.666666666666668,41.468444090118126,44.44444444444444,0.0,100.0,3,0,inf,2.1666666666666665,260902,152710,aime24,44
train,per_environment,tje_confidence,4,deepseek,24,70.83333333333333,91.66666666666667,20.833333333333332,30.475660093035444,29.166666666666668,14.285714285714286,85.71428571428571,5,0,inf,2.2083333333333335,152630,106115,amc23,42
train,per_environment,tje_confidence,4,deepseek,24,66.66666666666667,70.83333333333333,4.166666666666667,43.22339373436157,33.333333333333336,37.5,62.5,3,2,1.5,1.8333333333333333,185041,105060,amc23,43
train,per_environment,tje_confidence,4,deepseek,24,66.66666666666667,87.5,20.833333333333332,40.54749029261075,33.333333333333336,12.5,87.5,5,0,inf,2.125,154779,92020,amc23,44
train,per_environment,tje_confidence,4,deepseek,300,61.333333333333336,74.33333333333333,13.0,42.31211807762449,28.333333333333332,23.529411764705884,76.47058823529412,42,3,14.0,1.89,1203615,694340,math500,42
train,per_environment,tje_confidence,4,deepseek,300,61.0,75.0,14.0,35.02525763811734,29.0,27.586206896551722,72.41379310344827,47,5,9.4,2.006666666666667,1175486,763769,math500,43
train,per_environment,tje_confidence,4,deepseek,300,62.333333333333336,75.33333333333333,13.0,32.70526004806607,29.666666666666668,26.96629213483146,73.03370786516854,42,3,14.0,2.1266666666666665,1205008,810907,math500,44
train,per_environment,tje_confidence,4,qwen3,18,72.22222222222223,77.77777777777777,5.555555555555555,3.4742625945261003,16.666666666666668,66.66666666666667,33.333333333333336,1,0,inf,26.166666666666668,269899,260522,aime24,42
train,per_environment,tje_confidence,4,qwen3,18,50.0,55.55555555555556,5.555555555555555,8.335125299809777,16.666666666666668,33.333333333333336,66.66666666666667,1,0,inf,25.0,302275,277080,aime24,43
train,per_environment,tje_confidence,4,qwen3,18,61.111111111111114,72.22222222222223,11.11111111111111,6.631612109574244,11.11111111111111,0.0,100.0,2,0,inf,25.055555555555557,266632,248950,aime24,44
train,per_environment,tje_confidence,4,qwen3,24,91.66666666666667,83.33333333333333,-8.333333333333334,11.051597102165143,20.833333333333332,100.0,0.0,0,2,0.0,19.708333333333332,194352,172873,amc23,42
train,per_environment,tje_confidence,4,qwen3,24,91.66666666666667,91.66666666666667,0.0,5.907089753706857,16.666666666666668,75.0,25.0,0,0,inf,19.041666666666668,192616,181238,amc23,43
train,per_environment,tje_confidence,4,qwen3,24,75.0,79.16666666666667,4.166666666666667,4.344699255682961,8.333333333333334,50.0,50.0,1,0,inf,19.333333333333332,198840,190201,amc23,44
train,per_environment,tje_confidence,4,qwen3,300,74.0,76.0,2.0,6.484905310305071,8.666666666666666,53.84615384615385,46.15384615384615,6,0,inf,12.423333333333334,1611527,1507021,math500,42
train,per_environment,tje_confidence,4,qwen3,300,75.33333333333333,76.33333333333333,1.0,6.690782101765753,8.666666666666666,61.53846153846154,38.46153846153846,5,2,2.5,12.343333333333334,1638508,1528879,math500,43
train,per_environment,tje_confidence,4,qwen3,300,75.0,75.33333333333333,0.3333333333333333,5.422084633421114,9.0,59.25925925925926,40.74074074074074,4,3,1.3333333333333333,12.826666666666666,1635146,1546487,math500,44
dev,per_model,tje_confidence,4,deepseek,342,59.941520467836256,76.90058479532163,16.95906432748538,44.89633854938515,31.28654970760234,18.69158878504673,81.30841121495327,60,2,30.0,1.9707602339181287,1533791,845175,,
dev,per_model,tje_confidence,4,qwen3,342,77.48538011695906,77.48538011695906,0.0,6.246529420484773,9.064327485380117,67.74193548387096,32.25806451612903,6,6,1.0,14.333333333333334,2043967,1916290,,
dev,per_benchmark,tje_confidence,4,,36,55.55555555555556,72.22222222222223,16.666666666666668,31.554924521021338,38.888888888888886,21.428571428571427,78.57142857142857,6,0,inf,13.61111111111111,469071,321056,aime24,
dev,per_benchmark,tje_confidence,4,,48,70.83333333333333,85.41666666666667,14.583333333333334,21.07384039039779,27.083333333333332,30.76923076923077,69.23076923076923,8,1,8.0,14.0625,405740,320235,amc23,
dev,per_benchmark,tje_confidence,4,,600,69.33333333333333,76.83333333333333,7.5,21.56065213265373,18.5,30.63063063063063,69.36936936936937,52,7,7.428571428571429,7.351666666666667,2702947,2120174,math500,
dev,per_seed,tje_confidence,4,,228,70.17543859649123,76.75438596491227,6.578947368421052,18.113871627196207,18.42105263157895,35.714285714285715,64.28571428571429,18,3,6.0,8.06578947368421,1230245,1007400,,42
dev,per_seed,tje_confidence,4,,228,67.54385964912281,77.63157894736842,10.087719298245615,24.329562780481993,21.49122807017544,24.489795918367346,75.51020408163265,24,1,24.0,8.271929824561404,1158274,876471,,43
dev,per_seed,tje_confidence,4,,228,68.42105263157895,77.19298245614036,8.771929824561404,26.205413714148293,20.614035087719298,29.78723404255319,70.2127659574468,24,4,6.0,8.118421052631579,1189239,877594,,44
dev,per_environment,tje_confidence,4,deepseek,6,16.666666666666668,50.0,33.333333333333336,23.089050899007066,50.0,0.0,100.0,2,0,inf,4.166666666666667,89432,68783,aime24,42
dev,per_environment,tje_confidence,4,deepseek,6,50.0,66.66666666666667,16.666666666666668,75.44305187584938,50.0,0.0,100.0,1,0,inf,2.0,72847,17889,aime24,43
dev,per_environment,tje_confidence,4,deepseek,6,33.333333333333336,66.66666666666667,33.333333333333336,87.01311983169214,66.66666666666667,0.0,100.0,2,0,inf,2.0,68446,8889,aime24,44
dev,per_environment,tje_confidence,4,deepseek,8,62.5,87.5,25.0,33.43119734490681,37.5,0.0,100.0,2,0,inf,2.5,70506,46935,amc23,42
dev,per_environment,tje_confidence,4,deepseek,8,50.0,87.5,37.5,52.86599831636948,62.5,40.0,60.0,3,0,inf,3.125,52268,24636,amc23,43
dev,per_environment,tje_confidence,4,deepseek,8,62.5,87.5,25.0,75.7335502968823,62.5,40.0,60.0,3,1,3.0,2.125,57767,14018,amc23,44
dev,per_environment,tje_confidence,4,deepseek,100,66.0,78.0,12.0,34.21503881668809,22.0,18.181818181818183,81.81818181818181,12,0,inf,1.88,372649,245147,math500,42
dev,per_environment,tje_confidence,4,deepseek,100,60.0,77.0,17.0,43.59316552638792,33.0,21.21212121212121,78.78787878787878,17,0,inf,1.84,361169,203724,math500,43
dev,per_environment,tje_confidence,4,deepseek,100,59.0,76.0,17.0,44.648797165988775,29.0,17.24137931034483,82.75862068965517,18,1,18.0,1.91,388707,215154,math500,44
dev,per_environment,tje_confidence,4,qwen3,6,83.33333333333333,83.33333333333333,0.0,4.241390205371248,16.666666666666668,100.0,0.0,0,0,inf,24.0,79125,75769,aime24,42
dev,per_environment,tje_confidence,4,qwen3,6,66.66666666666667,83.33333333333333,16.666666666666668,11.361844986133411,33.333333333333336,50.0,50.0,1,0,inf,21.666666666666668,68510,60726,aime24,43
dev,per_environment,tje_confidence,4,qwen3,6,83.33333333333333,83.33333333333333,0.0,1.88621005170266,16.666666666666668,100.0,0.0,0,0,inf,27.833333333333332,90711,89000,aime24,44
dev,per_environment,tje_confidence,4,qwen3,8,75.0,75.0,0.0,-3.982182286946866,0.0,nan,nan,0,0,inf,23.25,78349,81469,amc23,42
dev,per_environment,tje_confidence,4,qwen3,8,87.5,87.5,0.0,-4.66130607548533,0.0,nan,nan,0,0,inf,27.375,74743,78227,amc23,43
dev,per_environment,tje_confidence,4,qwen3,8,87.5,87.5,0.0,-3.942751743936095,0.0,nan,nan,0,0,inf,26.0,72107,74950,amc23,44
dev,per_environment,tje_confidence,4,qwen3,100,77.0,76.0,-1.0,9.420308635576026,13.0,76.92307692307692,23.076923076923077,2,3,0.6666666666666666,12.76,540184,489297,math500,42
dev,per_environment,tje_confidence,4,qwen3,100,76.0,77.0,1.0,7.086320798430978,6.0,33.333333333333336,66.66666666666667,2,1,2.0,13.16,528737,491269,math500,43
dev,per_environment,tje_confidence,4,qwen3,100,78.0,77.0,-1.0,7.02207815820497,8.0,75.0,25.0,1,2,0.5,12.56,511501,475583,math500,44
test,per_model,tje_confidence,4,deepseek,342,63.1578947368421,79.82456140350877,16.666666666666668,43.090747977203776,31.871345029239766,22.93577981651376,77.06422018348624,59,2,29.5,1.9853801169590644,1464804,833609,,
test,per_model,tje_confidence,4,qwen3,342,80.70175438596492,81.57894736842105,0.8771929824561403,8.976869709758185,9.649122807017545,72.72727272727273,27.272727272727273,5,2,2.5,13.596491228070175,1917918,1745749,,
test,per_benchmark,tje_confidence,4,,36,41.666666666666664,77.77777777777777,36.111111111111114,38.15507014635625,52.77777777777778,15.789473684210526,84.21052631578948,13,0,inf,14.444444444444445,409002,252947,aime24,
test,per_benchmark,tje_confidence,4,,48,81.25,85.41666666666667,4.166666666666667,19.052846276964914,18.75,44.44444444444444,55.55555555555556,2,0,inf,9.729166666666666,282404,228598,amc23,
test,per_benchmark,tje_confidence,4,,600,73.0,80.5,7.5,22.052520031092595,19.0,36.8421052631579,63.1578947368421,49,4,12.25,7.236666666666666,2691316,2097813,math500,
test,per_seed,tje_confidence,4,,228,71.9298245614035,81.57894736842105,9.649122807017545,21.434290168219217,20.17543859649123,36.95652173913044,63.04347826086956,23,1,23.0,7.785087719298246,1132867,890045,,45
test,per_seed,tje_confidence,4,,228,72.80701754385964,81.57894736842105,8.771929824561404,28.93728629691169,22.36842105263158,33.333333333333336,66.66666666666667,21,1,21.0,7.675438596491228,1092345,776250,,46
test,per_seed,tje_confidence,4,,228,71.05263157894737,78.94736842105263,7.894736842105263,21.118348869556204,19.736842105263158,33.333333333333336,66.66666666666667,20,2,10.0,7.912280701754386,1157510,913063,,47
test,per_environment,tje_confidence,4,deepseek,6,16.666666666666668,83.33333333333333,66.66666666666667,64.7040865884965,66.66666666666667,0.0,100.0,4,0,inf,2.0,72065,25436,aime24,45
test,per_environment,tje_confidence,4,deepseek,6,0.0,83.33333333333333,83.33333333333333,92.01510049994899,100.0,0.0,100.0,5,0,inf,2.0,49005,3913,aime24,46
test,per_environment,tje_confidence,4,deepseek,6,16.666666666666668,50.0,33.333333333333336,32.460526523337066,50.0,0.0,100.0,2,0,inf,2.6666666666666665,63397,42818,aime24,47
test,per_environment,tje_confidence,4,deepseek,8,87.5,87.5,0.0,47.15382115447114,37.5,66.66666666666667,33.333333333333336,0,0,inf,2.125,40001,21139,amc23,45
test,per_environment,tje_confidence,4,deepseek,8,75.0,87.5,12.5,58.52713178294574,37.5,33.333333333333336,66.66666666666667,1,0,inf,1.75,39732,16478,amc23,46
test,per_environment,tje_confidence,4,deepseek,8,62.5,75.0,12.5,15.79739781128514,12.5,0.0,100.0,1,0,inf,1.5,44501,37471,amc23,47
test,per_environment,tje_confidence,4,deepseek,100,66.0,81.0,15.0,35.268043023433236,28.0,25.0,75.0,16,1,16.0,1.95,386673,250301,math500,45
test,per_environment,tje_confidence,4,deepseek,100,67.0,80.0,13.0,43.16349441934555,29.0,24.137931034482758,75.86206896551724,13,0,inf,1.97,367878,209089,math500,46
test,per_environment,tje_confidence,4,deepseek,100,63.0,79.0,16.0,43.47830417978244,32.0,25.0,75.0,17,1,17.0,2.04,401552,226964,math500,47
test,per_environment,tje_confidence,4,qwen3,6,83.33333333333333,83.33333333333333,0.0,7.025546249328248,16.666666666666668,100.0,0.0,0,0,inf,27.5,76293,70933,aime24,45
test,per_environment,tje_confidence,4,qwen3,6,50.0,83.33333333333333,33.333333333333336,45.65904293224692,66.66666666666667,25.0,75.0,2,0,inf,24.5,74373,40415,aime24,46
test,per_environment,tje_confidence,4,qwen3,6,83.33333333333333,83.33333333333333,0.0,6.006579214555497,16.666666666666668,100.0,0.0,0,0,inf,28.0,73869,69432,aime24,47
test,per_environment,tje_confidence,4,qwen3,8,87.5,87.5,0.0,-3.1990887327206736,0.0,nan,nan,0,0,inf,16.375,51796,53453,amc23,45
test,per_environment,tje_confidence,4,qwen3,8,87.5,87.5,0.0,-3.8913197950559106,0.0,nan,nan,0,0,inf,18.125,53478,55559,amc23,46
test,per_environment,tje_confidence,4,qwen3,8,87.5,87.5,0.0,15.876436781609195,25.0,50.0,50.0,0,0,inf,18.5,52896,44498,amc23,47
test,per_environment,tje_confidence,4,qwen3,100,78.0,81.0,3.0,7.362278401467081,10.0,70.0,30.0,3,0,inf,12.55,506039,468783,math500,45
test,per_environment,tje_confidence,4,qwen3,100,83.0,82.0,-1.0,11.239488145798507,9.0,88.88888888888889,11.11111111111111,0,1,0.0,12.35,507879,450796,math500,46
test,per_environment,tje_confidence,4,qwen3,100,81.0,80.0,-1.0,5.642678329928351,6.0,83.33333333333333,16.666666666666668,0,1,0.0,12.56,521295,491880,math500,47
train,per_model,tje_confidence,5,deepseek,1026,60.23391812865497,73.78167641325535,13.54775828460039,38.83866914177305,30.31189083820663,23.794212218649516,76.20578778135048,152,13,11.692307692307692,2.0282651072124755,4898914,2996241,,
train,per_model,tje_confidence,5,qwen3,1026,73.00194931773879,76.12085769980507,3.1189083820662766,21.902296350356867,24.56140350877193,60.317460317460316,39.682539682539684,43,11,3.909090909090909,11.853801169590643,6309795,4927805,,
train,per_benchmark,tje_confidence,5,,108,41.666666666666664,55.55555555555556,13.88888888888889,37.30258536047981,43.51851851851852,17.02127659574468,82.97872340425532,15,0,inf,12.527777777777779,1661161,1041505,aime24,
train,per_benchmark,tje_confidence,5,,144,77.08333333333333,84.02777777777777,6.944444444444445,24.57677105108425,27.083333333333332,48.717948717948715,51.282051282051285,14,4,3.5,10.104166666666666,1078258,813257,amc23,
train,per_benchmark,tje_confidence,5,,1800,67.27777777777777,75.38888888888889,8.11111111111111,28.337747320023283,26.5,41.719077568134175,58.280922431865825,166,20,8.3,6.352777777777778,8469290,6069284,math500,
train,per_seed,tje_confidence,5,,684,66.52046783625731,75.0,8.47953216374269,28.95495833593951,25.730994152046783,38.63636363636363,61.36363636363637,63,5,12.6,7.042397660818714,3741114,2657876,,42
train,per_seed,tje_confidence,5,,684,66.66666666666667,74.70760233918129,8.04093567251462,31.559159359878365,28.50877192982456,41.53846153846154,58.46153846153846,67,12,5.583333333333333,6.7631578947368425,3746288,2563991,,43
train,per_seed,tje_confidence,5,,684,66.66666666666667,75.14619883040936,8.47953216374269,27.38629196677404,28.07017543859649,40.104166666666664,59.895833333333336,65,7,9.285714285714286,7.017543859649122,3721307,2702179,,44
train,per_environment,tje_confidence,5,deepseek,18,27.77777777777778,33.333333333333336,5.555555555555555,39.100782617416876,44.44444444444444,12.5,87.5,1,0,inf,2.4444444444444446,309091,188234,aime24,42
train,per_environment,tje_confidence,5,deepseek,18,22.22222222222222,44.44444444444444,22.22222222222222,67.03941163883627,61.111111111111114,0.0,100.0,4,0,inf,2.4444444444444446,252362,83180,aime24,43
train,per_environment,tje_confidence,5,deepseek,18,33.333333333333336,50.0,16.666666666666668,41.468444090118126,44.44444444444444,0.0,100.0,3,0,inf,2.1666666666666665,260902,152710,aime24,44
train,per_environment,tje_confidence,5,deepseek,24,70.83333333333333,91.66666666666667,20.833333333333332,30.475660093035444,29.166666666666668,14.285714285714286,85.71428571428571,5,0,inf,2.2083333333333335,152630,106115,amc23,42
train,per_environment,tje_confidence,5,deepseek,24,66.66666666666667,70.83333333333333,4.166666666666667,43.22339373436157,33.333333333333336,37.5,62.5,3,2,1.5,1.8333333333333333,185041,105060,amc23,43
train,per_environment,tje_confidence,5,deepseek,24,66.66666666666667,87.5,20.833333333333332,40.54749029261075,33.333333333333336,12.5,87.5,5,0,inf,2.125,154779,92020,amc23,44
train,per_environment,tje_confidence,5,deepseek,300,61.333333333333336,74.33333333333333,13.0,42.31992788391637,28.333333333333332,23.529411764705884,76.47058823529412,42,3,14.0,1.8866666666666667,1203615,694246,math500,42
train,per_environment,tje_confidence,5,deepseek,300,61.0,75.0,14.0,35.02525763811734,29.0,27.586206896551722,72.41379310344827,47,5,9.4,2.006666666666667,1175486,763769,math500,43
train,per_environment,tje_confidence,5,deepseek,300,62.333333333333336,75.33333333333333,13.0,32.70526004806607,29.666666666666668,26.96629213483146,73.03370786516854,42,3,14.0,2.1266666666666665,1205008,810907,math500,44
train,per_environment,tje_confidence,5,qwen3,18,61.111111111111114,77.77777777777777,16.666666666666668,22.875223694789533,44.44444444444444,50.0,50.0,3,0,inf,23.666666666666668,269899,208159,aime24,42
train,per_environment,tje_confidence,5,qwen3,18,44.44444444444444,55.55555555555556,11.11111111111111,36.031759159705565,44.44444444444444,25.0,75.0,2,0,inf,21.555555555555557,302275,193360,aime24,43
train,per_environment,tje_confidence,5,qwen3,18,61.111111111111114,72.22222222222223,11.11111111111111,19.041225359296707,22.22222222222222,25.0,75.0,2,0,inf,22.88888888888889,266632,215862,aime24,44
train,per_environment,tje_confidence,5,qwen3,24,91.66666666666667,83.33333333333333,-8.333333333333334,19.103482341318845,29.166666666666668,100.0,0.0,0,2,0.0,18.083333333333332,194352,157224,amc23,42
train,per_environment,tje_confidence,5,qwen3,24,91.66666666666667,91.66666666666667,0.0,12.022365743240437,25.0,83.33333333333333,16.666666666666668,0,0,inf,17.208333333333332,192616,169459,amc23,43
train,per_environment,tje_confidence,5,qwen3,24,75.0,79.16666666666667,4.166666666666667,7.775598471132569,12.5,66.66666666666667,33.333333333333336,1,0,inf,19.166666666666668,198840,183379,amc23,44
train,per_environment,tje_confidence,5,qwen3,300,72.0,76.0,4.0,19.089286124278402,20.333333333333332,57.377049180327866,42.622950819672134,12,0,inf,10.98,1611527,1303898,math500,42
train,per_environment,tje_confidence,5,qwen3,300,74.33333333333333,76.33333333333333,2.0,23.762166556403752,25.0,62.666666666666664,37.333333333333336,11,5,2.2,10.45,1638508,1249163,math500,43
train,per_environment,tje_confidence,5,qwen3,300,72.66666666666667,75.33333333333333,2.6666666666666665,23.719288675139712,26.666666666666668,61.25,38.75,12,4,3.0,10.666666666666666,1635146,1247301,math500,44
dev,per_model,tje_confidence,5,deepseek,342,59.941520467836256,76.90058479532163,16.95906432748538,44.90396670732844,31.28654970760234,18.69158878504673,81.30841121495327,60,2,30.0,1.9678362573099415,1533791,845058,,
dev,per_model,tje_confidence,5,qwen3,342,73.9766081871345,77.48538011695906,3.508771929824561,21.609644382712638,24.269005847953217,57.83132530120482,42.16867469879518,18,6,3.0,12.269005847953217,2043967,1602273,,
dev,per_benchmark,tje_confidence,5,,36,50.0,72.22222222222223,22.22222222222222,45.0833669103398,50.0,22.22222222222222,77.77777777777777,8,0,inf,11.88888888888889,469071,257598,aime24,
dev,per_benchmark,tje_confidence,5,,48,70.83333333333333,85.41666666666667,14.583333333333334,25.16069404051856,33.333333333333336,43.75,56.25,8,1,8.0,13.270833333333334,405740,303653,amc23,
dev,per_benchmark,tje_confidence,5,,600,67.66666666666667,76.83333333333333,9.166666666666666,30.221347292418237,26.0,36.53846153846154,63.46153846153846,62,7,8.857142857142858,6.34,2702947,1886080,math500,
dev,per_seed,tje_confidence,5,,228,67.54385964912281,76.75438596491227,9.210526315789474,27.323175465049644,26.75438596491228,37.704918032786885,62.295081967213115,24,3,8.0,6.969298245614035,1230245,894103,,42
dev,per_seed,tje_confidence,5,,228,66.2280701754386,77.63157894736842,11.403508771929825,34.97410802625286,31.57894736842105,36.111111111111114,63.888888888888886,27,1,27.0,6.995614035087719,1158274,753178,,43
dev,per_seed,tje_confidence,5,,228,67.10526315789474,77.19298245614036,10.087719298245615,32.72588604981841,25.0,33.333333333333336,66.66666666666667,27,4,6.75,7.390350877192983,1189239,800050,,44
dev,per_environment,tje_confidence,5,deepseek,6,16.666666666666668,50.0,33.333333333333336,23.089050899007066,50.0,0.0,100.0,2,0,inf,4.166666666666667,89432,68783,aime24,42
dev,per_environment,tje_confidence,5,deepseek,6,50.0,66.66666666666667,16.666666666666668,75.44305187584938,50.0,0.0,100.0,1,0,inf,2.0,72847,17889,aime24,43
dev,per_environment,tje_confidence,5,deepseek,6,33.333333333333336,66.66666666666667,33.333333333333336,87.01311983169214,66.66666666666667,0.0,100.0,2,0,inf,2.0,68446,8889,aime24,44
dev,per_environment,tje_confidence,5,deepseek,8,62.5,87.5,25.0,33.43119734490681,37.5,0.0,100.0,2,0,inf,2.5,70506,46935,amc23,42
dev,per_environment,tje_confidence,5,deepseek,8,50.0,87.5,37.5,52.86599831636948,62.5,40.0,60.0,3,0,inf,3.125,52268,24636,amc23,43
dev,per_environment,tje_confidence,5,deepseek,8,62.5,87.5,25.0,75.7335502968823,62.5,40.0,60.0,3,1,3.0,2.125,57767,14018,amc23,44
dev,per_environment,tje_confidence,5,deepseek,100,66.0,78.0,12.0,34.21503881668809,22.0,18.181818181818183,81.81818181818181,12,0,inf,1.88,372649,245147,math500,42
dev,per_environment,tje_confidence,5,deepseek,100,60.0,77.0,17.0,43.59316552638792,33.0,21.21212121212121,78.78787878787878,17,0,inf,1.84,361169,203724,math500,43
dev,per_environment,tje_confidence,5,deepseek,100,59.0,76.0,17.0,44.678896958377386,29.0,17.24137931034483,82.75862068965517,18,1,18.0,1.9,388707,215037,math500,44
dev,per_environment,tje_confidence,5,qwen3,6,66.66666666666667,83.33333333333333,16.666666666666668,35.07993680884676,50.0,66.66666666666667,33.333333333333336,1,0,inf,20.5,79125,51368,aime24,42
dev,per_environment,tje_confidence,5,qwen3,6,66.66666666666667,83.33333333333333,16.666666666666668,34.35556853014158,50.0,33.333333333333336,66.66666666666667,1,0,inf,18.333333333333332,68510,44973,aime24,43
dev,per_environment,tje_confidence,5,qwen3,6,66.66666666666667,83.33333333333333,16.666666666666668,27.576589388277057,33.333333333333336,50.0,50.0,1,0,inf,24.333333333333332,90711,65696,aime24,44
dev,per_environment,tje_confidence,5,qwen3,8,75.0,75.0,0.0,2.8628316889813528,12.5,100.0,0.0,0,0,inf,22.5,78349,76106,amc23,42
dev,per_environment,tje_confidence,5,qwen3,8,87.5,87.5,0.0,2.2196058493771993,12.5,100.0,0.0,0,0,inf,25.5,74743,73084,amc23,43
dev,per_environment,tje_confidence,5,qwen3,8,87.5,87.5,0.0,4.483614628260779,12.5,100.0,0.0,0,0,inf,23.875,72107,68874,amc23,44
dev,per_environment,tje_confidence,5,qwen3,100,72.0,76.0,4.0,24.884113561305035,29.0,55.172413793103445,44.827586206896555,7,3,2.3333333333333335,10.53,540184,405764,math500,42
dev,per_environment,tje_confidence,5,qwen3,100,73.0,77.0,4.0,26.452659828988704,27.0,55.55555555555556,44.44444444444444,5,1,5.0,10.6,528737,388872,math500,43
dev,per_environment,tje_confidence,5,qwen3,100,76.0,77.0,1.0,16.415412677590073,16.0,62.5,37.5,3,2,1.5,11.29,511501,427536,math500,44
test,per_model,tje_confidence,5,deepseek,342,63.1578947368421,79.82456140350877,16.666666666666668,43.090747977203776,31.871345029239766,22.93577981651376,77.06422018348624,59,2,29.5,1.9853801169590644,1464804,833609,,
test,per_model,tje_confidence,5,qwen3,342,79.23976608187135,81.57894736842105,2.3391812865497075,26.589666502947466,26.608187134502923,70.32967032967034,29.67032967032967,13,5,2.6,11.444444444444445,1917918,1407950,,
test,per_benchmark,tje_confidence,5,,36,30.555555555555557,77.77777777777777,47.22222222222222,54.75327749008562,66.66666666666667,8.333333333333334,91.66666666666667,17,0,inf,11.444444444444445,409002,185060,aime24,
test,per_benchmark,tje_confidence,5,,48,81.25,85.41666666666667,4.166666666666667,21.77589552555913,20.833333333333332,50.0,50.0,2,0,inf,9.395833333333334,282404,220908,amc23,
test,per_benchmark,tje_confidence,5,,600,72.83333333333333,80.5,7.666666666666667,31.79578317819238,27.666666666666668,49.397590361445786,50.602409638554214,53,7,7.571428571428571,6.216666666666667,2691316,1835591,math500,
test,per_seed,tje_confidence,5,,228,71.49122807017544,81.57894736842105,10.087719298245615,32.77074890521129,29.82456140350877,47.05882352941177,52.94117647058823,25,2,12.5,6.56140350877193,1132867,761618,,45
test,per_seed,tje_confidence,5,,228,71.05263157894737,81.57894736842105,10.526315789473685,35.74786354128046,28.94736842105263,37.878787878787875,62.121212121212125,26,2,13.0,6.793859649122807,1092345,701855,,46
test,per_seed,tje_confidence,5,,228,71.05263157894737,78.94736842105263,7.894736842105263,32.7793280403625,28.94736842105263,48.484848484848484,51.515151515151516,21,3,7.0,6.7894736842105265,1157510,778086,,47
test,per_environment,tje_confidence,5,deepseek,6,16.666666666666668,83.33333333333333,66.66666666666667,64.7040865884965,66.66666666666667,0.0,100.0,4,0,inf,2.0,72065,25436,aime24,45
test,per_environment,tje_confidence,5,deepseek,6,0.0,83.33333333333333,83.33333333333333,92.01510049994899,100.0,0.0,100.0,5,0,inf,2.0,49005,3913,aime24,46
test,per_environment,tje_confidence,5,deepseek,6,16.666666666666668,50.0,33.333333333333336,32.460526523337066,50.0,0.0,100.0,2,0,inf,2.6666666666666665,63397,42818,aime24,47
test,per_environment,tje_confidence,5,deepseek,8,87.5,87.5,0.0,47.15382115447114,37.5,66.66666666666667,33.333333333333336,0,0,inf,2.125,40001,21139,amc23,45
test,per_environment,tje_confidence,5,deepseek,8,75.0,87.5,12.5,58.52713178294574,37.5,33.333333333333336,66.66666666666667,1,0,inf,1.75,39732,16478,amc23,46
test,per_environment,tje_confidence,5,deepseek,8,62.5,75.0,12.5,15.79739781128514,12.5,0.0,100.0,1,0,inf,1.5,44501,37471,amc23,47
test,per_environment,tje_confidence,5,deepseek,100,66.0,81.0,15.0,35.268043023433236,28.0,25.0,75.0,16,1,16.0,1.95,386673,250301,math500,45
test,per_environment,tje_confidence,5,deepseek,100,67.0,80.0,13.0,43.16349441934555,29.0,24.137931034482758,75.86206896551724,13,0,inf,1.97,367878,209089,math500,46
test,per_environment,tje_confidence,5,deepseek,100,63.0,79.0,16.0,43.47830417978244,32.0,25.0,75.0,17,1,17.0,2.04,401552,226964,math500,47
test,per_environment,tje_confidence,5,qwen3,6,50.0,83.33333333333333,33.333333333333336,38.05067306305952,50.0,0.0,100.0,2,0,inf,24.0,76293,47263,aime24,45
test,per_environment,tje_confidence,5,qwen3,6,33.333333333333336,83.33333333333333,50.0,58.503758084251004,66.66666666666667,0.0,100.0,3,0,inf,18.333333333333332,74373,30862,aime24,46
test,per_environment,tje_confidence,5,qwen3,6,66.66666666666667,83.33333333333333,16.666666666666668,52.93289471902963,66.66666666666667,50.0,50.0,1,0,inf,19.666666666666668,73869,34768,aime24,47
test,per_environment,tje_confidence,5,qwen3,8,87.5,87.5,0.0,-3.1990887327206736,0.0,nan,nan,0,0,inf,16.375,51796,53453,amc23,45
test,per_environment,tje_confidence,5,qwen3,8,87.5,87.5,0.0,-3.8913197950559106,0.0,nan,nan,0,0,inf,18.125,53478,55559,amc23,46
test,per_environment,tje_confidence,5,qwen3,8,87.5,87.5,0.0,30.41439806412583,37.5,66.66666666666667,33.333333333333336,0,0,inf,16.5,52896,36808,amc23,47
test,per_environment,tje_confidence,5,qwen3,100,79.0,81.0,2.0,28.06364726829355,30.0,76.66666666666667,23.333333333333332,3,1,3.0,9.97,506039,364026,math500,45
test,per_environment,tje_confidence,5,qwen3,100,80.0,82.0,2.0,24.00670238383552,24.0,70.83333333333333,29.166666666666668,4,2,2.0,10.71,507879,385954,math500,46
test,per_environment,tje_confidence,5,qwen3,100,82.0,80.0,-2.0,23.41054489300684,23.0,86.95652173913044,13.043478260869565,0,2,0.0,10.66,521295,399257,math500,47
train,per_model,tje_confidence,6,deepseek,1026,59.4541910331384,73.78167641325535,14.32748538011696,42.302743016105204,34.50292397660819,25.98870056497175,74.01129943502825,162,15,10.8,1.9346978557504872,4898914,2826539,,
train,per_model,tje_confidence,6,qwen3,1026,73.00194931773879,76.12085769980507,3.1189083820662766,22.069924617202304,24.951267056530213,60.546875,39.453125,43,11,3.909090909090909,11.830409356725147,6309795,4917228,,
train,per_benchmark,tje_confidence,6,,108,40.74074074074074,55.55555555555556,14.814814814814815,37.90451377079043,44.44444444444444,16.666666666666668,83.33333333333333,16,0,inf,12.49074074074074,1661161,1031506,aime24,
train,per_benchmark,tje_confidence,6,,144,77.08333333333333,84.02777777777777,6.944444444444445,24.980106801897133,28.47222222222222,51.21951219512195,48.78048780487805,14,4,3.5,10.04861111111111,1078258,808908,amc23,
train,per_benchmark,tje_confidence,6,,1800,66.88888888888889,75.38888888888889,8.5,30.296955234736323,28.944444444444443,41.8426103646833,58.1573896353167,175,22,7.954545454545454,6.292777777777777,8469290,5903353,math500,
train,per_seed,tje_confidence,6,,684,66.37426900584795,75.0,8.625730994152047,29.743119295482575,27.485380116959064,38.297872340425535,61.702127659574465,65,6,10.833333333333334,6.994152046783626,3741114,2628390,,42
train,per_seed,tje_confidence,6,,684,66.2280701754386,74.70760233918129,8.47953216374269,33.12049153722298,30.70175438596491,41.42857142857143,58.57142857142857,71,13,5.461538461538462,6.6988304093567255,3746288,2505499,,43
train,per_seed,tje_confidence,6,,684,66.08187134502924,75.14619883040936,9.064327485380117,29.86663019202662,30.994152046783626,41.509433962264154,58.490566037735846,69,7,9.857142857142858,6.954678362573099,3721307,2609878,,44
train,per_environment,tje_confidence,6,deepseek,18,27.77777777777778,33.333333333333336,5.555555555555555,39.694458913394435,44.44444444444444,12.5,87.5,1,0,inf,2.3333333333333335,309091,186399,aime24,42
train,per_environment,tje_confidence,6,deepseek,18,16.666666666666668,44.44444444444444,27.77777777777778,70.27444702451241,66.66666666666667,0.0,100.0,5,0,inf,2.3333333333333335,252362,75016,aime24,43
train,per_environment,tje_confidence,6,deepseek,18,33.333333333333336,50.0,16.666666666666668,41.468444090118126,44.44444444444444,0.0,100.0,3,0,inf,2.1666666666666665,260902,152710,aime24,44
train,per_environment,tje_confidence,6,deepseek,24,70.83333333333333,91.66666666666667,20.833333333333332,30.475660093035444,29.166666666666668,14.285714285714286,85.71428571428571,5,0,inf,2.2083333333333335,152630,106115,amc23,42
train,per_environment,tje_confidence,6,deepseek,24,66.66666666666667,70.83333333333333,4.166666666666667,43.74814230359758,33.333333333333336,37.5,62.5,3,2,1.5,1.5833333333333333,185041,104089,amc23,43
train,per_environment,tje_confidence,6,deepseek,24,66.66666666666667,87.5,20.833333333333332,42.72995690629866,41.666666666666664,30.0,70.0,5,0,inf,2.0416666666666665,154779,88642,amc23,44
train,per_environment,tje_confidence,6,deepseek,300,61.0,74.33333333333333,13.333333333333334,44.36601404934302,31.666666666666668,24.210526315789473,75.78947368421052,44,4,11.0,1.8133333333333332,1203615,669619,math500,42
train,per_environment,tje_confidence,6,deepseek,300,60.333333333333336,75.0,14.666666666666666,39.02300835569288,33.333333333333336,29.0,71.0,50,6,8.333333333333334,1.8966666666666667,1175486,716776,math500,43
train,per_environment,tje_confidence,6,deepseek,300,61.0,75.33333333333333,14.333333333333334,39.654093582781194,35.333333333333336,30.18867924528302,69.81132075471699,46,3,15.333333333333334,2.03,1205008,727173,math500,44
train,per_environment,tje_confidence,6,qwen3,18,61.111111111111114,77.77777777777777,16.666666666666668,22.875223694789533,44.44444444444444,50.0,50.0,3,0,inf,23.666666666666668,269899,208159,aime24,42
train,per_environment,tje_confidence,6,qwen3,18,44.44444444444444,55.55555555555556,11.11111111111111,36.031759159705565,44.44444444444444,25.0,75.0,2,0,inf,21.555555555555557,302275,193360,aime24,43
train,per_environment,tje_confidence,6,qwen3,18,61.111111111111114,72.22222222222223,11.11111111111111,19.041225359296707,22.22222222222222,25.0,75.0,2,0,inf,22.88888888888889,266632,215862,aime24,44
train,per_environment,tje_confidence,6,qwen3,24,91.66666666666667,83.33333333333333,-8.333333333333334,19.103482341318845,29.166666666666668,100.0,0.0,0,2,0.0,18.083333333333332,194352,157224,amc23,42
train,per_environment,tje_confidence,6,qwen3,24,91.66666666666667,91.66666666666667,0.0,12.022365743240437,25.0,83.33333333333333,16.666666666666668,0,0,inf,17.208333333333332,192616,169459,amc23,43
train,per_environment,tje_confidence,6,qwen3,24,75.0,79.16666666666667,4.166666666666667,7.775598471132569,12.5,66.66666666666667,33.333333333333336,1,0,inf,19.166666666666668,198840,183379,amc23,44
train,per_environment,tje_confidence,6,qwen3,300,72.0,76.0,4.0,19.276934236906982,21.0,57.142857142857146,42.857142857142854,12,0,inf,10.95,1611527,1300874,math500,42
train,per_environment,tje_confidence,6,qwen3,300,74.33333333333333,76.33333333333333,2.0,23.906444155292498,25.333333333333332,63.1578947368421,36.8421052631579,11,5,2.2,10.44,1638508,1246799,math500,43
train,per_environment,tje_confidence,6,qwen3,300,72.66666666666667,75.33333333333333,2.6666666666666665,24.036630368175075,27.0,61.72839506172839,38.27160493827161,12,4,3.0,10.626666666666667,1635146,1242112,math500,44
dev,per_model,tje_confidence,6,deepseek,342,58.771929824561404,76.90058479532163,18.128654970760234,48.69092333962059,35.380116959064324,21.487603305785125,78.51239669421487,64,2,32.0,1.9035087719298245,1533791,786974,,
dev,per_model,tje_confidence,6,qwen3,342,73.9766081871345,77.48538011695906,3.508771929824561,21.616983053053204,24.269005847953217,57.83132530120482,42.16867469879518,18,6,3.0,12.263157894736842,2043967,1602123,,
dev,per_benchmark,tje_confidence,6,,36,50.0,72.22222222222223,22.22222222222222,45.84295341217001,52.77777777777778,26.31578947368421,73.6842105263158,8,0,inf,11.86111111111111,469071,254035,aime24,
dev,per_benchmark,tje_confidence,6,,48,70.83333333333333,85.41666666666667,14.583333333333334,25.16069404051856,33.333333333333336,43.75,56.25,8,1,8.0,13.270833333333334,405740,303653,amc23,
dev,per_benchmark,tje_confidence,6,,600,67.0,76.83333333333333,9.833333333333334,32.24399146561142,28.166666666666668,36.68639053254438,63.31360946745562,66,7,9.428571428571429,6.301666666666667,2702947,1831409,math500,
dev,per_seed,tje_confidence,6,,228,66.2280701754386,76.75438596491227,10.526315789473685,28.769960455031313,29.385964912280702,37.3134328358209,62.6865671641791,27,3,9.0,6.925438596491228,1230245,876304,,42
dev,per_seed,tje_confidence,6,,228,66.2280701754386,77.63157894736842,11.403508771929825,37.15338512303652,33.333333333333336,36.8421052631579,63.1578947368421,27,1,27.0,6.969298245614035,1158274,727936,,43
dev,per_seed,tje_confidence,6,,228,66.66666666666667,77.19298245614036,10.526315789473685,34.0034257201454,26.75438596491228,34.42622950819672,65.57377049180327,28,4,7.0,7.355263157894737,1189239,784857,,44
dev,per_environment,tje_confidence,6,deepseek,6,16.666666666666668,50.0,33.333333333333336,23.089050899007066,50.0,0.0,100.0,2,0,inf,4.166666666666667,89432,68783,aime24,42
dev,per_environment,tje_confidence,6,deepseek,6,50.0,66.66666666666667,16.666666666666668,75.44305187584938,50.0,0.0,100.0,1,0,inf,2.0,72847,17889,aime24,43
dev,per_environment,tje_confidence,6,deepseek,6,33.333333333333336,66.66666666666667,33.333333333333336,92.21868334161236,83.33333333333333,20.0,80.0,2,0,inf,1.8333333333333333,68446,5326,aime24,44
dev,per_environment,tje_confidence,6,deepseek,8,62.5,87.5,25.0,33.43119734490681,37.5,0.0,100.0,2,0,inf,2.5,70506,46935,amc23,42
dev,per_environment,tje_confidence,6,deepseek,8,50.0,87.5,37.5,52.86599831636948,62.5,40.0,60.0,3,0,inf,3.125,52268,24636,amc23,43
dev,per_environment,tje_confidence,6,deepseek,8,62.5,87.5,25.0,75.7335502968823,62.5,40.0,60.0,3,1,3.0,2.125,57767,14018,amc23,44
dev,per_environment,tje_confidence,6,deepseek,100,63.0,78.0,15.0,38.991383312446835,28.0,21.428571428571427,78.57142857142857,15,0,inf,1.78,372649,227348,math500,42
dev,per_environment,tje_confidence,6,deepseek,100,60.0,77.0,17.0,50.540605644448995,37.0,24.324324324324323,75.67567567567568,17,0,inf,1.8,361169,178632,math500,43
dev,per_environment,tje_confidence,6,deepseek,100,58.0,76.0,18.0,47.67086777444193,32.0,18.75,81.25,19,1,19.0,1.83,388707,203407,math500,44
dev,per_environment,tje_confidence,6,qwen3,6,66.66666666666667,83.33333333333333,16.666666666666668,35.07993680884676,50.0,66.66666666666667,33.333333333333336,1,0,inf,20.5,79125,51368,aime24,42
dev,per_environment,tje_confidence,6,qwen3,6,66.66666666666667,83.33333333333333,16.666666666666668,34.35556853014158,50.0,33.333333333333336,66.66666666666667,1,0,inf,18.333333333333332,68510,44973,aime24,43
dev,per_environment,tje_confidence,6,qwen3,6,66.66666666666667,83.33333333333333,16.666666666666668,27.576589388277057,33.333333333333336,50.0,50.0,1,0,inf,24.333333333333332,90711,65696,aime24,44
dev,per_environment,tje_confidence,6,qwen3,8,75.0,75.0,0.0,2.8628316889813528,12.5,100.0,0.0,0,0,inf,22.5,78349,76106,amc23,42
dev,per_environment,tje_confidence,6,qwen3,8,87.5,87.5,0.0,2.2196058493771993,12.5,100.0,0.0,0,0,inf,25.5,74743,73084,amc23,43
dev,per_environment,tje_confidence,6,qwen3,8,87.5,87.5,0.0,4.483614628260779,12.5,100.0,0.0,0,0,inf,23.875,72107,68874,amc23,44
dev,per_environment,tje_confidence,6,qwen3,100,72.0,76.0,4.0,24.884113561305035,29.0,55.172413793103445,44.827586206896555,7,3,2.3333333333333335,10.53,540184,405764,math500,42
dev,per_environment,tje_confidence,6,qwen3,100,73.0,77.0,4.0,26.481029320815452,27.0,55.55555555555556,44.44444444444444,5,1,5.0,10.58,528737,388722,math500,43
dev,per_environment,tje_confidence,6,qwen3,100,76.0,77.0,1.0,16.415412677590073,16.0,62.5,37.5,3,2,1.5,11.29,511501,427536,math500,44
test,per_model,tje_confidence,6,deepseek,342,61.98830409356725,79.82456140350877,17.83625730994152,44.84053839284983,33.91812865497076,22.413793103448278,77.58620689655173,64,3,21.333333333333332,1.935672514619883,1464804,807978,,
test,per_model,tje_confidence,6,qwen3,342,79.23976608187135,81.57894736842105,2.3391812865497075,26.69316414987502,26.900584795321638,70.65217391304348,29.347826086956523,13,5,2.6,11.435672514619883,1917918,1405965,,
test,per_benchmark,tje_confidence,6,,36,30.555555555555557,77.77777777777777,47.22222222222222,54.875770778627,66.66666666666667,8.333333333333334,91.66666666666667,17,0,inf,11.36111111111111,409002,184559,aime24,
test,per_benchmark,tje_confidence,6,,48,81.25,85.41666666666667,4.166666666666667,21.77589552555913,20.833333333333332,50.0,50.0,2,0,inf,9.395833333333334,282404,220908,amc23,
test,per_benchmark,tje_confidence,6,,600,72.16666666666667,80.5,8.333333333333334,32.80328285493045,29.0,48.275862068965516,51.724137931034484,58,8,7.25,6.1883333333333335,2691316,1808476,math500,
test,per_seed,tje_confidence,6,,228,70.6140350877193,81.57894736842105,10.964912280701755,33.10618104331753,30.70175438596491,45.714285714285715,54.285714285714285,27,2,13.5,6.543859649122807,1132867,757818,,45
test,per_seed,tje_confidence,6,,228,70.6140350877193,81.57894736842105,10.964912280701755,36.02936801102216,29.385964912280702,37.3134328358209,62.6865671641791,27,2,13.5,6.771929824561403,1092345,698780,,46
test,per_seed,tje_confidence,6,,228,70.6140350877193,78.94736842105263,8.333333333333334,34.57119160957573,31.140350877192983,47.88732394366197,52.11267605633803,23,4,5.75,6.741228070175438,1157510,757345,,47
test,per_environment,tje_confidence,6,deepseek,6,16.666666666666668,83.33333333333333,66.66666666666667,64.7040865884965,66.66666666666667,0.0,100.0,4,0,inf,2.0,72065,25436,aime24,45
test,per_environment,tje_confidence,6,deepseek,6,0.0,83.33333333333333,83.33333333333333,93.03744515865728,100.0,0.0,100.0,5,0,inf,1.5,49005,3412,aime24,46
test,per_environment,tje_confidence,6,deepseek,6,16.666666666666668,50.0,33.333333333333336,32.460526523337066,50.0,0.0,100.0,2,0,inf,2.6666666666666665,63397,42818,aime24,47
test,per_environment,tje_confidence,6,deepseek,8,87.5,87.5,0.0,47.15382115447114,37.5,66.66666666666667,33.333333333333336,0,0,inf,2.125,40001,21139,amc23,45
test,per_environment,tje_confidence,6,deepseek,8,75.0,87.5,12.5,58.52713178294574,37.5,33.333333333333336,66.66666666666667,1,0,inf,1.75,39732,16478,amc23,46
test,per_environment,tje_confidence,6,deepseek,8,62.5,75.0,12.5,15.79739781128514,12.5,0.0,100.0,1,0,inf,1.5,44501,37471,amc23,47
test,per_environment,tje_confidence,6,deepseek,100,64.0,81.0,17.0,36.2507855474781,30.0,23.333333333333332,76.66666666666667,18,1,18.0,1.91,386673,246501,math500,45
test,per_environment,tje_confidence,6,deepseek,100,66.0,80.0,14.0,43.863182903027635,30.0,23.333333333333332,76.66666666666667,14,0,inf,1.95,367878,206515,math500,46
test,per_environment,tje_confidence,6,deepseek,100,62.0,79.0,17.0,48.149181177033114,36.0,25.0,75.0,19,2,9.5,1.96,401552,208208,math500,47
test,per_environment,tje_confidence,6,qwen3,6,50.0,83.33333333333333,33.333333333333336,38.05067306305952,50.0,0.0,100.0,2,0,inf,24.0,76293,47263,aime24,45
test,per_environment,tje_confidence,6,qwen3,6,33.333333333333336,83.33333333333333,50.0,58.503758084251004,66.66666666666667,0.0,100.0,3,0,inf,18.333333333333332,74373,30862,aime24,46
test,per_environment,tje_confidence,6,qwen3,6,66.66666666666667,83.33333333333333,16.666666666666668,52.93289471902963,66.66666666666667,50.0,50.0,1,0,inf,19.666666666666668,73869,34768,aime24,47
test,per_environment,tje_confidence,6,qwen3,8,87.5,87.5,0.0,-3.1990887327206736,0.0,nan,nan,0,0,inf,16.375,51796,53453,amc23,45
test,per_environment,tje_confidence,6,qwen3,8,87.5,87.5,0.0,-3.8913197950559106,0.0,nan,nan,0,0,inf,18.125,53478,55559,amc23,46
test,per_environment,tje_confidence,6,qwen3,8,87.5,87.5,0.0,30.41439806412583,37.5,66.66666666666667,33.333333333333336,0,0,inf,16.5,52896,36808,amc23,47
test,per_environment,tje_confidence,6,qwen3,100,79.0,81.0,2.0,28.06364726829355,30.0,76.66666666666667,23.333333333333332,3,1,3.0,9.97,506039,364026,math500,45
test,per_environment,tje_confidence,6,qwen3,100,80.0,82.0,2.0,24.00670238383552,24.0,70.83333333333333,29.166666666666668,4,2,2.0,10.71,507879,385954,math500,46
test,per_environment,tje_confidence,6,qwen3,100,82.0,80.0,-2.0,23.791327367421516,24.0,87.5,12.5,0,2,0.0,10.63,521295,397272,math500,47
